{
  "id": "0013fccd-624e-4a0a-98b1-6be6ec2ec76c",
  "duration": 9.813,
  "pitch": {
    "mean": 436.3,
    "max": 2050.87,
    "std": 304.61,
    "max_mean_ratio": 4.7
  },
  "energy": {
    "mean": 0.062999,
    "max": 0.132802,
    "std": 0.027988,
    "rate_of_change": 0.01226
  },
  "speech_rate": {
    "chars_per_sec": 14.59,
    "words_per_sec": 2.96,
    "segment_count": 2
  },
  "spectral_centroid": {
    "mean": 1930.85
  },
  "timeseries": {
    "frame_sec": 0.5,
    "pitch": [
      317.49,
      285.49,
      486.91,
      543.69,
      401.18,
      678.57,
      548.18,
      356.69,
      465.43,
      234.3,
      387.15,
      383.84,
      499.01,
      521.88,
      283.68,
      967.25,
      265.49,
      473.92,
      406.34,
      299.37
    ],
    "energy": [
      0.05144,
      0.042663,
      0.051736,
      0.071728,
      0.0714,
      0.067189,
      0.056177,
      0.045471,
      0.05088,
      0.049881,
      0.071841,
      0.066594,
      0.064834,
      0.022526,
      0.064893,
      0.086248,
      0.048734,
      0.060337,
      0.085447,
      0.06678
    ],
    "spectral_centroid": [
      1661.84,
      1913.44,
      1878.93,
      1774.24,
      1924.68,
      1818.2,
      1549.05,
      1865.81,
      1705.58,
      1783.81,
      2011.65,
      2080.38,
      2025.41,
      2618.88,
      2049.81,
      1969.53,
      2099.19,
      1963.54,
      2041.11,
      1900.01
    ]
  }
}