{
  "id": "00154b38-2ca1-46ed-bd0d-277aacf94558",
  "duration": 12.395,
  "pitch": {
    "mean": 450.91,
    "max": 2020.19,
    "std": 295.33,
    "max_mean_ratio": 4.48
  },
  "energy": {
    "mean": 0.126835,
    "max": 0.321249,
    "std": 0.07252,
    "rate_of_change": 0.024492
  },
  "speech_rate": {
    "chars_per_sec": 10.42,
    "words_per_sec": 2.18,
    "segment_count": 6
  },
  "spectral_centroid": {
    "mean": 1875.54
  },
  "timeseries": {
    "frame_sec": 0.5,
    "pitch": [
      589.63,
      666.66,
      497.77,
      593.52,
      312.49,
      286.0,
      225.94,
      572.08,
      579.1,
      344.19,
      523.61,
      427.15,
      336.95,
      510.73,
      353.56,
      468.46,
      475.21,
      503.06,
      302.43,
      499.57,
      217.45,
      281.32,
      501.64,
      587.46,
      787.09
    ],
    "energy": [
      0.19787,
      0.122811,
      0.153383,
      0.10343,
      0.026486,
      0.046594,
      0.098261,
      0.212851,
      0.141084,
      0.09284,
      0.18268,
      0.102166,
      0.120856,
      0.157854,
      0.106563,
      0.153881,
      0.145905,
      0.132519,
      0.052443,
      0.046428,
      0.041116,
      0.131464,
      0.190116,
      0.142846,
      0.118669
    ],
    "spectral_centroid": [
      1629.86,
      1999.86,
      1601.49,
      1922.55,
      1793.49,
      1695.36,
      1618.48,
      1610.06,
      1552.1,
      2221.39,
      1582.9,
      2459.1,
      1777.63,
      1719.1,
      1855.06,
      2154.25,
      1881.02,
      1592.01,
      2460.18,
      2489.14,
      1855.17,
      1682.74,
      1560.79,
      2044.12,
      2062.58
    ]
  }
}