{
  "id": "0031faaa-43f8-45b2-a3ba-5f33507a9d7d",
  "duration": 11.221,
  "pitch": {
    "mean": 0.0,
    "max": 0.0,
    "std": 0.0,
    "max_mean_ratio": 0.0
  },
  "energy": {
    "mean": 0.038844,
    "max": 0.176228,
    "std": 0.025867,
    "rate_of_change": 0.014635
  },
  "speech_rate": {
    "chars_per_sec": 12.95,
    "words_per_sec": 2.14,
    "segment_count": 4
  },
  "spectral_centroid": {
    "mean": 2052.45
  },
  "timeseries": {
    "frame_sec": 0.5,
    "pitch": [
      0.0,
      0.0,
      0.0,
      0.0,
      0.0,
      0.0,
      0.0,
      0.0,
      0.0,
      0.0,
      0.0,
      0.0,
      0.0,
      0.0,
      0.0,
      0.0,
      0.0,
      0.0,
      0.0,
      0.0,
      0.0,
      0.0,
      0.0
    ],
    "energy": [
      0.045859,
      0.032483,
      0.033227,
      0.040153,
      0.033436,
      0.024312,
      0.043427,
      0.030605,
      0.028347,
      0.023584,
      0.031891,
      0.023444,
      0.03943,
      0.034877,
      0.035039,
      0.022245,
      0.020713,
      0.023251,
      0.033967,
      0.067944,
      0.107164,
      0.095684,
      0.120277
    ],
    "spectral_centroid": [
      2227.64,
      2796.66,
      3745.74,
      1749.07,
      1984.67,
      2066.42,
      1945.47,
      2210.13,
      1669.17,
      1418.76,
      1632.1,
      2169.62,
      1795.12,
      1972.76,
      1996.11,
      1523.92,
      1861.84,
      1734.91,
      1805.02,
      1877.68,
      1783.37,
      1809.14,
      2056.6
    ]
  }
}