{
  "id": "004ccd00-d797-4f61-9499-c88e1ba8f448",
  "duration": 30.059,
  "pitch": {
    "mean": 364.34,
    "max": 2008.56,
    "std": 239.05,
    "max_mean_ratio": 5.51
  },
  "energy": {
    "mean": 0.16848,
    "max": 0.608786,
    "std": 0.135362,
    "rate_of_change": 0.019911
  },
  "speech_rate": {
    "chars_per_sec": 14.75,
    "words_per_sec": 3.06,
    "segment_count": 8
  },
  "spectral_centroid": {
    "mean": 1986.1
  },
  "timeseries": {
    "frame_sec": 0.5,
    "pitch": [
      402.84,
      285.3,
      169.85,
      138.08,
      148.81,
      260.47,
      305.0,
      429.31,
      522.37,
      505.16,
      369.07,
      284.86,
      145.36,
      194.41,
      118.75,
      230.2,
      327.42,
      330.79,
      453.43,
      314.04,
      377.21,
      672.51,
      629.26,
      134.4,
      158.59,
      316.08,
      311.59,
      416.63,
      361.4,
      413.01,
      483.41,
      226.41,
      152.05,
      282.1,
      320.65,
      509.32,
      453.93,
      520.32,
      490.76,
      450.33,
      187.76,
      434.38,
      369.86,
      352.32,
      324.03,
      426.58,
      407.76,
      356.27,
      532.67,
      412.01,
      410.25,
      517.5,
      483.13,
      375.24,
      598.59,
      377.96,
      493.3,
      335.78,
      297.54,
      336.96,
      317.14
    ],
    "energy": [
      0.133049,
      0.102694,
      0.069175,
      0.071507,
      0.08287,
      0.113,
      0.154549,
      0.421187,
      0.299207,
      0.247873,
      0.139024,
      0.027574,
      0.02795,
      0.036878,
      0.044761,
      0.020982,
      0.107093,
      0.090924,
      0.109139,
      0.099154,
      0.141931,
      0.171626,
      0.18071,
      0.032132,
      0.026314,
      0.138172,
      0.102397,
      0.133079,
      0.144451,
      0.118949,
      0.107995,
      0.030677,
      0.020515,
      0.062032,
      0.087114,
      0.248838,
      0.287992,
      0.243854,
      0.250197,
      0.129938,
      0.08496,
      0.273251,
      0.260323,
      0.089093,
      0.089252,
      0.176739,
      0.108099,
      0.114358,
      0.220416,
      0.16773,
      0.434549,
      0.355736,
      0.299042,
      0.24515,
      0.217359,
      0.12557,
      0.339825,
      0.365408,
      0.298264,
      0.295075,
      0.201025
    ],
    "spectral_centroid": [
      3206.88,
      2260.52,
      1720.85,
      2057.02,
      2435.31,
      1677.29,
      2039.43,
      1361.59,
      1882.29,
      2091.05,
      2172.98,
      1847.38,
      1764.45,
      1638.43,
      1616.58,
      1916.62,
      2473.35,
      3051.72,
      2387.45,
      2092.99,
      1458.02,
      1703.76,
      1457.17,
      1811.81,
      1833.55,
      2076.01,
      1882.35,
      1756.39,
      2097.53,
      1895.79,
      1870.7,
      2246.74,
      1896.05,
      1978.09,
      1822.42,
      1883.97,
      1823.74,
      1399.95,
      1764.52,
      1798.97,
      2128.96,
      2144.09,
      2118.57,
      1854.93,
      1719.22,
      1856.58,
      1323.05,
      2184.99,
      1998.31,
      2123.66,
      1901.6,
      2687.78,
      2233.3,
      1654.93,
      2033.34,
      2552.13,
      1928.92,
      2179.44,
      2166.25,
      2314.28,
      1450.37
    ]
  }
}