{
  "id": "00b84712-1db3-4b52-a842-e4e168ab3c8a",
  "duration": 13.547,
  "pitch": {
    "mean": 464.93,
    "max": 1863.08,
    "std": 315.19,
    "max_mean_ratio": 4.01
  },
  "energy": {
    "mean": 0.063076,
    "max": 0.119857,
    "std": 0.023825,
    "rate_of_change": 0.00779
  },
  "speech_rate": {
    "chars_per_sec": 16.94,
    "words_per_sec": 3.52,
    "segment_count": 3
  },
  "spectral_centroid": {
    "mean": 2288.65
  },
  "timeseries": {
    "frame_sec": 0.5,
    "pitch": [
      262.4,
      319.85,
      219.74,
      236.08,
      509.38,
      367.11,
      642.53,
      300.12,
      311.78,
      260.36,
      535.23,
      140.84,
      378.78,
      710.54,
      563.31,
      861.51,
      806.12,
      569.73,
      469.99,
      578.27,
      792.88,
      591.63,
      517.1,
      449.7,
      507.11,
      669.13,
      148.18,
      73.91
    ],
    "energy": [
      0.047847,
      0.045872,
      0.034665,
      0.056983,
      0.059693,
      0.055761,
      0.059214,
      0.054007,
      0.054691,
      0.052593,
      0.065696,
      0.036693,
      0.047687,
      0.055348,
      0.07545,
      0.088977,
      0.10921,
      0.083466,
      0.076021,
      0.094596,
      0.07815,
      0.084726,
      0.063043,
      0.027972,
      0.040572,
      0.040115,
      0.049881,
      0.022885
    ],
    "spectral_centroid": [
      2100.5,
      1780.56,
      2159.89,
      2115.44,
      2044.85,
      1737.18,
      1751.47,
      1774.61,
      2002.54,
      1661.45,
      1940.71,
      2752.43,
      2402.09,
      1832.02,
      1696.53,
      1909.57,
      2151.82,
      2761.68,
      3137.58,
      2647.04,
      3169.59,
      2694.2,
      2943.14,
      3208.17,
      2462.89,
      2516.56,
      2268.72,
      2608.35
    ]
  }
}