{
  "id": "01595dce-e6ad-4350-b170-37ecd20032d4",
  "duration": 20.352,
  "pitch": {
    "mean": 316.43,
    "max": 1325.34,
    "std": 228.49,
    "max_mean_ratio": 4.19
  },
  "energy": {
    "mean": 0.026819,
    "max": 0.106997,
    "std": 0.025472,
    "rate_of_change": 0.005072
  },
  "speech_rate": {
    "chars_per_sec": 6.29,
    "words_per_sec": 1.28,
    "segment_count": 6
  },
  "spectral_centroid": {
    "mean": 1832.97
  },
  "timeseries": {
    "frame_sec": 0.5,
    "pitch": [
      359.55,
      445.85,
      231.75,
      344.98,
      217.15,
      233.24,
      239.84,
      169.24,
      310.05,
      329.02,
      207.35,
      158.69,
      165.52,
      123.38,
      127.88,
      163.83,
      280.94,
      459.84,
      433.09,
      298.65,
      464.3,
      512.74,
      380.51,
      421.21,
      188.86,
      352.42,
      414.38,
      250.62,
      435.47,
      549.07,
      198.58,
      108.83,
      418.63,
      318.73,
      456.88,
      285.45,
      389.66,
      445.59,
      188.15,
      432.98,
      431.05
    ],
    "energy": [
      0.008613,
      0.006784,
      0.010708,
      0.006991,
      0.009506,
      0.008206,
      0.009221,
      0.009412,
      0.009529,
      0.00845,
      0.010212,
      0.009484,
      0.010325,
      0.013485,
      0.010465,
      0.007518,
      0.012317,
      0.057563,
      0.057354,
      0.020344,
      0.060184,
      0.059317,
      0.031936,
      0.051028,
      0.008507,
      0.038935,
      0.046961,
      0.005774,
      0.054241,
      0.010003,
      0.011621,
      0.007106,
      0.051409,
      0.03417,
      0.062311,
      0.021847,
      0.039228,
      0.061309,
      0.009087,
      0.038388,
      0.05261
    ],
    "spectral_centroid": [
      1588.89,
      1344.11,
      1254.59,
      1586.15,
      2183.87,
      2193.99,
      2138.25,
      2227.25,
      2156.09,
      2128.0,
      2045.43,
      1972.43,
      1512.38,
      2374.08,
      2375.02,
      2048.95,
      2123.79,
      1498.14,
      1766.36,
      2071.3,
      1817.71,
      1621.25,
      2324.49,
      1654.91,
      1868.03,
      1622.62,
      1635.87,
      1643.97,
      1693.09,
      1541.19,
      1876.74,
      1727.22,
      1555.16,
      1672.03,
      1457.6,
      2059.22,
      1856.79,
      1623.74,
      2142.34,
      1545.56,
      1640.33
    ]
  }
}