{
  "id": "01994c21-08e9-4623-9a93-d5ce9b33ade5",
  "duration": 11.072,
  "pitch": {
    "mean": 417.5,
    "max": 1341.6,
    "std": 246.3,
    "max_mean_ratio": 3.21
  },
  "energy": {
    "mean": 0.055818,
    "max": 0.17436,
    "std": 0.037204,
    "rate_of_change": 0.015236
  },
  "speech_rate": {
    "chars_per_sec": 17.18,
    "words_per_sec": 3.44,
    "segment_count": 6
  },
  "spectral_centroid": {
    "mean": 2057.13
  },
  "timeseries": {
    "frame_sec": 0.5,
    "pitch": [
      429.85,
      401.52,
      243.53,
      325.38,
      541.94,
      410.72,
      550.45,
      515.53,
      622.11,
      379.67,
      488.49,
      221.68,
      144.9,
      619.67,
      410.08,
      305.61,
      158.86,
      452.58,
      431.45,
      626.9,
      468.71,
      298.2,
      513.63
    ],
    "energy": [
      0.078815,
      0.030942,
      0.011113,
      0.035485,
      0.061817,
      0.044162,
      0.062185,
      0.068752,
      0.04686,
      0.040759,
      0.058614,
      0.036856,
      0.010752,
      0.058137,
      0.037468,
      0.030527,
      0.04125,
      0.066118,
      0.098042,
      0.104314,
      0.087918,
      0.049531,
      0.122249
    ],
    "spectral_centroid": [
      1880.29,
      1786.01,
      1969.09,
      1984.77,
      2114.26,
      1930.48,
      2182.08,
      1907.64,
      1799.73,
      2107.68,
      2020.09,
      1977.39,
      1854.76,
      2116.14,
      1988.47,
      2321.29,
      1870.52,
      1963.75,
      2095.0,
      2035.28,
      2565.2,
      2726.53,
      2225.62
    ]
  }
}