{
  "id": "022624b3-920a-4b69-84e5-e3a0e5190367",
  "duration": 7.339,
  "pitch": {
    "mean": 445.1,
    "max": 1197.85,
    "std": 244.94,
    "max_mean_ratio": 2.69
  },
  "energy": {
    "mean": 0.087559,
    "max": 0.174124,
    "std": 0.049974,
    "rate_of_change": 0.022891
  },
  "speech_rate": {
    "chars_per_sec": 15.16,
    "words_per_sec": 2.87,
    "segment_count": 2
  },
  "spectral_centroid": {
    "mean": 1688.65
  },
  "timeseries": {
    "frame_sec": 0.5,
    "pitch": [
      150.96,
      419.79,
      538.26,
      455.13,
      459.53,
      589.95,
      367.31,
      395.62,
      586.5,
      653.39,
      543.13,
      494.1,
      571.71,
      132.65,
      341.17
    ],
    "energy": [
      0.023974,
      0.074698,
      0.111374,
      0.136485,
      0.08507,
      0.073408,
      0.106352,
      0.093022,
      0.121643,
      0.11371,
      0.108976,
      0.089047,
      0.069827,
      0.019895,
      0.007793
    ],
    "spectral_centroid": [
      2153.84,
      1626.43,
      1785.84,
      1163.49,
      1462.42,
      1341.62,
      1473.9,
      1626.77,
      1550.72,
      1611.51,
      1618.1,
      1431.33,
      1700.52,
      2823.46,
      2067.76
    ]
  }
}