{
  "id": "0249cde5-b275-4c44-a712-abe7d049c622",
  "duration": 10.773,
  "pitch": {
    "mean": 370.74,
    "max": 1226.93,
    "std": 202.23,
    "max_mean_ratio": 3.31
  },
  "energy": {
    "mean": 0.055063,
    "max": 0.201413,
    "std": 0.035491,
    "rate_of_change": 0.017877
  },
  "speech_rate": {
    "chars_per_sec": 14.03,
    "words_per_sec": 2.6,
    "segment_count": 5
  },
  "spectral_centroid": {
    "mean": 1895.15
  },
  "timeseries": {
    "frame_sec": 0.5,
    "pitch": [
      166.15,
      403.1,
      249.59,
      399.55,
      277.05,
      542.54,
      461.73,
      463.26,
      316.96,
      563.39,
      451.39,
      345.31,
      354.5,
      188.03,
      383.86,
      285.51,
      198.21,
      588.2,
      343.04,
      336.38,
      431.17,
      353.93
    ],
    "energy": [
      0.014293,
      0.055353,
      0.026687,
      0.063422,
      0.077172,
      0.105137,
      0.058628,
      0.045313,
      0.035858,
      0.092885,
      0.050184,
      0.030462,
      0.036059,
      0.022432,
      0.029067,
      0.042872,
      0.042461,
      0.094636,
      0.065541,
      0.050532,
      0.065929,
      0.046964
    ],
    "spectral_centroid": [
      1726.15,
      1065.14,
      1775.64,
      1533.68,
      2015.03,
      2214.47,
      1910.23,
      2218.7,
      2153.78,
      1511.74,
      1786.58,
      1968.87,
      1826.74,
      2639.74,
      2229.51,
      1634.8,
      1667.8,
      1659.69,
      2224.08,
      2247.65,
      1799.92,
      1834.67
    ]
  }
}