{
  "id": "02583991-cf7d-4e1c-a583-2a114e4b9e2a",
  "duration": 12.544,
  "pitch": {
    "mean": 452.67,
    "max": 2081.9,
    "std": 405.85,
    "max_mean_ratio": 4.6
  },
  "energy": {
    "mean": 0.040492,
    "max": 0.141451,
    "std": 0.026377,
    "rate_of_change": 0.010588
  },
  "speech_rate": {
    "chars_per_sec": 8.05,
    "words_per_sec": 1.44,
    "segment_count": 2
  },
  "spectral_centroid": {
    "mean": 1761.71
  },
  "timeseries": {
    "frame_sec": 0.5,
    "pitch": [
      213.72,
      496.0,
      479.78,
      652.71,
      547.15,
      343.67,
      197.24,
      238.25,
      461.7,
      243.26,
      263.83,
      165.93,
      403.8,
      670.7,
      534.01,
      919.6,
      311.23,
      1074.69,
      1347.38,
      197.74,
      356.58,
      422.32,
      518.48,
      332.94,
      407.25,
      292.3
    ],
    "energy": [
      0.042213,
      0.040877,
      0.039582,
      0.045183,
      0.050096,
      0.018855,
      0.017374,
      0.023978,
      0.044971,
      0.021951,
      0.013925,
      0.018388,
      0.034472,
      0.043594,
      0.08253,
      0.057497,
      0.037128,
      0.072652,
      0.065082,
      0.024172,
      0.023831,
      0.055106,
      0.053098,
      0.020896,
      0.030523,
      0.012102
    ],
    "spectral_centroid": [
      1854.64,
      1791.02,
      1906.79,
      2160.26,
      1870.39,
      1886.66,
      2538.42,
      1565.95,
      1581.73,
      1444.88,
      1692.57,
      1289.96,
      1547.52,
      1399.46,
      1378.21,
      1571.03,
      1483.4,
      1918.15,
      2131.7,
      1933.13,
      2144.48,
      1815.28,
      1772.89,
      1702.77,
      1620.58,
      1792.26
    ]
  }
}