{
  "id": "02781ca7-58ed-41c4-8645-365f9c572273",
  "duration": 14.4,
  "pitch": {
    "mean": 397.21,
    "max": 2085.06,
    "std": 318.7,
    "max_mean_ratio": 5.25
  },
  "energy": {
    "mean": 0.05616,
    "max": 0.194817,
    "std": 0.047587,
    "rate_of_change": 0.013237
  },
  "speech_rate": {
    "chars_per_sec": 15.21,
    "words_per_sec": 2.71,
    "segment_count": 8
  },
  "spectral_centroid": {
    "mean": 2119.75
  },
  "timeseries": {
    "frame_sec": 0.5,
    "pitch": [
      418.14,
      600.91,
      579.33,
      172.71,
      232.22,
      119.32,
      507.04,
      569.01,
      340.86,
      902.07,
      141.72,
      106.08,
      124.84,
      221.38,
      349.34,
      558.83,
      601.02,
      368.13,
      642.66,
      490.09,
      427.41,
      530.69,
      140.18,
      117.66,
      121.55,
      380.12,
      404.49,
      538.02,
      553.49
    ],
    "energy": [
      0.069595,
      0.098725,
      0.071659,
      0.007775,
      0.005571,
      0.010871,
      0.123448,
      0.088054,
      0.051452,
      0.07419,
      0.009056,
      0.009601,
      0.009951,
      0.00812,
      0.062438,
      0.070345,
      0.078606,
      0.076634,
      0.131761,
      0.097665,
      0.071312,
      0.075133,
      0.005645,
      0.008711,
      0.008284,
      0.042069,
      0.066938,
      0.06782,
      0.062013
    ],
    "spectral_centroid": [
      2383.27,
      1832.58,
      1907.6,
      1924.51,
      1804.56,
      1754.91,
      1281.35,
      1773.92,
      2912.9,
      2084.67,
      2170.0,
      2299.7,
      2218.4,
      1924.07,
      1745.3,
      2430.22,
      1927.81,
      2047.37,
      2018.98,
      1853.06,
      2557.21,
      2188.52,
      2328.28,
      2480.35,
      2891.1,
      1779.87,
      2327.87,
      2864.83,
      1803.11
    ]
  }
}