{
  "id": "029723ec-5000-453c-a098-842800e31297",
  "duration": 36.672,
  "pitch": {
    "mean": 471.3,
    "max": 2053.3,
    "std": 387.5,
    "max_mean_ratio": 4.36
  },
  "energy": {
    "mean": 0.067524,
    "max": 0.204309,
    "std": 0.041123,
    "rate_of_change": 0.005384
  },
  "speech_rate": {
    "chars_per_sec": 11.53,
    "words_per_sec": 2.01,
    "segment_count": 12
  },
  "spectral_centroid": {
    "mean": 1945.73
  },
  "timeseries": {
    "frame_sec": 0.5,
    "pitch": [
      110.19,
      115.36,
      356.48,
      432.45,
      480.65,
      397.39,
      308.3,
      101.11,
      243.98,
      369.87,
      495.96,
      295.7,
      118.43,
      648.01,
      400.37,
      334.26,
      276.73,
      99.02,
      114.6,
      255.34,
      307.89,
      704.1,
      536.05,
      102.05,
      124.62,
      103.23,
      388.99,
      577.62,
      283.09,
      421.98,
      341.93,
      345.3,
      404.5,
      108.67,
      106.68,
      162.53,
      477.59,
      374.51,
      246.16,
      441.87,
      208.05,
      1058.05,
      617.4,
      705.38,
      453.69,
      198.4,
      262.46,
      500.22,
      336.51,
      273.82,
      682.2,
      885.05,
      467.22,
      898.36,
      1010.73,
      706.22,
      899.42,
      1220.77,
      311.17,
      595.48,
      836.48,
      679.35,
      749.91,
      1156.5,
      1001.98,
      932.74,
      692.74,
      436.95,
      572.82,
      919.58,
      722.28,
      515.95,
      432.89,
      381.07
    ],
    "energy": [
      0.019028,
      0.017158,
      0.063209,
      0.060686,
      0.072406,
      0.07816,
      0.049042,
      0.065673,
      0.067783,
      0.075002,
      0.06951,
      0.048827,
      0.029717,
      0.083485,
      0.063254,
      0.083229,
      0.04141,
      0.012668,
      0.020949,
      0.051832,
      0.045324,
      0.072466,
      0.080117,
      0.035961,
      0.020913,
      0.028007,
      0.079104,
      0.075049,
      0.043483,
      0.057447,
      0.062119,
      0.069477,
      0.062304,
      0.034438,
      0.056425,
      0.055499,
      0.082249,
      0.076944,
      0.06689,
      0.073342,
      0.045673,
      0.110126,
      0.064851,
      0.070314,
      0.085464,
      0.043552,
      0.052843,
      0.098262,
      0.060313,
      0.069387,
      0.079901,
      0.118926,
      0.076859,
      0.149067,
      0.114377,
      0.137649,
      0.113333,
      0.098781,
      0.058907,
      0.111699,
      0.077099,
      0.081482,
      0.119844,
      0.111732,
      0.075457,
      0.012496,
      0.008646,
      0.015332,
      0.069576,
      0.068245,
      0.038421,
      0.021269,
      0.015129,
      0.018176
    ],
    "spectral_centroid": [
      1989.95,
      1492.41,
      2157.3,
      1696.17,
      1565.21,
      1563.5,
      1492.22,
      1242.96,
      1591.73,
      1636.09,
      1647.48,
      1695.42,
      1864.4,
      2071.58,
      1703.59,
      2327.21,
      1856.12,
      2022.85,
      1767.1,
      1788.76,
      2356.68,
      2499.54,
      1476.75,
      1553.37,
      1808.83,
      1927.3,
      1847.27,
      1988.29,
      1844.17,
      1798.89,
      1837.14,
      2183.62,
      1781.9,
      1508.98,
      1561.81,
      1478.65,
      1873.49,
      2194.03,
      1999.42,
      1888.0,
      1632.31,
      2090.69,
      2102.13,
      1870.08,
      1889.5,
      2138.61,
      2301.68,
      2346.51,
      2091.16,
      2027.76,
      1777.95,
      2081.13,
      2048.1,
      1872.0,
      2021.37,
      2071.22,
      2112.02,
      2053.83,
      2197.01,
      1765.92,
      2222.02,
      2163.15,
      1867.64,
      1869.38,
      1846.35,
      2004.45,
      2227.31,
      2961.43,
      2368.03,
      2164.03,
      2215.33,
      2356.71,
      2304.5,
      2065.11
    ]
  }
}