{
  "id": "0358d695-1b41-47f3-b19b-dcab659d0732",
  "duration": 6.741,
  "pitch": {
    "mean": 372.9,
    "max": 929.86,
    "std": 197.76,
    "max_mean_ratio": 2.49
  },
  "energy": {
    "mean": 0.048934,
    "max": 0.111412,
    "std": 0.028169,
    "rate_of_change": 0.015988
  },
  "speech_rate": {
    "chars_per_sec": 17.08,
    "words_per_sec": 3.11,
    "segment_count": 4
  },
  "spectral_centroid": {
    "mean": 1745.74
  },
  "timeseries": {
    "frame_sec": 0.5,
    "pitch": [
      427.21,
      500.59,
      267.41,
      280.11,
      329.38,
      421.6,
      471.19,
      525.83,
      232.62,
      165.08,
      517.03,
      423.35,
      393.48,
      349.02
    ],
    "energy": [
      0.059923,
      0.065555,
      0.007307,
      0.03085,
      0.053039,
      0.051312,
      0.056398,
      0.063629,
      0.018117,
      0.013155,
      0.074865,
      0.048838,
      0.057065,
      0.060201
    ],
    "spectral_centroid": [
      1696.33,
      1388.86,
      1691.54,
      1666.52,
      1695.4,
      1511.89,
      1710.07,
      1552.97,
      1699.03,
      2152.23,
      1780.29,
      2362.87,
      1744.11,
      1782.03
    ]
  }
}