{
  "id": "04a284b8-903f-44da-a557-f87f03d379c4",
  "duration": 24.661,
  "pitch": {
    "mean": 445.18,
    "max": 2084.46,
    "std": 332.89,
    "max_mean_ratio": 4.68
  },
  "energy": {
    "mean": 0.084302,
    "max": 0.335185,
    "std": 0.06304,
    "rate_of_change": 0.013098
  },
  "speech_rate": {
    "chars_per_sec": 12.65,
    "words_per_sec": 2.23,
    "segment_count": 13
  },
  "spectral_centroid": {
    "mean": 1762.16
  },
  "timeseries": {
    "frame_sec": 0.5,
    "pitch": [
      260.34,
      317.58,
      412.05,
      269.09,
      359.26,
      323.66,
      438.0,
      269.15,
      535.97,
      416.26,
      250.96,
      505.65,
      342.9,
      374.17,
      315.0,
      366.54,
      367.61,
      587.52,
      487.5,
      348.59,
      273.11,
      393.98,
      476.9,
      188.79,
      559.31,
      388.1,
      280.9,
      422.95,
      431.97,
      578.27,
      367.03,
      553.78,
      347.92,
      400.44,
      378.55,
      474.58,
      456.67,
      558.66,
      767.96,
      525.51,
      594.24,
      284.94,
      542.19,
      636.98,
      1028.83,
      503.45,
      342.97,
      407.87,
      1067.55,
      138.92
    ],
    "energy": [
      0.032919,
      0.055409,
      0.073196,
      0.027515,
      0.049494,
      0.026952,
      0.043518,
      0.042866,
      0.054816,
      0.042509,
      0.05113,
      0.069545,
      0.04456,
      0.032942,
      0.04992,
      0.085923,
      0.074205,
      0.101442,
      0.113901,
      0.050556,
      0.046088,
      0.078433,
      0.026822,
      0.017789,
      0.086338,
      0.062622,
      0.046485,
      0.0558,
      0.059,
      0.144387,
      0.024658,
      0.069626,
      0.064746,
      0.162867,
      0.152604,
      0.150024,
      0.097576,
      0.213231,
      0.265771,
      0.128926,
      0.108544,
      0.069515,
      0.141194,
      0.206843,
      0.060125,
      0.014653,
      0.069935,
      0.075304,
      0.154947,
      0.020632
    ],
    "spectral_centroid": [
      1851.79,
      1563.8,
      1548.1,
      1543.6,
      1382.68,
      1561.08,
      1509.65,
      1566.16,
      1458.03,
      1876.07,
      1542.15,
      1525.15,
      2044.61,
      1977.74,
      1896.48,
      1607.88,
      1874.67,
      1551.81,
      1681.73,
      1786.48,
      1775.83,
      1541.44,
      1668.11,
      1779.16,
      1435.07,
      1554.93,
      1933.85,
      1969.67,
      1620.52,
      1618.97,
      1757.29,
      1761.22,
      2004.48,
      1586.21,
      1708.24,
      1607.3,
      1930.3,
      1747.84,
      2015.97,
      1842.28,
      1939.45,
      2707.75,
      2124.37,
      2250.4,
      1797.62,
      1814.25,
      1633.24,
      1691.32,
      1763.46,
      3061.88
    ]
  }
}