{
  "id": "04e1c8ad-1cdb-4fbb-a82f-a12d5429a360",
  "duration": 29.141,
  "pitch": {
    "mean": 539.03,
    "max": 1516.72,
    "std": 255.76,
    "max_mean_ratio": 2.81
  },
  "energy": {
    "mean": 0.065111,
    "max": 0.192863,
    "std": 0.040603,
    "rate_of_change": 0.006398
  },
  "speech_rate": {
    "chars_per_sec": 14.7,
    "words_per_sec": 3.1,
    "segment_count": 5
  },
  "spectral_centroid": {
    "mean": 1903.2
  },
  "timeseries": {
    "frame_sec": 0.5,
    "pitch": [
      626.03,
      537.68,
      581.94,
      619.29,
      708.1,
      473.21,
      578.9,
      436.86,
      496.57,
      484.69,
      510.2,
      438.16,
      578.81,
      636.56,
      710.26,
      810.35,
      660.31,
      407.45,
      417.99,
      409.23,
      305.54,
      455.66,
      389.32,
      472.89,
      325.61,
      454.78,
      682.78,
      515.03,
      565.27,
      487.81,
      524.08,
      584.4,
      609.02,
      606.65,
      582.43,
      402.0,
      565.87,
      534.58,
      670.42,
      380.81,
      532.47,
      424.38,
      629.52,
      787.34,
      409.27,
      628.36,
      499.77,
      544.47,
      568.66,
      675.54,
      409.7,
      440.56,
      549.06,
      469.85,
      512.95,
      577.35,
      568.11,
      700.41,
      531.74
    ],
    "energy": [
      0.087633,
      0.095779,
      0.069859,
      0.130311,
      0.102485,
      0.104006,
      0.067462,
      0.049746,
      0.04484,
      0.060469,
      0.063303,
      0.060842,
      0.065223,
      0.053789,
      0.053759,
      0.048936,
      0.043681,
      0.036335,
      0.045042,
      0.039199,
      0.034189,
      0.056689,
      0.043763,
      0.062348,
      0.044449,
      0.076341,
      0.155685,
      0.078117,
      0.072861,
      0.080258,
      0.081843,
      0.071642,
      0.073012,
      0.07395,
      0.035753,
      0.111596,
      0.053675,
      0.09242,
      0.016231,
      0.096555,
      0.064506,
      0.07881,
      0.087957,
      0.034838,
      0.087235,
      0.033313,
      0.038056,
      0.054591,
      0.040029,
      0.052727,
      0.066958,
      0.053517,
      0.017399,
      0.048214,
      0.028791,
      0.012917,
      0.051827,
      0.032235,
      0.007828
    ],
    "spectral_centroid": [
      2046.78,
      2043.93,
      2303.74,
      1874.26,
      1985.04,
      2126.92,
      2179.19,
      2364.94,
      2123.06,
      1634.25,
      1657.68,
      1756.52,
      1823.68,
      1714.42,
      1762.21,
      1688.63,
      1943.83,
      1862.95,
      1838.46,
      1857.91,
      1875.42,
      1990.84,
      1511.6,
      1874.29,
      1763.42,
      2045.08,
      2274.28,
      1917.82,
      2127.6,
      2188.14,
      2047.4,
      2267.74,
      1867.98,
      2151.65,
      2078.44,
      1632.05,
      2116.69,
      1779.73,
      2187.41,
      1836.32,
      1776.07,
      1865.05,
      1808.95,
      1957.7,
      1545.62,
      1839.48,
      1867.36,
      1605.85,
      1902.29,
      1703.82,
      1549.25,
      1964.26,
      1909.44,
      1859.32,
      1947.31,
      1686.74,
      1558.46,
      1730.37,
      2347.86
    ]
  }
}