{
  "id": "04f2c534-72cb-4c5a-99e5-b9abd2fe63fa",
  "duration": 9.92,
  "pitch": {
    "mean": 551.85,
    "max": 1995.83,
    "std": 346.03,
    "max_mean_ratio": 3.62
  },
  "energy": {
    "mean": 0.050491,
    "max": 0.148959,
    "std": 0.033627,
    "rate_of_change": 0.01435
  },
  "speech_rate": {
    "chars_per_sec": 5.44,
    "words_per_sec": 1.21,
    "segment_count": 4
  },
  "spectral_centroid": {
    "mean": 1978.47
  },
  "timeseries": {
    "frame_sec": 0.5,
    "pitch": [
      463.7,
      689.21,
      152.35,
      509.15,
      586.09,
      540.22,
      497.77,
      486.95,
      452.23,
      556.88,
      346.44,
      333.93,
      433.6,
      366.22,
      621.09,
      806.68,
      1074.67,
      804.09,
      602.03,
      667.41
    ],
    "energy": [
      0.044577,
      0.059496,
      0.01134,
      0.043497,
      0.049709,
      0.045,
      0.046607,
      0.054634,
      0.054672,
      0.090096,
      0.012532,
      0.013803,
      0.015278,
      0.078608,
      0.060697,
      0.015547,
      0.018307,
      0.092007,
      0.075452,
      0.08235
    ],
    "spectral_centroid": [
      2144.58,
      1850.37,
      2342.8,
      2208.39,
      1673.72,
      1580.68,
      1934.72,
      1816.36,
      2174.38,
      2184.43,
      2032.57,
      1860.69,
      1932.34,
      1816.08,
      2089.82,
      2156.6,
      2292.66,
      1663.82,
      2021.35,
      1804.3
    ]
  }
}