{
  "id": "052d06f9-0d21-4986-aac0-f04aed00070f",
  "duration": 12.693,
  "pitch": {
    "mean": 322.16,
    "max": 1868.57,
    "std": 323.77,
    "max_mean_ratio": 5.8
  },
  "energy": {
    "mean": 0.028949,
    "max": 0.103713,
    "std": 0.029104,
    "rate_of_change": 0.007926
  },
  "speech_rate": {
    "chars_per_sec": 5.44,
    "words_per_sec": 0.95,
    "segment_count": 4
  },
  "spectral_centroid": {
    "mean": 1699.83
  },
  "timeseries": {
    "frame_sec": 0.5,
    "pitch": [
      432.9,
      222.51,
      187.53,
      434.41,
      456.0,
      317.34,
      108.27,
      170.86,
      236.74,
      331.28,
      523.01,
      421.07,
      373.9,
      391.8,
      382.02,
      357.57,
      180.92,
      155.22,
      209.3,
      873.07,
      267.73,
      119.63,
      137.37,
      234.88,
      404.98,
      357.59
    ],
    "energy": [
      0.077119,
      0.012063,
      0.009375,
      0.005088,
      0.005733,
      0.007615,
      0.007562,
      0.00828,
      0.007054,
      0.007454,
      0.08278,
      0.050036,
      0.05832,
      0.053876,
      0.057725,
      0.039424,
      0.012654,
      0.010029,
      0.007048,
      0.005185,
      0.007468,
      0.010721,
      0.02798,
      0.046733,
      0.063409,
      0.059771
    ],
    "spectral_centroid": [
      1514.9,
      1419.64,
      1569.03,
      1726.13,
      1636.47,
      1756.82,
      1715.26,
      1827.48,
      1709.04,
      2383.61,
      1182.54,
      1990.15,
      1135.83,
      1727.69,
      1423.28,
      1969.69,
      1797.59,
      1879.16,
      1836.44,
      1912.68,
      1883.81,
      1802.84,
      1556.93,
      1777.21,
      1494.46,
      1244.25
    ]
  }
}