{
  "id": "0551285e-784b-496f-be21-ca555a4bf872",
  "duration": 9.515,
  "pitch": {
    "mean": 331.28,
    "max": 1870.64,
    "std": 364.95,
    "max_mean_ratio": 5.65
  },
  "energy": {
    "mean": 0.060296,
    "max": 0.192601,
    "std": 0.037015,
    "rate_of_change": 0.018795
  },
  "speech_rate": {
    "chars_per_sec": 4.43,
    "words_per_sec": 0.95,
    "segment_count": 3
  },
  "spectral_centroid": {
    "mean": 2128.7
  },
  "timeseries": {
    "frame_sec": 0.5,
    "pitch": [
      335.55,
      265.77,
      625.08,
      668.11,
      150.27,
      131.92,
      133.37,
      396.29,
      124.07,
      336.84,
      135.51,
      442.72,
      469.11,
      442.32,
      269.8,
      518.04,
      173.15,
      280.53,
      235.0,
      627.82
    ],
    "energy": [
      0.091571,
      0.058316,
      0.022685,
      0.029385,
      0.047583,
      0.06561,
      0.056227,
      0.035768,
      0.038149,
      0.030097,
      0.025128,
      0.098697,
      0.124865,
      0.115234,
      0.094112,
      0.024473,
      0.032614,
      0.063906,
      0.045236,
      0.031101
    ],
    "spectral_centroid": [
      1689.49,
      1729.22,
      2156.97,
      2406.04,
      2171.49,
      1955.01,
      1752.99,
      2008.72,
      1836.47,
      2252.91,
      2163.56,
      1721.07,
      2453.11,
      2079.63,
      2374.54,
      2407.79,
      2337.44,
      2550.72,
      2404.95,
      1562.71
    ]
  }
}