{
  "id": "05519f33-9d6d-4872-83e1-ebef6f0abbfd",
  "duration": 8.427,
  "pitch": {
    "mean": 519.31,
    "max": 1463.99,
    "std": 270.49,
    "max_mean_ratio": 2.82
  },
  "energy": {
    "mean": 0.064371,
    "max": 0.148842,
    "std": 0.031804,
    "rate_of_change": 0.017026
  },
  "speech_rate": {
    "chars_per_sec": 18.57,
    "words_per_sec": 3.33,
    "segment_count": 2
  },
  "spectral_centroid": {
    "mean": 1816.46
  },
  "timeseries": {
    "frame_sec": 0.5,
    "pitch": [
      576.5,
      453.17,
      638.04,
      422.96,
      763.74,
      613.15,
      459.73,
      476.88,
      411.71,
      278.47,
      471.51,
      332.41,
      310.71,
      817.84,
      676.33,
      613.54,
      586.96
    ],
    "energy": [
      0.040515,
      0.03092,
      0.048128,
      0.037635,
      0.089476,
      0.05533,
      0.057403,
      0.08263,
      0.079243,
      0.046908,
      0.043902,
      0.043691,
      0.050713,
      0.107739,
      0.104918,
      0.081901,
      0.05006
    ],
    "spectral_centroid": [
      1792.66,
      1884.7,
      1579.21,
      2474.88,
      1795.09,
      1995.23,
      1412.86,
      1351.66,
      1763.74,
      1906.68,
      1870.71,
      1660.62,
      1870.37,
      1748.65,
      1939.85,
      1666.94,
      2026.93
    ]
  }
}