{
  "id": "055382fa-0111-4678-afdd-98e557e6acb5",
  "duration": 11.115,
  "pitch": {
    "mean": 458.99,
    "max": 1842.41,
    "std": 330.43,
    "max_mean_ratio": 4.01
  },
  "energy": {
    "mean": 0.069745,
    "max": 0.199232,
    "std": 0.046475,
    "rate_of_change": 0.017306
  },
  "speech_rate": {
    "chars_per_sec": 18.82,
    "words_per_sec": 2.89,
    "segment_count": 5
  },
  "spectral_centroid": {
    "mean": 2010.83
  },
  "timeseries": {
    "frame_sec": 0.5,
    "pitch": [
      425.41,
      363.66,
      346.38,
      381.22,
      478.79,
      392.14,
      318.88,
      385.86,
      238.02,
      278.63,
      633.06,
      349.83,
      393.98,
      589.06,
      696.33,
      329.54,
      453.65,
      672.75,
      698.37,
      744.3,
      731.57,
      393.84,
      81.54
    ],
    "energy": [
      0.067135,
      0.079451,
      0.058172,
      0.087414,
      0.056573,
      0.013217,
      0.018696,
      0.021949,
      0.054898,
      0.062461,
      0.118455,
      0.104975,
      0.099426,
      0.093293,
      0.083781,
      0.066992,
      0.087091,
      0.074729,
      0.083487,
      0.10098,
      0.020474,
      0.020152,
      0.011641
    ],
    "spectral_centroid": [
      1867.8,
      1777.21,
      1740.88,
      1966.06,
      1921.73,
      2036.44,
      1726.92,
      1748.55,
      2001.96,
      2112.79,
      2205.58,
      2443.8,
      2254.83,
      1954.73,
      2178.73,
      2328.07,
      2106.9,
      2037.06,
      1932.97,
      1879.35,
      2071.61,
      1923.31,
      1925.18
    ]
  }
}