{
  "id": "055da8d9-0480-4a11-8e5a-a08569308fbc",
  "duration": 11.52,
  "pitch": {
    "mean": 421.54,
    "max": 1911.19,
    "std": 357.83,
    "max_mean_ratio": 4.53
  },
  "energy": {
    "mean": 0.081662,
    "max": 0.285518,
    "std": 0.06466,
    "rate_of_change": 0.023795
  },
  "speech_rate": {
    "chars_per_sec": 7.38,
    "words_per_sec": 1.3,
    "segment_count": 6
  },
  "spectral_centroid": {
    "mean": 1921.99
  },
  "timeseries": {
    "frame_sec": 0.5,
    "pitch": [
      289.41,
      360.96,
      301.12,
      225.85,
      245.32,
      118.62,
      304.55,
      147.81,
      159.39,
      672.16,
      322.74,
      468.29,
      765.31,
      490.47,
      307.14,
      661.49,
      522.93,
      484.61,
      681.57,
      279.92,
      297.41,
      844.62,
      889.43,
      1417.18
    ],
    "energy": [
      0.031163,
      0.043986,
      0.027002,
      0.041618,
      0.02685,
      0.031635,
      0.042527,
      0.019722,
      0.032179,
      0.036511,
      0.059401,
      0.073643,
      0.101026,
      0.143279,
      0.095716,
      0.237695,
      0.159463,
      0.094866,
      0.05607,
      0.038444,
      0.152975,
      0.148974,
      0.106528,
      0.062027
    ],
    "spectral_centroid": [
      1709.81,
      1578.68,
      1675.92,
      1771.33,
      1830.74,
      2035.09,
      2039.64,
      1864.54,
      1525.39,
      2061.13,
      1728.67,
      2044.21,
      2000.51,
      1779.9,
      1958.47,
      1914.39,
      2112.54,
      2162.84,
      1793.26,
      2146.09,
      1926.6,
      2338.58,
      2118.09,
      2272.72
    ]
  }
}