{
  "id": "058ac47c-00cd-4d84-8dd6-98acace95a29",
  "duration": 10.539,
  "pitch": {
    "mean": 325.22,
    "max": 1236.99,
    "std": 252.01,
    "max_mean_ratio": 3.8
  },
  "energy": {
    "mean": 0.07752,
    "max": 0.255635,
    "std": 0.048609,
    "rate_of_change": 0.022922
  },
  "speech_rate": {
    "chars_per_sec": 12.53,
    "words_per_sec": 2.36,
    "segment_count": 6
  },
  "spectral_centroid": {
    "mean": 1961.56
  },
  "timeseries": {
    "frame_sec": 0.5,
    "pitch": [
      220.44,
      447.82,
      360.85,
      415.22,
      211.0,
      413.98,
      270.43,
      218.55,
      411.59,
      206.31,
      125.53,
      398.06,
      371.86,
      157.03,
      361.39,
      509.1,
      304.2,
      542.21,
      351.95,
      191.93,
      222.46,
      149.76
    ],
    "energy": [
      0.024204,
      0.076355,
      0.015789,
      0.061956,
      0.078525,
      0.080328,
      0.023609,
      0.055922,
      0.119425,
      0.077762,
      0.048366,
      0.099307,
      0.091244,
      0.054571,
      0.128564,
      0.098431,
      0.032256,
      0.131001,
      0.135647,
      0.085337,
      0.052084,
      0.024034
    ],
    "spectral_centroid": [
      2138.46,
      1466.55,
      2327.98,
      1797.24,
      1514.44,
      1646.67,
      1895.87,
      1630.74,
      1720.93,
      2194.65,
      2159.89,
      1793.04,
      2047.31,
      2123.28,
      1680.55,
      2378.58,
      2804.32,
      1793.07,
      1902.62,
      2434.15,
      1781.45,
      1486.11
    ]
  }
}