{
  "id": "05c8d315-10ab-4671-a6e1-b5a38a3af493",
  "duration": 9.387,
  "pitch": {
    "mean": 409.2,
    "max": 1403.42,
    "std": 252.56,
    "max_mean_ratio": 3.43
  },
  "energy": {
    "mean": 0.04569,
    "max": 0.204583,
    "std": 0.037122,
    "rate_of_change": 0.020939
  },
  "speech_rate": {
    "chars_per_sec": 10.79,
    "words_per_sec": 1.97,
    "segment_count": 5
  },
  "spectral_centroid": {
    "mean": 2011.2
  },
  "timeseries": {
    "frame_sec": 0.5,
    "pitch": [
      439.72,
      403.7,
      325.33,
      390.26,
      490.15,
      597.86,
      340.88,
      352.36,
      275.82,
      322.52,
      364.77,
      431.08,
      441.69,
      189.31,
      208.22,
      903.1,
      598.67,
      458.94,
      389.52
    ],
    "energy": [
      0.045592,
      0.050109,
      0.023686,
      0.019327,
      0.016481,
      0.011713,
      0.032219,
      0.036693,
      0.036048,
      0.030874,
      0.062997,
      0.044207,
      0.041561,
      0.013999,
      0.040781,
      0.140053,
      0.080952,
      0.038529,
      0.062252
    ],
    "spectral_centroid": [
      1431.14,
      1636.74,
      1919.56,
      2085.88,
      2204.62,
      2298.07,
      1966.97,
      1693.92,
      2084.53,
      2268.62,
      2092.92,
      2097.37,
      2269.19,
      2762.51,
      1761.85,
      1676.41,
      1977.38,
      2085.79,
      1829.39
    ]
  }
}