{
  "id": "0612e955-b136-44aa-b3da-68b0b2dd92a8",
  "duration": 14.805,
  "pitch": {
    "mean": 468.01,
    "max": 2079.66,
    "std": 469.49,
    "max_mean_ratio": 4.44
  },
  "energy": {
    "mean": 0.232129,
    "max": 0.624687,
    "std": 0.158968,
    "rate_of_change": 0.039098
  },
  "speech_rate": {
    "chars_per_sec": 7.7,
    "words_per_sec": 1.22,
    "segment_count": 4
  },
  "spectral_centroid": {
    "mean": 1999.73
  },
  "timeseries": {
    "frame_sec": 0.5,
    "pitch": [
      417.59,
      528.6,
      397.28,
      760.43,
      485.62,
      980.41,
      539.35,
      445.9,
      438.93,
      412.69,
      181.16,
      111.44,
      283.98,
      347.71,
      683.82,
      331.66,
      961.14,
      170.44,
      596.14,
      647.35,
      550.63,
      452.87,
      453.3,
      445.5,
      537.9,
      495.16,
      344.11,
      317.67,
      698.12,
      890.03
    ],
    "energy": [
      0.070668,
      0.055815,
      0.068006,
      0.063757,
      0.086945,
      0.325579,
      0.287012,
      0.297711,
      0.256998,
      0.103151,
      0.051404,
      0.064928,
      0.101884,
      0.251508,
      0.339932,
      0.321022,
      0.449974,
      0.07329,
      0.281367,
      0.342127,
      0.232359,
      0.411478,
      0.091142,
      0.256944,
      0.373879,
      0.174921,
      0.240059,
      0.367367,
      0.389071,
      0.242139
    ],
    "spectral_centroid": [
      1786.2,
      1999.65,
      1682.83,
      2425.29,
      2012.85,
      2017.7,
      2238.48,
      1868.32,
      2002.83,
      1689.93,
      1890.87,
      1866.45,
      1807.17,
      1913.75,
      2071.52,
      1497.21,
      2158.12,
      2045.1,
      1919.22,
      2041.04,
      2263.63,
      2891.74,
      1775.6,
      1886.46,
      2041.84,
      1897.24,
      2201.68,
      1866.09,
      2064.41,
      2290.83
    ]
  }
}