{
  "id": "061671fd-bde3-4c68-b63f-9399bc0eb862",
  "duration": 13.845,
  "pitch": {
    "mean": 536.65,
    "max": 1974.15,
    "std": 333.4,
    "max_mean_ratio": 3.68
  },
  "energy": {
    "mean": 0.051839,
    "max": 0.271499,
    "std": 0.044996,
    "rate_of_change": 0.019202
  },
  "speech_rate": {
    "chars_per_sec": 14.51,
    "words_per_sec": 3.19,
    "segment_count": 3
  },
  "spectral_centroid": {
    "mean": 1747.73
  },
  "timeseries": {
    "frame_sec": 0.5,
    "pitch": [
      665.84,
      374.04,
      703.24,
      498.24,
      340.35,
      761.38,
      467.58,
      575.58,
      470.6,
      507.65,
      517.62,
      535.37,
      834.55,
      447.8,
      300.29,
      433.79,
      455.79,
      458.13,
      473.31,
      506.95,
      533.34,
      640.18,
      947.99,
      449.74,
      609.52,
      373.19,
      485.41,
      432.23
    ],
    "energy": [
      0.031854,
      0.010579,
      0.067971,
      0.082402,
      0.028499,
      0.022702,
      0.027634,
      0.044533,
      0.014354,
      0.028195,
      0.034698,
      0.035261,
      0.016078,
      0.009088,
      0.008441,
      0.038682,
      0.074888,
      0.068442,
      0.037178,
      0.099355,
      0.100827,
      0.05547,
      0.082455,
      0.056481,
      0.138957,
      0.032136,
      0.090832,
      0.047064
    ],
    "spectral_centroid": [
      2015.76,
      1657.39,
      1794.99,
      1904.92,
      1742.56,
      1947.59,
      1866.4,
      1951.4,
      1732.94,
      1682.39,
      1877.95,
      1961.32,
      2024.92,
      1855.76,
      1798.98,
      1337.33,
      1118.74,
      1278.34,
      1880.45,
      1745.98,
      1575.16,
      2080.32,
      1772.76,
      1563.54,
      1213.68,
      2390.55,
      1359.98,
      1786.1
    ]
  }
}