{
  "id": "06356f7f-081e-48ee-8a73-0e82eed72bfa",
  "duration": 6.272,
  "pitch": {
    "mean": 422.81,
    "max": 1882.17,
    "std": 403.67,
    "max_mean_ratio": 4.45
  },
  "energy": {
    "mean": 0.067469,
    "max": 0.112069,
    "std": 0.032098,
    "rate_of_change": 0.017094
  },
  "speech_rate": {
    "chars_per_sec": 17.9,
    "words_per_sec": 3.55,
    "segment_count": 2
  },
  "spectral_centroid": {
    "mean": 2219.13
  },
  "timeseries": {
    "frame_sec": 0.5,
    "pitch": [
      381.16,
      364.75,
      324.11,
      446.05,
      874.07,
      340.5,
      175.27,
      468.94,
      464.06,
      433.88,
      278.91,
      311.68,
      747.12
    ],
    "energy": [
      0.080392,
      0.080349,
      0.075019,
      0.07585,
      0.025628,
      0.006043,
      0.027864,
      0.075267,
      0.086458,
      0.077115,
      0.082608,
      0.071923,
      0.076525
    ],
    "spectral_centroid": [
      2049.22,
      1583.21,
      2436.52,
      1664.84,
      2475.68,
      2512.0,
      2736.61,
      2899.94,
      1947.64,
      2409.57,
      1639.13,
      2376.62,
      1881.99
    ]
  }
}