{
  "id": "064680cb-198e-41ef-82c9-ab0a100342bf",
  "duration": 8.448,
  "pitch": {
    "mean": 477.29,
    "max": 1660.91,
    "std": 263.8,
    "max_mean_ratio": 3.48
  },
  "energy": {
    "mean": 0.028317,
    "max": 0.183572,
    "std": 0.037923,
    "rate_of_change": 0.021361
  },
  "speech_rate": {
    "chars_per_sec": 17.69,
    "words_per_sec": 3.77,
    "segment_count": 4
  },
  "spectral_centroid": {
    "mean": 1767.89
  },
  "timeseries": {
    "frame_sec": 0.5,
    "pitch": [
      437.93,
      322.58,
      364.93,
      317.73,
      553.0,
      504.33,
      384.72,
      451.35,
      486.02,
      529.44,
      602.31,
      348.81,
      498.03,
      125.45,
      630.01,
      675.98,
      898.53
    ],
    "energy": [
      0.005048,
      0.00668,
      0.011153,
      0.005198,
      0.007174,
      0.013915,
      0.004682,
      0.015982,
      0.017851,
      0.019636,
      0.020074,
      0.018611,
      0.022313,
      0.008616,
      0.075675,
      0.095939,
      0.118243
    ],
    "spectral_centroid": [
      1835.3,
      1895.97,
      1932.24,
      1603.43,
      1536.13,
      1750.51,
      1887.61,
      2015.44,
      1715.0,
      1398.69,
      1803.1,
      1493.49,
      1587.34,
      2153.19,
      1942.66,
      1697.02,
      1737.56
    ]
  }
}