{
  "id": "06a07e81-2a17-489d-b611-9b644d7928e5",
  "duration": 10.667,
  "pitch": {
    "mean": 434.78,
    "max": 2068.97,
    "std": 393.5,
    "max_mean_ratio": 4.76
  },
  "energy": {
    "mean": 0.075532,
    "max": 0.243419,
    "std": 0.054774,
    "rate_of_change": 0.021424
  },
  "speech_rate": {
    "chars_per_sec": 15.32,
    "words_per_sec": 2.73,
    "segment_count": 6
  },
  "spectral_centroid": {
    "mean": 1984.26
  },
  "timeseries": {
    "frame_sec": 0.5,
    "pitch": [
      154.97,
      435.44,
      851.95,
      317.52,
      712.95,
      421.96,
      560.78,
      246.31,
      101.62,
      129.4,
      167.61,
      739.86,
      409.24,
      398.17,
      279.81,
      432.29,
      308.08,
      273.27,
      622.64,
      852.82,
      688.47,
      391.42
    ],
    "energy": [
      0.037113,
      0.064577,
      0.088482,
      0.074654,
      0.083779,
      0.064686,
      0.095218,
      0.053023,
      0.01728,
      0.014929,
      0.035197,
      0.161093,
      0.043235,
      0.073248,
      0.03346,
      0.046606,
      0.027379,
      0.046538,
      0.136076,
      0.141438,
      0.172516,
      0.094339
    ],
    "spectral_centroid": [
      2033.81,
      1487.72,
      1755.73,
      2107.93,
      1938.2,
      2316.48,
      1795.0,
      1656.33,
      1884.41,
      2572.38,
      2006.87,
      2009.25,
      2102.66,
      2164.92,
      1661.58,
      1829.29,
      1802.74,
      2287.26,
      1904.98,
      2102.89,
      2430.24,
      1604.31
    ]
  }
}