{
  "id": "06daaf77-197b-4094-957f-b1ad151c141c",
  "duration": 16.213,
  "pitch": {
    "mean": 408.42,
    "max": 1913.78,
    "std": 357.86,
    "max_mean_ratio": 4.69
  },
  "energy": {
    "mean": 0.075335,
    "max": 0.119989,
    "std": 0.031158,
    "rate_of_change": 0.007185
  },
  "speech_rate": {
    "chars_per_sec": 15.61,
    "words_per_sec": 3.11,
    "segment_count": 3
  },
  "spectral_centroid": {
    "mean": 2000.64
  },
  "timeseries": {
    "frame_sec": 0.5,
    "pitch": [
      150.46,
      290.03,
      478.86,
      494.82,
      421.06,
      289.43,
      354.87,
      461.27,
      164.91,
      377.42,
      547.53,
      406.01,
      766.09,
      218.25,
      302.89,
      586.77,
      849.03,
      718.75,
      347.02,
      274.22,
      445.71,
      314.88,
      267.81,
      332.16,
      291.62,
      439.88,
      497.79,
      384.46,
      561.55,
      363.37,
      584.39,
      270.04,
      255.68
    ],
    "energy": [
      0.042214,
      0.067138,
      0.087276,
      0.074936,
      0.075836,
      0.011186,
      0.035523,
      0.077942,
      0.054257,
      0.091788,
      0.083054,
      0.083432,
      0.07399,
      0.048933,
      0.082421,
      0.057292,
      0.081688,
      0.046023,
      0.070231,
      0.086007,
      0.077797,
      0.081361,
      0.080604,
      0.090329,
      0.085879,
      0.088323,
      0.09438,
      0.086128,
      0.04768,
      0.088382,
      0.074111,
      0.065665,
      0.085491
    ],
    "spectral_centroid": [
      1931.57,
      1907.0,
      1867.14,
      2294.29,
      1623.01,
      2107.06,
      1880.59,
      1678.97,
      1834.43,
      1495.68,
      1646.01,
      2084.43,
      1895.55,
      2243.51,
      2734.87,
      2249.48,
      2005.49,
      2187.39,
      2247.11,
      1873.26,
      1795.22,
      1938.95,
      2019.28,
      1519.34,
      2053.77,
      1680.93,
      1628.53,
      1962.94,
      2268.43,
      2118.61,
      2697.48,
      2422.42,
      1842.58
    ]
  }
}