{
  "id": "06f34140-6364-4b82-aac6-b4b91d8c8417",
  "duration": 8.811,
  "pitch": {
    "mean": 389.75,
    "max": 1014.83,
    "std": 196.86,
    "max_mean_ratio": 2.6
  },
  "energy": {
    "mean": 0.043616,
    "max": 0.126277,
    "std": 0.023442,
    "rate_of_change": 0.013611
  },
  "speech_rate": {
    "chars_per_sec": 20.49,
    "words_per_sec": 3.86,
    "segment_count": 2
  },
  "spectral_centroid": {
    "mean": 1755.51
  },
  "timeseries": {
    "frame_sec": 0.5,
    "pitch": [
      515.0,
      396.12,
      420.43,
      398.9,
      386.56,
      308.91,
      394.87,
      411.52,
      310.15,
      301.4,
      289.18,
      527.48,
      377.36,
      430.96,
      476.15,
      329.63,
      446.98,
      348.21
    ],
    "energy": [
      0.027481,
      0.034569,
      0.024864,
      0.045704,
      0.046209,
      0.035252,
      0.017891,
      0.044129,
      0.025851,
      0.037753,
      0.02684,
      0.038897,
      0.03608,
      0.049491,
      0.067131,
      0.061238,
      0.071389,
      0.071035
    ],
    "spectral_centroid": [
      1971.84,
      2124.83,
      1711.94,
      1713.63,
      1609.79,
      1510.69,
      1629.93,
      1487.12,
      1814.01,
      1889.37,
      1509.18,
      1838.4,
      1909.57,
      1475.8,
      1718.54,
      1694.08,
      1853.84,
      2336.36
    ]
  }
}