{
  "id": "072c29a4-d85c-416f-a953-a979c1dd1a5f",
  "duration": 13.099,
  "pitch": {
    "mean": 520.12,
    "max": 1951.27,
    "std": 301.89,
    "max_mean_ratio": 3.75
  },
  "energy": {
    "mean": 0.087375,
    "max": 0.415164,
    "std": 0.06734,
    "rate_of_change": 0.031032
  },
  "speech_rate": {
    "chars_per_sec": 17.02,
    "words_per_sec": 2.84,
    "segment_count": 5
  },
  "spectral_centroid": {
    "mean": 1933.26
  },
  "timeseries": {
    "frame_sec": 0.5,
    "pitch": [
      417.02,
      520.71,
      163.19,
      304.3,
      665.66,
      703.44,
      859.19,
      480.58,
      462.62,
      593.68,
      628.12,
      470.38,
      804.29,
      879.77,
      777.67,
      566.16,
      581.48,
      431.02,
      452.68,
      648.23,
      444.86,
      360.05,
      266.91,
      485.48,
      573.08,
      151.88,
      159.98
    ],
    "energy": [
      0.056145,
      0.073778,
      0.025908,
      0.040123,
      0.119546,
      0.06951,
      0.103102,
      0.071489,
      0.09227,
      0.13406,
      0.164729,
      0.095691,
      0.087485,
      0.198792,
      0.071479,
      0.099091,
      0.068981,
      0.04708,
      0.044287,
      0.138793,
      0.046934,
      0.040065,
      0.035413,
      0.088036,
      0.16059,
      0.019145,
      0.009406
    ],
    "spectral_centroid": [
      2156.96,
      1826.39,
      2030.41,
      1942.7,
      2109.83,
      2320.77,
      1956.62,
      1771.84,
      2135.76,
      1719.47,
      1811.11,
      2254.68,
      1689.03,
      2157.95,
      1807.46,
      1694.34,
      1692.72,
      1981.58,
      1692.88,
      1727.42,
      1813.46,
      2233.83,
      2415.69,
      1678.02,
      1909.67,
      1914.67,
      1919.0
    ]
  }
}