{
  "id": "072e85f4-bafa-4deb-8121-b9ffc7dc0f99",
  "duration": 6.037,
  "pitch": {
    "mean": 508.58,
    "max": 2082.3,
    "std": 440.51,
    "max_mean_ratio": 4.09
  },
  "energy": {
    "mean": 0.040135,
    "max": 0.077522,
    "std": 0.017379,
    "rate_of_change": 0.011361
  },
  "speech_rate": {
    "chars_per_sec": 17.28,
    "words_per_sec": 3.49,
    "segment_count": 1
  },
  "spectral_centroid": {
    "mean": 2331.37
  },
  "timeseries": {
    "frame_sec": 0.5,
    "pitch": [
      354.03,
      353.26,
      407.89,
      628.57,
      563.69,
      309.85,
      643.69,
      991.22,
      753.76,
      585.97,
      202.45,
      286.01,
      253.16
    ],
    "energy": [
      0.033765,
      0.042574,
      0.035437,
      0.041339,
      0.034779,
      0.038226,
      0.02955,
      0.026686,
      0.036128,
      0.043549,
      0.041992,
      0.061652,
      0.029032
    ],
    "spectral_centroid": [
      3000.77,
      2121.54,
      2217.88,
      1979.14,
      2230.49,
      3288.0,
      2436.74,
      2281.78,
      2099.2,
      2476.46,
      1965.24,
      1842.22,
      1686.07
    ]
  }
}