{
  "id": "07508f73-fe11-40b4-b6fd-f360de04f894",
  "duration": 15.104,
  "pitch": {
    "mean": 434.97,
    "max": 2031.4,
    "std": 328.03,
    "max_mean_ratio": 4.67
  },
  "energy": {
    "mean": 0.052208,
    "max": 0.190933,
    "std": 0.041296,
    "rate_of_change": 0.012189
  },
  "speech_rate": {
    "chars_per_sec": 9.31,
    "words_per_sec": 1.7,
    "segment_count": 7
  },
  "spectral_centroid": {
    "mean": 2134.12
  },
  "timeseries": {
    "frame_sec": 0.5,
    "pitch": [
      273.15,
      222.99,
      106.5,
      139.06,
      402.05,
      241.68,
      323.39,
      323.88,
      485.26,
      394.01,
      471.12,
      341.45,
      196.26,
      96.57,
      87.13,
      471.63,
      456.68,
      574.63,
      139.23,
      181.45,
      540.17,
      312.23,
      544.76,
      797.02,
      1141.88,
      782.8,
      883.37,
      829.5,
      635.39,
      634.69,
      707.2
    ],
    "energy": [
      0.047674,
      0.033045,
      0.019851,
      0.029134,
      0.059527,
      0.015943,
      0.014477,
      0.030889,
      0.080714,
      0.052952,
      0.047303,
      0.049256,
      0.029536,
      0.0157,
      0.017002,
      0.040572,
      0.057321,
      0.046872,
      0.01709,
      0.034727,
      0.082091,
      0.055195,
      0.093462,
      0.073818,
      0.053666,
      0.133199,
      0.122538,
      0.110521,
      0.02537,
      0.024536,
      0.013428
    ],
    "spectral_centroid": [
      1862.59,
      1319.75,
      2476.3,
      2207.75,
      1775.82,
      2566.45,
      2952.76,
      2601.65,
      2074.85,
      2148.59,
      1587.79,
      1890.48,
      2637.96,
      2510.03,
      2160.02,
      1962.34,
      2176.12,
      2032.98,
      2187.1,
      2489.94,
      1907.36,
      2177.53,
      2109.79,
      2157.6,
      2062.5,
      2088.3,
      2117.86,
      2026.43,
      1847.83,
      1800.33,
      2017.88
    ]
  }
}