{
  "id": "075c3142-bc05-4f2e-bf7c-cd5acb6c3522",
  "duration": 6.677,
  "pitch": {
    "mean": 439.58,
    "max": 1635.02,
    "std": 280.95,
    "max_mean_ratio": 3.72
  },
  "energy": {
    "mean": 0.030055,
    "max": 0.045717,
    "std": 0.007493,
    "rate_of_change": 0.004804
  },
  "speech_rate": {
    "chars_per_sec": 3.39,
    "words_per_sec": 0.5,
    "segment_count": 1
  },
  "spectral_centroid": {
    "mean": 1932.11
  },
  "timeseries": {
    "frame_sec": 0.5,
    "pitch": [
      328.59,
      245.83,
      548.2,
      342.09,
      634.24,
      450.8,
      205.93,
      750.54,
      618.7,
      466.37,
      432.55,
      232.52,
      479.9,
      560.23
    ],
    "energy": [
      0.030349,
      0.022819,
      0.030692,
      0.030994,
      0.023908,
      0.033723,
      0.0259,
      0.027713,
      0.040788,
      0.030337,
      0.02817,
      0.01721,
      0.029007,
      0.034803
    ],
    "spectral_centroid": [
      1834.85,
      2165.59,
      1681.51,
      1569.23,
      1878.89,
      1670.43,
      1963.64,
      1953.17,
      2263.84,
      2271.8,
      2052.57,
      1924.98,
      1978.69,
      1672.44
    ]
  }
}