{
  "id": "07c04c12-651d-453e-a6ac-d7904e5de849",
  "duration": 9.195,
  "pitch": {
    "mean": 336.67,
    "max": 1341.49,
    "std": 264.39,
    "max_mean_ratio": 3.98
  },
  "energy": {
    "mean": 0.096269,
    "max": 0.184107,
    "std": 0.028254,
    "rate_of_change": 0.015346
  },
  "speech_rate": {
    "chars_per_sec": 13.83,
    "words_per_sec": 2.72,
    "segment_count": 7
  },
  "spectral_centroid": {
    "mean": 1748.24
  },
  "timeseries": {
    "frame_sec": 0.5,
    "pitch": [
      165.44,
      372.17,
      305.42,
      172.19,
      396.69,
      319.61,
      423.72,
      420.35,
      573.88,
      499.49,
      303.42,
      411.35,
      251.16,
      122.01,
      211.35,
      266.58,
      163.52,
      469.15,
      713.3
    ],
    "energy": [
      0.108708,
      0.089529,
      0.124437,
      0.070304,
      0.075303,
      0.08335,
      0.103292,
      0.091936,
      0.105287,
      0.081187,
      0.081452,
      0.091911,
      0.071597,
      0.065508,
      0.08316,
      0.117328,
      0.094289,
      0.117195,
      0.098923
    ],
    "spectral_centroid": [
      1665.12,
      1583.66,
      1565.98,
      1442.72,
      1511.11,
      1561.69,
      1750.17,
      1467.33,
      1673.48,
      1473.19,
      1618.6,
      1415.89,
      2081.81,
      2193.42,
      2456.98,
      1940.55,
      1981.02,
      2024.31,
      1787.78
    ]
  }
}