{
  "id": "083bed0f-b52b-4e2a-98eb-39aa4fa835a4",
  "duration": 15.893,
  "pitch": {
    "mean": 337.61,
    "max": 2085.97,
    "std": 289.42,
    "max_mean_ratio": 6.18
  },
  "energy": {
    "mean": 0.034066,
    "max": 0.115473,
    "std": 0.019287,
    "rate_of_change": 0.006632
  },
  "speech_rate": {
    "chars_per_sec": 12.41,
    "words_per_sec": 2.52,
    "segment_count": 9
  },
  "spectral_centroid": {
    "mean": 1899.97
  },
  "timeseries": {
    "frame_sec": 0.5,
    "pitch": [
      305.3,
      166.72,
      123.91,
      305.45,
      350.3,
      353.15,
      372.95,
      369.46,
      180.37,
      128.11,
      299.53,
      387.28,
      195.61,
      328.95,
      286.52,
      191.31,
      232.45,
      567.4,
      477.05,
      511.21,
      441.34,
      465.69,
      344.03,
      422.19,
      295.58,
      284.77,
      451.86,
      478.16,
      411.81,
      457.78,
      320.77,
      248.95
    ],
    "energy": [
      0.030854,
      0.018837,
      0.016879,
      0.025477,
      0.033631,
      0.03253,
      0.028673,
      0.030854,
      0.017589,
      0.015731,
      0.030644,
      0.052048,
      0.026779,
      0.03421,
      0.024336,
      0.01998,
      0.023081,
      0.031349,
      0.043806,
      0.044604,
      0.041689,
      0.032514,
      0.028923,
      0.016455,
      0.014771,
      0.015711,
      0.018115,
      0.052492,
      0.059888,
      0.070768,
      0.071145,
      0.034
    ],
    "spectral_centroid": [
      1799.66,
      1972.72,
      2345.71,
      2117.52,
      1914.04,
      1687.43,
      2029.01,
      1887.02,
      1799.61,
      1892.43,
      1834.94,
      1845.54,
      1539.33,
      1832.06,
      1733.28,
      1824.19,
      1948.33,
      2514.39,
      1775.37,
      1520.75,
      1824.89,
      2121.11,
      1936.0,
      2004.47,
      2160.6,
      1865.56,
      1898.09,
      1636.95,
      2022.2,
      1881.88,
      1759.86,
      1823.69
    ]
  }
}