{
  "id": "0843fd6a-4d79-4e75-806a-5ca78c4c59b6",
  "duration": 8.085,
  "pitch": {
    "mean": 439.55,
    "max": 2049.97,
    "std": 406.35,
    "max_mean_ratio": 4.66
  },
  "energy": {
    "mean": 0.058986,
    "max": 0.114102,
    "std": 0.018489,
    "rate_of_change": 0.010958
  },
  "speech_rate": {
    "chars_per_sec": 16.09,
    "words_per_sec": 3.47,
    "segment_count": 2
  },
  "spectral_centroid": {
    "mean": 2014.52
  },
  "timeseries": {
    "frame_sec": 0.5,
    "pitch": [
      291.42,
      399.58,
      433.94,
      472.56,
      516.63,
      335.54,
      380.07,
      349.04,
      434.45,
      649.71,
      473.4,
      407.84,
      234.86,
      241.14,
      997.83,
      556.3,
      158.53
    ],
    "energy": [
      0.055739,
      0.054986,
      0.065974,
      0.038826,
      0.034641,
      0.054607,
      0.04891,
      0.057159,
      0.047322,
      0.075226,
      0.051421,
      0.054469,
      0.060218,
      0.08104,
      0.07411,
      0.051476,
      0.035024
    ],
    "spectral_centroid": [
      2180.65,
      2680.69,
      1655.26,
      1659.0,
      1875.31,
      2448.6,
      2367.14,
      2602.97,
      1613.44,
      1739.08,
      1652.88,
      1787.19,
      1774.7,
      1930.8,
      2301.47,
      1879.6,
      1911.09
    ]
  }
}