{
  "id": "0845ba77-9956-46a8-bb18-b9ef276eac5f",
  "duration": 11.84,
  "pitch": {
    "mean": 443.63,
    "max": 1994.25,
    "std": 376.51,
    "max_mean_ratio": 4.5
  },
  "energy": {
    "mean": 0.063975,
    "max": 0.183083,
    "std": 0.048385,
    "rate_of_change": 0.015178
  },
  "speech_rate": {
    "chars_per_sec": 12.13,
    "words_per_sec": 1.93,
    "segment_count": 4
  },
  "spectral_centroid": {
    "mean": 2059.03
  },
  "timeseries": {
    "frame_sec": 0.5,
    "pitch": [
      334.01,
      588.9,
      577.51,
      582.95,
      172.79,
      231.22,
      253.78,
      368.33,
      269.33,
      605.81,
      721.24,
      314.17,
      536.62,
      525.79,
      492.79,
      277.38,
      449.57,
      504.05,
      461.14,
      558.77,
      316.28,
      408.36,
      697.64,
      208.03
    ],
    "energy": [
      0.083314,
      0.069943,
      0.043008,
      0.082964,
      0.01026,
      0.005086,
      0.004531,
      0.005586,
      0.041628,
      0.083549,
      0.090515,
      0.097306,
      0.10741,
      0.081604,
      0.086868,
      0.00486,
      0.005713,
      0.077415,
      0.073537,
      0.091304,
      0.068677,
      0.090122,
      0.131142,
      0.028616
    ],
    "spectral_centroid": [
      1968.28,
      1798.51,
      2001.78,
      2026.64,
      1967.07,
      2003.53,
      2053.85,
      2219.7,
      2569.97,
      1895.99,
      1745.84,
      2114.37,
      1603.58,
      2126.73,
      2145.53,
      1949.62,
      2433.99,
      2263.24,
      1723.88,
      2137.83,
      2038.89,
      2686.53,
      2081.88,
      1998.86
    ]
  }
}