{
  "id": "0860b9af-81e0-42b3-a9a2-071c545af1c2",
  "duration": 17.003,
  "pitch": {
    "mean": 508.3,
    "max": 1668.67,
    "std": 289.58,
    "max_mean_ratio": 3.28
  },
  "energy": {
    "mean": 0.034257,
    "max": 0.169106,
    "std": 0.030508,
    "rate_of_change": 0.009679
  },
  "speech_rate": {
    "chars_per_sec": 16.08,
    "words_per_sec": 3.08,
    "segment_count": 3
  },
  "spectral_centroid": {
    "mean": 1743.63
  },
  "timeseries": {
    "frame_sec": 0.5,
    "pitch": [
      489.13,
      697.88,
      573.79,
      428.67,
      492.99,
      620.35,
      549.71,
      712.93,
      364.12,
      197.52,
      459.9,
      553.01,
      663.82,
      363.82,
      319.3,
      423.33,
      383.37,
      295.02,
      368.57,
      391.36,
      383.27,
      512.4,
      401.32,
      684.44,
      508.78,
      446.11,
      525.79,
      577.63,
      589.69,
      674.32,
      779.63,
      562.05,
      504.11,
      835.22,
      378.54
    ],
    "energy": [
      0.04169,
      0.007467,
      0.008957,
      0.021237,
      0.022473,
      0.02167,
      0.007813,
      0.017377,
      0.023773,
      0.014696,
      0.019732,
      0.026475,
      0.03205,
      0.021826,
      0.019177,
      0.022831,
      0.012202,
      0.017117,
      0.013721,
      0.010345,
      0.023515,
      0.033744,
      0.027991,
      0.059074,
      0.038572,
      0.043227,
      0.037003,
      0.03801,
      0.086062,
      0.104231,
      0.081441,
      0.055915,
      0.087568,
      0.014033,
      0.001989
    ],
    "spectral_centroid": [
      1932.67,
      1881.65,
      1831.62,
      1725.81,
      1671.35,
      1656.97,
      1593.75,
      1528.69,
      1904.61,
      2254.7,
      1740.09,
      1711.33,
      1529.22,
      1910.82,
      1410.46,
      1720.98,
      1680.66,
      1472.57,
      1966.75,
      1688.05,
      1429.37,
      1528.03,
      1465.29,
      1394.91,
      1907.04,
      2028.42,
      2010.47,
      1795.27,
      1650.68,
      1902.72,
      2000.0,
      1959.49,
      1739.16,
      1604.6,
      2022.36
    ]
  }
}