{
  "id": "08672d28-2441-4e3d-8e69-cc84e1318b12",
  "duration": 3.861,
  "pitch": {
    "mean": 326.22,
    "max": 1144.7,
    "std": 188.39,
    "max_mean_ratio": 3.51
  },
  "energy": {
    "mean": 0.063145,
    "max": 0.281873,
    "std": 0.073982,
    "rate_of_change": 0.071149
  },
  "speech_rate": {
    "chars_per_sec": 18.45,
    "words_per_sec": 3.57,
    "segment_count": 2
  },
  "spectral_centroid": {
    "mean": 1962.27
  },
  "timeseries": {
    "frame_sec": 0.5,
    "pitch": [
      266.17,
      401.19,
      428.18,
      567.18,
      274.35,
      236.09,
      256.06,
      152.05
    ],
    "energy": [
      0.081379,
      0.153236,
      0.063188,
      0.113875,
      0.015956,
      0.013853,
      0.011427,
      0.02809
    ],
    "spectral_centroid": [
      2419.1,
      1672.45,
      1694.71,
      1747.93,
      1960.54,
      1989.8,
      1934.14,
      2361.33
    ]
  }
}