{
  "id": "08b78e72-bac7-4bdb-99bf-6ce0398c7a81",
  "duration": 6.571,
  "pitch": {
    "mean": 347.36,
    "max": 1756.44,
    "std": 222.2,
    "max_mean_ratio": 5.06
  },
  "energy": {
    "mean": 0.081248,
    "max": 0.200345,
    "std": 0.042896,
    "rate_of_change": 0.029075
  },
  "speech_rate": {
    "chars_per_sec": 10.98,
    "words_per_sec": 1.98,
    "segment_count": 1
  },
  "spectral_centroid": {
    "mean": 1724.28
  },
  "timeseries": {
    "frame_sec": 0.5,
    "pitch": [
      360.47,
      336.15,
      271.55,
      368.39,
      287.18,
      281.35,
      335.74,
      237.28,
      304.58,
      454.63,
      429.99,
      503.24,
      492.41,
      394.79
    ],
    "energy": [
      0.093886,
      0.108242,
      0.106239,
      0.099179,
      0.093871,
      0.078645,
      0.059897,
      0.077684,
      0.021533,
      0.02035,
      0.070321,
      0.136668,
      0.043805,
      0.052701
    ],
    "spectral_centroid": [
      1988.05,
      1420.33,
      1864.86,
      1139.18,
      1370.62,
      1417.11,
      1703.69,
      1386.56,
      2158.94,
      2120.03,
      1848.44,
      1946.86,
      2036.18,
      1846.79
    ]
  }
}