{
  "id": "08d933dd-45f9-4008-8ae5-966071cbf3d9",
  "duration": 11.072,
  "pitch": {
    "mean": 410.72,
    "max": 2063.2,
    "std": 288.91,
    "max_mean_ratio": 5.02
  },
  "energy": {
    "mean": 0.052454,
    "max": 0.166876,
    "std": 0.033544,
    "rate_of_change": 0.014702
  },
  "speech_rate": {
    "chars_per_sec": 12.84,
    "words_per_sec": 2.17,
    "segment_count": 3
  },
  "spectral_centroid": {
    "mean": 1871.21
  },
  "timeseries": {
    "frame_sec": 0.5,
    "pitch": [
      479.65,
      493.32,
      408.66,
      480.61,
      365.08,
      638.1,
      700.88,
      134.17,
      115.61,
      116.88,
      106.58,
      535.03,
      536.8,
      587.29,
      495.03,
      483.96,
      466.16,
      389.38,
      401.17,
      571.22,
      156.53,
      366.29,
      451.85
    ],
    "energy": [
      0.059739,
      0.053287,
      0.05789,
      0.062682,
      0.044754,
      0.063656,
      0.005657,
      0.006885,
      0.005521,
      0.006791,
      0.012717,
      0.086161,
      0.068968,
      0.064401,
      0.082838,
      0.063726,
      0.072263,
      0.052548,
      0.064969,
      0.070318,
      0.022348,
      0.070191,
      0.054691
    ],
    "spectral_centroid": [
      1403.44,
      1804.46,
      1750.66,
      1500.48,
      1941.09,
      1579.36,
      2087.42,
      1694.23,
      1683.36,
      1807.42,
      1718.67,
      2392.66,
      2525.1,
      1985.2,
      1761.19,
      1745.14,
      1810.2,
      1793.37,
      2126.82,
      1663.24,
      2372.99,
      2086.7,
      2084.18
    ]
  }
}