{
  "id": "08e5c923-cac0-4cab-9de1-6b2604dd777e",
  "duration": 6.016,
  "pitch": {
    "mean": 509.74,
    "max": 1623.66,
    "std": 247.72,
    "max_mean_ratio": 3.19
  },
  "energy": {
    "mean": 0.028116,
    "max": 0.061373,
    "std": 0.011441,
    "rate_of_change": 0.00888
  },
  "speech_rate": {
    "chars_per_sec": 15.55,
    "words_per_sec": 3.34,
    "segment_count": 1
  },
  "spectral_centroid": {
    "mean": 1704.65
  },
  "timeseries": {
    "frame_sec": 0.5,
    "pitch": [
      509.99,
      648.75,
      519.27,
      582.94,
      369.97,
      671.67,
      360.32,
      556.27,
      586.07,
      480.03,
      338.22,
      471.09,
      260.51
    ],
    "energy": [
      0.022845,
      0.029027,
      0.01612,
      0.03693,
      0.018813,
      0.041566,
      0.022176,
      0.027337,
      0.029068,
      0.031056,
      0.022651,
      0.027044,
      0.003958
    ],
    "spectral_centroid": [
      1705.26,
      1955.93,
      1836.71,
      1621.07,
      1505.2,
      1596.41,
      1810.73,
      1467.72,
      1629.47,
      1691.53,
      1632.87,
      1901.04,
      1921.93
    ]
  }
}