{
  "id": "08f4db78-9d5d-4354-9328-407acb3a4bc5",
  "duration": 14.869,
  "pitch": {
    "mean": 463.44,
    "max": 2071.8,
    "std": 362.12,
    "max_mean_ratio": 4.47
  },
  "energy": {
    "mean": 0.038638,
    "max": 0.153647,
    "std": 0.031801,
    "rate_of_change": 0.009823
  },
  "speech_rate": {
    "chars_per_sec": 17.45,
    "words_per_sec": 3.28,
    "segment_count": 4
  },
  "spectral_centroid": {
    "mean": 1922.68
  },
  "timeseries": {
    "frame_sec": 0.5,
    "pitch": [
      210.16,
      280.72,
      536.54,
      328.74,
      463.36,
      486.01,
      393.68,
      441.43,
      368.45,
      277.76,
      556.17,
      486.06,
      535.34,
      352.92,
      538.82,
      412.5,
      303.02,
      286.13,
      674.4,
      280.5,
      511.31,
      693.88,
      580.6,
      805.03,
      579.33,
      649.72,
      557.11,
      194.1,
      334.38,
      604.99
    ],
    "energy": [
      0.011463,
      0.018261,
      0.018764,
      0.013871,
      0.041907,
      0.034189,
      0.034905,
      0.035907,
      0.020502,
      0.015693,
      0.043391,
      0.027658,
      0.040217,
      0.02313,
      0.038758,
      0.037754,
      0.034068,
      0.019299,
      0.105485,
      0.017685,
      0.061323,
      0.064717,
      0.042426,
      0.062344,
      0.012389,
      0.070757,
      0.056768,
      0.023856,
      0.045496,
      0.036535
    ],
    "spectral_centroid": [
      1825.78,
      1696.02,
      1683.96,
      1760.39,
      1828.96,
      1552.01,
      1855.93,
      1779.52,
      2040.15,
      2581.42,
      1548.03,
      1856.96,
      1874.24,
      2284.36,
      1975.74,
      2142.92,
      1659.8,
      1854.25,
      1841.47,
      2091.24,
      1776.5,
      1990.79,
      2244.93,
      1760.0,
      1815.31,
      2015.36,
      1887.18,
      2414.84,
      2264.71,
      1774.9
    ]
  }
}