{
  "id": "0900687a-eeb4-49bc-b056-e7634d21d39d",
  "duration": 13.525,
  "pitch": {
    "mean": 422.01,
    "max": 1835.03,
    "std": 334.71,
    "max_mean_ratio": 4.35
  },
  "energy": {
    "mean": 0.026011,
    "max": 0.129969,
    "std": 0.022347,
    "rate_of_change": 0.009301
  },
  "speech_rate": {
    "chars_per_sec": 23.42,
    "words_per_sec": 4.41,
    "segment_count": 3
  },
  "spectral_centroid": {
    "mean": 2098.86
  },
  "timeseries": {
    "frame_sec": 0.5,
    "pitch": [
      484.39,
      379.44,
      499.29,
      318.81,
      464.41,
      570.64,
      192.92,
      244.95,
      403.29,
      462.09,
      567.66,
      511.11,
      415.1,
      445.69,
      501.05,
      359.22,
      196.53,
      158.29,
      124.18,
      129.74,
      325.57,
      583.4,
      715.58,
      776.42,
      664.37,
      514.8,
      296.68,
      451.42
    ],
    "energy": [
      0.035556,
      0.024566,
      0.034084,
      0.027959,
      0.031594,
      0.046376,
      0.007543,
      0.010394,
      0.021681,
      0.022738,
      0.017649,
      0.020997,
      0.021071,
      0.017123,
      0.017196,
      0.01043,
      0.00645,
      0.015376,
      0.009132,
      0.011486,
      0.018932,
      0.03399,
      0.068974,
      0.06614,
      0.012634,
      0.030135,
      0.0206,
      0.011716
    ],
    "spectral_centroid": [
      1822.23,
      1892.9,
      2370.49,
      1762.15,
      2017.37,
      1710.7,
      2270.73,
      2248.3,
      2078.63,
      2249.01,
      2482.3,
      1946.93,
      2234.08,
      1880.59,
      1919.66,
      2180.98,
      2466.33,
      1929.6,
      1925.4,
      2153.29,
      2352.21,
      2100.6,
      1659.53,
      1992.34,
      2428.62,
      2070.36,
      2464.45,
      1829.76
    ]
  }
}