{
  "id": "09134c3f-6ea8-41e1-823d-5b271d2c5467",
  "duration": 12.459,
  "pitch": {
    "mean": 374.39,
    "max": 1361.32,
    "std": 207.31,
    "max_mean_ratio": 3.64
  },
  "energy": {
    "mean": 0.156164,
    "max": 0.491099,
    "std": 0.107317,
    "rate_of_change": 0.038593
  },
  "speech_rate": {
    "chars_per_sec": 18.65,
    "words_per_sec": 3.14,
    "segment_count": 4
  },
  "spectral_centroid": {
    "mean": 1819.06
  },
  "timeseries": {
    "frame_sec": 0.5,
    "pitch": [
      358.88,
      318.46,
      222.6,
      332.04,
      399.12,
      484.7,
      604.99,
      471.33,
      213.45,
      262.43,
      460.3,
      569.02,
      449.34,
      336.72,
      376.39,
      259.79,
      106.48,
      123.35,
      429.1,
      348.09,
      399.66,
      405.48,
      428.81,
      503.44,
      374.73
    ],
    "energy": [
      0.11891,
      0.193306,
      0.076321,
      0.105301,
      0.178231,
      0.162867,
      0.285611,
      0.162551,
      0.019833,
      0.059802,
      0.233036,
      0.169104,
      0.186063,
      0.212309,
      0.097048,
      0.056556,
      0.016573,
      0.021932,
      0.158839,
      0.151112,
      0.150189,
      0.282372,
      0.191743,
      0.306723,
      0.148575
    ],
    "spectral_centroid": [
      2203.14,
      1591.11,
      1759.13,
      1960.94,
      1306.77,
      1647.83,
      1615.91,
      2122.97,
      1984.19,
      2145.19,
      1697.72,
      1766.73,
      1694.46,
      1505.22,
      1562.38,
      1988.1,
      2331.37,
      2081.96,
      1788.58,
      2227.43,
      1443.84,
      1686.94,
      1639.65,
      1586.2,
      2158.89
    ]
  }
}