{
  "id": "0933a962-94ef-48b7-8eac-159e3dd3ad1f",
  "duration": 20.16,
  "pitch": {
    "mean": 398.15,
    "max": 2086.42,
    "std": 397.21,
    "max_mean_ratio": 5.24
  },
  "energy": {
    "mean": 0.175547,
    "max": 0.571456,
    "std": 0.155168,
    "rate_of_change": 0.027286
  },
  "speech_rate": {
    "chars_per_sec": 10.81,
    "words_per_sec": 1.99,
    "segment_count": 4
  },
  "spectral_centroid": {
    "mean": 2063.31
  },
  "timeseries": {
    "frame_sec": 0.5,
    "pitch": [
      103.2,
      347.69,
      445.04,
      282.58,
      193.53,
      289.36,
      352.79,
      388.95,
      424.92,
      464.57,
      341.52,
      312.73,
      520.68,
      301.48,
      475.95,
      520.54,
      602.58,
      692.36,
      222.67,
      218.54,
      196.16,
      168.11,
      147.17,
      251.26,
      385.44,
      416.04,
      575.81,
      679.0,
      570.16,
      678.71,
      621.89,
      672.67,
      323.03,
      729.96,
      921.72,
      193.18,
      202.2,
      185.27,
      257.73,
      152.77,
      180.81
    ],
    "energy": [
      0.037656,
      0.049433,
      0.055309,
      0.036815,
      0.041893,
      0.118746,
      0.281265,
      0.247164,
      0.266771,
      0.220059,
      0.220878,
      0.133023,
      0.190559,
      0.287726,
      0.325098,
      0.341836,
      0.283525,
      0.175785,
      0.034991,
      0.050918,
      0.039877,
      0.074462,
      0.064824,
      0.089941,
      0.215849,
      0.060663,
      0.058132,
      0.11778,
      0.334513,
      0.340454,
      0.383247,
      0.381507,
      0.387567,
      0.405102,
      0.223662,
      0.026369,
      0.027662,
      0.031654,
      0.039252,
      0.055432,
      0.052813
    ],
    "spectral_centroid": [
      1918.38,
      1923.35,
      1917.23,
      1739.95,
      1910.69,
      1974.11,
      2264.31,
      2351.33,
      2647.14,
      2065.46,
      1559.14,
      1930.01,
      2358.74,
      2421.46,
      1934.85,
      1895.45,
      1851.48,
      2439.12,
      1972.5,
      1820.4,
      1964.49,
      2106.34,
      2175.88,
      1874.73,
      2368.85,
      2240.72,
      1902.62,
      2293.83,
      1981.27,
      1847.91,
      1954.16,
      2365.4,
      2677.43,
      2012.91,
      2090.36,
      1528.24,
      1597.0,
      1472.24,
      1891.4,
      3065.99,
      2486.99
    ]
  }
}