{
  "id": "09801093-b8c3-4d71-9429-40cefa1e5d90",
  "duration": 8.533,
  "pitch": {
    "mean": 301.64,
    "max": 2086.84,
    "std": 433.45,
    "max_mean_ratio": 6.92
  },
  "energy": {
    "mean": 0.049631,
    "max": 0.108684,
    "std": 0.020237,
    "rate_of_change": 0.011532
  },
  "speech_rate": {
    "chars_per_sec": 3.43,
    "words_per_sec": 1.0,
    "segment_count": 7
  },
  "spectral_centroid": {
    "mean": 2424.08
  },
  "timeseries": {
    "frame_sec": 0.5,
    "pitch": [
      206.7,
      146.24,
      124.6,
      265.94,
      217.69,
      112.66,
      271.27,
      241.87,
      688.62,
      111.99,
      107.82,
      642.71,
      534.38,
      720.43,
      512.51,
      201.16,
      148.74,
      183.51
    ],
    "energy": [
      0.045124,
      0.038961,
      0.044634,
      0.04457,
      0.037353,
      0.027076,
      0.037776,
      0.033731,
      0.044646,
      0.043304,
      0.045054,
      0.056067,
      0.067312,
      0.093493,
      0.07438,
      0.038491,
      0.038465,
      0.021781
    ],
    "spectral_centroid": [
      2808.49,
      2744.02,
      2614.32,
      2163.08,
      2433.23,
      2328.41,
      2601.52,
      2773.82,
      2385.48,
      2557.27,
      2531.06,
      2353.19,
      2249.28,
      2268.91,
      2187.57,
      1983.83,
      2219.46,
      2128.14
    ]
  }
}