{
  "id": "098d7e76-539a-4b2b-83a9-4b7ff9c5a51c",
  "duration": 6.997,
  "pitch": {
    "mean": 364.75,
    "max": 2056.15,
    "std": 356.87,
    "max_mean_ratio": 5.64
  },
  "energy": {
    "mean": 0.117776,
    "max": 0.273667,
    "std": 0.064676,
    "rate_of_change": 0.035591
  },
  "speech_rate": {
    "chars_per_sec": 10.2,
    "words_per_sec": 2.3,
    "segment_count": 4
  },
  "spectral_centroid": {
    "mean": 1948.04
  },
  "timeseries": {
    "frame_sec": 0.5,
    "pitch": [
      120.7,
      325.37,
      518.18,
      382.39,
      413.18,
      353.09,
      399.46,
      98.12,
      352.81,
      569.62,
      702.15,
      99.21,
      162.05,
      461.93
    ],
    "energy": [
      0.070432,
      0.136364,
      0.141008,
      0.104054,
      0.125594,
      0.134287,
      0.12685,
      0.03872,
      0.110631,
      0.165031,
      0.148644,
      0.062866,
      0.068382,
      0.150653
    ],
    "spectral_centroid": [
      1889.48,
      2333.83,
      1747.27,
      2118.01,
      2443.57,
      2175.49,
      1638.86,
      1674.86,
      1720.85,
      1698.12,
      1722.83,
      1574.33,
      2301.72,
      2104.65
    ]
  }
}