{
  "id": "099fa5e3-2c62-4d41-b7b1-e51d16a47a34",
  "duration": 4.843,
  "pitch": {
    "mean": 398.45,
    "max": 983.33,
    "std": 200.52,
    "max_mean_ratio": 2.47
  },
  "energy": {
    "mean": 0.021965,
    "max": 0.084312,
    "std": 0.015843,
    "rate_of_change": 0.016995
  },
  "speech_rate": {
    "chars_per_sec": 17.28,
    "words_per_sec": 3.4,
    "segment_count": 2
  },
  "spectral_centroid": {
    "mean": 1657.22
  },
  "timeseries": {
    "frame_sec": 0.5,
    "pitch": [
      391.3,
      349.91,
      492.53,
      497.36,
      448.85,
      356.13,
      384.44,
      258.81,
      390.45,
      267.18
    ],
    "energy": [
      0.013721,
      0.009415,
      0.020789,
      0.016124,
      0.016421,
      0.036596,
      0.015772,
      0.021011,
      0.037682,
      0.025967
    ],
    "spectral_centroid": [
      1380.66,
      1382.66,
      1707.27,
      1440.75,
      1670.75,
      1765.94,
      1768.89,
      1910.1,
      1801.06,
      1827.33
    ]
  }
}