{
  "id": "09a183d8-0dd5-4d5c-9202-c2a10b5c1a15",
  "duration": 17.109,
  "pitch": {
    "mean": 449.57,
    "max": 2076.96,
    "std": 457.64,
    "max_mean_ratio": 4.62
  },
  "energy": {
    "mean": 0.061333,
    "max": 0.171524,
    "std": 0.030459,
    "rate_of_change": 0.008995
  },
  "speech_rate": {
    "chars_per_sec": 17.03,
    "words_per_sec": 3.35,
    "segment_count": 10
  },
  "spectral_centroid": {
    "mean": 1838.49
  },
  "timeseries": {
    "frame_sec": 0.5,
    "pitch": [
      324.53,
      573.09,
      313.37,
      312.33,
      463.45,
      256.71,
      227.0,
      526.47,
      381.2,
      301.09,
      380.64,
      404.31,
      275.82,
      315.73,
      544.37,
      271.18,
      163.03,
      384.74,
      406.89,
      911.46,
      407.91,
      390.81,
      320.24,
      388.57,
      508.01,
      510.86,
      753.1,
      258.96,
      572.51,
      756.97,
      627.32,
      1055.57,
      227.04,
      668.32,
      1072.84
    ],
    "energy": [
      0.065612,
      0.056914,
      0.036703,
      0.038994,
      0.046468,
      0.045986,
      0.042254,
      0.051141,
      0.048299,
      0.038658,
      0.04661,
      0.047204,
      0.048238,
      0.059816,
      0.031506,
      0.047507,
      0.047458,
      0.072266,
      0.071133,
      0.069351,
      0.059845,
      0.083984,
      0.038093,
      0.062916,
      0.09192,
      0.093229,
      0.063878,
      0.029448,
      0.092563,
      0.09886,
      0.059366,
      0.083544,
      0.057564,
      0.050015,
      0.108399
    ],
    "spectral_centroid": [
      1992.69,
      1940.27,
      2093.79,
      1913.79,
      1568.95,
      2041.77,
      2097.71,
      2223.37,
      1894.13,
      1861.85,
      1882.99,
      1994.33,
      1953.7,
      1700.32,
      1724.68,
      1577.94,
      2209.01,
      1953.18,
      1615.64,
      1564.13,
      1659.26,
      1556.73,
      2115.16,
      1641.93,
      1493.61,
      1800.86,
      2253.25,
      1684.19,
      1690.81,
      1775.36,
      1701.72,
      1840.98,
      1729.73,
      1841.19,
      1786.87
    ]
  }
}