{
  "id": "09a6b621-aa0f-4d8d-9505-15de00e70135",
  "duration": 9.131,
  "pitch": {
    "mean": 398.99,
    "max": 1483.22,
    "std": 224.92,
    "max_mean_ratio": 3.72
  },
  "energy": {
    "mean": 0.033069,
    "max": 0.114012,
    "std": 0.02262,
    "rate_of_change": 0.011829
  },
  "speech_rate": {
    "chars_per_sec": 11.63,
    "words_per_sec": 2.14,
    "segment_count": 2
  },
  "spectral_centroid": {
    "mean": 1880.03
  },
  "timeseries": {
    "frame_sec": 0.5,
    "pitch": [
      217.0,
      392.57,
      542.81,
      241.87,
      371.85,
      343.51,
      421.31,
      432.53,
      426.13,
      365.03,
      356.09,
      376.14,
      382.56,
      413.38,
      420.07,
      740.96,
      384.27,
      308.34,
      485.26
    ],
    "energy": [
      0.018848,
      0.032155,
      0.030331,
      0.019993,
      0.039321,
      0.02337,
      0.042002,
      0.0286,
      0.025488,
      0.017114,
      0.019722,
      0.022476,
      0.032153,
      0.031019,
      0.043967,
      0.092207,
      0.027119,
      0.018678,
      0.043854
    ],
    "spectral_centroid": [
      2396.29,
      1710.3,
      1598.06,
      2166.44,
      1743.58,
      2246.76,
      1560.84,
      1677.88,
      2075.41,
      1929.01,
      1664.83,
      2103.24,
      1528.34,
      1758.33,
      1846.89,
      1627.91,
      1813.84,
      2332.46,
      2056.48
    ]
  }
}