{
  "id": "09b8c1b7-2709-41ba-9a50-b45e9bdf152e",
  "duration": 7.445,
  "pitch": {
    "mean": 527.82,
    "max": 1306.39,
    "std": 240.8,
    "max_mean_ratio": 2.48
  },
  "energy": {
    "mean": 0.043342,
    "max": 0.156136,
    "std": 0.028798,
    "rate_of_change": 0.019786
  },
  "speech_rate": {
    "chars_per_sec": 19.97,
    "words_per_sec": 4.13,
    "segment_count": 2
  },
  "spectral_centroid": {
    "mean": 1737.12
  },
  "timeseries": {
    "frame_sec": 0.5,
    "pitch": [
      485.37,
      397.61,
      440.57,
      370.2,
      505.29,
      292.13,
      513.75,
      563.08,
      495.81,
      527.47,
      460.35,
      626.99,
      710.94,
      868.05,
      721.88
    ],
    "energy": [
      0.029917,
      0.018003,
      0.030693,
      0.026619,
      0.033564,
      0.023984,
      0.026941,
      0.035905,
      0.047187,
      0.057379,
      0.032582,
      0.077781,
      0.093473,
      0.042477,
      0.046872
    ],
    "spectral_centroid": [
      1962.96,
      1757.89,
      2139.73,
      1447.59,
      1605.08,
      2327.24,
      1830.88,
      1451.21,
      1336.35,
      1376.36,
      1642.62,
      1638.8,
      1666.97,
      1926.19,
      2034.82
    ]
  }
}