{
  "id": "0a08f7b6-ff85-4e87-802b-096daca5c3f7",
  "duration": 15.893,
  "pitch": {
    "mean": 315.86,
    "max": 2041.86,
    "std": 243.68,
    "max_mean_ratio": 6.46
  },
  "energy": {
    "mean": 0.096494,
    "max": 0.259128,
    "std": 0.068695,
    "rate_of_change": 0.015842
  },
  "speech_rate": {
    "chars_per_sec": 10.91,
    "words_per_sec": 2.01,
    "segment_count": 6
  },
  "spectral_centroid": {
    "mean": 1814.42
  },
  "timeseries": {
    "frame_sec": 0.5,
    "pitch": [
      330.35,
      332.66,
      226.58,
      278.44,
      416.64,
      379.9,
      285.74,
      380.01,
      251.79,
      129.25,
      137.21,
      319.51,
      359.39,
      443.69,
      330.68,
      506.03,
      330.17,
      563.88,
      455.67,
      640.64,
      291.56,
      308.09,
      453.95,
      267.89,
      115.81,
      118.89,
      131.31,
      234.77,
      330.93,
      311.13,
      232.92,
      286.58
    ],
    "energy": [
      0.066307,
      0.080622,
      0.072856,
      0.094276,
      0.149653,
      0.059281,
      0.119636,
      0.114119,
      0.020663,
      0.025674,
      0.04847,
      0.095591,
      0.128389,
      0.033719,
      0.107221,
      0.152444,
      0.190688,
      0.135436,
      0.19391,
      0.226838,
      0.034051,
      0.170772,
      0.131765,
      0.169324,
      0.021578,
      0.022987,
      0.032379,
      0.033357,
      0.046501,
      0.036545,
      0.077789,
      0.026598
    ],
    "spectral_centroid": [
      1834.29,
      2051.8,
      1911.81,
      1600.88,
      1308.93,
      1792.15,
      1646.84,
      1278.56,
      1714.82,
      1803.35,
      1793.83,
      1378.12,
      1552.39,
      1858.97,
      1634.04,
      2357.97,
      2476.98,
      2473.18,
      1734.99,
      1356.76,
      1802.36,
      1477.43,
      1696.81,
      2657.14,
      983.74,
      1871.73,
      2451.88,
      2013.15,
      1849.21,
      1953.19,
      1755.61,
      1824.29
    ]
  }
}