{
  "id": "0a097b7d-8b1a-44bd-bf45-656ee4a9ff1e",
  "duration": 10.411,
  "pitch": {
    "mean": 398.37,
    "max": 2079.82,
    "std": 304.62,
    "max_mean_ratio": 5.22
  },
  "energy": {
    "mean": 0.047189,
    "max": 0.151888,
    "std": 0.033586,
    "rate_of_change": 0.013894
  },
  "speech_rate": {
    "chars_per_sec": 2.22,
    "words_per_sec": 0.39,
    "segment_count": 1
  },
  "spectral_centroid": {
    "mean": 2068.86
  },
  "timeseries": {
    "frame_sec": 0.5,
    "pitch": [
      212.01,
      232.36,
      725.48,
      548.55,
      704.65,
      233.77,
      421.99,
      402.92,
      461.22,
      314.76,
      477.17,
      391.48,
      406.51,
      307.89,
      307.09,
      291.83,
      300.74,
      365.84,
      589.27,
      376.89,
      292.68
    ],
    "energy": [
      0.0113,
      0.009797,
      0.009219,
      0.048409,
      0.026031,
      0.029709,
      0.087716,
      0.099211,
      0.072169,
      0.043039,
      0.063733,
      0.047662,
      0.030656,
      0.031228,
      0.036103,
      0.026471,
      0.029797,
      0.044142,
      0.068711,
      0.078951,
      0.049186
    ],
    "spectral_centroid": [
      1970.21,
      1823.65,
      1819.08,
      1695.91,
      1877.33,
      1899.77,
      1862.3,
      1875.68,
      2520.88,
      2279.54,
      1891.9,
      2148.97,
      1750.8,
      1695.06,
      2549.75,
      2190.5,
      2517.54,
      1961.55,
      2393.94,
      2029.39,
      2663.63
    ]
  }
}