{
  "id": "0a3202fd-f345-4599-83f6-2241fcd4369d",
  "duration": 8.832,
  "pitch": {
    "mean": 261.88,
    "max": 847.07,
    "std": 203.0,
    "max_mean_ratio": 3.23
  },
  "energy": {
    "mean": 0.040755,
    "max": 0.113675,
    "std": 0.025797,
    "rate_of_change": 0.011628
  },
  "speech_rate": {
    "chars_per_sec": 7.57,
    "words_per_sec": 1.3,
    "segment_count": 4
  },
  "spectral_centroid": {
    "mean": 1872.47
  },
  "timeseries": {
    "frame_sec": 0.5,
    "pitch": [
      175.13,
      325.88,
      253.26,
      280.29,
      112.32,
      119.08,
      136.11,
      136.6,
      161.06,
      253.89,
      354.69,
      370.48,
      111.18,
      361.56,
      515.64,
      309.91,
      589.17,
      258.67
    ],
    "energy": [
      0.030511,
      0.037774,
      0.041325,
      0.03367,
      0.014885,
      0.027567,
      0.022963,
      0.02092,
      0.01894,
      0.04394,
      0.044676,
      0.05744,
      0.015156,
      0.036661,
      0.069189,
      0.06544,
      0.090674,
      0.027219
    ],
    "spectral_centroid": [
      1768.37,
      2124.1,
      1857.21,
      2180.02,
      2361.67,
      1868.71,
      1956.22,
      1786.01,
      1797.75,
      1975.35,
      1650.01,
      1621.6,
      1423.03,
      1857.21,
      1606.07,
      1948.17,
      1961.83,
      1921.28
    ]
  }
}