{
  "id": "0a708fe6-708c-4bbf-a47b-f7d063338140",
  "duration": 12.267,
  "pitch": {
    "mean": 452.59,
    "max": 1963.48,
    "std": 286.85,
    "max_mean_ratio": 4.34
  },
  "energy": {
    "mean": 0.029435,
    "max": 0.213119,
    "std": 0.033808,
    "rate_of_change": 0.017077
  },
  "speech_rate": {
    "chars_per_sec": 20.29,
    "words_per_sec": 4.2,
    "segment_count": 6
  },
  "spectral_centroid": {
    "mean": 1971.77
  },
  "timeseries": {
    "frame_sec": 0.5,
    "pitch": [
      409.82,
      588.07,
      545.09,
      516.3,
      382.23,
      201.77,
      567.76,
      304.1,
      412.68,
      293.51,
      542.61,
      496.43,
      440.2,
      470.37,
      410.8,
      491.28,
      413.19,
      492.88,
      286.33,
      653.16,
      303.76,
      443.67,
      948.84,
      149.73,
      488.69
    ],
    "energy": [
      0.009249,
      0.026807,
      0.021903,
      0.021558,
      0.016793,
      0.01489,
      0.035757,
      0.015817,
      0.017254,
      0.011026,
      0.03792,
      0.02224,
      0.032417,
      0.016145,
      0.022277,
      0.016904,
      0.020964,
      0.034357,
      0.015806,
      0.037701,
      0.018941,
      0.021632,
      0.169791,
      0.006062,
      0.031057
    ],
    "spectral_centroid": [
      2383.76,
      1792.09,
      1896.34,
      1704.17,
      1622.98,
      1878.41,
      2496.72,
      2049.97,
      1953.94,
      1898.85,
      1724.99,
      2354.91,
      2103.05,
      1581.83,
      1736.09,
      1497.01,
      2111.83,
      1950.59,
      2818.36,
      1644.43,
      1923.74,
      1968.25,
      1552.45,
      2383.12,
      2611.56
    ]
  }
}