{
  "id": "0a929316-ff00-4d32-8331-7ed954fe26af",
  "duration": 12.245,
  "pitch": {
    "mean": 384.49,
    "max": 2075.97,
    "std": 284.25,
    "max_mean_ratio": 5.4
  },
  "energy": {
    "mean": 0.023521,
    "max": 0.081807,
    "std": 0.016507,
    "rate_of_change": 0.006418
  },
  "speech_rate": {
    "chars_per_sec": 14.79,
    "words_per_sec": 2.89,
    "segment_count": 3
  },
  "spectral_centroid": {
    "mean": 2001.03
  },
  "timeseries": {
    "frame_sec": 0.5,
    "pitch": [
      475.53,
      399.8,
      347.43,
      344.52,
      345.0,
      346.74,
      348.43,
      599.61,
      444.56,
      431.8,
      506.31,
      219.43,
      377.77,
      303.45,
      285.31,
      329.43,
      137.2,
      383.85,
      320.44,
      251.74,
      360.13,
      481.25,
      415.25,
      434.13,
      695.43
    ],
    "energy": [
      0.026538,
      0.026421,
      0.032567,
      0.017557,
      0.026439,
      0.033021,
      0.029765,
      0.048701,
      0.033358,
      0.029009,
      0.031617,
      0.009842,
      0.011726,
      0.014162,
      0.011762,
      0.010801,
      0.010607,
      0.007331,
      0.008639,
      0.010854,
      0.017409,
      0.033247,
      0.025539,
      0.02928,
      0.027215
    ],
    "spectral_centroid": [
      2024.59,
      1590.47,
      1838.8,
      1968.29,
      2124.0,
      1860.52,
      2262.51,
      1772.72,
      1938.48,
      2030.27,
      2120.16,
      2503.93,
      2184.18,
      1985.44,
      1747.19,
      2162.16,
      1730.38,
      2036.48,
      2154.6,
      2244.41,
      2115.8,
      1897.27,
      2029.87,
      1760.43,
      1798.35
    ]
  }
}