{
  "id": "0aafe8a5-6db0-4530-b699-787c62e75bc4",
  "duration": 10.155,
  "pitch": {
    "mean": 486.81,
    "max": 1507.44,
    "std": 260.71,
    "max_mean_ratio": 3.1
  },
  "energy": {
    "mean": 0.023534,
    "max": 0.077225,
    "std": 0.011934,
    "rate_of_change": 0.006771
  },
  "speech_rate": {
    "chars_per_sec": 22.17,
    "words_per_sec": 3.94,
    "segment_count": 5
  },
  "spectral_centroid": {
    "mean": 1697.72
  },
  "timeseries": {
    "frame_sec": 0.5,
    "pitch": [
      548.84,
      471.47,
      397.75,
      504.24,
      496.96,
      341.25,
      525.82,
      524.18,
      495.08,
      692.29,
      404.07,
      385.07,
      341.75,
      465.34,
      655.37,
      645.33,
      586.79,
      399.73,
      500.0,
      358.01,
      813.28
    ],
    "energy": [
      0.02628,
      0.015812,
      0.020953,
      0.01758,
      0.015263,
      0.009893,
      0.016515,
      0.01892,
      0.022542,
      0.026983,
      0.018464,
      0.021918,
      0.016702,
      0.02437,
      0.020424,
      0.021693,
      0.024474,
      0.023066,
      0.043213,
      0.030078,
      0.056635
    ],
    "spectral_centroid": [
      1696.73,
      1661.0,
      1908.58,
      1936.38,
      1595.64,
      1716.96,
      1914.69,
      1569.11,
      1481.39,
      1590.19,
      1622.54,
      1507.05,
      1582.58,
      1420.93,
      1545.16,
      1718.21,
      1548.2,
      2295.62,
      1784.89,
      1880.82,
      1408.0
    ]
  }
}