{
  "id": "0adc2996-1cd6-4ca8-be6c-67a5a838aa75",
  "duration": 6.549,
  "pitch": {
    "mean": 174.56,
    "max": 1053.25,
    "std": 163.21,
    "max_mean_ratio": 6.03
  },
  "energy": {
    "mean": 0.017708,
    "max": 0.032125,
    "std": 0.006569,
    "rate_of_change": 0.004223
  },
  "speech_rate": {
    "chars_per_sec": 1.37,
    "words_per_sec": 0.23,
    "segment_count": 1
  },
  "spectral_centroid": {
    "mean": 2187.59
  },
  "timeseries": {
    "frame_sec": 0.5,
    "pitch": [
      112.34,
      132.29,
      155.47,
      157.04,
      171.61,
      157.94,
      126.3,
      188.18,
      134.36,
      277.04,
      284.3,
      140.47,
      204.86,
      232.03
    ],
    "energy": [
      0.019434,
      0.016457,
      0.014265,
      0.009617,
      0.01106,
      0.012477,
      0.01856,
      0.021374,
      0.018912,
      0.015127,
      0.019515,
      0.026852,
      0.018298,
      0.008586
    ],
    "spectral_centroid": [
      2119.36,
      1947.05,
      2136.6,
      2327.79,
      2290.84,
      2059.66,
      2469.46,
      2297.87,
      2077.94,
      2068.77,
      2200.31,
      2526.91,
      1923.8,
      1602.15
    ]
  }
}