{
  "id": "0b0ea1b4-3c7f-4f63-9e7d-dde1d11a37ce",
  "duration": 10.709,
  "pitch": {
    "mean": 513.48,
    "max": 2086.08,
    "std": 407.81,
    "max_mean_ratio": 4.06
  },
  "energy": {
    "mean": 0.098579,
    "max": 0.190136,
    "std": 0.060436,
    "rate_of_change": 0.016899
  },
  "speech_rate": {
    "chars_per_sec": 6.7,
    "words_per_sec": 1.3,
    "segment_count": 5
  },
  "spectral_centroid": {
    "mean": 2015.27
  },
  "timeseries": {
    "frame_sec": 0.5,
    "pitch": [
      489.44,
      756.96,
      445.01,
      272.26,
      117.09,
      287.27,
      241.71,
      238.81,
      173.68,
      482.64,
      406.61,
      311.53,
      436.09,
      351.84,
      414.5,
      773.02,
      778.29,
      652.16,
      967.14,
      972.58,
      1051.39,
      1051.02
    ],
    "energy": [
      0.115065,
      0.129438,
      0.064306,
      0.019651,
      0.009525,
      0.062678,
      0.077226,
      0.026516,
      0.020146,
      0.083799,
      0.069866,
      0.111619,
      0.124235,
      0.082176,
      0.123305,
      0.159332,
      0.106176,
      0.133735,
      0.151085,
      0.15151,
      0.15195,
      0.116481
    ],
    "spectral_centroid": [
      1603.72,
      1675.6,
      1821.95,
      2130.23,
      2339.74,
      1633.64,
      1460.51,
      1949.27,
      2200.09,
      1865.97,
      2025.6,
      2378.94,
      1276.24,
      1913.68,
      2080.78,
      2148.17,
      1989.25,
      2355.77,
      2315.16,
      2557.27,
      2492.03,
      2284.01
    ]
  }
}