{
  "id": "0b4aea5d-4e78-4fea-9c45-5828a3826be7",
  "duration": 10.176,
  "pitch": {
    "mean": 398.6,
    "max": 2041.5,
    "std": 336.41,
    "max_mean_ratio": 5.12
  },
  "energy": {
    "mean": 0.041166,
    "max": 0.116752,
    "std": 0.023697,
    "rate_of_change": 0.011063
  },
  "speech_rate": {
    "chars_per_sec": 12.77,
    "words_per_sec": 2.3,
    "segment_count": 3
  },
  "spectral_centroid": {
    "mean": 2081.51
  },
  "timeseries": {
    "frame_sec": 0.5,
    "pitch": [
      365.61,
      136.13,
      244.15,
      398.46,
      422.47,
      511.8,
      352.1,
      603.87,
      341.43,
      230.82,
      337.59,
      359.95,
      260.08,
      244.81,
      365.6,
      722.48,
      411.94,
      503.99,
      352.37,
      440.91,
      211.93
    ],
    "energy": [
      0.029533,
      0.019379,
      0.020624,
      0.039316,
      0.052611,
      0.07287,
      0.022272,
      0.028263,
      0.049409,
      0.030204,
      0.031005,
      0.047894,
      0.02246,
      0.0315,
      0.057055,
      0.064605,
      0.049338,
      0.04544,
      0.054978,
      0.033589,
      0.005474
    ],
    "spectral_centroid": [
      2301.31,
      2066.78,
      2139.92,
      1847.02,
      1881.22,
      1901.18,
      1909.54,
      1980.17,
      2342.81,
      2304.35,
      1927.65,
      2133.71,
      1773.57,
      1881.94,
      2190.66,
      2538.84,
      2383.55,
      2105.69,
      2012.94,
      1952.67,
      2196.4
    ]
  }
}