{
  "id": "0b748f69-80ba-4d36-93a5-7debd4e42dfc",
  "duration": 17.365,
  "pitch": {
    "mean": 673.17,
    "max": 2035.9,
    "std": 366.42,
    "max_mean_ratio": 3.02
  },
  "energy": {
    "mean": 0.061574,
    "max": 0.22195,
    "std": 0.043765,
    "rate_of_change": 0.012217
  },
  "speech_rate": {
    "chars_per_sec": 15.76,
    "words_per_sec": 3.37,
    "segment_count": 3
  },
  "spectral_centroid": {
    "mean": 1809.85
  },
  "timeseries": {
    "frame_sec": 0.5,
    "pitch": [
      467.04,
      641.66,
      693.6,
      657.44,
      503.24,
      925.76,
      575.59,
      857.1,
      911.72,
      553.48,
      1324.16,
      649.15,
      953.38,
      588.23,
      446.22,
      453.59,
      437.01,
      595.14,
      506.52,
      540.01,
      626.15,
      976.66,
      913.99,
      753.94,
      558.53,
      772.48,
      691.76,
      577.48,
      533.6,
      495.16,
      699.44,
      566.79,
      748.51,
      560.72,
      636.71
    ],
    "energy": [
      0.027732,
      0.031234,
      0.029559,
      0.023245,
      0.033369,
      0.058461,
      0.04279,
      0.044197,
      0.077349,
      0.04961,
      0.06702,
      0.032794,
      0.059714,
      0.014544,
      0.033664,
      0.037979,
      0.043322,
      0.028527,
      0.040861,
      0.053658,
      0.10055,
      0.170727,
      0.134558,
      0.111285,
      0.06006,
      0.059276,
      0.077723,
      0.038779,
      0.067876,
      0.056135,
      0.06774,
      0.059197,
      0.082077,
      0.059842,
      0.078568
    ],
    "spectral_centroid": [
      1740.51,
      1911.19,
      1992.11,
      1726.36,
      1768.05,
      1848.78,
      2239.88,
      1619.81,
      1815.35,
      2273.84,
      1859.79,
      1716.02,
      2034.17,
      1629.83,
      1646.9,
      1424.45,
      1621.6,
      1733.79,
      1704.5,
      1491.91,
      1644.0,
      1768.6,
      1701.45,
      1714.85,
      1805.24,
      1846.48,
      1946.75,
      2742.96,
      1936.47,
      1853.79,
      1786.13,
      1878.57,
      1718.99,
      1506.63,
      1708.91
    ]
  }
}