{
  "id": "0bb302db-2911-4dd0-ae92-f097177b76b3",
  "duration": 6.293,
  "pitch": {
    "mean": 498.68,
    "max": 1892.71,
    "std": 312.01,
    "max_mean_ratio": 3.8
  },
  "energy": {
    "mean": 0.070826,
    "max": 0.155497,
    "std": 0.036011,
    "rate_of_change": 0.022259
  },
  "speech_rate": {
    "chars_per_sec": 20.38,
    "words_per_sec": 4.3,
    "segment_count": 2
  },
  "spectral_centroid": {
    "mean": 1816.8
  },
  "timeseries": {
    "frame_sec": 0.5,
    "pitch": [
      429.4,
      338.62,
      475.04,
      460.01,
      379.31,
      405.02,
      551.34,
      688.45,
      530.98,
      508.65,
      654.55,
      390.06,
      500.5
    ],
    "energy": [
      0.061651,
      0.075118,
      0.068619,
      0.06349,
      0.041899,
      0.065406,
      0.058815,
      0.074933,
      0.061306,
      0.077061,
      0.059367,
      0.079678,
      0.083339
    ],
    "spectral_centroid": [
      1603.0,
      1881.19,
      1623.98,
      2078.72,
      1473.76,
      1830.75,
      1835.9,
      1672.18,
      1840.32,
      1623.06,
      1921.82,
      2242.46,
      2153.18
    ]
  }
}