{
  "id": "0bfa2651-6201-4c05-b0be-a532fc297daa",
  "duration": 8.768,
  "pitch": {
    "mean": 508.68,
    "max": 1911.36,
    "std": 329.69,
    "max_mean_ratio": 3.76
  },
  "energy": {
    "mean": 0.02614,
    "max": 0.134572,
    "std": 0.019442,
    "rate_of_change": 0.015041
  },
  "speech_rate": {
    "chars_per_sec": 22.52,
    "words_per_sec": 4.21,
    "segment_count": 2
  },
  "spectral_centroid": {
    "mean": 1991.04
  },
  "timeseries": {
    "frame_sec": 0.5,
    "pitch": [
      366.39,
      608.55,
      542.07,
      366.96,
      721.0,
      690.67,
      471.87,
      329.33,
      422.33,
      443.91,
      427.84,
      592.03,
      692.83,
      373.91,
      531.67,
      694.96,
      218.5,
      292.24
    ],
    "energy": [
      0.02039,
      0.02687,
      0.026869,
      0.030985,
      0.051623,
      0.041388,
      0.020235,
      0.020387,
      0.026996,
      0.023511,
      0.023443,
      0.034564,
      0.02111,
      0.017555,
      0.019457,
      0.019865,
      0.009849,
      0.008923
    ],
    "spectral_centroid": [
      1677.54,
      2113.12,
      1881.86,
      1653.5,
      2514.32,
      1700.97,
      2146.16,
      2057.3,
      1569.49,
      1897.57,
      1719.41,
      1315.91,
      2135.99,
      2243.03,
      2218.27,
      1853.47,
      2654.81,
      2714.64
    ]
  }
}