{
  "id": "0c19ac41-30d4-4c95-b8dd-467da8939122",
  "duration": 7.531,
  "pitch": {
    "mean": 451.06,
    "max": 1961.56,
    "std": 358.86,
    "max_mean_ratio": 4.35
  },
  "energy": {
    "mean": 0.034198,
    "max": 0.141291,
    "std": 0.027106,
    "rate_of_change": 0.017736
  },
  "speech_rate": {
    "chars_per_sec": 20.31,
    "words_per_sec": 3.75,
    "segment_count": 2
  },
  "spectral_centroid": {
    "mean": 1849.56
  },
  "timeseries": {
    "frame_sec": 0.5,
    "pitch": [
      394.1,
      498.81,
      412.46,
      423.88,
      241.22,
      221.31,
      519.9,
      457.15,
      360.78,
      488.25,
      598.0,
      448.93,
      663.12,
      553.46,
      496.48,
      420.61
    ],
    "energy": [
      0.023999,
      0.026784,
      0.013266,
      0.037276,
      0.013801,
      0.017491,
      0.032237,
      0.030428,
      0.035345,
      0.033349,
      0.0581,
      0.027061,
      0.045516,
      0.039807,
      0.051027,
      0.02117
    ],
    "spectral_centroid": [
      1644.03,
      1690.53,
      2066.62,
      1946.9,
      1767.56,
      1816.91,
      1719.35,
      1864.67,
      2046.22,
      2015.37,
      1597.21,
      1815.54,
      1883.36,
      2021.95,
      1848.35,
      1862.59
    ]
  }
}