{
  "id": "0c349877-4a13-468f-9e40-abf46221cb26",
  "duration": 12.565,
  "pitch": {
    "mean": 376.92,
    "max": 2052.03,
    "std": 311.6,
    "max_mean_ratio": 5.44
  },
  "energy": {
    "mean": 0.048197,
    "max": 0.159777,
    "std": 0.032794,
    "rate_of_change": 0.011575
  },
  "speech_rate": {
    "chars_per_sec": 8.68,
    "words_per_sec": 1.75,
    "segment_count": 5
  },
  "spectral_centroid": {
    "mean": 1969.37
  },
  "timeseries": {
    "frame_sec": 0.5,
    "pitch": [
      256.01,
      396.81,
      388.96,
      423.81,
      648.75,
      275.09,
      364.02,
      217.47,
      229.8,
      207.45,
      685.11,
      222.43,
      357.97,
      288.57,
      751.94,
      357.71,
      407.9,
      293.85,
      309.91,
      354.82,
      128.22,
      541.39,
      188.58,
      657.16,
      358.02,
      411.06
    ],
    "energy": [
      0.048795,
      0.052093,
      0.043725,
      0.034247,
      0.036003,
      0.031611,
      0.045174,
      0.020122,
      0.022017,
      0.028437,
      0.083262,
      0.046185,
      0.070789,
      0.046434,
      0.122836,
      0.024023,
      0.020172,
      0.018746,
      0.074153,
      0.051767,
      0.028097,
      0.020442,
      0.030902,
      0.05906,
      0.086117,
      0.090848
    ],
    "spectral_centroid": [
      1937.79,
      2078.76,
      1709.27,
      1852.24,
      1840.79,
      2225.78,
      1778.55,
      2344.97,
      1885.99,
      2147.15,
      1859.04,
      2056.39,
      1906.53,
      2594.04,
      1746.35,
      1697.46,
      1849.48,
      1893.77,
      1753.52,
      1834.99,
      2192.57,
      1960.26,
      2114.03,
      1998.17,
      1860.51,
      2385.98
    ]
  }
}