{
  "id": "0c4162b3-e4d8-42f2-bd0e-b6f4849fde81",
  "duration": 10.944,
  "pitch": {
    "mean": 390.35,
    "max": 2040.82,
    "std": 380.89,
    "max_mean_ratio": 5.23
  },
  "energy": {
    "mean": 0.119609,
    "max": 0.347024,
    "std": 0.081741,
    "rate_of_change": 0.03023
  },
  "speech_rate": {
    "chars_per_sec": 19.22,
    "words_per_sec": 4.0,
    "segment_count": 6
  },
  "spectral_centroid": {
    "mean": 2049.91
  },
  "timeseries": {
    "frame_sec": 0.5,
    "pitch": [
      180.97,
      132.19,
      257.08,
      385.78,
      318.12,
      844.81,
      632.39,
      511.11,
      295.17,
      417.94,
      670.38,
      210.39,
      309.53,
      260.36,
      427.67,
      235.29,
      422.63,
      1111.95,
      451.34,
      121.91,
      331.12,
      124.09
    ],
    "energy": [
      0.029048,
      0.028239,
      0.055055,
      0.096946,
      0.128463,
      0.292844,
      0.165996,
      0.160304,
      0.095575,
      0.135204,
      0.114981,
      0.047581,
      0.143666,
      0.132279,
      0.136941,
      0.081314,
      0.118925,
      0.207838,
      0.140132,
      0.065605,
      0.101627,
      0.027221
    ],
    "spectral_centroid": [
      1959.18,
      1864.4,
      2225.16,
      2462.22,
      2202.73,
      2091.21,
      2069.7,
      2285.15,
      1673.81,
      2405.78,
      1989.53,
      2245.9,
      1941.15,
      2399.58,
      1603.21,
      1815.54,
      1837.9,
      2211.7,
      2070.75,
      1703.72,
      1827.83,
      2102.85
    ]
  }
}