{
  "id": "0c8301c8-bbc3-4938-b0fa-f4cfa87445d0",
  "duration": 10.091,
  "pitch": {
    "mean": 487.25,
    "max": 1845.5,
    "std": 304.04,
    "max_mean_ratio": 3.79
  },
  "energy": {
    "mean": 0.098502,
    "max": 0.299946,
    "std": 0.072753,
    "rate_of_change": 0.029042
  },
  "speech_rate": {
    "chars_per_sec": 13.11,
    "words_per_sec": 2.43,
    "segment_count": 7
  },
  "spectral_centroid": {
    "mean": 2321.56
  },
  "timeseries": {
    "frame_sec": 0.5,
    "pitch": [
      489.13,
      322.1,
      321.18,
      568.55,
      436.7,
      443.21,
      611.86,
      169.84,
      575.61,
      712.53,
      447.87,
      476.4,
      509.12,
      635.51,
      405.32,
      229.41,
      222.11,
      887.55,
      558.85,
      558.89,
      777.68
    ],
    "energy": [
      0.030229,
      0.025624,
      0.06493,
      0.128947,
      0.066664,
      0.117112,
      0.085664,
      0.01448,
      0.147729,
      0.149986,
      0.101165,
      0.1295,
      0.075448,
      0.130802,
      0.079582,
      0.018763,
      0.054488,
      0.18707,
      0.109235,
      0.138321,
      0.211015
    ],
    "spectral_centroid": [
      2740.14,
      2712.9,
      2490.41,
      2017.09,
      2113.75,
      2557.25,
      1928.81,
      1702.14,
      2214.65,
      1955.18,
      2096.59,
      2382.12,
      2868.11,
      2068.02,
      2428.95,
      2955.71,
      2302.05,
      1977.66,
      2211.6,
      2483.98,
      2608.32
    ]
  }
}