{
  "id": "0ce2c8f8-3eb4-4417-8642-d59ca9d6b4ef",
  "duration": 7.595,
  "pitch": {
    "mean": 342.21,
    "max": 1555.49,
    "std": 202.76,
    "max_mean_ratio": 4.55
  },
  "energy": {
    "mean": 0.115829,
    "max": 0.593342,
    "std": 0.114894,
    "rate_of_change": 0.076969
  },
  "speech_rate": {
    "chars_per_sec": 12.5,
    "words_per_sec": 2.27,
    "segment_count": 5
  },
  "spectral_centroid": {
    "mean": 1899.42
  },
  "timeseries": {
    "frame_sec": 0.5,
    "pitch": [
      323.28,
      302.9,
      405.13,
      317.49,
      179.79,
      240.8,
      445.21,
      538.43,
      294.8,
      398.19,
      372.33,
      396.74,
      525.87,
      145.01,
      369.37,
      681.9
    ],
    "energy": [
      0.141071,
      0.113209,
      0.229781,
      0.016586,
      0.028069,
      0.083794,
      0.226809,
      0.064422,
      0.057114,
      0.048279,
      0.076846,
      0.1044,
      0.106137,
      0.020803,
      0.268832,
      0.387097
    ],
    "spectral_centroid": [
      2064.3,
      1913.61,
      1439.36,
      1977.73,
      1805.9,
      2486.9,
      1485.77,
      1981.56,
      2324.89,
      1792.86,
      1533.25,
      1707.57,
      1772.3,
      2227.31,
      1868.66,
      1730.63
    ]
  }
}