{
  "id": "0cf94d8f-75fd-4cba-af5f-2ceb167f83d2",
  "duration": 11.883,
  "pitch": {
    "mean": 373.99,
    "max": 1792.38,
    "std": 299.51,
    "max_mean_ratio": 4.79
  },
  "energy": {
    "mean": 0.046131,
    "max": 0.121801,
    "std": 0.020707,
    "rate_of_change": 0.00871
  },
  "speech_rate": {
    "chars_per_sec": 10.62,
    "words_per_sec": 2.08,
    "segment_count": 12
  },
  "spectral_centroid": {
    "mean": 1934.02
  },
  "timeseries": {
    "frame_sec": 0.5,
    "pitch": [
      208.95,
      488.82,
      237.51,
      408.31,
      556.08,
      484.83,
      389.3,
      426.53,
      410.24,
      632.79,
      287.7,
      523.68,
      330.72,
      343.96,
      358.58,
      161.55,
      199.44,
      142.57,
      474.64,
      446.51,
      530.35,
      519.38,
      233.14,
      364.19
    ],
    "energy": [
      0.054288,
      0.028093,
      0.026801,
      0.025169,
      0.043527,
      0.029705,
      0.034578,
      0.039872,
      0.066694,
      0.057743,
      0.036516,
      0.025769,
      0.025916,
      0.051167,
      0.043803,
      0.03268,
      0.038152,
      0.043054,
      0.066366,
      0.070806,
      0.093973,
      0.040523,
      0.04433,
      0.040692
    ],
    "spectral_centroid": [
      2015.24,
      2107.69,
      2016.03,
      2002.68,
      2193.33,
      1964.57,
      1723.55,
      2007.21,
      2089.97,
      2014.14,
      1978.88,
      2027.59,
      1532.39,
      1883.24,
      1520.94,
      1400.97,
      1693.37,
      2402.89,
      1824.3,
      2319.95,
      1834.53,
      2110.67,
      2051.91,
      1619.65
    ]
  }
}