{
  "id": "0d0f04b6-effd-4352-8b6c-00364078ed4c",
  "duration": 10.645,
  "pitch": {
    "mean": 507.5,
    "max": 2086.98,
    "std": 576.27,
    "max_mean_ratio": 4.11
  },
  "energy": {
    "mean": 0.254518,
    "max": 0.624341,
    "std": 0.164695,
    "rate_of_change": 0.05456
  },
  "speech_rate": {
    "chars_per_sec": 12.41,
    "words_per_sec": 2.82,
    "segment_count": 6
  },
  "spectral_centroid": {
    "mean": 2111.25
  },
  "timeseries": {
    "frame_sec": 0.5,
    "pitch": [
      314.95,
      154.71,
      274.74,
      143.41,
      107.72,
      528.19,
      832.44,
      502.53,
      469.36,
      546.87,
      239.9,
      871.3,
      710.96,
      364.75,
      964.52,
      687.89,
      723.23,
      674.2,
      1396.03,
      142.59,
      224.91,
      548.88
    ],
    "energy": [
      0.231215,
      0.149398,
      0.054204,
      0.070642,
      0.05213,
      0.095767,
      0.308046,
      0.222637,
      0.261019,
      0.245802,
      0.198068,
      0.475061,
      0.238989,
      0.407696,
      0.329466,
      0.355863,
      0.465651,
      0.326847,
      0.322809,
      0.064855,
      0.161918,
      0.355587
    ],
    "spectral_centroid": [
      1614.42,
      1940.98,
      1975.18,
      2092.0,
      2218.56,
      2007.86,
      1943.82,
      1925.53,
      1687.6,
      1820.94,
      1881.17,
      2208.88,
      1960.1,
      2184.96,
      2252.68,
      2656.05,
      1600.76,
      2603.68,
      2395.95,
      2254.35,
      3156.03,
      1882.45
    ]
  }
}