{
  "id": "0d14925a-3ff7-482d-8665-a1618b9dbb89",
  "duration": 12.309,
  "pitch": {
    "mean": 345.22,
    "max": 936.18,
    "std": 232.14,
    "max_mean_ratio": 2.71
  },
  "energy": {
    "mean": 0.042857,
    "max": 0.117659,
    "std": 0.019263,
    "rate_of_change": 0.008588
  },
  "speech_rate": {
    "chars_per_sec": 13.4,
    "words_per_sec": 2.03,
    "segment_count": 2
  },
  "spectral_centroid": {
    "mean": 1904.41
  },
  "timeseries": {
    "frame_sec": 0.5,
    "pitch": [
      116.3,
      141.88,
      208.53,
      369.36,
      304.72,
      383.19,
      402.81,
      479.5,
      257.56,
      479.29,
      268.18,
      308.03,
      146.27,
      488.55,
      642.61,
      475.06,
      351.71,
      556.2,
      458.85,
      391.57,
      347.32,
      369.24,
      155.58,
      277.63,
      371.08
    ],
    "energy": [
      0.022116,
      0.030536,
      0.032217,
      0.043517,
      0.033979,
      0.03369,
      0.053894,
      0.046742,
      0.031144,
      0.063979,
      0.049423,
      0.047963,
      0.025737,
      0.038098,
      0.06904,
      0.039763,
      0.024298,
      0.054196,
      0.043263,
      0.043558,
      0.057635,
      0.040264,
      0.022628,
      0.037179,
      0.042153
    ],
    "spectral_centroid": [
      1723.13,
      1256.42,
      1481.62,
      1966.85,
      1588.07,
      1861.76,
      1785.17,
      2263.71,
      2309.03,
      2020.04,
      1942.64,
      1423.12,
      2355.2,
      2322.87,
      1715.74,
      1753.34,
      1890.46,
      1662.58,
      1950.86,
      2035.93,
      2311.55,
      2073.24,
      2091.98,
      1919.78,
      1773.88
    ]
  }
}