{
  "id": "0d2c57c9-0352-4d23-89e9-695ef68a9430",
  "duration": 9.216,
  "pitch": {
    "mean": 486.69,
    "max": 1559.75,
    "std": 268.28,
    "max_mean_ratio": 3.2
  },
  "energy": {
    "mean": 0.053263,
    "max": 0.269279,
    "std": 0.045432,
    "rate_of_change": 0.028427
  },
  "speech_rate": {
    "chars_per_sec": 18.95,
    "words_per_sec": 3.7,
    "segment_count": 3
  },
  "spectral_centroid": {
    "mean": 1837.43
  },
  "timeseries": {
    "frame_sec": 0.5,
    "pitch": [
      473.44,
      426.56,
      370.48,
      225.75,
      369.13,
      445.49,
      286.14,
      594.71,
      471.35,
      371.58,
      503.29,
      590.39,
      497.45,
      506.66,
      380.34,
      452.88,
      723.33,
      875.65,
      907.43
    ],
    "energy": [
      0.030537,
      0.040759,
      0.051734,
      0.021258,
      0.020376,
      0.019097,
      0.018048,
      0.024838,
      0.032402,
      0.041476,
      0.075584,
      0.034448,
      0.046843,
      0.051434,
      0.066857,
      0.075269,
      0.17339,
      0.082294,
      0.074853
    ],
    "spectral_centroid": [
      1882.38,
      1608.9,
      1849.35,
      2177.8,
      2129.72,
      2268.36,
      2111.72,
      1585.45,
      1686.76,
      1708.55,
      1549.08,
      2198.17,
      1623.74,
      1872.15,
      1775.32,
      1783.88,
      1453.02,
      1606.2,
      2152.13
    ]
  }
}