{
  "id": "0d487a8a-3e79-4c7f-ab7f-41cf8d7b72db",
  "duration": 15.275,
  "pitch": {
    "mean": 369.15,
    "max": 1640.32,
    "std": 259.81,
    "max_mean_ratio": 4.44
  },
  "energy": {
    "mean": 0.055006,
    "max": 0.152039,
    "std": 0.029953,
    "rate_of_change": 0.00961
  },
  "speech_rate": {
    "chars_per_sec": 11.22,
    "words_per_sec": 2.02,
    "segment_count": 8
  },
  "spectral_centroid": {
    "mean": 1842.23
  },
  "timeseries": {
    "frame_sec": 0.5,
    "pitch": [
      550.06,
      401.71,
      333.35,
      446.21,
      379.23,
      122.12,
      125.42,
      187.79,
      433.66,
      320.93,
      493.94,
      215.45,
      378.77,
      725.42,
      608.07,
      127.06,
      95.21,
      339.02,
      469.01,
      342.32,
      237.57,
      453.17,
      117.61,
      134.01,
      331.38,
      476.53,
      340.44,
      475.72,
      821.76,
      434.72,
      448.61
    ],
    "energy": [
      0.0602,
      0.03223,
      0.044279,
      0.049132,
      0.042581,
      0.017135,
      0.023722,
      0.036729,
      0.04479,
      0.068751,
      0.084414,
      0.049449,
      0.083504,
      0.086187,
      0.056099,
      0.023232,
      0.023289,
      0.06862,
      0.077569,
      0.040191,
      0.036379,
      0.070772,
      0.015093,
      0.017708,
      0.059752,
      0.069822,
      0.06373,
      0.074437,
      0.08403,
      0.073796,
      0.053933
    ],
    "spectral_centroid": [
      1470.91,
      1598.82,
      1847.28,
      1596.66,
      1966.08,
      1957.23,
      1890.85,
      1689.42,
      1656.61,
      1981.66,
      2375.0,
      1719.9,
      1801.22,
      2345.75,
      2034.43,
      1782.27,
      1696.38,
      1776.08,
      1923.95,
      1624.75,
      1697.96,
      1566.31,
      1687.67,
      1884.31,
      1759.92,
      1750.73,
      2139.92,
      1948.81,
      2202.94,
      1868.05,
      1873.86
    ]
  }
}