{
  "id": "0d8243cf-f4ff-46e8-bbed-0d3226eddd2f",
  "duration": 12.331,
  "pitch": {
    "mean": 397.44,
    "max": 1816.6,
    "std": 271.25,
    "max_mean_ratio": 4.57
  },
  "energy": {
    "mean": 0.058871,
    "max": 0.180828,
    "std": 0.028419,
    "rate_of_change": 0.013345
  },
  "speech_rate": {
    "chars_per_sec": 12.58,
    "words_per_sec": 2.06,
    "segment_count": 6
  },
  "spectral_centroid": {
    "mean": 1827.28
  },
  "timeseries": {
    "frame_sec": 0.5,
    "pitch": [
      292.32,
      433.69,
      437.54,
      403.2,
      336.3,
      360.65,
      306.65,
      559.05,
      330.49,
      412.36,
      551.42,
      416.65,
      139.33,
      438.55,
      506.08,
      326.71,
      296.68,
      257.67,
      444.54,
      321.64,
      263.2,
      333.94,
      675.53,
      657.09,
      352.33
    ],
    "energy": [
      0.052278,
      0.070503,
      0.07542,
      0.056662,
      0.053195,
      0.05708,
      0.059155,
      0.069694,
      0.079812,
      0.066535,
      0.071942,
      0.04272,
      0.031519,
      0.042514,
      0.060528,
      0.037535,
      0.036116,
      0.038268,
      0.035247,
      0.050756,
      0.039396,
      0.049046,
      0.10327,
      0.071828,
      0.059714
    ],
    "spectral_centroid": [
      1860.31,
      1765.16,
      1566.6,
      1613.96,
      1846.84,
      1523.44,
      1905.47,
      1787.34,
      1828.06,
      1786.91,
      1710.87,
      1998.52,
      2186.93,
      1872.87,
      1492.54,
      1635.71,
      1772.89,
      1681.87,
      1665.24,
      1854.73,
      1633.83,
      1742.84,
      2159.06,
      2527.66,
      2485.67
    ]
  }
}