{
  "id": "0e060e23-8258-4210-bab2-d278230bf04f",
  "duration": 6.443,
  "pitch": {
    "mean": 283.62,
    "max": 754.35,
    "std": 182.49,
    "max_mean_ratio": 2.66
  },
  "energy": {
    "mean": 0.074425,
    "max": 0.149982,
    "std": 0.030735,
    "rate_of_change": 0.021092
  },
  "speech_rate": {
    "chars_per_sec": 18.22,
    "words_per_sec": 3.43,
    "segment_count": 3
  },
  "spectral_centroid": {
    "mean": 1796.41
  },
  "timeseries": {
    "frame_sec": 0.5,
    "pitch": [
      313.39,
      324.27,
      473.79,
      287.68,
      323.63,
      296.09,
      301.31,
      186.1,
      209.64,
      343.04,
      299.09,
      247.84,
      239.34
    ],
    "energy": [
      0.067241,
      0.04129,
      0.067215,
      0.041477,
      0.065916,
      0.063194,
      0.067981,
      0.052108,
      0.063699,
      0.083562,
      0.090775,
      0.115613,
      0.112803
    ],
    "spectral_centroid": [
      1691.75,
      2208.86,
      1958.49,
      1819.07,
      1673.97,
      1599.95,
      1677.63,
      1638.63,
      1879.57,
      1781.27,
      2059.3,
      1770.92,
      1537.73
    ]
  }
}