{
  "id": "0e375343-168d-40d4-ba94-eb25837117dd",
  "duration": 16.235,
  "pitch": {
    "mean": 401.55,
    "max": 1700.79,
    "std": 269.47,
    "max_mean_ratio": 4.24
  },
  "energy": {
    "mean": 0.078686,
    "max": 0.249625,
    "std": 0.062632,
    "rate_of_change": 0.01491
  },
  "speech_rate": {
    "chars_per_sec": 9.27,
    "words_per_sec": 1.67,
    "segment_count": 11
  },
  "spectral_centroid": {
    "mean": 1996.4
  },
  "timeseries": {
    "frame_sec": 0.5,
    "pitch": [
      170.29,
      464.54,
      228.09,
      301.84,
      360.43,
      446.07,
      558.68,
      843.35,
      869.13,
      203.07,
      501.44,
      562.89,
      609.62,
      466.94,
      468.24,
      339.45,
      537.35,
      428.56,
      308.06,
      326.75,
      141.91,
      106.08,
      109.42,
      227.97,
      314.69,
      335.72,
      617.67,
      707.82,
      349.93,
      272.43,
      487.01,
      431.32,
      124.79
    ],
    "energy": [
      0.034878,
      0.101377,
      0.030864,
      0.05786,
      0.060593,
      0.117711,
      0.125081,
      0.186732,
      0.157706,
      0.020005,
      0.098885,
      0.116892,
      0.13545,
      0.060696,
      0.091579,
      0.03673,
      0.091229,
      0.065086,
      0.051237,
      0.069834,
      0.012764,
      0.011574,
      0.011921,
      0.041711,
      0.046488,
      0.044666,
      0.098752,
      0.205562,
      0.046252,
      0.049332,
      0.099319,
      0.051342,
      0.016912
    ],
    "spectral_centroid": [
      1941.16,
      2454.22,
      1767.19,
      1903.18,
      1694.53,
      2081.24,
      2033.22,
      2087.74,
      1970.43,
      1776.15,
      2058.59,
      2167.77,
      1902.91,
      1971.72,
      2328.15,
      2314.76,
      1725.58,
      2342.57,
      2129.2,
      1867.9,
      1598.35,
      1647.39,
      1882.15,
      1716.07,
      1877.77,
      2026.4,
      2093.26,
      2089.45,
      1775.63,
      2396.99,
      2199.72,
      2033.52,
      1734.17
    ]
  }
}