{
  "id": "0ea2f59d-a16e-46a9-8f27-e2d7d08e5b8c",
  "duration": 7.68,
  "pitch": {
    "mean": 404.39,
    "max": 2071.57,
    "std": 363.96,
    "max_mean_ratio": 5.12
  },
  "energy": {
    "mean": 0.037876,
    "max": 0.105578,
    "std": 0.019633,
    "rate_of_change": 0.012821
  },
  "speech_rate": {
    "chars_per_sec": 18.35,
    "words_per_sec": 3.48,
    "segment_count": 3
  },
  "spectral_centroid": {
    "mean": 2045.24
  },
  "timeseries": {
    "frame_sec": 0.5,
    "pitch": [
      346.86,
      343.26,
      315.84,
      290.75,
      276.2,
      196.92,
      485.12,
      877.76,
      635.19,
      435.47,
      375.01,
      342.02,
      403.67,
      691.24,
      239.24,
      620.46
    ],
    "energy": [
      0.042117,
      0.045265,
      0.047862,
      0.023778,
      0.023261,
      0.020404,
      0.031848,
      0.048988,
      0.037253,
      0.049356,
      0.04108,
      0.041028,
      0.036956,
      0.03512,
      0.016211,
      0.040046
    ],
    "spectral_centroid": [
      2121.34,
      2069.75,
      2042.64,
      2492.17,
      1784.88,
      1888.06,
      1699.87,
      1998.44,
      1961.74,
      1810.17,
      2175.55,
      2035.52,
      2887.71,
      2309.67,
      1695.62,
      1400.0
    ]
  }
}