{
  "id": "0efa4bc2-e3f3-4153-9bf3-6d94099e4c59",
  "duration": 14.251,
  "pitch": {
    "mean": 574.43,
    "max": 2089.6,
    "std": 428.36,
    "max_mean_ratio": 3.64
  },
  "energy": {
    "mean": 0.096619,
    "max": 0.244791,
    "std": 0.055481,
    "rate_of_change": 0.016901
  },
  "speech_rate": {
    "chars_per_sec": 11.52,
    "words_per_sec": 2.04,
    "segment_count": 8
  },
  "spectral_centroid": {
    "mean": 2007.24
  },
  "timeseries": {
    "frame_sec": 0.5,
    "pitch": [
      427.82,
      481.75,
      503.75,
      444.5,
      431.04,
      144.49,
      719.39,
      464.98,
      658.22,
      564.44,
      854.4,
      407.58,
      603.61,
      503.84,
      810.67,
      516.25,
      749.03,
      748.0,
      551.63,
      664.46,
      512.65,
      463.28,
      873.08,
      745.15,
      721.55,
      973.59,
      146.99,
      482.95,
      481.32
    ],
    "energy": [
      0.056039,
      0.095171,
      0.098214,
      0.083303,
      0.075533,
      0.006302,
      0.053356,
      0.060762,
      0.083886,
      0.099325,
      0.104428,
      0.094837,
      0.10452,
      0.121867,
      0.098083,
      0.090697,
      0.12677,
      0.08496,
      0.107602,
      0.074005,
      0.091873,
      0.107333,
      0.138871,
      0.163913,
      0.184534,
      0.078534,
      0.009085,
      0.086791,
      0.103339
    ],
    "spectral_centroid": [
      2356.2,
      1745.64,
      1634.08,
      1954.03,
      1574.67,
      2528.18,
      2166.9,
      2470.55,
      1689.63,
      1796.52,
      1742.66,
      1768.38,
      1847.42,
      2252.09,
      2179.19,
      1884.24,
      1617.73,
      1902.82,
      1738.14,
      2137.8,
      2005.82,
      2263.6,
      2013.11,
      2432.22,
      2274.2,
      2150.21,
      2205.27,
      2076.92,
      1374.22
    ]
  }
}