{
  "id": "0f27ed21-8ef7-4509-ba44-3ab60107f245",
  "duration": 20.693,
  "pitch": {
    "mean": 361.6,
    "max": 2077.04,
    "std": 332.59,
    "max_mean_ratio": 5.74
  },
  "energy": {
    "mean": 0.041562,
    "max": 0.198435,
    "std": 0.030315,
    "rate_of_change": 0.009013
  },
  "speech_rate": {
    "chars_per_sec": 11.17,
    "words_per_sec": 1.92,
    "segment_count": 9
  },
  "spectral_centroid": {
    "mean": 1849.47
  },
  "timeseries": {
    "frame_sec": 0.5,
    "pitch": [
      381.83,
      442.73,
      405.19,
      391.04,
      266.94,
      297.04,
      389.97,
      200.93,
      388.77,
      506.57,
      362.25,
      240.37,
      161.88,
      183.21,
      228.96,
      304.96,
      273.45,
      636.47,
      346.66,
      279.77,
      268.15,
      306.63,
      446.2,
      245.22,
      262.93,
      235.34,
      183.95,
      160.28,
      352.09,
      253.1,
      197.77,
      507.37,
      718.72,
      1032.66,
      441.27,
      790.38,
      474.31,
      351.34,
      291.3,
      339.86,
      270.25,
      241.75
    ],
    "energy": [
      0.047302,
      0.062005,
      0.052327,
      0.049875,
      0.018488,
      0.015289,
      0.015371,
      0.019636,
      0.04492,
      0.047288,
      0.030769,
      0.016115,
      0.018589,
      0.016914,
      0.038598,
      0.037735,
      0.029391,
      0.083507,
      0.038436,
      0.036874,
      0.035066,
      0.036044,
      0.026474,
      0.029763,
      0.025106,
      0.015432,
      0.017225,
      0.018746,
      0.032,
      0.014392,
      0.02074,
      0.101928,
      0.111952,
      0.087665,
      0.046919,
      0.069217,
      0.013778,
      0.032418,
      0.043593,
      0.055066,
      0.066742,
      0.0674
    ],
    "spectral_centroid": [
      1794.71,
      1660.25,
      1545.68,
      2016.06,
      1738.25,
      1707.75,
      1660.62,
      1718.6,
      1629.41,
      1541.32,
      2036.88,
      1673.05,
      1673.63,
      1701.91,
      1592.52,
      2009.51,
      1702.26,
      1461.91,
      1463.28,
      1605.73,
      1387.49,
      1380.01,
      1677.6,
      2002.35,
      1755.02,
      1654.84,
      1861.01,
      2101.86,
      1734.11,
      1707.62,
      2201.25,
      1975.39,
      2633.51,
      2515.35,
      1863.59,
      2303.97,
      2041.4,
      2427.61,
      2532.23,
      2306.35,
      1756.36,
      1705.89
    ]
  }
}