{
  "id": "0f94979a-d8a1-440a-8c05-817d5e62fca7",
  "duration": 11.349,
  "pitch": {
    "mean": 516.96,
    "max": 1469.19,
    "std": 239.89,
    "max_mean_ratio": 2.84
  },
  "energy": {
    "mean": 0.038836,
    "max": 0.19243,
    "std": 0.034768,
    "rate_of_change": 0.016282
  },
  "speech_rate": {
    "chars_per_sec": 20.35,
    "words_per_sec": 3.76,
    "segment_count": 2
  },
  "spectral_centroid": {
    "mean": 1764.4
  },
  "timeseries": {
    "frame_sec": 0.5,
    "pitch": [
      370.91,
      335.98,
      325.81,
      287.79,
      447.49,
      307.68,
      493.15,
      414.87,
      344.54,
      590.35,
      616.25,
      803.95,
      698.28,
      848.39,
      818.45,
      544.29,
      592.78,
      471.79,
      557.57,
      584.95,
      406.29,
      581.17,
      612.18
    ],
    "energy": [
      0.013188,
      0.014136,
      0.01827,
      0.031549,
      0.026029,
      0.020679,
      0.027777,
      0.018241,
      0.022001,
      0.016548,
      0.022689,
      0.017729,
      0.01768,
      0.025488,
      0.020864,
      0.063342,
      0.095181,
      0.059184,
      0.043637,
      0.04214,
      0.060277,
      0.073729,
      0.125017
    ],
    "spectral_centroid": [
      2061.87,
      2175.18,
      1943.82,
      1781.55,
      1618.25,
      1809.63,
      1376.17,
      1617.09,
      2167.38,
      1790.19,
      1832.16,
      1966.49,
      1652.7,
      1694.37,
      1890.95,
      1459.08,
      1420.29,
      1615.47,
      1818.03,
      1956.25,
      1699.18,
      1545.57,
      1577.01
    ]
  }
}