{
  "id": "0fdc653d-bf9b-478a-8c36-529f88898345",
  "duration": 8.235,
  "pitch": {
    "mean": 263.21,
    "max": 1891.4,
    "std": 213.63,
    "max_mean_ratio": 7.19
  },
  "energy": {
    "mean": 0.087339,
    "max": 0.300066,
    "std": 0.065667,
    "rate_of_change": 0.036133
  },
  "speech_rate": {
    "chars_per_sec": 11.46,
    "words_per_sec": 2.08,
    "segment_count": 3
  },
  "spectral_centroid": {
    "mean": 1785.94
  },
  "timeseries": {
    "frame_sec": 0.5,
    "pitch": [
      208.83,
      209.93,
      287.14,
      156.54,
      213.27,
      246.9,
      391.76,
      168.52,
      239.77,
      497.9,
      541.48,
      586.81,
      254.81,
      218.48,
      163.46,
      129.77,
      178.72
    ],
    "energy": [
      0.097075,
      0.055274,
      0.157955,
      0.06211,
      0.13769,
      0.110311,
      0.148736,
      0.074776,
      0.093273,
      0.158403,
      0.096177,
      0.12756,
      0.025844,
      0.014057,
      0.012068,
      0.007443,
      0.003371
    ],
    "spectral_centroid": [
      1514.61,
      1655.11,
      1297.73,
      1731.7,
      1476.18,
      1848.73,
      1284.05,
      1972.7,
      2376.61,
      1793.68,
      2153.02,
      2122.14,
      2261.55,
      2232.69,
      1739.03,
      1282.9,
      1388.87
    ]
  }
}