{
  "id": "0fdefe4d-d122-46c6-9d02-b2dfd1b6e019",
  "duration": 5.355,
  "pitch": {
    "mean": 220.8,
    "max": 653.29,
    "std": 146.52,
    "max_mean_ratio": 2.96
  },
  "energy": {
    "mean": 0.051757,
    "max": 0.096728,
    "std": 0.027249,
    "rate_of_change": 0.015948
  },
  "speech_rate": {
    "chars_per_sec": 5.43,
    "words_per_sec": 0.94,
    "segment_count": 1
  },
  "spectral_centroid": {
    "mean": 1656.14
  },
  "timeseries": {
    "frame_sec": 0.5,
    "pitch": [
      178.0,
      103.07,
      113.62,
      97.9,
      232.17,
      231.29,
      270.37,
      192.73,
      384.44,
      292.37,
      325.41
    ],
    "energy": [
      0.041328,
      0.017537,
      0.017042,
      0.022023,
      0.072948,
      0.047502,
      0.069172,
      0.056322,
      0.0775,
      0.05646,
      0.073003
    ],
    "spectral_centroid": [
      1721.73,
      1574.41,
      1456.1,
      1734.57,
      1279.98,
      1944.91,
      1223.01,
      1743.05,
      1822.79,
      2060.74,
      1648.33
    ]
  }
}