{
  "id": "0fe9e51b-75a5-414b-9619-7fe4ef92d2e6",
  "duration": 12.075,
  "pitch": {
    "mean": 466.09,
    "max": 1698.55,
    "std": 301.78,
    "max_mean_ratio": 3.64
  },
  "energy": {
    "mean": 0.120723,
    "max": 0.425613,
    "std": 0.094981,
    "rate_of_change": 0.034205
  },
  "speech_rate": {
    "chars_per_sec": 10.36,
    "words_per_sec": 1.73,
    "segment_count": 7
  },
  "spectral_centroid": {
    "mean": 1890.35
  },
  "timeseries": {
    "frame_sec": 0.5,
    "pitch": [
      402.81,
      208.64,
      536.27,
      422.51,
      501.43,
      489.9,
      480.62,
      330.95,
      367.15,
      271.68,
      659.74,
      289.01,
      618.14,
      621.68,
      372.93,
      183.05,
      392.16,
      668.4,
      219.98,
      421.27,
      531.25,
      609.91,
      919.65,
      620.08,
      633.14
    ],
    "energy": [
      0.095631,
      0.04654,
      0.14997,
      0.105825,
      0.119189,
      0.116026,
      0.02009,
      0.083309,
      0.090969,
      0.052112,
      0.192686,
      0.085476,
      0.144106,
      0.170239,
      0.106648,
      0.019938,
      0.123335,
      0.157028,
      0.016902,
      0.130794,
      0.211699,
      0.157294,
      0.320114,
      0.041672,
      0.013507
    ],
    "spectral_centroid": [
      1796.13,
      1748.2,
      1701.58,
      1977.43,
      1872.79,
      1921.31,
      2121.79,
      1933.66,
      1654.13,
      2286.2,
      2171.36,
      1894.67,
      1605.85,
      1812.73,
      1575.02,
      1813.0,
      1568.04,
      1768.3,
      1725.02,
      1959.05,
      2078.95,
      1845.07,
      2101.91,
      2192.37,
      2237.25
    ]
  }
}