{
  "id": "100f5234-ab1b-44ff-ba4a-a33b7b192092",
  "duration": 6.4,
  "pitch": {
    "mean": 398.12,
    "max": 1566.44,
    "std": 285.78,
    "max_mean_ratio": 3.93
  },
  "energy": {
    "mean": 0.050943,
    "max": 0.140796,
    "std": 0.033016,
    "rate_of_change": 0.020677
  },
  "speech_rate": {
    "chars_per_sec": 14.72,
    "words_per_sec": 2.37,
    "segment_count": 3
  },
  "spectral_centroid": {
    "mean": 2170.11
  },
  "timeseries": {
    "frame_sec": 0.5,
    "pitch": [
      217.17,
      193.58,
      182.44,
      234.3,
      238.05,
      424.95,
      169.79,
      570.43,
      567.13,
      569.21,
      566.64,
      543.17,
      722.58
    ],
    "energy": [
      0.025805,
      0.021493,
      0.017421,
      0.027398,
      0.024971,
      0.044118,
      0.044272,
      0.056501,
      0.078378,
      0.121179,
      0.054284,
      0.060128,
      0.062883
    ],
    "spectral_centroid": [
      2264.23,
      2564.57,
      3273.84,
      1797.81,
      2050.06,
      1999.48,
      2044.89,
      2157.73,
      2163.47,
      1477.8,
      1905.08,
      2198.98,
      2321.17
    ]
  }
}