{
  "id": "104e0c94-2cdb-4156-b901-d636f34b99f8",
  "duration": 14.571,
  "pitch": {
    "mean": 444.44,
    "max": 1633.95,
    "std": 324.76,
    "max_mean_ratio": 3.68
  },
  "energy": {
    "mean": 0.08292,
    "max": 0.246436,
    "std": 0.048733,
    "rate_of_change": 0.016256
  },
  "speech_rate": {
    "chars_per_sec": 15.81,
    "words_per_sec": 2.56,
    "segment_count": 8
  },
  "spectral_centroid": {
    "mean": 1906.93
  },
  "timeseries": {
    "frame_sec": 0.5,
    "pitch": [
      399.85,
      358.78,
      312.89,
      635.15,
      309.79,
      387.31,
      351.99,
      287.76,
      341.93,
      145.76,
      193.48,
      259.35,
      337.2,
      184.66,
      200.68,
      384.41,
      321.93,
      499.27,
      572.26,
      445.27,
      572.92,
      380.85,
      379.25,
      387.89,
      656.05,
      950.92,
      1035.87,
      913.27,
      804.67,
      542.89
    ],
    "energy": [
      0.068321,
      0.0539,
      0.037116,
      0.059493,
      0.076414,
      0.055417,
      0.070871,
      0.046465,
      0.059324,
      0.057971,
      0.06561,
      0.0556,
      0.049199,
      0.052689,
      0.072877,
      0.126968,
      0.068654,
      0.120148,
      0.114568,
      0.09798,
      0.131983,
      0.063525,
      0.075653,
      0.112066,
      0.140175,
      0.11495,
      0.120324,
      0.035825,
      0.090233,
      0.064187
    ],
    "spectral_centroid": [
      1721.53,
      1665.46,
      1550.29,
      1686.82,
      1832.62,
      1838.69,
      1615.73,
      1508.71,
      1860.14,
      2011.06,
      1780.3,
      2041.11,
      1405.65,
      1780.42,
      1980.65,
      2261.8,
      2410.01,
      1931.61,
      1980.41,
      1979.23,
      1637.46,
      2401.49,
      1877.48,
      1896.22,
      2026.42,
      2012.88,
      2196.9,
      2044.07,
      2195.27,
      1760.44
    ]
  }
}