{
  "id": "115764af-547c-4c5e-9ac4-f5af5919015e",
  "duration": 16.619,
  "pitch": {
    "mean": 462.9,
    "max": 1837.92,
    "std": 237.74,
    "max_mean_ratio": 3.97
  },
  "energy": {
    "mean": 0.07913,
    "max": 0.469074,
    "std": 0.074322,
    "rate_of_change": 0.027831
  },
  "speech_rate": {
    "chars_per_sec": 18.34,
    "words_per_sec": 3.35,
    "segment_count": 4
  },
  "spectral_centroid": {
    "mean": 1646.13
  },
  "timeseries": {
    "frame_sec": 0.5,
    "pitch": [
      397.03,
      467.0,
      370.83,
      511.43,
      328.0,
      371.2,
      542.57,
      437.6,
      411.52,
      490.16,
      367.42,
      486.16,
      427.12,
      409.0,
      375.82,
      456.63,
      504.94,
      492.92,
      520.38,
      584.4,
      367.46,
      413.76,
      436.64,
      425.34,
      420.74,
      303.26,
      583.76,
      342.26,
      498.9,
      563.34,
      756.19,
      550.19,
      475.04,
      591.68
    ],
    "energy": [
      0.025202,
      0.026132,
      0.012159,
      0.007202,
      0.027911,
      0.035054,
      0.024764,
      0.024869,
      0.028142,
      0.042677,
      0.041936,
      0.04785,
      0.051345,
      0.097263,
      0.09903,
      0.092751,
      0.068435,
      0.072651,
      0.07338,
      0.184535,
      0.048888,
      0.078291,
      0.075784,
      0.053755,
      0.061087,
      0.038323,
      0.150173,
      0.043834,
      0.095733,
      0.24223,
      0.264842,
      0.137451,
      0.09589,
      0.135789
    ],
    "spectral_centroid": [
      2157.74,
      1581.81,
      1777.29,
      1974.78,
      2288.03,
      1568.62,
      1736.35,
      1662.66,
      1560.4,
      1749.16,
      1518.39,
      1604.43,
      1442.02,
      1462.15,
      1379.51,
      1706.15,
      1766.51,
      1913.39,
      1427.72,
      1300.12,
      1631.6,
      1798.58,
      1414.1,
      1798.82,
      1766.35,
      1892.37,
      1331.57,
      1569.59,
      1335.12,
      1667.17,
      1717.01,
      1543.2,
      1506.54,
      1304.53
    ]
  }
}