{
  "id": "11a254f1-dcf8-4742-8d5d-5b7f51ab6ca5",
  "duration": 9.771,
  "pitch": {
    "mean": 372.49,
    "max": 1852.19,
    "std": 214.6,
    "max_mean_ratio": 4.97
  },
  "energy": {
    "mean": 0.083206,
    "max": 0.281545,
    "std": 0.069965,
    "rate_of_change": 0.028343
  },
  "speech_rate": {
    "chars_per_sec": 14.14,
    "words_per_sec": 2.66,
    "segment_count": 6
  },
  "spectral_centroid": {
    "mean": 1958.93
  },
  "timeseries": {
    "frame_sec": 0.5,
    "pitch": [
      452.92,
      212.56,
      286.25,
      408.73,
      186.57,
      274.98,
      443.5,
      336.91,
      356.11,
      236.98,
      289.54,
      351.67,
      333.54,
      379.66,
      503.18,
      370.82,
      478.84,
      459.82,
      487.6,
      597.97
    ],
    "energy": [
      0.0128,
      0.01488,
      0.026149,
      0.100114,
      0.057312,
      0.081489,
      0.101952,
      0.015558,
      0.089966,
      0.106954,
      0.032088,
      0.032011,
      0.092321,
      0.103232,
      0.136966,
      0.066919,
      0.119939,
      0.124388,
      0.135372,
      0.191758
    ],
    "spectral_centroid": [
      2223.05,
      2326.53,
      2035.22,
      1644.27,
      1797.09,
      2153.11,
      1826.44,
      2300.45,
      1820.99,
      1865.7,
      1927.22,
      2052.97,
      1858.71,
      2370.59,
      1837.51,
      1840.58,
      1511.67,
      1978.55,
      1897.8,
      1826.97
    ]
  }
}