{
  "id": "11b67460-f21c-47d7-b644-6abf458bbfc7",
  "duration": 5.099,
  "pitch": {
    "mean": 452.51,
    "max": 1950.89,
    "std": 485.41,
    "max_mean_ratio": 4.31
  },
  "energy": {
    "mean": 0.052566,
    "max": 0.239639,
    "std": 0.05159,
    "rate_of_change": 0.045075
  },
  "speech_rate": {
    "chars_per_sec": 12.4,
    "words_per_sec": 2.17,
    "segment_count": 2
  },
  "spectral_centroid": {
    "mean": 2144.89
  },
  "timeseries": {
    "frame_sec": 0.5,
    "pitch": [
      743.56,
      272.27,
      388.8,
      551.29,
      647.28,
      130.32,
      149.07,
      426.38,
      286.96,
      987.19,
      288.78
    ],
    "energy": [
      0.083326,
      0.030941,
      0.038196,
      0.036704,
      0.028247,
      0.013933,
      0.013572,
      0.029261,
      0.052328,
      0.169661,
      0.045792
    ],
    "spectral_centroid": [
      1727.41,
      2114.29,
      2060.9,
      2169.79,
      2252.65,
      2159.75,
      2032.0,
      2040.52,
      2151.82,
      2715.83,
      2147.77
    ]
  }
}