{
  "id": "11d95ee6-31a0-4203-8e7b-dbe9959fafc5",
  "duration": 9.301,
  "pitch": {
    "mean": 340.9,
    "max": 847.77,
    "std": 191.64,
    "max_mean_ratio": 2.49
  },
  "energy": {
    "mean": 0.128196,
    "max": 0.447033,
    "std": 0.083773,
    "rate_of_change": 0.04695
  },
  "speech_rate": {
    "chars_per_sec": 12.5,
    "words_per_sec": 2.26,
    "segment_count": 6
  },
  "spectral_centroid": {
    "mean": 1909.07
  },
  "timeseries": {
    "frame_sec": 0.5,
    "pitch": [
      154.25,
      149.09,
      270.69,
      516.67,
      332.81,
      341.49,
      475.11,
      110.51,
      162.54,
      391.08,
      379.73,
      391.16,
      276.58,
      387.07,
      357.0,
      480.5,
      267.08,
      592.31,
      475.14
    ],
    "energy": [
      0.11417,
      0.057685,
      0.058696,
      0.132302,
      0.076742,
      0.100479,
      0.182396,
      0.018051,
      0.023899,
      0.149079,
      0.132902,
      0.187083,
      0.104738,
      0.169201,
      0.147522,
      0.196073,
      0.075144,
      0.248046,
      0.169945
    ],
    "spectral_centroid": [
      1761.63,
      1952.66,
      2106.39,
      1752.19,
      1868.3,
      1653.38,
      1572.6,
      2078.72,
      2168.28,
      1989.6,
      1508.64,
      1496.59,
      1924.19,
      1698.14,
      2084.68,
      1910.19,
      2839.38,
      1551.74,
      2490.72
    ]
  }
}