{
  "id": "120a44c1-c25b-433b-8f7f-3bd300d7cd94",
  "duration": 11.755,
  "pitch": {
    "mean": 490.65,
    "max": 1525.84,
    "std": 261.78,
    "max_mean_ratio": 3.11
  },
  "energy": {
    "mean": 0.032698,
    "max": 0.139903,
    "std": 0.021838,
    "rate_of_change": 0.011313
  },
  "speech_rate": {
    "chars_per_sec": 20.46,
    "words_per_sec": 4.02,
    "segment_count": 3
  },
  "spectral_centroid": {
    "mean": 1733.53
  },
  "timeseries": {
    "frame_sec": 0.5,
    "pitch": [
      491.74,
      557.75,
      464.27,
      543.9,
      557.1,
      633.13,
      569.72,
      558.11,
      566.69,
      435.97,
      358.16,
      541.13,
      385.15,
      255.35,
      235.04,
      234.95,
      436.26,
      635.15,
      435.25,
      863.3,
      421.92,
      509.46,
      432.12,
      352.43
    ],
    "energy": [
      0.026536,
      0.029711,
      0.026213,
      0.038287,
      0.036823,
      0.029282,
      0.019476,
      0.032326,
      0.02947,
      0.026983,
      0.023495,
      0.021632,
      0.010954,
      0.018521,
      0.016591,
      0.015199,
      0.020378,
      0.024509,
      0.01774,
      0.047181,
      0.047587,
      0.094347,
      0.065788,
      0.038088
    ],
    "spectral_centroid": [
      1669.91,
      1894.38,
      1588.54,
      1684.88,
      1407.05,
      1899.8,
      1538.39,
      1532.99,
      1669.0,
      1610.74,
      1469.54,
      1435.23,
      1581.12,
      1831.01,
      1808.16,
      2026.91,
      1649.34,
      2091.47,
      1878.74,
      2159.96,
      2363.91,
      1672.88,
      1475.54,
      1649.56
    ]
  }
}