{
  "id": "12d9defa-97a3-4ea8-acf5-6f04244ac0cc",
  "duration": 4.309,
  "pitch": {
    "mean": 353.34,
    "max": 1526.39,
    "std": 252.35,
    "max_mean_ratio": 4.32
  },
  "energy": {
    "mean": 0.107355,
    "max": 0.185656,
    "std": 0.024532,
    "rate_of_change": 0.030872
  },
  "speech_rate": {
    "chars_per_sec": 18.22,
    "words_per_sec": 3.74,
    "segment_count": 3
  },
  "spectral_centroid": {
    "mean": 1738.41
  },
  "timeseries": {
    "frame_sec": 0.5,
    "pitch": [
      340.89,
      344.84,
      527.05,
      171.92,
      323.91,
      283.79,
      360.81,
      257.9,
      563.24
    ],
    "energy": [
      0.07164,
      0.087172,
      0.097503,
      0.124296,
      0.12779,
      0.108951,
      0.095826,
      0.108429,
      0.110096
    ],
    "spectral_centroid": [
      1759.7,
      1534.08,
      1614.96,
      1579.8,
      1520.17,
      1741.88,
      1862.01,
      2209.55,
      1863.09
    ]
  }
}