{
  "id": "12f856bb-b1b4-4e6b-a031-869c2164f5e0",
  "duration": 11.413,
  "pitch": {
    "mean": 377.81,
    "max": 1961.35,
    "std": 282.07,
    "max_mean_ratio": 5.19
  },
  "energy": {
    "mean": 0.05731,
    "max": 0.155694,
    "std": 0.035051,
    "rate_of_change": 0.013004
  },
  "speech_rate": {
    "chars_per_sec": 25.0,
    "words_per_sec": 4.94,
    "segment_count": 4
  },
  "spectral_centroid": {
    "mean": 2026.29
  },
  "timeseries": {
    "frame_sec": 0.5,
    "pitch": [
      469.63,
      400.0,
      360.52,
      410.19,
      712.76,
      367.53,
      436.51,
      425.94,
      451.21,
      305.87,
      263.03,
      149.88,
      143.73,
      524.35,
      533.68,
      429.2,
      209.01,
      305.84,
      436.17,
      357.32,
      336.17,
      264.23,
      456.31
    ],
    "energy": [
      0.06762,
      0.063509,
      0.047524,
      0.054252,
      0.051348,
      0.018626,
      0.064392,
      0.099763,
      0.088178,
      0.04597,
      0.043767,
      0.014513,
      0.01955,
      0.071765,
      0.087514,
      0.051086,
      0.014132,
      0.053202,
      0.106095,
      0.093542,
      0.045994,
      0.026903,
      0.025972
    ],
    "spectral_centroid": [
      2237.82,
      2330.73,
      2309.43,
      1660.81,
      1842.3,
      2062.06,
      2030.12,
      1895.94,
      1516.85,
      1792.58,
      2538.38,
      2153.89,
      2326.63,
      1784.93,
      2276.43,
      1886.39,
      2238.5,
      1677.95,
      1806.54,
      1766.58,
      2178.19,
      2224.06,
      1966.55
    ]
  }
}