{
  "id": "132f627e-e7b3-43cc-87d6-3dea1a44fa1c",
  "duration": 12.181,
  "pitch": {
    "mean": 491.07,
    "max": 2085.26,
    "std": 403.96,
    "max_mean_ratio": 4.25
  },
  "energy": {
    "mean": 0.087412,
    "max": 0.256156,
    "std": 0.055204,
    "rate_of_change": 0.020752
  },
  "speech_rate": {
    "chars_per_sec": 16.94,
    "words_per_sec": 3.15,
    "segment_count": 6
  },
  "spectral_centroid": {
    "mean": 2094.18
  },
  "timeseries": {
    "frame_sec": 0.5,
    "pitch": [
      487.0,
      495.71,
      512.09,
      614.34,
      795.39,
      320.8,
      465.46,
      757.61,
      394.43,
      878.02,
      211.64,
      110.52,
      216.72,
      525.16,
      440.25,
      399.29,
      703.43,
      529.13,
      374.14,
      665.82,
      689.87,
      328.97,
      771.25,
      150.34,
      173.11
    ],
    "energy": [
      0.077739,
      0.08519,
      0.102097,
      0.111506,
      0.176556,
      0.077789,
      0.141642,
      0.122479,
      0.09226,
      0.16134,
      0.023013,
      0.005063,
      0.008122,
      0.096797,
      0.079676,
      0.075866,
      0.076807,
      0.084476,
      0.096544,
      0.10133,
      0.086929,
      0.046097,
      0.049738,
      0.033703,
      0.027365
    ],
    "spectral_centroid": [
      2541.41,
      2212.94,
      1896.59,
      2440.37,
      2151.19,
      1556.63,
      2458.05,
      2073.53,
      2320.77,
      2127.46,
      1708.09,
      2139.17,
      2473.33,
      1763.4,
      2241.47,
      1879.93,
      1349.8,
      1598.64,
      2343.87,
      1802.7,
      2210.37,
      2661.75,
      2238.96,
      2101.12,
      1909.7
    ]
  }
}