{
  "id": "134d20c1-3ce0-4465-8a05-38638ea61f28",
  "duration": 37.077,
  "pitch": {
    "mean": 452.57,
    "max": 2001.31,
    "std": 262.89,
    "max_mean_ratio": 4.42
  },
  "energy": {
    "mean": 0.065813,
    "max": 0.19517,
    "std": 0.033993,
    "rate_of_change": 0.004996
  },
  "speech_rate": {
    "chars_per_sec": 11.97,
    "words_per_sec": 2.29,
    "segment_count": 22
  },
  "spectral_centroid": {
    "mean": 1851.78
  },
  "timeseries": {
    "frame_sec": 0.5,
    "pitch": [
      507.85,
      108.43,
      246.73,
      547.53,
      477.16,
      195.8,
      387.28,
      356.56,
      566.15,
      411.62,
      380.62,
      510.78,
      449.89,
      367.71,
      561.55,
      433.9,
      524.81,
      463.15,
      419.34,
      502.86,
      456.52,
      310.25,
      333.02,
      432.52,
      410.15,
      283.58,
      453.12,
      458.47,
      481.75,
      449.86,
      406.69,
      445.17,
      564.37,
      542.49,
      329.55,
      414.73,
      333.53,
      454.58,
      119.96,
      370.11,
      309.55,
      211.09,
      222.85,
      468.18,
      421.19,
      474.28,
      479.79,
      467.74,
      545.91,
      250.63,
      119.77,
      439.09,
      474.77,
      475.12,
      695.05,
      597.01,
      736.89,
      703.14,
      633.32,
      662.67,
      537.87,
      377.6,
      700.87,
      753.03,
      667.92,
      338.91,
      496.0,
      406.34,
      456.86,
      489.37,
      571.57,
      374.7,
      521.28,
      505.2,
      136.14
    ],
    "energy": [
      0.063586,
      0.012401,
      0.02964,
      0.069685,
      0.052926,
      0.020149,
      0.07583,
      0.041453,
      0.080858,
      0.051077,
      0.042745,
      0.06908,
      0.069154,
      0.068961,
      0.080576,
      0.055448,
      0.050224,
      0.065102,
      0.064291,
      0.103985,
      0.086468,
      0.03877,
      0.038893,
      0.056832,
      0.071127,
      0.032747,
      0.070882,
      0.069934,
      0.058352,
      0.079824,
      0.045234,
      0.066675,
      0.076398,
      0.090884,
      0.05023,
      0.04592,
      0.053727,
      0.067278,
      0.019763,
      0.055641,
      0.066797,
      0.042927,
      0.061161,
      0.077953,
      0.068565,
      0.062556,
      0.059459,
      0.049325,
      0.068928,
      0.030561,
      0.038911,
      0.073079,
      0.073733,
      0.078156,
      0.117069,
      0.100843,
      0.080697,
      0.106574,
      0.131683,
      0.069914,
      0.074226,
      0.064103,
      0.048358,
      0.077152,
      0.060129,
      0.055786,
      0.057237,
      0.061921,
      0.061739,
      0.059511,
      0.069398,
      0.047137,
      0.050234,
      0.05455,
      0.010956
    ],
    "spectral_centroid": [
      1476.37,
      1575.9,
      1745.93,
      1480.84,
      1567.78,
      1582.49,
      1711.45,
      1507.39,
      1568.36,
      1588.86,
      1651.82,
      1709.58,
      1689.18,
      1856.01,
      1766.91,
      1688.89,
      1740.16,
      1770.86,
      1649.57,
      2086.61,
      2390.85,
      1714.75,
      1445.43,
      1609.75,
      1678.76,
      1933.48,
      1903.79,
      1724.92,
      1844.47,
      1522.04,
      2061.2,
      1742.64,
      1922.63,
      1917.07,
      1538.21,
      1584.17,
      1514.71,
      1673.3,
      1650.29,
      1548.24,
      2024.34,
      1432.38,
      1647.86,
      1598.76,
      1538.61,
      1795.68,
      1986.9,
      1842.98,
      1764.13,
      1507.95,
      1553.59,
      1656.83,
      1895.73,
      2432.01,
      2464.71,
      2427.25,
      2126.36,
      1907.45,
      1997.02,
      2179.26,
      2407.86,
      2293.27,
      2155.08,
      2526.31,
      2252.91,
      2414.23,
      2207.53,
      2156.92,
      2594.96,
      2295.46,
      1931.65,
      2161.36,
      1600.68,
      1782.65,
      1715.67
    ]
  }
}