{
  "id": "135575d7-5c83-4037-90d9-2a017e4189bf",
  "duration": 7.488,
  "pitch": {
    "mean": 368.2,
    "max": 1821.3,
    "std": 259.26,
    "max_mean_ratio": 4.95
  },
  "energy": {
    "mean": 0.069284,
    "max": 0.117501,
    "std": 0.026996,
    "rate_of_change": 0.014894
  },
  "speech_rate": {
    "chars_per_sec": 19.37,
    "words_per_sec": 3.71,
    "segment_count": 2
  },
  "spectral_centroid": {
    "mean": 1950.99
  },
  "timeseries": {
    "frame_sec": 0.5,
    "pitch": [
      577.58,
      336.18,
      191.62,
      449.98,
      357.45,
      349.41,
      333.47,
      313.27,
      400.1,
      289.87,
      389.34,
      515.17,
      289.37,
      438.74,
      327.27
    ],
    "energy": [
      0.073829,
      0.062905,
      0.025076,
      0.066902,
      0.075478,
      0.088059,
      0.06373,
      0.040327,
      0.075189,
      0.076991,
      0.068198,
      0.064995,
      0.057663,
      0.077904,
      0.082321
    ],
    "spectral_centroid": [
      1950.03,
      1611.43,
      2448.8,
      2173.94,
      1970.17,
      1283.3,
      1741.04,
      2240.81,
      1674.75,
      1392.3,
      2376.91,
      2005.09,
      2222.33,
      2102.37,
      2071.04
    ]
  }
}