{
  "id": "13582ca6-da19-4639-a169-d808940a0d2a",
  "duration": 13.461,
  "pitch": {
    "mean": 625.52,
    "max": 2087.0,
    "std": 571.22,
    "max_mean_ratio": 3.34
  },
  "energy": {
    "mean": 0.069796,
    "max": 0.191687,
    "std": 0.050927,
    "rate_of_change": 0.013554
  },
  "speech_rate": {
    "chars_per_sec": 13.63,
    "words_per_sec": 2.48,
    "segment_count": 5
  },
  "spectral_centroid": {
    "mean": 2477.55
  },
  "timeseries": {
    "frame_sec": 0.5,
    "pitch": [
      419.94,
      835.82,
      426.07,
      417.19,
      984.09,
      739.18,
      583.27,
      565.92,
      1067.08,
      379.26,
      553.96,
      359.39,
      135.87,
      188.04,
      402.98,
      750.16,
      435.36,
      551.36,
      510.33,
      452.04,
      421.49,
      642.16,
      843.74,
      1067.01,
      1092.37,
      1050.68,
      980.21
    ],
    "energy": [
      0.044967,
      0.093985,
      0.058667,
      0.046092,
      0.110377,
      0.098123,
      0.039775,
      0.045767,
      0.088438,
      0.015524,
      0.056142,
      0.047921,
      0.011624,
      0.015436,
      0.043293,
      0.088674,
      0.064998,
      0.103708,
      0.024924,
      0.033914,
      0.062822,
      0.060475,
      0.101079,
      0.099948,
      0.110814,
      0.1213,
      0.105657
    ],
    "spectral_centroid": [
      2375.79,
      2305.15,
      1941.2,
      2213.53,
      2398.76,
      2533.7,
      2627.3,
      2355.84,
      2528.09,
      2345.0,
      2954.71,
      3093.94,
      2347.62,
      2223.85,
      2710.78,
      2170.34,
      2506.75,
      2625.74,
      2375.81,
      2478.23,
      2491.98,
      2639.88,
      2347.35,
      2894.58,
      2589.65,
      2443.73,
      2368.59
    ]
  }
}