{
  "id": "13a4d288-092c-406f-b52d-556d34f65761",
  "duration": 11.328,
  "pitch": {
    "mean": 404.12,
    "max": 1873.83,
    "std": 355.51,
    "max_mean_ratio": 4.64
  },
  "energy": {
    "mean": 0.029833,
    "max": 0.079617,
    "std": 0.013264,
    "rate_of_change": 0.005941
  },
  "speech_rate": {
    "chars_per_sec": 17.12,
    "words_per_sec": 3.1,
    "segment_count": 4
  },
  "spectral_centroid": {
    "mean": 1964.39
  },
  "timeseries": {
    "frame_sec": 0.5,
    "pitch": [
      358.28,
      295.74,
      343.46,
      485.38,
      516.14,
      479.94,
      202.75,
      137.78,
      374.37,
      379.34,
      312.22,
      744.12,
      565.81,
      780.76,
      584.23,
      187.99,
      443.05,
      173.0,
      215.37,
      239.99,
      417.28,
      538.15,
      398.65
    ],
    "energy": [
      0.034616,
      0.039961,
      0.033266,
      0.032622,
      0.022463,
      0.028925,
      0.020507,
      0.026272,
      0.021919,
      0.032066,
      0.028238,
      0.018584,
      0.015913,
      0.020103,
      0.020073,
      0.031158,
      0.022362,
      0.037707,
      0.022044,
      0.041499,
      0.027604,
      0.037676,
      0.046997
    ],
    "spectral_centroid": [
      1818.25,
      1849.87,
      1718.94,
      2117.25,
      1956.83,
      2055.35,
      1717.14,
      2039.96,
      1844.28,
      1712.11,
      1734.09,
      1832.7,
      1978.44,
      1977.69,
      2281.49,
      1710.13,
      1867.83,
      1691.56,
      2016.79,
      2752.95,
      2358.82,
      2187.89,
      1857.65
    ]
  }
}