{
  "id": "13e9ee3a-4fbd-49af-aae4-be198b49ce37",
  "duration": 11.307,
  "pitch": {
    "mean": 273.47,
    "max": 1701.19,
    "std": 226.44,
    "max_mean_ratio": 6.22
  },
  "energy": {
    "mean": 0.048342,
    "max": 0.088725,
    "std": 0.020172,
    "rate_of_change": 0.006756
  },
  "speech_rate": {
    "chars_per_sec": 17.55,
    "words_per_sec": 3.01,
    "segment_count": 5
  },
  "spectral_centroid": {
    "mean": 2026.29
  },
  "timeseries": {
    "frame_sec": 0.5,
    "pitch": [
      277.7,
      197.75,
      220.81,
      323.76,
      210.06,
      420.37,
      447.07,
      289.29,
      217.52,
      119.5,
      202.32,
      242.42,
      287.97,
      120.12,
      300.66,
      336.57,
      446.53,
      249.31,
      290.13,
      246.76,
      371.36,
      271.87,
      174.21
    ],
    "energy": [
      0.046986,
      0.047637,
      0.052811,
      0.050155,
      0.036104,
      0.062013,
      0.061302,
      0.060038,
      0.059008,
      0.025646,
      0.045391,
      0.039593,
      0.018186,
      0.023827,
      0.017968,
      0.015226,
      0.050798,
      0.063435,
      0.056631,
      0.055504,
      0.066929,
      0.048813,
      0.062431
    ],
    "spectral_centroid": [
      2120.53,
      2690.03,
      1991.09,
      1860.05,
      2365.64,
      1991.6,
      1804.51,
      1959.08,
      1739.33,
      2252.44,
      1986.81,
      1775.24,
      2243.97,
      2279.22,
      2185.37,
      2472.46,
      2092.54,
      2267.36,
      1521.49,
      1932.2,
      1597.46,
      1716.75,
      1496.16
    ]
  }
}