{
  "id": "14271aef-155a-4bb7-aa9d-31766b51c073",
  "duration": 8.896,
  "pitch": {
    "mean": 509.22,
    "max": 1689.54,
    "std": 273.41,
    "max_mean_ratio": 3.32
  },
  "energy": {
    "mean": 0.071934,
    "max": 0.179223,
    "std": 0.041667,
    "rate_of_change": 0.018577
  },
  "speech_rate": {
    "chars_per_sec": 10.25,
    "words_per_sec": 2.14,
    "segment_count": 6
  },
  "spectral_centroid": {
    "mean": 2054.49
  },
  "timeseries": {
    "frame_sec": 0.5,
    "pitch": [
      422.88,
      409.93,
      402.21,
      119.85,
      456.75,
      674.44,
      317.48,
      568.62,
      452.88,
      401.27,
      324.61,
      489.42,
      510.48,
      647.15,
      654.9,
      762.05,
      869.08,
      849.97
    ],
    "energy": [
      0.037086,
      0.05453,
      0.04325,
      0.030278,
      0.093919,
      0.107919,
      0.024229,
      0.065596,
      0.043353,
      0.057756,
      0.046828,
      0.042578,
      0.090806,
      0.123424,
      0.118114,
      0.098469,
      0.092489,
      0.061757
    ],
    "spectral_centroid": [
      1619.89,
      1504.86,
      1908.38,
      1626.05,
      2028.84,
      2148.65,
      2076.47,
      1752.95,
      2212.16,
      1694.67,
      2156.78,
      2009.15,
      1988.94,
      2426.53,
      2553.57,
      2154.55,
      2513.46,
      2656.83
    ]
  }
}