{
  "id": "144769aa-3bb2-4a3f-9b8e-e19270c75356",
  "duration": 7.915,
  "pitch": {
    "mean": 421.43,
    "max": 1772.1,
    "std": 360.71,
    "max_mean_ratio": 4.2
  },
  "energy": {
    "mean": 0.027879,
    "max": 0.139312,
    "std": 0.030616,
    "rate_of_change": 0.017191
  },
  "speech_rate": {
    "chars_per_sec": 6.62,
    "words_per_sec": 1.27,
    "segment_count": 4
  },
  "spectral_centroid": {
    "mean": 1965.19
  },
  "timeseries": {
    "frame_sec": 0.5,
    "pitch": [
      252.75,
      272.47,
      453.58,
      496.89,
      403.54,
      136.95,
      505.88,
      663.01,
      572.05,
      441.52,
      687.73,
      184.31,
      403.89,
      440.95,
      457.2,
      173.53
    ],
    "energy": [
      0.008456,
      0.007541,
      0.007476,
      0.027547,
      0.020186,
      0.010025,
      0.061025,
      0.049434,
      0.061407,
      0.009242,
      0.006092,
      0.013786,
      0.022988,
      0.073949,
      0.038515,
      0.005198
    ],
    "spectral_centroid": [
      1846.49,
      2045.77,
      2141.43,
      1871.19,
      1788.91,
      2384.93,
      1555.98,
      1779.34,
      1392.68,
      2165.68,
      2128.52,
      1965.15,
      2007.79,
      1969.89,
      1860.71,
      2754.76
    ]
  }
}