{
  "id": "15117138-3af7-406f-8f61-e74c1efccc2f",
  "duration": 16.128,
  "pitch": {
    "mean": 590.18,
    "max": 2088.44,
    "std": 501.92,
    "max_mean_ratio": 3.54
  },
  "energy": {
    "mean": 0.268233,
    "max": 0.588889,
    "std": 0.139739,
    "rate_of_change": 0.033801
  },
  "speech_rate": {
    "chars_per_sec": 16.94,
    "words_per_sec": 2.81,
    "segment_count": 4
  },
  "spectral_centroid": {
    "mean": 2122.58
  },
  "timeseries": {
    "frame_sec": 0.5,
    "pitch": [
      485.15,
      822.95,
      378.28,
      457.74,
      718.33,
      266.56,
      588.71,
      576.5,
      432.21,
      391.11,
      763.46,
      498.85,
      583.8,
      550.59,
      524.74,
      480.01,
      508.14,
      1091.56,
      532.93,
      696.76,
      921.52,
      462.95,
      1027.78,
      504.45,
      771.39,
      524.62,
      783.51,
      387.08,
      685.09,
      582.12,
      460.61,
      593.25,
      329.31
    ],
    "energy": [
      0.402621,
      0.291862,
      0.220418,
      0.319268,
      0.379229,
      0.074836,
      0.241527,
      0.280767,
      0.287352,
      0.230949,
      0.279578,
      0.205684,
      0.168705,
      0.168228,
      0.300398,
      0.436153,
      0.363453,
      0.31139,
      0.215756,
      0.331867,
      0.163398,
      0.267169,
      0.205213,
      0.057779,
      0.088212,
      0.099829,
      0.128737,
      0.299612,
      0.324125,
      0.348155,
      0.368305,
      0.353025,
      0.235782
    ],
    "spectral_centroid": [
      2336.92,
      1889.8,
      1955.12,
      2006.74,
      2078.77,
      2066.31,
      2375.17,
      1849.81,
      1858.87,
      1773.29,
      1818.44,
      2120.33,
      1914.34,
      2061.09,
      2345.65,
      1976.02,
      2477.83,
      2332.32,
      2414.16,
      1757.25,
      2396.54,
      2134.19,
      2066.06,
      2187.53,
      2565.48,
      2230.32,
      2233.79,
      2009.85,
      2251.98,
      2361.22,
      1979.97,
      2162.33,
      1834.6
    ]
  }
}