{
  "id": "152b1c09-7e7f-4312-959d-0fa1e82fb8bd",
  "duration": 9.323,
  "pitch": {
    "mean": 448.53,
    "max": 1204.48,
    "std": 223.84,
    "max_mean_ratio": 2.69
  },
  "energy": {
    "mean": 0.124915,
    "max": 0.281473,
    "std": 0.070411,
    "rate_of_change": 0.029088
  },
  "speech_rate": {
    "chars_per_sec": 20.0,
    "words_per_sec": 3.81,
    "segment_count": 2
  },
  "spectral_centroid": {
    "mean": 1873.34
  },
  "timeseries": {
    "frame_sec": 0.5,
    "pitch": [
      409.25,
      190.8,
      330.08,
      385.33,
      360.12,
      432.68,
      403.95,
      491.79,
      354.41,
      373.98,
      387.8,
      626.73,
      621.57,
      615.47,
      547.95,
      802.11,
      570.53,
      314.62,
      320.0
    ],
    "energy": [
      0.077748,
      0.01384,
      0.057983,
      0.104059,
      0.074626,
      0.096833,
      0.12384,
      0.17471,
      0.066353,
      0.083531,
      0.139945,
      0.193304,
      0.22664,
      0.164906,
      0.166018,
      0.151589,
      0.127669,
      0.123066,
      0.103614
    ],
    "spectral_centroid": [
      1865.56,
      2219.48,
      1495.85,
      1577.43,
      1593.73,
      2168.0,
      2104.92,
      1521.99,
      1677.59,
      1776.64,
      1726.21,
      1607.48,
      2009.39,
      1921.57,
      2388.25,
      2135.53,
      2014.97,
      1964.79,
      1803.63
    ]
  }
}