{
  "id": "15c8eb6b-6fab-409b-9449-627dfeb70da7",
  "duration": 9.749,
  "pitch": {
    "mean": 399.48,
    "max": 1558.35,
    "std": 236.71,
    "max_mean_ratio": 3.9
  },
  "energy": {
    "mean": 0.086771,
    "max": 0.341089,
    "std": 0.081757,
    "rate_of_change": 0.034664
  },
  "speech_rate": {
    "chars_per_sec": 5.45,
    "words_per_sec": 1.13,
    "segment_count": 4
  },
  "spectral_centroid": {
    "mean": 1844.68
  },
  "timeseries": {
    "frame_sec": 0.5,
    "pitch": [
      328.36,
      162.82,
      261.55,
      327.34,
      452.91,
      502.48,
      260.83,
      363.2,
      530.48,
      289.12,
      341.93,
      301.48,
      562.95,
      589.33,
      525.41,
      707.72,
      361.6,
      316.28,
      462.55,
      487.16
    ],
    "energy": [
      0.016841,
      0.005401,
      0.037004,
      0.092648,
      0.129722,
      0.122545,
      0.019974,
      0.091084,
      0.145422,
      0.018786,
      0.011549,
      0.109118,
      0.200042,
      0.188087,
      0.16873,
      0.102681,
      0.005788,
      0.037392,
      0.059063,
      0.084077
    ],
    "spectral_centroid": [
      1867.81,
      2081.2,
      1857.43,
      1212.16,
      1760.61,
      1300.1,
      2149.7,
      2052.26,
      1415.94,
      1825.45,
      2129.03,
      2452.79,
      2095.73,
      1730.75,
      2241.06,
      1692.28,
      1575.69,
      1637.52,
      2162.0,
      1627.09
    ]
  }
}