{
  "id": "15cc910b-d638-42e9-a312-854e77f8e4a9",
  "duration": 10.859,
  "pitch": {
    "mean": 384.14,
    "max": 2026.69,
    "std": 348.21,
    "max_mean_ratio": 5.28
  },
  "energy": {
    "mean": 0.034306,
    "max": 0.107314,
    "std": 0.019306,
    "rate_of_change": 0.009195
  },
  "speech_rate": {
    "chars_per_sec": 19.0,
    "words_per_sec": 3.83,
    "segment_count": 4
  },
  "spectral_centroid": {
    "mean": 1903.52
  },
  "timeseries": {
    "frame_sec": 0.5,
    "pitch": [
      390.9,
      302.48,
      284.5,
      225.68,
      339.24,
      260.62,
      173.39,
      182.96,
      382.49,
      299.2,
      501.39,
      321.4,
      318.48,
      407.59,
      922.32,
      469.06,
      658.03,
      482.88,
      305.55,
      319.66,
      462.0,
      459.14
    ],
    "energy": [
      0.058803,
      0.043829,
      0.017464,
      0.016339,
      0.022928,
      0.021403,
      0.016066,
      0.014619,
      0.015659,
      0.017951,
      0.019989,
      0.018713,
      0.03875,
      0.037327,
      0.029388,
      0.043508,
      0.071449,
      0.054106,
      0.044058,
      0.031866,
      0.044554,
      0.051219
    ],
    "spectral_centroid": [
      1895.9,
      2085.51,
      2066.72,
      1893.58,
      1710.44,
      2070.02,
      1667.05,
      2011.52,
      1846.73,
      1881.8,
      1779.91,
      2001.52,
      1934.1,
      1875.46,
      1817.23,
      1675.4,
      1897.61,
      2135.63,
      2453.88,
      2097.95,
      1591.72,
      1420.25
    ]
  }
}