{
  "id": "162d0fc0-66c8-42c0-b812-57c6cc9d82d8",
  "duration": 7.509,
  "pitch": {
    "mean": 307.84,
    "max": 1074.55,
    "std": 246.13,
    "max_mean_ratio": 3.49
  },
  "energy": {
    "mean": 0.052733,
    "max": 0.145551,
    "std": 0.030745,
    "rate_of_change": 0.017654
  },
  "speech_rate": {
    "chars_per_sec": 14.0,
    "words_per_sec": 2.67,
    "segment_count": 6
  },
  "spectral_centroid": {
    "mean": 1947.73
  },
  "timeseries": {
    "frame_sec": 0.5,
    "pitch": [
      130.39,
      158.76,
      441.65,
      340.12,
      169.76,
      228.81,
      525.64,
      284.36,
      273.16,
      238.19,
      336.69,
      562.35,
      185.62,
      321.35,
      390.13,
      903.17
    ],
    "energy": [
      0.030556,
      0.018058,
      0.035807,
      0.015692,
      0.024267,
      0.047354,
      0.095891,
      0.063081,
      0.048013,
      0.043206,
      0.043921,
      0.082581,
      0.060285,
      0.068195,
      0.078854,
      0.047269
    ],
    "spectral_centroid": [
      1519.59,
      1989.14,
      1501.23,
      1718.91,
      2210.32,
      1981.35,
      1950.74,
      1757.45,
      2309.98,
      2298.25,
      1922.26,
      2141.38,
      2079.33,
      1980.58,
      1853.35,
      1581.15
    ]
  }
}