{
  "id": "16a14554-2838-44bb-aac9-f051f8f61988",
  "duration": 8.149,
  "pitch": {
    "mean": 283.78,
    "max": 1254.4,
    "std": 235.26,
    "max_mean_ratio": 4.42
  },
  "energy": {
    "mean": 0.04333,
    "max": 0.172296,
    "std": 0.03568,
    "rate_of_change": 0.020342
  },
  "speech_rate": {
    "chars_per_sec": 17.16,
    "words_per_sec": 3.73,
    "segment_count": 6
  },
  "spectral_centroid": {
    "mean": 1787.56
  },
  "timeseries": {
    "frame_sec": 0.5,
    "pitch": [
      320.13,
      188.81,
      305.14,
      426.74,
      383.18,
      201.19,
      173.91,
      100.2,
      146.71,
      273.09,
      121.8,
      123.39,
      146.55,
      406.88,
      503.94,
      639.21,
      302.05
    ],
    "energy": [
      0.03002,
      0.022893,
      0.04077,
      0.043591,
      0.047796,
      0.037416,
      0.016255,
      0.033639,
      0.018057,
      0.024241,
      0.014449,
      0.02555,
      0.020662,
      0.096739,
      0.074725,
      0.119685,
      0.036192
    ],
    "spectral_centroid": [
      2044.58,
      1610.35,
      1771.88,
      2048.75,
      1862.89,
      1791.9,
      1893.22,
      1312.71,
      1533.21,
      1951.56,
      1567.86,
      1552.41,
      1665.66,
      1921.63,
      1832.22,
      2143.55,
      2243.45
    ]
  }
}