{
  "id": "16c720f3-778c-4466-b361-6e0d27e17d22",
  "duration": 7.744,
  "pitch": {
    "mean": 611.76,
    "max": 2076.62,
    "std": 492.99,
    "max_mean_ratio": 3.39
  },
  "energy": {
    "mean": 0.104549,
    "max": 0.297752,
    "std": 0.063005,
    "rate_of_change": 0.036811
  },
  "speech_rate": {
    "chars_per_sec": 17.83,
    "words_per_sec": 3.08,
    "segment_count": 2
  },
  "spectral_centroid": {
    "mean": 1955.36
  },
  "timeseries": {
    "frame_sec": 0.5,
    "pitch": [
      650.81,
      1433.29,
      313.97,
      652.65,
      923.26,
      676.24,
      683.24,
      570.13,
      624.1,
      253.74,
      137.31,
      704.87,
      450.36,
      535.08,
      441.92,
      310.82
    ],
    "energy": [
      0.10836,
      0.167065,
      0.039965,
      0.133435,
      0.104292,
      0.16409,
      0.122214,
      0.086124,
      0.110826,
      0.03961,
      0.037707,
      0.130868,
      0.106377,
      0.089928,
      0.080981,
      0.062078
    ],
    "spectral_centroid": [
      2571.89,
      2119.93,
      1618.03,
      1764.42,
      1761.56,
      1681.91,
      1561.11,
      1921.13,
      2086.96,
      1952.69,
      1915.13,
      1906.07,
      2130.15,
      2461.73,
      1744.43,
      2164.7
    ]
  }
}