{
  "id": "16f7ec0a-b105-40db-8195-f2284057da67",
  "duration": 12.971,
  "pitch": {
    "mean": 318.55,
    "max": 2071.22,
    "std": 319.48,
    "max_mean_ratio": 6.5
  },
  "energy": {
    "mean": 0.040554,
    "max": 0.118739,
    "std": 0.025661,
    "rate_of_change": 0.008144
  },
  "speech_rate": {
    "chars_per_sec": 12.73,
    "words_per_sec": 2.16,
    "segment_count": 3
  },
  "spectral_centroid": {
    "mean": 1849.96
  },
  "timeseries": {
    "frame_sec": 0.5,
    "pitch": [
      176.9,
      226.96,
      245.79,
      218.5,
      208.63,
      218.35,
      324.49,
      650.84,
      285.78,
      251.32,
      255.28,
      233.19,
      191.05,
      183.87,
      215.88,
      430.84,
      508.46,
      283.53,
      415.92,
      255.29,
      265.4,
      296.57,
      219.0,
      627.0,
      565.56,
      539.33
    ],
    "energy": [
      0.021799,
      0.01863,
      0.02086,
      0.037796,
      0.01791,
      0.052761,
      0.077797,
      0.055317,
      0.087253,
      0.068346,
      0.05779,
      0.034746,
      0.025802,
      0.022236,
      0.020388,
      0.039861,
      0.063875,
      0.018465,
      0.01743,
      0.018783,
      0.036748,
      0.02516,
      0.030186,
      0.045567,
      0.062904,
      0.037513
    ],
    "spectral_centroid": [
      1692.83,
      1536.98,
      1553.38,
      1775.35,
      1853.37,
      1768.18,
      2002.25,
      1747.57,
      2048.33,
      1951.83,
      2214.42,
      2120.69,
      1782.21,
      1911.95,
      1659.53,
      2269.58,
      1664.5,
      1837.02,
      1610.52,
      1836.62,
      1867.98,
      2013.81,
      1595.01,
      2022.7,
      2002.66,
      1805.2
    ]
  }
}