{
  "id": "170013c0-dd83-42c6-bb3b-7cf72145aff8",
  "duration": 11.349,
  "pitch": {
    "mean": 383.29,
    "max": 2083.05,
    "std": 380.06,
    "max_mean_ratio": 5.43
  },
  "energy": {
    "mean": 0.038262,
    "max": 0.165639,
    "std": 0.030517,
    "rate_of_change": 0.013614
  },
  "speech_rate": {
    "chars_per_sec": 7.05,
    "words_per_sec": 1.45,
    "segment_count": 5
  },
  "spectral_centroid": {
    "mean": 1996.85
  },
  "timeseries": {
    "frame_sec": 0.5,
    "pitch": [
      558.03,
      121.68,
      419.92,
      356.24,
      113.61,
      145.34,
      225.41,
      321.71,
      180.47,
      208.6,
      442.01,
      522.36,
      113.01,
      276.01,
      938.89,
      515.89,
      359.79,
      522.26,
      403.6,
      188.19,
      390.43,
      805.64,
      890.11
    ],
    "energy": [
      0.02545,
      0.013536,
      0.044736,
      0.021961,
      0.02143,
      0.0182,
      0.018785,
      0.013475,
      0.016662,
      0.042229,
      0.048646,
      0.022455,
      0.016942,
      0.020828,
      0.066914,
      0.036594,
      0.033503,
      0.043138,
      0.038851,
      0.042567,
      0.043574,
      0.129385,
      0.067504
    ],
    "spectral_centroid": [
      2030.8,
      1767.61,
      1915.74,
      2579.56,
      2471.17,
      1955.07,
      1617.71,
      2157.59,
      2635.82,
      2039.95,
      1882.32,
      2246.82,
      2380.42,
      2547.89,
      1936.24,
      1594.54,
      1633.9,
      1555.74,
      1631.88,
      1599.07,
      1993.92,
      1782.17,
      1845.77
    ]
  }
}