{
  "id": "1714368f-d3e9-4096-824e-3edb5548e5ff",
  "duration": 11.499,
  "pitch": {
    "mean": 507.71,
    "max": 2073.12,
    "std": 314.74,
    "max_mean_ratio": 4.08
  },
  "energy": {
    "mean": 0.064217,
    "max": 0.133013,
    "std": 0.028253,
    "rate_of_change": 0.011075
  },
  "speech_rate": {
    "chars_per_sec": 27.18,
    "words_per_sec": 5.36,
    "segment_count": 5
  },
  "spectral_centroid": {
    "mean": 1976.2
  },
  "timeseries": {
    "frame_sec": 0.5,
    "pitch": [
      435.16,
      823.03,
      473.68,
      869.27,
      555.01,
      813.83,
      425.82,
      469.95,
      383.06,
      338.11,
      270.34,
      463.69,
      568.84,
      426.64,
      279.98,
      463.15,
      458.05,
      272.52,
      413.44,
      429.99,
      680.73,
      805.04,
      618.79
    ],
    "energy": [
      0.076507,
      0.071477,
      0.075978,
      0.069254,
      0.041549,
      0.017721,
      0.058055,
      0.060373,
      0.035108,
      0.044563,
      0.040789,
      0.065565,
      0.074495,
      0.047945,
      0.057375,
      0.07024,
      0.044436,
      0.065658,
      0.072059,
      0.08453,
      0.080272,
      0.074981,
      0.082181
    ],
    "spectral_centroid": [
      2413.32,
      2713.44,
      2628.04,
      2043.19,
      2150.79,
      2350.83,
      1884.28,
      1690.06,
      1895.93,
      2049.8,
      1916.34,
      1311.38,
      1530.58,
      2000.96,
      1658.51,
      1222.39,
      2111.76,
      1905.62,
      1937.68,
      2211.27,
      2162.95,
      1960.57,
      1725.53
    ]
  }
}