{
  "id": "1718127f-cfdb-44cc-8705-8df36c01d2bf",
  "duration": 4.715,
  "pitch": {
    "mean": 354.68,
    "max": 1319.84,
    "std": 298.49,
    "max_mean_ratio": 3.72
  },
  "energy": {
    "mean": 0.075359,
    "max": 0.206029,
    "std": 0.035803,
    "rate_of_change": 0.037538
  },
  "speech_rate": {
    "chars_per_sec": 9.36,
    "words_per_sec": 1.49,
    "segment_count": 4
  },
  "spectral_centroid": {
    "mean": 2042.29
  },
  "timeseries": {
    "frame_sec": 0.5,
    "pitch": [
      139.98,
      211.77,
      484.45,
      501.18,
      228.01,
      430.39,
      731.79,
      197.02,
      275.23,
      434.38
    ],
    "energy": [
      0.065945,
      0.044793,
      0.077969,
      0.036964,
      0.091543,
      0.095557,
      0.113297,
      0.066585,
      0.059391,
      0.061643
    ],
    "spectral_centroid": [
      1898.29,
      1764.01,
      1637.75,
      2020.11,
      2280.64,
      2315.05,
      1696.86,
      2325.31,
      2501.53,
      1854.77
    ]
  }
}