{
  "id": "1759e382-e817-497d-92b3-d980fcff50b1",
  "duration": 12.651,
  "pitch": {
    "mean": 420.69,
    "max": 1838.15,
    "std": 249.09,
    "max_mean_ratio": 4.37
  },
  "energy": {
    "mean": 0.03604,
    "max": 0.269842,
    "std": 0.046981,
    "rate_of_change": 0.021021
  },
  "speech_rate": {
    "chars_per_sec": 18.56,
    "words_per_sec": 3.2,
    "segment_count": 3
  },
  "spectral_centroid": {
    "mean": 1934.09
  },
  "timeseries": {
    "frame_sec": 0.5,
    "pitch": [
      322.88,
      462.11,
      357.45,
      393.13,
      432.1,
      359.15,
      407.75,
      336.42,
      287.98,
      285.28,
      517.94,
      434.0,
      397.08,
      352.26,
      281.22,
      433.8,
      313.78,
      387.19,
      304.87,
      309.73,
      328.9,
      608.07,
      627.26,
      620.28,
      501.57,
      611.01
    ],
    "energy": [
      0.009396,
      0.017159,
      0.015341,
      0.029598,
      0.014594,
      0.016361,
      0.01227,
      0.015001,
      0.010597,
      0.015314,
      0.038916,
      0.03371,
      0.024167,
      0.019859,
      0.016597,
      0.020938,
      0.012964,
      0.013164,
      0.016453,
      0.0186,
      0.020391,
      0.108025,
      0.174075,
      0.112909,
      0.057212,
      0.080102
    ],
    "spectral_centroid": [
      1992.08,
      1399.21,
      1772.68,
      1836.75,
      1937.3,
      2077.74,
      1659.74,
      2266.27,
      2084.23,
      1749.21,
      2007.97,
      1716.77,
      2164.66,
      1962.02,
      2530.4,
      2058.36,
      1917.51,
      1553.84,
      2118.54,
      2601.82,
      2250.67,
      1658.87,
      1551.41,
      1542.43,
      2204.22,
      1333.45
    ]
  }
}