{
  "id": "179fa479-e895-4df3-aa47-257954ed2f95",
  "duration": 6.933,
  "pitch": {
    "mean": 463.36,
    "max": 1745.92,
    "std": 317.55,
    "max_mean_ratio": 3.77
  },
  "energy": {
    "mean": 0.077525,
    "max": 0.316722,
    "std": 0.084598,
    "rate_of_change": 0.045334
  },
  "speech_rate": {
    "chars_per_sec": 10.7,
    "words_per_sec": 1.66,
    "segment_count": 2
  },
  "spectral_centroid": {
    "mean": 1999.05
  },
  "timeseries": {
    "frame_sec": 0.5,
    "pitch": [
      237.79,
      284.34,
      486.73,
      396.56,
      446.44,
      165.26,
      130.11,
      792.64,
      652.03,
      616.4,
      672.63,
      714.7,
      399.08,
      556.31
    ],
    "energy": [
      0.027048,
      0.038565,
      0.066951,
      0.063818,
      0.037558,
      0.007476,
      0.014382,
      0.104334,
      0.195358,
      0.178193,
      0.1649,
      0.065742,
      0.024741,
      0.044986
    ],
    "spectral_centroid": [
      1943.04,
      2223.24,
      1603.38,
      1920.75,
      1675.52,
      2306.33,
      2486.3,
      2130.0,
      2023.0,
      1815.65,
      1703.92,
      2098.11,
      2036.15,
      2054.98
    ]
  }
}