{
  "id": "17d1ee46-bfb5-4f0c-bca0-0af24c3f92cb",
  "duration": 16.811,
  "pitch": {
    "mean": 550.9,
    "max": 1428.75,
    "std": 254.68,
    "max_mean_ratio": 2.59
  },
  "energy": {
    "mean": 0.050218,
    "max": 0.191371,
    "std": 0.030856,
    "rate_of_change": 0.010892
  },
  "speech_rate": {
    "chars_per_sec": 20.12,
    "words_per_sec": 4.23,
    "segment_count": 4
  },
  "spectral_centroid": {
    "mean": 1758.77
  },
  "timeseries": {
    "frame_sec": 0.5,
    "pitch": [
      640.09,
      332.82,
      606.54,
      346.54,
      432.51,
      413.78,
      381.22,
      502.31,
      641.64,
      808.01,
      751.13,
      443.23,
      521.97,
      435.82,
      482.5,
      485.26,
      582.32,
      582.37,
      532.42,
      614.42,
      703.43,
      645.76,
      575.9,
      419.72,
      420.82,
      480.61,
      769.78,
      487.74,
      425.38,
      404.02,
      482.43,
      605.02,
      1070.05,
      658.61
    ],
    "energy": [
      0.030615,
      0.027388,
      0.026777,
      0.027259,
      0.020781,
      0.019886,
      0.029948,
      0.029036,
      0.036915,
      0.074238,
      0.083182,
      0.033758,
      0.047447,
      0.033371,
      0.05622,
      0.03832,
      0.042218,
      0.042881,
      0.056719,
      0.074035,
      0.054535,
      0.040015,
      0.050588,
      0.037721,
      0.046565,
      0.031324,
      0.071285,
      0.055241,
      0.050067,
      0.069779,
      0.052326,
      0.042528,
      0.115822,
      0.09909
    ],
    "spectral_centroid": [
      1756.73,
      1906.93,
      1729.37,
      1576.45,
      1675.3,
      2051.06,
      1783.79,
      1585.82,
      1467.17,
      1879.24,
      1579.94,
      1772.62,
      1674.07,
      1781.88,
      1479.7,
      1809.87,
      1760.18,
      1708.32,
      1973.73,
      1749.88,
      1793.32,
      1531.79,
      1760.31,
      1925.2,
      1580.56,
      1836.44,
      1644.53,
      1606.4,
      2507.81,
      1663.93,
      1791.98,
      1879.65,
      1808.89,
      1646.71
    ]
  }
}