{
  "id": "1856dbe0-b8c7-41d3-b3e4-f4be0e3c9a85",
  "duration": 12.053,
  "pitch": {
    "mean": 401.74,
    "max": 1830.74,
    "std": 274.51,
    "max_mean_ratio": 4.56
  },
  "energy": {
    "mean": 0.020884,
    "max": 0.072466,
    "std": 0.011768,
    "rate_of_change": 0.00553
  },
  "speech_rate": {
    "chars_per_sec": 18.61,
    "words_per_sec": 3.69,
    "segment_count": 2
  },
  "spectral_centroid": {
    "mean": 1877.46
  },
  "timeseries": {
    "frame_sec": 0.5,
    "pitch": [
      780.31,
      349.43,
      442.62,
      352.2,
      447.4,
      376.98,
      509.43,
      469.08,
      462.07,
      374.88,
      253.98,
      393.58,
      283.13,
      555.26,
      395.5,
      316.61,
      274.28,
      226.94,
      216.38,
      488.82,
      348.45,
      521.14,
      276.23,
      541.73,
      638.17
    ],
    "energy": [
      0.046972,
      0.019829,
      0.019055,
      0.017575,
      0.016739,
      0.015292,
      0.020341,
      0.016656,
      0.020921,
      0.01548,
      0.016364,
      0.018266,
      0.018672,
      0.032712,
      0.017581,
      0.016054,
      0.019547,
      0.011791,
      0.013404,
      0.027241,
      0.0172,
      0.025882,
      0.012784,
      0.02337,
      0.011947
    ],
    "spectral_centroid": [
      1397.43,
      2109.78,
      1662.31,
      1989.04,
      1574.09,
      1853.48,
      1876.19,
      1332.73,
      2017.28,
      2114.7,
      2441.95,
      2204.63,
      1656.48,
      1579.01,
      1924.87,
      2217.92,
      2114.57,
      1596.61,
      1837.46,
      1983.27,
      1902.53,
      1697.46,
      2274.92,
      1811.45,
      1600.81
    ]
  }
}