{
  "id": "186644b6-9d5a-44fa-bb43-5cb34f55a085",
  "duration": 8.128,
  "pitch": {
    "mean": 422.47,
    "max": 2062.55,
    "std": 235.72,
    "max_mean_ratio": 4.88
  },
  "energy": {
    "mean": 0.026599,
    "max": 0.072405,
    "std": 0.01648,
    "rate_of_change": 0.008313
  },
  "speech_rate": {
    "chars_per_sec": 17.08,
    "words_per_sec": 3.34,
    "segment_count": 1
  },
  "spectral_centroid": {
    "mean": 1756.24
  },
  "timeseries": {
    "frame_sec": 0.5,
    "pitch": [
      328.78,
      534.04,
      382.55,
      400.16,
      362.85,
      345.47,
      330.19,
      201.19,
      496.52,
      254.08,
      691.77,
      542.36,
      598.64,
      471.5,
      456.49,
      426.82,
      593.93
    ],
    "energy": [
      0.02541,
      0.031134,
      0.020306,
      0.01533,
      0.019891,
      0.013662,
      0.01051,
      0.006956,
      0.022908,
      0.01852,
      0.031437,
      0.044218,
      0.056156,
      0.036054,
      0.028135,
      0.025191,
      0.019171
    ],
    "spectral_centroid": [
      1736.78,
      1547.09,
      1635.46,
      1612.16,
      1894.7,
      1590.95,
      1576.67,
      2160.11,
      1491.24,
      1796.68,
      2236.11,
      1746.78,
      1585.47,
      1650.27,
      2046.99,
      1733.63,
      1948.35
    ]
  }
}