{
  "id": "186cd3a2-4dae-44d4-bbe0-b7517a166972",
  "duration": 6.912,
  "pitch": {
    "mean": 319.47,
    "max": 992.08,
    "std": 225.7,
    "max_mean_ratio": 3.11
  },
  "energy": {
    "mean": 0.081058,
    "max": 0.165888,
    "std": 0.036761,
    "rate_of_change": 0.022085
  },
  "speech_rate": {
    "chars_per_sec": 13.66,
    "words_per_sec": 2.33,
    "segment_count": 1
  },
  "spectral_centroid": {
    "mean": 1766.68
  },
  "timeseries": {
    "frame_sec": 0.5,
    "pitch": [
      215.91,
      249.73,
      302.06,
      390.48,
      354.68,
      253.41,
      234.67,
      165.28,
      252.77,
      385.21,
      286.87,
      517.73,
      287.73,
      613.34
    ],
    "energy": [
      0.070323,
      0.09247,
      0.049631,
      0.072142,
      0.064467,
      0.04493,
      0.056264,
      0.084825,
      0.108093,
      0.086395,
      0.092297,
      0.122308,
      0.065093,
      0.075528
    ],
    "spectral_centroid": [
      1927.82,
      1560.36,
      2201.54,
      1256.92,
      1189.42,
      1509.74,
      1465.08,
      1450.31,
      1461.43,
      2267.53,
      1933.04,
      2104.93,
      2555.41,
      1939.19
    ]
  }
}