{
  "id": "18edd9ef-6485-49f2-8ceb-e0c2f2c08639",
  "duration": 14.677,
  "pitch": {
    "mean": 400.37,
    "max": 2069.88,
    "std": 327.05,
    "max_mean_ratio": 5.17
  },
  "energy": {
    "mean": 0.055043,
    "max": 0.207847,
    "std": 0.038231,
    "rate_of_change": 0.013347
  },
  "speech_rate": {
    "chars_per_sec": 14.44,
    "words_per_sec": 2.57,
    "segment_count": 7
  },
  "spectral_centroid": {
    "mean": 1758.89
  },
  "timeseries": {
    "frame_sec": 0.5,
    "pitch": [
      250.25,
      238.39,
      466.47,
      650.66,
      240.77,
      289.57,
      182.58,
      369.35,
      196.66,
      196.72,
      481.05,
      361.09,
      528.89,
      464.55,
      392.66,
      260.75,
      515.97,
      477.92,
      439.72,
      274.7,
      222.07,
      199.38,
      414.42,
      694.96,
      550.7,
      496.04,
      715.79,
      863.93,
      494.54,
      231.37
    ],
    "energy": [
      0.06145,
      0.034277,
      0.065529,
      0.065363,
      0.057858,
      0.077211,
      0.02552,
      0.013914,
      0.017552,
      0.023375,
      0.030818,
      0.036894,
      0.090084,
      0.074736,
      0.019119,
      0.036511,
      0.077977,
      0.061913,
      0.042427,
      0.018477,
      0.015598,
      0.015335,
      0.065562,
      0.073351,
      0.052074,
      0.065602,
      0.103562,
      0.140627,
      0.078358,
      0.017471
    ],
    "spectral_centroid": [
      1543.42,
      1629.56,
      1801.45,
      2142.74,
      1821.25,
      1918.44,
      1669.38,
      1776.64,
      1692.52,
      1689.5,
      1704.32,
      1588.36,
      1659.41,
      1699.75,
      1650.22,
      2052.54,
      1475.36,
      1713.49,
      1827.14,
      1831.34,
      1623.61,
      1599.37,
      1695.64,
      1830.86,
      1612.9,
      1960.1,
      1702.51,
      2206.32,
      1879.49,
      1736.86
    ]
  }
}