{
  "id": "191bdd95-c113-4c84-ba96-b692408646ed",
  "duration": 12.416,
  "pitch": {
    "mean": 626.35,
    "max": 2055.34,
    "std": 510.38,
    "max_mean_ratio": 3.28
  },
  "energy": {
    "mean": 0.07256,
    "max": 0.396295,
    "std": 0.065351,
    "rate_of_change": 0.031512
  },
  "speech_rate": {
    "chars_per_sec": 13.37,
    "words_per_sec": 2.43,
    "segment_count": 5
  },
  "spectral_centroid": {
    "mean": 1888.68
  },
  "timeseries": {
    "frame_sec": 0.5,
    "pitch": [
      858.92,
      659.76,
      617.08,
      604.72,
      703.45,
      172.99,
      220.84,
      285.85,
      533.89,
      421.99,
      383.62,
      458.65,
      631.78,
      886.16,
      1076.12,
      883.56,
      818.01,
      632.01,
      1028.46,
      525.97,
      782.99,
      772.59,
      370.9,
      524.05,
      738.99
    ],
    "energy": [
      0.107146,
      0.072769,
      0.077944,
      0.105459,
      0.021313,
      0.024872,
      0.019954,
      0.014536,
      0.011213,
      0.019295,
      0.010041,
      0.008148,
      0.022713,
      0.085009,
      0.089355,
      0.074896,
      0.096232,
      0.192234,
      0.113697,
      0.079036,
      0.141946,
      0.082567,
      0.068842,
      0.06123,
      0.118927
    ],
    "spectral_centroid": [
      1821.92,
      2347.88,
      1626.62,
      2248.76,
      1648.13,
      1959.86,
      1791.17,
      1722.2,
      1730.7,
      1934.98,
      1638.74,
      1430.25,
      1755.11,
      1870.07,
      1812.68,
      1954.43,
      2070.35,
      2068.97,
      2103.32,
      2201.93,
      1621.34,
      2035.68,
      2158.67,
      1704.8,
      1915.41
    ]
  }
}