{
  "id": "191b8cd9-af60-49a5-816b-1e0dd7aa5275",
  "duration": 13.547,
  "pitch": {
    "mean": 361.31,
    "max": 1320.64,
    "std": 264.91,
    "max_mean_ratio": 3.66
  },
  "energy": {
    "mean": 0.013232,
    "max": 0.059109,
    "std": 0.009329,
    "rate_of_change": 0.004119
  },
  "speech_rate": {
    "chars_per_sec": 19.22,
    "words_per_sec": 3.8,
    "segment_count": 3
  },
  "spectral_centroid": {
    "mean": 1745.17
  },
  "timeseries": {
    "frame_sec": 0.5,
    "pitch": [
      368.66,
      284.76,
      182.53,
      227.57,
      291.35,
      455.06,
      282.44,
      250.19,
      175.42,
      195.01,
      333.43,
      436.11,
      562.97,
      301.62,
      330.16,
      294.8,
      254.49,
      165.59,
      278.29,
      418.57,
      679.6,
      387.55,
      393.91,
      260.35,
      250.08,
      759.02,
      780.57,
      197.37
    ],
    "energy": [
      0.009177,
      0.009787,
      0.008465,
      0.008121,
      0.010226,
      0.010708,
      0.009029,
      0.007268,
      0.010179,
      0.009437,
      0.009208,
      0.012703,
      0.011132,
      0.010617,
      0.008926,
      0.013034,
      0.013921,
      0.011221,
      0.008867,
      0.018077,
      0.01417,
      0.012211,
      0.016124,
      0.009725,
      0.011443,
      0.036832,
      0.030696,
      0.007954
    ],
    "spectral_centroid": [
      1358.09,
      1625.59,
      1525.9,
      2090.08,
      1881.36,
      1726.54,
      1998.22,
      1386.28,
      1712.13,
      1902.36,
      1867.09,
      1603.25,
      1878.45,
      1860.17,
      1620.96,
      1648.09,
      1493.85,
      2227.77,
      1982.67,
      2007.91,
      1856.91,
      1549.44,
      2121.81,
      1390.52,
      1563.79,
      1683.35,
      1573.61,
      1745.67
    ]
  }
}