{
  "id": "19a1513c-4cff-4de7-a34e-cf56e53b4935",
  "duration": 9.195,
  "pitch": {
    "mean": 489.46,
    "max": 1535.61,
    "std": 285.92,
    "max_mean_ratio": 3.14
  },
  "energy": {
    "mean": 0.107551,
    "max": 0.27736,
    "std": 0.064804,
    "rate_of_change": 0.028467
  },
  "speech_rate": {
    "chars_per_sec": 16.67,
    "words_per_sec": 3.04,
    "segment_count": 6
  },
  "spectral_centroid": {
    "mean": 2022.11
  },
  "timeseries": {
    "frame_sec": 0.5,
    "pitch": [
      209.77,
      484.8,
      481.23,
      505.68,
      572.5,
      448.91,
      290.9,
      517.86,
      597.42,
      722.99,
      562.77,
      607.55,
      437.68,
      490.65,
      505.75,
      617.31,
      292.9,
      507.78,
      502.82
    ],
    "energy": [
      0.030398,
      0.16699,
      0.117903,
      0.098011,
      0.133417,
      0.114751,
      0.059866,
      0.117427,
      0.095283,
      0.128961,
      0.017937,
      0.058961,
      0.12506,
      0.11374,
      0.114746,
      0.198696,
      0.033647,
      0.109786,
      0.11622
    ],
    "spectral_centroid": [
      2381.18,
      2115.63,
      1961.47,
      2025.76,
      2058.77,
      2197.98,
      1724.85,
      1553.05,
      2065.69,
      2250.45,
      2084.93,
      1923.45,
      1794.13,
      2011.05,
      1944.13,
      1916.74,
      2480.19,
      2011.87,
      1659.18
    ]
  }
}