{
  "id": "19ab6cd9-ba87-4aca-ab4b-22708fca5c09",
  "duration": 12.245,
  "pitch": {
    "mean": 415.32,
    "max": 1997.02,
    "std": 229.45,
    "max_mean_ratio": 4.81
  },
  "energy": {
    "mean": 0.032779,
    "max": 0.122156,
    "std": 0.022136,
    "rate_of_change": 0.009651
  },
  "speech_rate": {
    "chars_per_sec": 11.31,
    "words_per_sec": 2.2,
    "segment_count": 2
  },
  "spectral_centroid": {
    "mean": 1815.62
  },
  "timeseries": {
    "frame_sec": 0.5,
    "pitch": [
      341.98,
      440.07,
      241.25,
      499.19,
      351.12,
      480.1,
      313.09,
      437.28,
      443.47,
      369.91,
      259.0,
      431.54,
      375.15,
      312.77,
      384.04,
      422.02,
      523.5,
      381.68,
      565.33,
      578.28,
      446.76,
      620.67,
      430.92,
      386.49,
      246.32
    ],
    "energy": [
      0.038966,
      0.021534,
      0.012375,
      0.029337,
      0.026171,
      0.031713,
      0.017781,
      0.011413,
      0.02988,
      0.007903,
      0.029313,
      0.029452,
      0.025124,
      0.023522,
      0.023537,
      0.037739,
      0.027705,
      0.030832,
      0.047189,
      0.063093,
      0.040655,
      0.070982,
      0.061432,
      0.020386,
      0.022557
    ],
    "spectral_centroid": [
      1856.03,
      1960.86,
      2331.1,
      1968.45,
      2169.71,
      1508.0,
      1511.19,
      2011.2,
      1392.93,
      1725.82,
      2443.32,
      1576.62,
      1580.98,
      1519.63,
      1648.64,
      1635.95,
      1737.48,
      1801.32,
      1755.82,
      2186.7,
      2344.99,
      1600.01,
      1463.27,
      1903.06,
      1733.02
    ]
  }
}