{
  "id": "19e14a37-8b9c-4279-b14d-b26560acc65b",
  "duration": 13.099,
  "pitch": {
    "mean": 430.43,
    "max": 1543.14,
    "std": 239.04,
    "max_mean_ratio": 3.59
  },
  "energy": {
    "mean": 0.027488,
    "max": 0.116781,
    "std": 0.018586,
    "rate_of_change": 0.008529
  },
  "speech_rate": {
    "chars_per_sec": 19.19,
    "words_per_sec": 3.75,
    "segment_count": 3
  },
  "spectral_centroid": {
    "mean": 1956.85
  },
  "timeseries": {
    "frame_sec": 0.5,
    "pitch": [
      473.91,
      394.06,
      378.19,
      549.97,
      640.52,
      180.72,
      521.92,
      289.84,
      391.88,
      504.75,
      687.34,
      451.14,
      375.07,
      419.03,
      350.73,
      334.1,
      233.48,
      380.45,
      269.13,
      306.51,
      544.35,
      675.57,
      493.43,
      479.66,
      420.5,
      538.74,
      460.19
    ],
    "energy": [
      0.040009,
      0.02173,
      0.03436,
      0.025655,
      0.037131,
      0.007476,
      0.026359,
      0.011658,
      0.012526,
      0.011501,
      0.018309,
      0.01667,
      0.035229,
      0.043412,
      0.029132,
      0.025214,
      0.028616,
      0.030508,
      0.021481,
      0.015383,
      0.027582,
      0.020022,
      0.008154,
      0.030566,
      0.037921,
      0.062,
      0.038615
    ],
    "spectral_centroid": [
      1577.98,
      1548.39,
      2433.24,
      2657.65,
      2191.29,
      2488.89,
      1771.72,
      1933.86,
      1900.17,
      1898.21,
      1727.67,
      1738.36,
      1614.06,
      1747.15,
      1635.05,
      1805.17,
      2576.49,
      1996.78,
      1962.3,
      1924.83,
      2192.44,
      1840.46,
      2083.46,
      1896.73,
      2060.45,
      1635.31,
      1720.43
    ]
  }
}