{
  "id": "19ea81d3-4f64-416a-9777-6931798187ee",
  "duration": 5.675,
  "pitch": {
    "mean": 343.26,
    "max": 1572.55,
    "std": 281.43,
    "max_mean_ratio": 4.58
  },
  "energy": {
    "mean": 0.054218,
    "max": 0.19298,
    "std": 0.032189,
    "rate_of_change": 0.03129
  },
  "speech_rate": {
    "chars_per_sec": 13.74,
    "words_per_sec": 2.75,
    "segment_count": 1
  },
  "spectral_centroid": {
    "mean": 2044.09
  },
  "timeseries": {
    "frame_sec": 0.5,
    "pitch": [
      363.29,
      258.65,
      443.29,
      513.78,
      362.14,
      189.92,
      226.15,
      425.28,
      226.51,
      251.22,
      350.0,
      532.52
    ],
    "energy": [
      0.043571,
      0.032911,
      0.060823,
      0.110162,
      0.042885,
      0.023211,
      0.043247,
      0.064772,
      0.054053,
      0.043373,
      0.055852,
      0.037873
    ],
    "spectral_centroid": [
      1627.06,
      2006.13,
      1932.78,
      1628.26,
      2113.95,
      2307.96,
      2226.03,
      2534.15,
      2068.36,
      2160.23,
      1927.08,
      1894.39
    ]
  }
}