{
  "id": "1a05e0af-5c0c-4552-ac0c-276d9f812452",
  "duration": 34.347,
  "pitch": {
    "mean": 326.44,
    "max": 1914.35,
    "std": 251.0,
    "max_mean_ratio": 5.86
  },
  "energy": {
    "mean": 0.036376,
    "max": 0.130422,
    "std": 0.029391,
    "rate_of_change": 0.003725
  },
  "speech_rate": {
    "chars_per_sec": 6.81,
    "words_per_sec": 1.34,
    "segment_count": 9
  },
  "spectral_centroid": {
    "mean": 1873.75
  },
  "timeseries": {
    "frame_sec": 0.5,
    "pitch": [
      354.58,
      364.55,
      412.01,
      440.83,
      464.04,
      401.66,
      248.92,
      308.05,
      118.66,
      210.34,
      168.86,
      513.73,
      107.77,
      230.91,
      147.03,
      210.24,
      155.6,
      328.85,
      365.14,
      445.13,
      149.47,
      98.78,
      213.0,
      125.83,
      163.57,
      397.86,
      379.18,
      383.2,
      368.85,
      361.67,
      474.9,
      341.18,
      400.43,
      359.21,
      320.83,
      371.5,
      331.36,
      446.74,
      343.67,
      330.65,
      315.46,
      492.03,
      189.55,
      192.81,
      576.28,
      365.91,
      278.38,
      650.35,
      430.0,
      557.28,
      365.92,
      110.47,
      122.31,
      104.39,
      118.32,
      244.77,
      328.62,
      337.42,
      338.1,
      489.36,
      388.81,
      658.84,
      132.4,
      294.04,
      451.42,
      403.98,
      317.43,
      328.59,
      438.61
    ],
    "energy": [
      0.050773,
      0.050532,
      0.044479,
      0.057572,
      0.049288,
      0.051042,
      0.03657,
      0.020841,
      0.012529,
      0.008042,
      0.008052,
      0.009685,
      0.006997,
      0.006542,
      0.013467,
      0.009794,
      0.007715,
      0.051273,
      0.060404,
      0.069966,
      0.010772,
      0.009621,
      0.009186,
      0.010687,
      0.027001,
      0.05572,
      0.063182,
      0.070507,
      0.055111,
      0.056298,
      0.047147,
      0.006222,
      0.032697,
      0.069776,
      0.049861,
      0.064261,
      0.054887,
      0.066639,
      0.048652,
      0.026349,
      0.006562,
      0.005163,
      0.006328,
      0.009594,
      0.003645,
      0.003445,
      0.006731,
      0.005228,
      0.056048,
      0.036954,
      0.006135,
      0.012522,
      0.012544,
      0.012007,
      0.014527,
      0.03076,
      0.047911,
      0.056739,
      0.066372,
      0.077088,
      0.06106,
      0.039948,
      0.010006,
      0.055294,
      0.085676,
      0.070975,
      0.043039,
      0.047715,
      0.056117
    ],
    "spectral_centroid": [
      1932.3,
      1458.89,
      1632.46,
      1610.43,
      1316.21,
      1404.87,
      2004.82,
      1759.15,
      2262.4,
      1990.74,
      1750.28,
      2539.98,
      2170.57,
      1846.16,
      2284.23,
      1976.65,
      2196.08,
      1632.5,
      1930.54,
      1407.48,
      2120.06,
      1703.87,
      2085.84,
      2431.39,
      2305.21,
      1998.42,
      2343.44,
      1763.82,
      2120.45,
      1477.5,
      1280.73,
      1967.58,
      1542.22,
      2020.6,
      2339.67,
      1961.23,
      2133.97,
      1353.02,
      1725.13,
      1911.77,
      1617.18,
      1903.78,
      1594.22,
      1658.0,
      1708.14,
      1792.31,
      1572.84,
      1672.27,
      1167.94,
      1617.12,
      2299.97,
      2128.5,
      2406.93,
      1860.25,
      1605.06,
      1830.28,
      1494.49,
      2186.11,
      2084.81,
      1148.36,
      1705.22,
      1995.38,
      1865.68,
      2750.13,
      1386.85,
      1983.29,
      2903.2,
      1598.77,
      2143.65
    ]
  }
}