{
  "id": "1a104396-f2d2-4311-b8be-c539e656c46b",
  "duration": 12.885,
  "pitch": {
    "mean": 457.82,
    "max": 1787.86,
    "std": 316.16,
    "max_mean_ratio": 3.91
  },
  "energy": {
    "mean": 0.067041,
    "max": 0.172524,
    "std": 0.043792,
    "rate_of_change": 0.012814
  },
  "speech_rate": {
    "chars_per_sec": 15.94,
    "words_per_sec": 2.87,
    "segment_count": 2
  },
  "spectral_centroid": {
    "mean": 1999.05
  },
  "timeseries": {
    "frame_sec": 0.5,
    "pitch": [
      254.82,
      276.37,
      405.29,
      506.08,
      498.89,
      452.26,
      238.62,
      438.14,
      596.64,
      139.14,
      336.37,
      390.41,
      442.86,
      287.71,
      98.9,
      257.3,
      533.89,
      786.22,
      948.63,
      639.69,
      271.85,
      769.64,
      559.45,
      785.54,
      685.86,
      356.43
    ],
    "energy": [
      0.015496,
      0.067523,
      0.067416,
      0.090058,
      0.065596,
      0.071827,
      0.012463,
      0.078679,
      0.071469,
      0.013071,
      0.041213,
      0.087626,
      0.08553,
      0.049592,
      0.011807,
      0.03927,
      0.105249,
      0.055989,
      0.118303,
      0.094261,
      0.045234,
      0.095367,
      0.063105,
      0.106851,
      0.082461,
      0.017725
    ],
    "spectral_centroid": [
      1666.81,
      1976.79,
      2036.43,
      1621.28,
      2023.53,
      1709.33,
      2578.43,
      1856.3,
      1922.22,
      1848.39,
      1825.69,
      1824.29,
      2303.06,
      1824.16,
      1850.73,
      2016.25,
      1905.78,
      1984.63,
      2022.68,
      2130.73,
      2746.64,
      2029.08,
      2065.04,
      2007.66,
      1991.78,
      2179.09
    ]
  }
}