{
  "id": "1a2dcaf2-67f3-4ef7-81c3-4cbbaae8158b",
  "duration": 16.533,
  "pitch": {
    "mean": 394.47,
    "max": 2021.98,
    "std": 309.54,
    "max_mean_ratio": 5.13
  },
  "energy": {
    "mean": 0.049569,
    "max": 0.144209,
    "std": 0.031753,
    "rate_of_change": 0.008559
  },
  "speech_rate": {
    "chars_per_sec": 13.14,
    "words_per_sec": 2.04,
    "segment_count": 6
  },
  "spectral_centroid": {
    "mean": 1922.01
  },
  "timeseries": {
    "frame_sec": 0.5,
    "pitch": [
      234.56,
      345.77,
      527.32,
      304.49,
      419.03,
      155.59,
      512.95,
      645.51,
      525.78,
      381.1,
      564.33,
      398.16,
      435.2,
      369.18,
      619.27,
      275.37,
      486.27,
      247.35,
      223.17,
      277.67,
      585.73,
      110.41,
      200.69,
      128.02,
      193.22,
      287.58,
      288.7,
      320.13,
      504.57,
      637.02,
      622.53,
      458.31,
      482.47,
      149.46
    ],
    "energy": [
      0.006661,
      0.033011,
      0.033493,
      0.032989,
      0.020128,
      0.018599,
      0.075557,
      0.082826,
      0.065878,
      0.049105,
      0.038391,
      0.046244,
      0.061101,
      0.056618,
      0.085972,
      0.027282,
      0.057809,
      0.028265,
      0.017475,
      0.050448,
      0.05036,
      0.012633,
      0.007225,
      0.015519,
      0.045157,
      0.068539,
      0.071363,
      0.060792,
      0.073026,
      0.081019,
      0.078651,
      0.064033,
      0.038922,
      0.023433
    ],
    "spectral_centroid": [
      1642.83,
      1891.98,
      1606.77,
      1986.12,
      1566.34,
      1598.42,
      1857.65,
      1945.75,
      1972.28,
      2417.56,
      1538.52,
      2199.11,
      1672.15,
      1617.37,
      1954.79,
      2632.16,
      1944.27,
      3157.87,
      1696.64,
      2475.27,
      1704.73,
      1591.68,
      1735.27,
      1821.2,
      1492.68,
      1575.88,
      1605.91,
      2334.3,
      2087.41,
      1702.05,
      1763.06,
      2581.63,
      1968.84,
      2230.1
    ]
  }
}