{
  "id": "1a2f626c-5677-45d4-bd61-9771090e3ce2",
  "duration": 11.413,
  "pitch": {
    "mean": 498.91,
    "max": 2086.4,
    "std": 526.82,
    "max_mean_ratio": 4.18
  },
  "energy": {
    "mean": 0.06343,
    "max": 0.228093,
    "std": 0.054742,
    "rate_of_change": 0.01943
  },
  "speech_rate": {
    "chars_per_sec": 9.74,
    "words_per_sec": 1.58,
    "segment_count": 4
  },
  "spectral_centroid": {
    "mean": 2130.64
  },
  "timeseries": {
    "frame_sec": 0.5,
    "pitch": [
      131.0,
      126.85,
      160.67,
      187.83,
      322.39,
      705.19,
      894.28,
      859.46,
      903.26,
      308.18,
      454.76,
      434.22,
      111.54,
      452.76,
      647.66,
      139.67,
      597.65,
      287.47,
      637.04,
      1149.7,
      615.61,
      667.99,
      634.7
    ],
    "energy": [
      0.01151,
      0.01432,
      0.026775,
      0.033648,
      0.044838,
      0.068295,
      0.052898,
      0.102746,
      0.122617,
      0.01743,
      0.017589,
      0.019819,
      0.024339,
      0.047186,
      0.129104,
      0.019422,
      0.103001,
      0.030946,
      0.078757,
      0.10918,
      0.097881,
      0.101995,
      0.13627
    ],
    "spectral_centroid": [
      1916.79,
      2001.85,
      1966.09,
      1740.76,
      1889.08,
      2186.64,
      2580.12,
      2276.1,
      2335.21,
      1993.48,
      2083.21,
      2181.91,
      2242.97,
      2217.25,
      1785.56,
      2242.45,
      1825.63,
      2618.46,
      2383.32,
      2501.07,
      2326.82,
      1842.48,
      1781.31
    ]
  }
}