{
  "id": "1a689d96-3f0e-448a-842d-c689bfc4d79f",
  "duration": 11.925,
  "pitch": {
    "mean": 551.22,
    "max": 2021.77,
    "std": 325.66,
    "max_mean_ratio": 3.67
  },
  "energy": {
    "mean": 0.089799,
    "max": 0.22951,
    "std": 0.043826,
    "rate_of_change": 0.017928
  },
  "speech_rate": {
    "chars_per_sec": 19.3,
    "words_per_sec": 4.03,
    "segment_count": 1
  },
  "spectral_centroid": {
    "mean": 1820.79
  },
  "timeseries": {
    "frame_sec": 0.5,
    "pitch": [
      160.04,
      91.46,
      476.39,
      531.51,
      517.13,
      838.69,
      424.18,
      547.29,
      768.18,
      781.42,
      526.79,
      785.18,
      532.08,
      449.54,
      580.7,
      561.52,
      460.0,
      452.86,
      505.79,
      719.85,
      628.45,
      686.39,
      608.41,
      698.49
    ],
    "energy": [
      0.025036,
      0.020873,
      0.074023,
      0.108758,
      0.10478,
      0.086729,
      0.0354,
      0.122704,
      0.121115,
      0.11749,
      0.089381,
      0.114206,
      0.096083,
      0.117434,
      0.073649,
      0.077246,
      0.084339,
      0.096896,
      0.05507,
      0.072694,
      0.108717,
      0.095022,
      0.067736,
      0.083821
    ],
    "spectral_centroid": [
      1903.6,
      1568.87,
      1555.56,
      1739.41,
      1588.17,
      1732.94,
      2009.18,
      2192.33,
      2058.59,
      1810.59,
      1860.45,
      1703.09,
      1704.15,
      2084.31,
      1765.92,
      1646.76,
      1576.28,
      1766.44,
      2385.98,
      1931.96,
      1769.05,
      1889.05,
      1739.24,
      1720.31
    ]
  }
}