{
  "id": "1a768b15-3b18-4cce-b83d-7bbb24e28fb9",
  "duration": 7.061,
  "pitch": {
    "mean": 329.56,
    "max": 1728.67,
    "std": 223.59,
    "max_mean_ratio": 5.25
  },
  "energy": {
    "mean": 0.02439,
    "max": 0.061729,
    "std": 0.013717,
    "rate_of_change": 0.008133
  },
  "speech_rate": {
    "chars_per_sec": 12.14,
    "words_per_sec": 2.59,
    "segment_count": 2
  },
  "spectral_centroid": {
    "mean": 2016.87
  },
  "timeseries": {
    "frame_sec": 0.5,
    "pitch": [
      137.27,
      150.01,
      414.14,
      428.83,
      343.82,
      393.58,
      280.43,
      295.23,
      354.3,
      232.3,
      399.05,
      358.14,
      434.13,
      301.84,
      508.49
    ],
    "energy": [
      0.00748,
      0.007234,
      0.023748,
      0.024973,
      0.035686,
      0.025339,
      0.017422,
      0.022706,
      0.020203,
      0.017312,
      0.032654,
      0.035218,
      0.029517,
      0.022927,
      0.025569
    ],
    "spectral_centroid": [
      2366.51,
      2156.21,
      1660.65,
      1938.78,
      1984.57,
      2077.42,
      1792.27,
      2045.09,
      1952.36,
      2201.87,
      2033.29,
      1742.51,
      2332.65,
      1929.25,
      1619.79
    ]
  }
}