{
  "id": "1a83734c-5659-4ef0-bd6a-c1828fbdbc62",
  "duration": 11.008,
  "pitch": {
    "mean": 585.28,
    "max": 2051.78,
    "std": 407.95,
    "max_mean_ratio": 3.51
  },
  "energy": {
    "mean": 0.10084,
    "max": 0.47049,
    "std": 0.078365,
    "rate_of_change": 0.041908
  },
  "speech_rate": {
    "chars_per_sec": 14.22,
    "words_per_sec": 2.45,
    "segment_count": 5
  },
  "spectral_centroid": {
    "mean": 1965.74
  },
  "timeseries": {
    "frame_sec": 0.5,
    "pitch": [
      765.81,
      593.43,
      331.27,
      374.31,
      436.82,
      418.25,
      593.67,
      592.96,
      310.27,
      453.74,
      579.43,
      449.49,
      785.04,
      625.95,
      594.18,
      661.12,
      555.65,
      550.43,
      554.33,
      737.78,
      680.39,
      813.62,
      818.96
    ],
    "energy": [
      0.112489,
      0.076603,
      0.048552,
      0.037055,
      0.087112,
      0.067758,
      0.059391,
      0.063942,
      0.022039,
      0.05736,
      0.082893,
      0.095178,
      0.081075,
      0.052866,
      0.139526,
      0.097841,
      0.084277,
      0.090425,
      0.131817,
      0.246536,
      0.153142,
      0.228556,
      0.02181
    ],
    "spectral_centroid": [
      1782.27,
      1811.62,
      2045.78,
      1777.39,
      2265.6,
      2669.45,
      1781.17,
      2168.37,
      1915.45,
      1796.09,
      1470.47,
      1587.44,
      2272.51,
      1775.71,
      2164.35,
      1800.34,
      1927.21,
      2294.84,
      2630.13,
      1754.74,
      1999.24,
      1592.02,
      1709.01
    ]
  }
}