{
  "id": "1a86825e-bd8d-4e68-9e28-268239e5ca9c",
  "duration": 7.424,
  "pitch": {
    "mean": 315.11,
    "max": 1583.71,
    "std": 216.2,
    "max_mean_ratio": 5.03
  },
  "energy": {
    "mean": 0.064256,
    "max": 0.202209,
    "std": 0.050153,
    "rate_of_change": 0.025806
  },
  "speech_rate": {
    "chars_per_sec": 10.27,
    "words_per_sec": 1.89,
    "segment_count": 4
  },
  "spectral_centroid": {
    "mean": 1752.05
  },
  "timeseries": {
    "frame_sec": 0.5,
    "pitch": [
      363.56,
      245.12,
      267.04,
      351.29,
      306.41,
      304.45,
      346.17,
      373.1,
      218.27,
      309.07,
      153.82,
      286.21,
      251.56,
      417.48,
      477.0
    ],
    "energy": [
      0.110179,
      0.016049,
      0.02932,
      0.084057,
      0.102402,
      0.036491,
      0.013838,
      0.01644,
      0.096912,
      0.031409,
      0.01675,
      0.045753,
      0.098719,
      0.113615,
      0.112949
    ],
    "spectral_centroid": [
      1776.88,
      1867.44,
      1522.01,
      1426.62,
      1600.52,
      2476.41,
      2112.32,
      1814.17,
      1399.85,
      1349.48,
      1660.37,
      1666.08,
      1535.64,
      1694.35,
      2379.59
    ]
  }
}