{
  "id": "1a99c11e-a41d-4d97-ab6d-67e25e3263f2",
  "duration": 11.072,
  "pitch": {
    "mean": 418.9,
    "max": 2085.48,
    "std": 476.81,
    "max_mean_ratio": 4.98
  },
  "energy": {
    "mean": 0.057082,
    "max": 0.168006,
    "std": 0.024707,
    "rate_of_change": 0.013883
  },
  "speech_rate": {
    "chars_per_sec": 23.33,
    "words_per_sec": 4.25,
    "segment_count": 8
  },
  "spectral_centroid": {
    "mean": 1909.14
  },
  "timeseries": {
    "frame_sec": 0.5,
    "pitch": [
      744.01,
      436.35,
      634.06,
      180.21,
      147.77,
      199.36,
      423.91,
      685.46,
      316.04,
      908.4,
      224.99,
      525.12,
      465.18,
      387.96,
      281.43,
      210.84,
      132.3,
      348.96,
      207.1,
      747.19,
      324.72,
      548.07,
      118.07
    ],
    "energy": [
      0.057756,
      0.06097,
      0.063056,
      0.047482,
      0.051272,
      0.056543,
      0.050607,
      0.060972,
      0.051568,
      0.081117,
      0.044173,
      0.050839,
      0.054834,
      0.065898,
      0.048338,
      0.037466,
      0.054512,
      0.036576,
      0.031869,
      0.063077,
      0.046954,
      0.093617,
      0.019081
    ],
    "spectral_centroid": [
      1835.91,
      2070.33,
      1630.11,
      2161.63,
      1568.93,
      1692.79,
      2273.52,
      1714.49,
      1745.83,
      1871.14,
      2469.29,
      1967.49,
      1916.38,
      1745.76,
      1922.04,
      2038.6,
      1675.85,
      2107.33,
      2127.44,
      1711.99,
      1753.47,
      1913.83,
      2263.77
    ]
  }
}