{
  "id": "1ad693a5-c8af-4997-a7a9-ab21612abd2e",
  "duration": 10.048,
  "pitch": {
    "mean": 402.42,
    "max": 956.57,
    "std": 213.62,
    "max_mean_ratio": 2.38
  },
  "energy": {
    "mean": 0.042786,
    "max": 0.258098,
    "std": 0.040936,
    "rate_of_change": 0.025339
  },
  "speech_rate": {
    "chars_per_sec": 22.5,
    "words_per_sec": 4.5,
    "segment_count": 2
  },
  "spectral_centroid": {
    "mean": 1705.63
  },
  "timeseries": {
    "frame_sec": 0.5,
    "pitch": [
      343.11,
      590.15,
      348.72,
      471.53,
      354.69,
      473.67,
      370.4,
      476.21,
      248.25,
      239.74,
      292.6,
      423.64,
      299.99,
      437.09,
      378.92,
      525.57,
      453.8,
      548.07,
      485.99,
      327.49,
      641.77
    ],
    "energy": [
      0.02132,
      0.031914,
      0.025138,
      0.032057,
      0.017113,
      0.030681,
      0.019858,
      0.024061,
      0.018803,
      0.017918,
      0.01167,
      0.056924,
      0.033377,
      0.057824,
      0.021814,
      0.074525,
      0.079983,
      0.101318,
      0.105518,
      0.036815,
      0.043391
    ],
    "spectral_centroid": [
      2021.16,
      1432.78,
      1414.95,
      1326.29,
      1685.79,
      1376.26,
      1685.96,
      1616.66,
      1970.17,
      2226.39,
      2121.6,
      1461.11,
      1543.33,
      1582.27,
      1573.9,
      2043.1,
      2059.35,
      1679.18,
      1691.79,
      1573.9,
      1715.41
    ]
  }
}