{
  "id": "1b156f06-a1f9-4380-8583-bd74c378d809",
  "duration": 6.784,
  "pitch": {
    "mean": 506.37,
    "max": 1993.07,
    "std": 467.21,
    "max_mean_ratio": 3.94
  },
  "energy": {
    "mean": 0.045197,
    "max": 0.092834,
    "std": 0.029662,
    "rate_of_change": 0.012976
  },
  "speech_rate": {
    "chars_per_sec": 8.58,
    "words_per_sec": 1.48,
    "segment_count": 2
  },
  "spectral_centroid": {
    "mean": 2450.24
  },
  "timeseries": {
    "frame_sec": 0.5,
    "pitch": [
      126.43,
      378.6,
      502.36,
      528.03,
      170.51,
      797.08,
      654.47,
      403.9,
      1094.11,
      832.16,
      510.08,
      654.0,
      296.83,
      228.03
    ],
    "energy": [
      0.012714,
      0.031288,
      0.06595,
      0.033521,
      0.011309,
      0.012396,
      0.009504,
      0.076371,
      0.072405,
      0.07578,
      0.063267,
      0.068468,
      0.041858,
      0.024988
    ],
    "spectral_centroid": [
      2506.01,
      1874.55,
      1654.35,
      3659.76,
      2637.65,
      2313.92,
      2279.8,
      2032.55,
      3192.62,
      2350.37,
      2426.03,
      1922.56,
      2946.01,
      2356.1
    ]
  }
}