{
  "id": "1b2501f8-59c9-42f9-a5de-aaf8518fd873",
  "duration": 6.016,
  "pitch": {
    "mean": 349.01,
    "max": 1577.24,
    "std": 296.97,
    "max_mean_ratio": 4.52
  },
  "energy": {
    "mean": 0.115098,
    "max": 0.480073,
    "std": 0.128649,
    "rate_of_change": 0.079218
  },
  "speech_rate": {
    "chars_per_sec": 8.44,
    "words_per_sec": 1.44,
    "segment_count": 2
  },
  "spectral_centroid": {
    "mean": 1802.74
  },
  "timeseries": {
    "frame_sec": 0.5,
    "pitch": [
      384.29,
      155.61,
      292.42,
      384.24,
      398.47,
      230.18,
      145.35,
      295.85,
      458.74,
      529.03,
      450.78,
      538.93,
      468.33
    ],
    "energy": [
      0.024496,
      0.011925,
      0.076007,
      0.131869,
      0.134792,
      0.007263,
      0.013984,
      0.246588,
      0.225634,
      0.342399,
      0.074154,
      0.033668,
      0.001899
    ],
    "spectral_centroid": [
      1730.55,
      1815.13,
      1729.22,
      1541.99,
      1545.8,
      2213.05,
      1638.97,
      1761.94,
      1867.14,
      2016.54,
      1821.42,
      1878.16,
      1923.03
    ]
  }
}