{
  "id": "1b77c93d-25b0-46a0-ae9c-e7efac97ce98",
  "duration": 10.155,
  "pitch": {
    "mean": 423.86,
    "max": 1896.69,
    "std": 282.07,
    "max_mean_ratio": 4.47
  },
  "energy": {
    "mean": 0.052981,
    "max": 0.257249,
    "std": 0.047255,
    "rate_of_change": 0.024411
  },
  "speech_rate": {
    "chars_per_sec": 14.1,
    "words_per_sec": 2.47,
    "segment_count": 5
  },
  "spectral_centroid": {
    "mean": 1902.3
  },
  "timeseries": {
    "frame_sec": 0.5,
    "pitch": [
      418.71,
      392.19,
      282.79,
      311.64,
      163.5,
      157.63,
      438.86,
      358.74,
      324.17,
      433.82,
      286.85,
      397.7,
      256.58,
      474.07,
      419.89,
      428.95,
      399.64,
      756.05,
      648.66,
      884.69,
      949.74
    ],
    "energy": [
      0.051813,
      0.047726,
      0.033033,
      0.038614,
      0.020778,
      0.017384,
      0.012738,
      0.032737,
      0.042095,
      0.053947,
      0.030697,
      0.031209,
      0.025148,
      0.054692,
      0.034062,
      0.050868,
      0.03269,
      0.115544,
      0.135341,
      0.141645,
      0.07826
    ],
    "spectral_centroid": [
      1623.02,
      1932.93,
      1855.67,
      1998.69,
      2200.22,
      1949.87,
      1895.84,
      2181.86,
      2241.97,
      1478.35,
      1459.01,
      1778.9,
      1905.57,
      1980.48,
      2016.18,
      1624.85,
      2271.46,
      2021.2,
      2062.52,
      1557.28,
      1824.1
    ]
  }
}