{
  "id": "1b989f16-5a18-4b2d-bac8-49bfad2104e6",
  "duration": 12.544,
  "pitch": {
    "mean": 457.82,
    "max": 2078.94,
    "std": 418.12,
    "max_mean_ratio": 4.54
  },
  "energy": {
    "mean": 0.266229,
    "max": 0.628235,
    "std": 0.17685,
    "rate_of_change": 0.046241
  },
  "speech_rate": {
    "chars_per_sec": 14.22,
    "words_per_sec": 2.56,
    "segment_count": 6
  },
  "spectral_centroid": {
    "mean": 2120.22
  },
  "timeseries": {
    "frame_sec": 0.5,
    "pitch": [
      168.13,
      248.35,
      811.65,
      704.23,
      398.25,
      866.94,
      733.4,
      480.87,
      302.19,
      596.84,
      286.43,
      177.91,
      247.77,
      486.12,
      369.91,
      499.46,
      523.95,
      308.42,
      690.18,
      433.37,
      345.02,
      132.68,
      251.86,
      311.37,
      645.95,
      517.88
    ],
    "energy": [
      0.079379,
      0.098239,
      0.298324,
      0.489112,
      0.358858,
      0.39243,
      0.089797,
      0.09763,
      0.103008,
      0.095658,
      0.072445,
      0.077997,
      0.085349,
      0.325105,
      0.328376,
      0.290159,
      0.308545,
      0.365431,
      0.364842,
      0.422548,
      0.301651,
      0.099041,
      0.326159,
      0.416127,
      0.458572,
      0.254211
    ],
    "spectral_centroid": [
      1920.53,
      2219.79,
      2715.37,
      2625.2,
      2206.4,
      2467.48,
      2007.41,
      1714.42,
      2172.62,
      1941.82,
      1964.27,
      1947.53,
      1877.57,
      1801.92,
      2883.24,
      1830.25,
      2419.94,
      2611.59,
      1998.84,
      1473.63,
      2026.76,
      1951.36,
      1711.34,
      2797.93,
      1909.21,
      2045.87
    ]
  }
}