{
  "id": "1bacf2c1-bec0-40a7-b491-f52f7895232d",
  "duration": 10.048,
  "pitch": {
    "mean": 565.98,
    "max": 2041.62,
    "std": 360.25,
    "max_mean_ratio": 3.61
  },
  "energy": {
    "mean": 0.111664,
    "max": 0.21864,
    "std": 0.043915,
    "rate_of_change": 0.021019
  },
  "speech_rate": {
    "chars_per_sec": 19.86,
    "words_per_sec": 3.83,
    "segment_count": 5
  },
  "spectral_centroid": {
    "mean": 1928.83
  },
  "timeseries": {
    "frame_sec": 0.5,
    "pitch": [
      935.47,
      566.18,
      702.51,
      632.49,
      635.61,
      476.82,
      843.87,
      614.16,
      630.11,
      418.99,
      549.94,
      304.51,
      396.04,
      398.14,
      503.32,
      559.04,
      321.93,
      430.58,
      520.25,
      587.72,
      876.41
    ],
    "energy": [
      0.110689,
      0.098632,
      0.102137,
      0.091203,
      0.047904,
      0.09401,
      0.091238,
      0.128977,
      0.122584,
      0.082328,
      0.119246,
      0.103378,
      0.110678,
      0.098824,
      0.103657,
      0.145864,
      0.089405,
      0.147925,
      0.142864,
      0.103779,
      0.10694
    ],
    "spectral_centroid": [
      1960.12,
      1820.6,
      1744.6,
      1930.11,
      1829.89,
      2594.54,
      2153.06,
      2079.42,
      1953.92,
      2057.82,
      1851.2,
      1965.71,
      2075.03,
      2116.72,
      1395.7,
      1520.76,
      1887.58,
      1862.44,
      1797.5,
      1814.26,
      1816.89
    ]
  }
}