{
  "id": "1c5ef50c-bbcc-43ce-a9e4-b09270e2820c",
  "duration": 7.168,
  "pitch": {
    "mean": 788.45,
    "max": 1984.1,
    "std": 532.68,
    "max_mean_ratio": 2.52
  },
  "energy": {
    "mean": 0.143568,
    "max": 0.538711,
    "std": 0.110002,
    "rate_of_change": 0.074662
  },
  "speech_rate": {
    "chars_per_sec": 8.55,
    "words_per_sec": 1.74,
    "segment_count": 4
  },
  "spectral_centroid": {
    "mean": 2191.24
  },
  "timeseries": {
    "frame_sec": 0.5,
    "pitch": [
      705.84,
      645.89,
      472.97,
      455.74,
      901.08,
      665.37,
      891.69,
      659.15,
      946.53,
      698.82,
      946.12,
      907.22,
      956.52,
      663.18,
      867.47
    ],
    "energy": [
      0.136312,
      0.135995,
      0.093374,
      0.08549,
      0.056269,
      0.159375,
      0.212678,
      0.059464,
      0.059977,
      0.131528,
      0.188327,
      0.373113,
      0.049299,
      0.183775,
      0.093641
    ],
    "spectral_centroid": [
      1863.23,
      1860.8,
      2292.05,
      2860.92,
      2336.83,
      1827.91,
      2006.23,
      1729.88,
      1932.49,
      2094.49,
      2248.15,
      2286.11,
      2677.98,
      2813.8,
      1726.1
    ]
  }
}