{
  "id": "1ca6132d-5fbd-4752-8b79-9556d6feb79a",
  "duration": 4.736,
  "pitch": {
    "mean": 392.47,
    "max": 1342.42,
    "std": 215.9,
    "max_mean_ratio": 3.42
  },
  "energy": {
    "mean": 0.071067,
    "max": 0.112549,
    "std": 0.025127,
    "rate_of_change": 0.02068
  },
  "speech_rate": {
    "chars_per_sec": 16.53,
    "words_per_sec": 3.6,
    "segment_count": 1
  },
  "spectral_centroid": {
    "mean": 1950.88
  },
  "timeseries": {
    "frame_sec": 0.5,
    "pitch": [
      299.1,
      359.78,
      379.65,
      343.93,
      412.52,
      418.07,
      482.0,
      342.91,
      389.41,
      587.93
    ],
    "energy": [
      0.072411,
      0.06189,
      0.04605,
      0.071701,
      0.078698,
      0.066053,
      0.073029,
      0.078576,
      0.049901,
      0.089255
    ],
    "spectral_centroid": [
      1826.67,
      2558.7,
      2333.97,
      2265.62,
      1477.38,
      1543.35,
      1820.52,
      1970.81,
      1967.23,
      1617.31
    ]
  }
}