{
  "id": "1ca8fe14-e899-455e-9b4c-0d9da920eabe",
  "duration": 12.693,
  "pitch": {
    "mean": 402.38,
    "max": 1992.92,
    "std": 275.39,
    "max_mean_ratio": 4.95
  },
  "energy": {
    "mean": 0.05281,
    "max": 0.127497,
    "std": 0.023757,
    "rate_of_change": 0.009238
  },
  "speech_rate": {
    "chars_per_sec": 25.09,
    "words_per_sec": 4.61,
    "segment_count": 3
  },
  "spectral_centroid": {
    "mean": 1885.53
  },
  "timeseries": {
    "frame_sec": 0.5,
    "pitch": [
      375.93,
      394.63,
      437.02,
      384.41,
      358.38,
      236.38,
      387.34,
      648.74,
      311.34,
      255.77,
      359.85,
      440.8,
      391.96,
      477.08,
      338.17,
      288.01,
      205.62,
      427.57,
      244.09,
      310.52,
      375.27,
      534.88,
      647.56,
      435.08,
      484.74,
      301.15
    ],
    "energy": [
      0.0735,
      0.056439,
      0.066795,
      0.040723,
      0.060784,
      0.036553,
      0.066429,
      0.061331,
      0.037886,
      0.025605,
      0.041463,
      0.038733,
      0.039267,
      0.046491,
      0.029386,
      0.040144,
      0.042782,
      0.071906,
      0.04261,
      0.05626,
      0.066999,
      0.070404,
      0.051279,
      0.056436,
      0.054669,
      0.01567
    ],
    "spectral_centroid": [
      1329.63,
      2137.12,
      1204.72,
      1683.61,
      1836.21,
      2220.24,
      1912.24,
      2061.14,
      2004.34,
      2040.89,
      1920.2,
      1667.52,
      1566.98,
      1324.56,
      2321.27,
      1659.83,
      1516.33,
      1991.82,
      2227.08,
      2000.97,
      1917.72,
      2429.38,
      2015.09,
      1935.72,
      1907.22,
      2196.07
    ]
  }
}