{
  "id": "1cd5530c-4a1f-446a-81e1-d2025d5a07aa",
  "duration": 20.032,
  "pitch": {
    "mean": 302.58,
    "max": 1914.4,
    "std": 251.5,
    "max_mean_ratio": 6.33
  },
  "energy": {
    "mean": 0.035991,
    "max": 0.167423,
    "std": 0.026187,
    "rate_of_change": 0.007798
  },
  "speech_rate": {
    "chars_per_sec": 9.99,
    "words_per_sec": 1.7,
    "segment_count": 9
  },
  "spectral_centroid": {
    "mean": 1988.86
  },
  "timeseries": {
    "frame_sec": 0.5,
    "pitch": [
      308.19,
      189.04,
      244.34,
      269.75,
      449.82,
      215.85,
      210.88,
      340.36,
      224.19,
      411.92,
      287.27,
      371.44,
      293.0,
      292.43,
      158.39,
      298.08,
      240.27,
      200.94,
      171.12,
      349.34,
      223.93,
      187.81,
      201.87,
      353.97,
      516.9,
      479.77,
      278.27,
      228.4,
      359.24,
      259.18,
      342.41,
      203.12,
      777.88,
      220.28,
      195.0,
      225.19,
      433.33,
      435.29,
      297.44,
      354.55,
      850.16
    ],
    "energy": [
      0.030394,
      0.015513,
      0.01461,
      0.016033,
      0.025012,
      0.033794,
      0.028261,
      0.016295,
      0.018775,
      0.028268,
      0.04239,
      0.047569,
      0.028625,
      0.040743,
      0.013773,
      0.015745,
      0.031288,
      0.031166,
      0.016922,
      0.015243,
      0.016669,
      0.02141,
      0.015096,
      0.019254,
      0.044719,
      0.058583,
      0.034396,
      0.053432,
      0.048018,
      0.075706,
      0.058764,
      0.0367,
      0.090585,
      0.013292,
      0.011771,
      0.023384,
      0.049113,
      0.037759,
      0.06905,
      0.07473,
      0.104774
    ],
    "spectral_centroid": [
      1936.48,
      2298.83,
      1843.93,
      1924.5,
      2186.27,
      1839.46,
      1776.71,
      2047.63,
      2121.33,
      1811.7,
      1809.01,
      1731.14,
      1937.53,
      2105.05,
      2035.19,
      2008.73,
      1698.15,
      1813.65,
      2040.91,
      2640.63,
      2498.53,
      1981.53,
      2105.82,
      2138.21,
      1961.66,
      1963.84,
      1839.57,
      1817.49,
      2099.18,
      2035.73,
      2302.61,
      2833.47,
      1426.16,
      1781.86,
      1958.22,
      2163.99,
      1805.46,
      1748.58,
      1842.07,
      1669.45,
      1646.58
    ]
  }
}