{
  "id": "1d148969-5150-48d6-b30a-706e3208b60c",
  "duration": 10.475,
  "pitch": {
    "mean": 367.66,
    "max": 1675.62,
    "std": 237.82,
    "max_mean_ratio": 4.56
  },
  "energy": {
    "mean": 0.053046,
    "max": 0.124882,
    "std": 0.03119,
    "rate_of_change": 0.011584
  },
  "speech_rate": {
    "chars_per_sec": 13.7,
    "words_per_sec": 2.39,
    "segment_count": 5
  },
  "spectral_centroid": {
    "mean": 1727.61
  },
  "timeseries": {
    "frame_sec": 0.5,
    "pitch": [
      285.01,
      466.57,
      339.84,
      453.89,
      431.58,
      305.69,
      148.91,
      413.05,
      319.77,
      112.99,
      221.31,
      278.4,
      494.4,
      379.61,
      332.04,
      330.13,
      385.84,
      610.11,
      353.0,
      433.49,
      486.47
    ],
    "energy": [
      0.02793,
      0.076569,
      0.051754,
      0.068021,
      0.055727,
      0.040462,
      0.006529,
      0.059999,
      0.045008,
      0.010483,
      0.021218,
      0.058016,
      0.07943,
      0.059886,
      0.052777,
      0.045277,
      0.071814,
      0.04978,
      0.077033,
      0.054324,
      0.062957
    ],
    "spectral_centroid": [
      1314.24,
      1287.52,
      1945.35,
      1322.42,
      1487.99,
      1596.46,
      1506.77,
      1566.7,
      1364.47,
      1815.76,
      1802.8,
      1266.97,
      1238.94,
      1868.66,
      2025.53,
      2283.15,
      2173.28,
      1943.02,
      2118.06,
      2674.36,
      1794.39
    ]
  }
}