{
  "id": "1d51c828-b57b-4ecb-97da-565027cefcbf",
  "duration": 13.355,
  "pitch": {
    "mean": 434.38,
    "max": 1461.3,
    "std": 225.9,
    "max_mean_ratio": 3.36
  },
  "energy": {
    "mean": 0.060656,
    "max": 0.324702,
    "std": 0.051781,
    "rate_of_change": 0.023748
  },
  "speech_rate": {
    "chars_per_sec": 21.7,
    "words_per_sec": 4.35,
    "segment_count": 5
  },
  "spectral_centroid": {
    "mean": 1571.64
  },
  "timeseries": {
    "frame_sec": 0.5,
    "pitch": [
      550.58,
      350.73,
      317.77,
      430.39,
      297.31,
      383.25,
      582.96,
      415.77,
      341.49,
      467.87,
      448.33,
      395.36,
      461.87,
      588.55,
      492.35,
      370.08,
      487.15,
      306.51,
      512.42,
      353.15,
      579.74,
      450.41,
      429.72,
      479.01,
      598.13,
      310.86,
      402.21
    ],
    "energy": [
      0.018768,
      0.022269,
      0.022934,
      0.028734,
      0.018695,
      0.039067,
      0.057685,
      0.036108,
      0.04156,
      0.065829,
      0.035837,
      0.035287,
      0.045889,
      0.105694,
      0.071637,
      0.048657,
      0.029217,
      0.038376,
      0.056587,
      0.0803,
      0.127788,
      0.1034,
      0.115323,
      0.078773,
      0.170029,
      0.045718,
      0.013961
    ],
    "spectral_centroid": [
      1762.92,
      1679.77,
      1816.02,
      1392.07,
      1381.17,
      1383.55,
      1240.31,
      1285.51,
      1329.17,
      1303.36,
      1337.88,
      1501.37,
      1782.83,
      1681.33,
      1491.35,
      1832.82,
      1611.72,
      1833.6,
      1476.85,
      1558.32,
      1433.5,
      1496.97,
      1748.28,
      1859.0,
      1499.49,
      2155.19,
      1492.75
    ]
  }
}