{
  "id": "1db128b6-826a-4edb-b564-e862916b6750",
  "duration": 11.947,
  "pitch": {
    "mean": 382.36,
    "max": 1416.52,
    "std": 264.26,
    "max_mean_ratio": 3.7
  },
  "energy": {
    "mean": 0.057716,
    "max": 0.193906,
    "std": 0.027546,
    "rate_of_change": 0.014319
  },
  "speech_rate": {
    "chars_per_sec": 12.33,
    "words_per_sec": 2.28,
    "segment_count": 6
  },
  "spectral_centroid": {
    "mean": 1936.1
  },
  "timeseries": {
    "frame_sec": 0.5,
    "pitch": [
      255.17,
      498.65,
      318.54,
      487.59,
      512.57,
      334.28,
      199.22,
      427.24,
      372.65,
      304.9,
      259.41,
      294.03,
      232.99,
      253.63,
      275.82,
      222.41,
      334.78,
      549.24,
      570.85,
      334.94,
      240.99,
      696.67,
      383.0,
      667.7
    ],
    "energy": [
      0.037637,
      0.040564,
      0.038062,
      0.049806,
      0.050311,
      0.044866,
      0.038377,
      0.057726,
      0.045319,
      0.045001,
      0.062841,
      0.045763,
      0.051884,
      0.051749,
      0.036218,
      0.028266,
      0.039305,
      0.054857,
      0.056981,
      0.072297,
      0.064172,
      0.13373,
      0.103652,
      0.077899
    ],
    "spectral_centroid": [
      2433.07,
      1943.03,
      1728.52,
      2001.08,
      1966.85,
      2090.11,
      2010.53,
      2052.97,
      2096.79,
      2120.55,
      1432.54,
      1665.66,
      2073.17,
      2040.17,
      1974.43,
      1851.74,
      1613.36,
      1747.28,
      1974.3,
      2195.66,
      1924.65,
      1776.12,
      1720.6,
      2038.77
    ]
  }
}