{
  "id": "1dc9b6ba-b630-4d13-a593-29a92352699d",
  "duration": 19.861,
  "pitch": {
    "mean": 502.21,
    "max": 2081.88,
    "std": 377.59,
    "max_mean_ratio": 4.15
  },
  "energy": {
    "mean": 0.087291,
    "max": 0.272504,
    "std": 0.058063,
    "rate_of_change": 0.013409
  },
  "speech_rate": {
    "chars_per_sec": 11.83,
    "words_per_sec": 2.17,
    "segment_count": 3
  },
  "spectral_centroid": {
    "mean": 2088.66
  },
  "timeseries": {
    "frame_sec": 0.5,
    "pitch": [
      182.36,
      280.98,
      603.55,
      460.27,
      526.36,
      569.1,
      782.72,
      505.6,
      709.5,
      261.55,
      179.62,
      247.03,
      386.63,
      372.2,
      141.13,
      146.78,
      279.68,
      463.08,
      468.76,
      139.0,
      541.24,
      1051.59,
      502.71,
      949.01,
      704.3,
      849.52,
      757.8,
      518.62,
      471.54,
      527.22,
      439.06,
      657.2,
      355.8,
      734.75,
      572.26,
      516.75,
      455.8,
      533.63,
      615.44,
      182.65
    ],
    "energy": [
      0.023055,
      0.046352,
      0.071593,
      0.044292,
      0.08516,
      0.084306,
      0.136893,
      0.093441,
      0.154642,
      0.043624,
      0.013401,
      0.024835,
      0.050159,
      0.040185,
      0.020677,
      0.034144,
      0.041659,
      0.0778,
      0.082071,
      0.028984,
      0.152297,
      0.142577,
      0.154173,
      0.14454,
      0.151207,
      0.091928,
      0.149353,
      0.063293,
      0.078559,
      0.110244,
      0.09369,
      0.094444,
      0.086107,
      0.11172,
      0.10427,
      0.095366,
      0.091985,
      0.083556,
      0.103842,
      0.027331
    ],
    "spectral_centroid": [
      2060.91,
      1835.68,
      2259.42,
      2124.97,
      2216.86,
      1877.09,
      2227.29,
      2191.12,
      2390.92,
      2070.6,
      1350.2,
      1899.74,
      2346.29,
      2106.97,
      1124.79,
      1442.84,
      1538.95,
      2024.98,
      1982.29,
      1774.38,
      2425.94,
      2723.77,
      2718.3,
      2397.56,
      2265.74,
      2538.23,
      2313.93,
      1964.5,
      2023.32,
      2343.6,
      2864.99,
      2512.98,
      1942.72,
      1857.57,
      2335.26,
      2122.73,
      2101.16,
      1798.14,
      1694.54,
      1454.17
    ]
  }
}