{
  "id": "1dceddad-124a-4799-9d4b-e18c1343ca30",
  "duration": 10.816,
  "pitch": {
    "mean": 347.83,
    "max": 1568.91,
    "std": 257.28,
    "max_mean_ratio": 4.51
  },
  "energy": {
    "mean": 0.015419,
    "max": 0.058325,
    "std": 0.011246,
    "rate_of_change": 0.004953
  },
  "speech_rate": {
    "chars_per_sec": 10.77,
    "words_per_sec": 1.95,
    "segment_count": 2
  },
  "spectral_centroid": {
    "mean": 1954.59
  },
  "timeseries": {
    "frame_sec": 0.5,
    "pitch": [
      333.77,
      425.67,
      371.0,
      271.25,
      309.58,
      239.91,
      163.47,
      462.15,
      531.16,
      434.95,
      363.84,
      261.2,
      384.89,
      177.35,
      108.09,
      183.53,
      270.83,
      449.71,
      491.78,
      490.11,
      357.42,
      681.92
    ],
    "energy": [
      0.012263,
      0.008949,
      0.009662,
      0.011711,
      0.011066,
      0.011886,
      0.009382,
      0.017009,
      0.01375,
      0.017495,
      0.00946,
      0.008465,
      0.007226,
      0.00644,
      0.006003,
      0.00643,
      0.014229,
      0.024851,
      0.027552,
      0.037109,
      0.025694,
      0.034496
    ],
    "spectral_centroid": [
      2042.89,
      1881.86,
      2042.98,
      1871.7,
      1965.06,
      1857.53,
      2191.79,
      1940.77,
      1978.28,
      1866.47,
      2045.96,
      1885.84,
      2040.24,
      2171.56,
      1674.62,
      2096.0,
      2236.98,
      1745.51,
      1641.97,
      1819.16,
      1780.22,
      2178.8
    ]
  }
}