{
  "id": "1de28a92-df76-43fa-8df2-e2e1a10b97fe",
  "duration": 12.139,
  "pitch": {
    "mean": 572.91,
    "max": 2043.26,
    "std": 404.96,
    "max_mean_ratio": 3.57
  },
  "energy": {
    "mean": 0.065478,
    "max": 0.169438,
    "std": 0.033537,
    "rate_of_change": 0.012982
  },
  "speech_rate": {
    "chars_per_sec": 21.73,
    "words_per_sec": 4.63,
    "segment_count": 12
  },
  "spectral_centroid": {
    "mean": 2062.52
  },
  "timeseries": {
    "frame_sec": 0.5,
    "pitch": [
      740.07,
      508.16,
      730.89,
      536.17,
      434.6,
      732.16,
      524.68,
      621.41,
      384.15,
      349.67,
      310.19,
      392.48,
      637.49,
      545.47,
      590.15,
      582.91,
      617.04,
      765.15,
      845.4,
      520.77,
      797.78,
      692.25,
      453.25,
      328.91,
      447.92
    ],
    "energy": [
      0.042994,
      0.047426,
      0.033084,
      0.024526,
      0.030472,
      0.03645,
      0.038795,
      0.04038,
      0.037849,
      0.028702,
      0.042183,
      0.062125,
      0.068371,
      0.076812,
      0.068805,
      0.07754,
      0.09271,
      0.096522,
      0.109232,
      0.08278,
      0.105513,
      0.101655,
      0.088906,
      0.073735,
      0.055792
    ],
    "spectral_centroid": [
      2546.68,
      1973.51,
      2012.39,
      1973.11,
      2047.2,
      2197.81,
      2047.78,
      1615.96,
      2000.08,
      1976.75,
      2110.82,
      2094.82,
      2028.42,
      1925.83,
      1686.16,
      2286.66,
      1678.08,
      1777.87,
      2383.11,
      1722.05,
      2374.58,
      2265.73,
      1747.37,
      2261.74,
      4518.98
    ]
  }
}