{
  "id": "1e29cdb7-5fb3-4bab-82cb-0b19d0d8a012",
  "duration": 6.891,
  "pitch": {
    "mean": 423.46,
    "max": 1622.04,
    "std": 251.26,
    "max_mean_ratio": 3.83
  },
  "energy": {
    "mean": 0.026003,
    "max": 0.101024,
    "std": 0.019331,
    "rate_of_change": 0.013871
  },
  "speech_rate": {
    "chars_per_sec": 20.53,
    "words_per_sec": 4.4,
    "segment_count": 2
  },
  "spectral_centroid": {
    "mean": 1903.43
  },
  "timeseries": {
    "frame_sec": 0.5,
    "pitch": [
      552.67,
      502.7,
      484.32,
      279.05,
      346.37,
      280.15,
      392.23,
      367.63,
      471.21,
      643.84,
      446.21,
      191.94,
      529.13,
      438.29
    ],
    "energy": [
      0.052145,
      0.044617,
      0.021275,
      0.013287,
      0.022167,
      0.012429,
      0.025421,
      0.011402,
      0.022571,
      0.03902,
      0.014671,
      0.010023,
      0.038098,
      0.019211
    ],
    "spectral_centroid": [
      1648.78,
      1733.62,
      1949.8,
      2605.75,
      1816.82,
      1671.69,
      1831.99,
      1943.64,
      1800.79,
      1714.07,
      1999.33,
      2237.94,
      1698.66,
      1995.85
    ]
  }
}