{
  "id": "1e418b02-f1b2-4ec8-bd1f-d4a0ab590b05",
  "duration": 9.941,
  "pitch": {
    "mean": 497.25,
    "max": 1951.51,
    "std": 370.26,
    "max_mean_ratio": 3.92
  },
  "energy": {
    "mean": 0.072744,
    "max": 0.129599,
    "std": 0.026765,
    "rate_of_change": 0.01153
  },
  "speech_rate": {
    "chars_per_sec": 24.66,
    "words_per_sec": 4.68,
    "segment_count": 5
  },
  "spectral_centroid": {
    "mean": 1900.91
  },
  "timeseries": {
    "frame_sec": 0.5,
    "pitch": [
      418.98,
      426.69,
      392.57,
      126.37,
      447.1,
      375.22,
      811.77,
      343.76,
      413.67,
      343.29,
      628.2,
      269.45,
      467.45,
      417.03,
      419.8,
      675.86,
      604.14,
      716.87,
      1099.55,
      242.05
    ],
    "energy": [
      0.081241,
      0.078609,
      0.080936,
      0.024965,
      0.058934,
      0.077458,
      0.083475,
      0.069016,
      0.065997,
      0.061923,
      0.070791,
      0.047903,
      0.071499,
      0.086351,
      0.076014,
      0.078851,
      0.077717,
      0.09787,
      0.070519,
      0.022648
    ],
    "spectral_centroid": [
      1792.33,
      1957.54,
      1778.04,
      1872.51,
      1805.13,
      2032.99,
      1948.16,
      1718.88,
      1539.74,
      1881.32,
      1649.54,
      1824.57,
      1795.73,
      2288.85,
      2030.83,
      2154.09,
      1836.95,
      1931.33,
      2255.58,
      1908.83
    ]
  }
}