{
  "id": "1e5e75c3-d77c-4eb7-aefc-0b9470996c9f",
  "duration": 15.915,
  "pitch": {
    "mean": 413.13,
    "max": 2081.57,
    "std": 315.86,
    "max_mean_ratio": 5.04
  },
  "energy": {
    "mean": 0.065176,
    "max": 0.201022,
    "std": 0.050958,
    "rate_of_change": 0.012403
  },
  "speech_rate": {
    "chars_per_sec": 10.41,
    "words_per_sec": 1.77,
    "segment_count": 2
  },
  "spectral_centroid": {
    "mean": 2061.55
  },
  "timeseries": {
    "frame_sec": 0.5,
    "pitch": [
      534.15,
      531.4,
      725.38,
      249.33,
      414.83,
      481.52,
      347.24,
      380.53,
      619.01,
      585.56,
      550.77,
      456.62,
      112.73,
      437.02,
      485.81,
      534.12,
      520.43,
      510.58,
      300.77,
      604.86,
      117.66,
      104.27,
      158.76,
      237.42,
      276.92,
      509.82,
      550.61,
      374.12,
      335.19,
      593.58,
      347.88,
      77.57
    ],
    "energy": [
      0.070289,
      0.110489,
      0.129532,
      0.050965,
      0.108222,
      0.108856,
      0.073997,
      0.082183,
      0.055071,
      0.051884,
      0.068728,
      0.077158,
      0.014396,
      0.106941,
      0.093777,
      0.075332,
      0.092662,
      0.087887,
      0.057098,
      0.046796,
      0.009173,
      0.005241,
      0.005987,
      0.006773,
      0.052433,
      0.075504,
      0.111416,
      0.068169,
      0.066741,
      0.007187,
      0.006584,
      0.005453
    ],
    "spectral_centroid": [
      2281.92,
      2008.44,
      1998.97,
      1481.95,
      2005.67,
      2044.98,
      2875.87,
      2174.9,
      1745.66,
      1707.32,
      2277.24,
      2047.56,
      2115.95,
      2117.69,
      1749.07,
      2094.69,
      2255.98,
      1882.1,
      3223.46,
      2060.37,
      1241.96,
      1741.39,
      1739.49,
      1863.51,
      1737.13,
      2013.49,
      2024.7,
      2812.23,
      2370.15,
      2226.43,
      2048.63,
      2405.63
    ]
  }
}