{
  "id": "1ec6e36c-4896-4f13-9204-9f2d21f1d76f",
  "duration": 8.32,
  "pitch": {
    "mean": 310.14,
    "max": 899.06,
    "std": 209.94,
    "max_mean_ratio": 2.9
  },
  "energy": {
    "mean": 0.04497,
    "max": 0.12185,
    "std": 0.029516,
    "rate_of_change": 0.013933
  },
  "speech_rate": {
    "chars_per_sec": 8.35,
    "words_per_sec": 1.76,
    "segment_count": 2
  },
  "spectral_centroid": {
    "mean": 2124.55
  },
  "timeseries": {
    "frame_sec": 0.5,
    "pitch": [
      445.44,
      380.61,
      274.82,
      541.02,
      393.81,
      307.98,
      444.12,
      333.6,
      200.86,
      307.04,
      164.63,
      108.1,
      171.03,
      170.01,
      385.73,
      432.37,
      377.1
    ],
    "energy": [
      0.053273,
      0.057465,
      0.063922,
      0.063168,
      0.069317,
      0.073648,
      0.065098,
      0.035695,
      0.042827,
      0.04431,
      0.02093,
      0.009221,
      0.008256,
      0.014366,
      0.036066,
      0.034337,
      0.034956
    ],
    "spectral_centroid": [
      1707.2,
      1812.45,
      1877.03,
      2065.85,
      1633.15,
      1570.13,
      1880.81,
      2460.12,
      2024.87,
      1865.6,
      2380.2,
      2953.95,
      2794.02,
      2486.68,
      2396.18,
      2197.8,
      1948.29
    ]
  }
}