{
  "id": "1ee189f6-46b4-45d0-badf-f9f9d231702c",
  "duration": 10.112,
  "pitch": {
    "mean": 440.89,
    "max": 1599.85,
    "std": 218.87,
    "max_mean_ratio": 3.63
  },
  "energy": {
    "mean": 0.034984,
    "max": 0.125453,
    "std": 0.023874,
    "rate_of_change": 0.011671
  },
  "speech_rate": {
    "chars_per_sec": 17.34,
    "words_per_sec": 3.63,
    "segment_count": 2
  },
  "spectral_centroid": {
    "mean": 1646.57
  },
  "timeseries": {
    "frame_sec": 0.5,
    "pitch": [
      543.63,
      393.77,
      463.41,
      401.31,
      372.94,
      487.4,
      429.82,
      386.32,
      448.76,
      390.49,
      361.71,
      259.79,
      452.25,
      441.16,
      411.86,
      531.41,
      456.31,
      582.06,
      440.13,
      552.33,
      599.24
    ],
    "energy": [
      0.029888,
      0.034157,
      0.037215,
      0.030872,
      0.011612,
      0.008749,
      0.022608,
      0.037662,
      0.009191,
      0.008979,
      0.02994,
      0.02768,
      0.049657,
      0.030151,
      0.027308,
      0.035706,
      0.050147,
      0.09773,
      0.047281,
      0.041705,
      0.036425
    ],
    "spectral_centroid": [
      1723.09,
      1473.64,
      1723.53,
      1518.66,
      1613.15,
      1531.03,
      1435.18,
      1704.2,
      1459.75,
      1610.99,
      1703.04,
      2052.01,
      1564.52,
      1500.85,
      1827.12,
      1624.81,
      1624.88,
      1436.79,
      1688.51,
      2092.05,
      1423.33
    ]
  }
}