{
  "id": "1f128021-1e48-40ae-9c61-d395fbbc46b8",
  "duration": 9.28,
  "pitch": {
    "mean": 382.47,
    "max": 1765.15,
    "std": 301.07,
    "max_mean_ratio": 4.62
  },
  "energy": {
    "mean": 0.108973,
    "max": 0.235918,
    "std": 0.053412,
    "rate_of_change": 0.022817
  },
  "speech_rate": {
    "chars_per_sec": 16.21,
    "words_per_sec": 2.85,
    "segment_count": 4
  },
  "spectral_centroid": {
    "mean": 1807.59
  },
  "timeseries": {
    "frame_sec": 0.5,
    "pitch": [
      309.76,
      563.57,
      310.26,
      378.62,
      353.28,
      452.68,
      84.56,
      332.81,
      560.95,
      307.64,
      397.21,
      486.0,
      383.87,
      559.67,
      389.9,
      596.03,
      429.29,
      121.47,
      137.23
    ],
    "energy": [
      0.099771,
      0.121118,
      0.103472,
      0.112074,
      0.112688,
      0.109996,
      0.035859,
      0.060486,
      0.099416,
      0.075294,
      0.107181,
      0.125816,
      0.115862,
      0.158933,
      0.118767,
      0.184362,
      0.121789,
      0.056378,
      0.041988
    ],
    "spectral_centroid": [
      2179.9,
      1783.02,
      1897.87,
      1876.83,
      2047.0,
      1851.44,
      1494.05,
      1678.24,
      1704.17,
      1346.22,
      1475.85,
      1751.76,
      1688.42,
      1908.23,
      1798.09,
      1937.44,
      2049.11,
      1958.46,
      1861.87
    ]
  }
}