{
  "id": "1f673e8c-1583-42d4-8a61-192998dc831a",
  "duration": 10.667,
  "pitch": {
    "mean": 384.4,
    "max": 1452.3,
    "std": 251.21,
    "max_mean_ratio": 3.78
  },
  "energy": {
    "mean": 0.05838,
    "max": 0.227595,
    "std": 0.045013,
    "rate_of_change": 0.020971
  },
  "speech_rate": {
    "chars_per_sec": 12.59,
    "words_per_sec": 2.07,
    "segment_count": 6
  },
  "spectral_centroid": {
    "mean": 1955.29
  },
  "timeseries": {
    "frame_sec": 0.5,
    "pitch": [
      133.91,
      117.29,
      272.5,
      432.19,
      122.78,
      257.38,
      464.49,
      427.69,
      332.82,
      373.05,
      400.55,
      420.79,
      440.77,
      365.65,
      460.24,
      728.39,
      463.0,
      330.54,
      618.52,
      424.1,
      484.94,
      549.07
    ],
    "energy": [
      0.011995,
      0.022178,
      0.040918,
      0.043086,
      0.016098,
      0.036994,
      0.054828,
      0.047414,
      0.03886,
      0.068644,
      0.066811,
      0.045102,
      0.052538,
      0.051046,
      0.062958,
      0.113141,
      0.088483,
      0.06991,
      0.125063,
      0.065034,
      0.05316,
      0.051232
    ],
    "spectral_centroid": [
      2013.72,
      1915.22,
      1952.72,
      1981.44,
      1870.27,
      2210.7,
      2027.06,
      1581.72,
      1383.1,
      1895.66,
      2061.0,
      1743.62,
      2045.14,
      1840.66,
      2138.5,
      1746.2,
      2076.0,
      2310.63,
      1912.1,
      1554.86,
      2592.04,
      1981.32
    ]
  }
}