{
  "id": "1f69865c-f64b-4c93-8527-fb4fdd48a74d",
  "duration": 15.189,
  "pitch": {
    "mean": 307.0,
    "max": 2000.2,
    "std": 328.95,
    "max_mean_ratio": 6.52
  },
  "energy": {
    "mean": 0.063924,
    "max": 0.238517,
    "std": 0.033605,
    "rate_of_change": 0.014365
  },
  "speech_rate": {
    "chars_per_sec": 8.05,
    "words_per_sec": 1.32,
    "segment_count": 7
  },
  "spectral_centroid": {
    "mean": 1752.34
  },
  "timeseries": {
    "frame_sec": 0.5,
    "pitch": [
      155.57,
      124.14,
      112.24,
      349.87,
      240.59,
      246.58,
      238.13,
      230.68,
      221.66,
      274.43,
      122.08,
      185.19,
      201.62,
      277.83,
      405.02,
      184.94,
      453.15,
      783.59,
      296.81,
      131.45,
      213.99,
      96.86,
      220.49,
      411.6,
      552.24,
      1031.78,
      606.64,
      359.7,
      401.18,
      325.36,
      381.35
    ],
    "energy": [
      0.056557,
      0.048993,
      0.028182,
      0.067882,
      0.038174,
      0.052892,
      0.052734,
      0.052555,
      0.045644,
      0.063898,
      0.051148,
      0.055855,
      0.058364,
      0.056345,
      0.087027,
      0.049798,
      0.040606,
      0.030243,
      0.0325,
      0.051852,
      0.041342,
      0.049938,
      0.056678,
      0.148736,
      0.121695,
      0.096195,
      0.09425,
      0.082763,
      0.080969,
      0.050634,
      0.040104
    ],
    "spectral_centroid": [
      2085.47,
      1814.6,
      1761.46,
      1770.23,
      1555.46,
      1848.03,
      1637.63,
      1349.1,
      1675.78,
      1521.06,
      1382.94,
      1538.0,
      1593.32,
      1611.27,
      1883.27,
      1702.32,
      1478.26,
      1496.4,
      1943.5,
      1848.48,
      1819.72,
      2030.45,
      1989.85,
      2296.65,
      1752.84,
      1833.65,
      1696.43,
      1475.0,
      2087.93,
      2218.01,
      1250.37
    ]
  }
}