{
  "id": "1fc96a05-25b2-43eb-b41b-cd15994fb198",
  "duration": 11.499,
  "pitch": {
    "mean": 420.59,
    "max": 1913.51,
    "std": 303.38,
    "max_mean_ratio": 4.55
  },
  "energy": {
    "mean": 0.047763,
    "max": 0.088539,
    "std": 0.023836,
    "rate_of_change": 0.007167
  },
  "speech_rate": {
    "chars_per_sec": 14.78,
    "words_per_sec": 2.98,
    "segment_count": 2
  },
  "spectral_centroid": {
    "mean": 2368.94
  },
  "timeseries": {
    "frame_sec": 0.5,
    "pitch": [
      584.29,
      300.17,
      500.99,
      473.97,
      308.81,
      421.09,
      564.01,
      684.66,
      247.35,
      367.45,
      355.08,
      559.77,
      396.03,
      263.05,
      202.96,
      525.51,
      411.29,
      482.87,
      525.43,
      444.56,
      225.06,
      235.19,
      500.8
    ],
    "energy": [
      0.049629,
      0.055022,
      0.028273,
      0.046563,
      0.038321,
      0.065948,
      0.056772,
      0.071731,
      0.011835,
      0.058408,
      0.066257,
      0.052595,
      0.038366,
      0.030364,
      0.009404,
      0.016242,
      0.058491,
      0.063948,
      0.056813,
      0.050954,
      0.042308,
      0.024881,
      0.058453
    ],
    "spectral_centroid": [
      2429.83,
      2774.83,
      2830.93,
      3516.68,
      2838.03,
      1925.53,
      2453.72,
      1926.06,
      2507.81,
      2054.77,
      1675.12,
      2171.16,
      2416.98,
      2299.81,
      2195.17,
      2930.23,
      2366.42,
      1642.88,
      1731.1,
      2488.36,
      2899.49,
      2599.27,
      1850.91
    ]
  }
}