{
  "id": "1fcc2248-f40a-4126-ad98-7085056ce371",
  "duration": 11.349,
  "pitch": {
    "mean": 437.55,
    "max": 1304.84,
    "std": 243.41,
    "max_mean_ratio": 2.98
  },
  "energy": {
    "mean": 0.026575,
    "max": 0.069803,
    "std": 0.011974,
    "rate_of_change": 0.005558
  },
  "speech_rate": {
    "chars_per_sec": 21.09,
    "words_per_sec": 4.24,
    "segment_count": 2
  },
  "spectral_centroid": {
    "mean": 1645.05
  },
  "timeseries": {
    "frame_sec": 0.5,
    "pitch": [
      284.99,
      483.93,
      505.05,
      433.65,
      260.35,
      413.61,
      558.6,
      377.13,
      407.81,
      402.59,
      269.7,
      322.87,
      381.61,
      529.49,
      387.78,
      389.8,
      484.1,
      672.02,
      420.24,
      580.29,
      417.62,
      455.72,
      602.68
    ],
    "energy": [
      0.032402,
      0.034948,
      0.027773,
      0.025406,
      0.021875,
      0.018874,
      0.027767,
      0.019015,
      0.015596,
      0.020716,
      0.014261,
      0.018273,
      0.016249,
      0.024698,
      0.026268,
      0.025832,
      0.025608,
      0.023358,
      0.024217,
      0.021417,
      0.037762,
      0.04079,
      0.046534
    ],
    "spectral_centroid": [
      1420.77,
      1384.43,
      1495.19,
      1884.78,
      1743.84,
      1528.63,
      1572.83,
      2288.93,
      1744.91,
      1395.75,
      1660.49,
      1442.09,
      1550.44,
      1370.7,
      1439.52,
      1622.64,
      1628.06,
      1602.63,
      1916.34,
      1897.98,
      1642.9,
      2029.0,
      1570.71
    ]
  }
}