{
  "id": "201ba82b-6602-4400-bd76-2229a2ddfc26",
  "duration": 11.819,
  "pitch": {
    "mean": 398.76,
    "max": 1759.93,
    "std": 293.47,
    "max_mean_ratio": 4.41
  },
  "energy": {
    "mean": 0.080497,
    "max": 0.234223,
    "std": 0.050179,
    "rate_of_change": 0.019095
  },
  "speech_rate": {
    "chars_per_sec": 25.41,
    "words_per_sec": 5.2,
    "segment_count": 9
  },
  "spectral_centroid": {
    "mean": 2032.01
  },
  "timeseries": {
    "frame_sec": 0.5,
    "pitch": [
      318.83,
      370.75,
      507.89,
      391.84,
      111.98,
      111.92,
      372.57,
      362.37,
      520.27,
      292.37,
      451.23,
      273.59,
      231.98,
      303.09,
      320.81,
      347.99,
      499.04,
      592.38,
      780.19,
      237.01,
      410.68,
      518.62,
      617.87,
      311.52
    ],
    "energy": [
      0.0418,
      0.077603,
      0.041969,
      0.026721,
      0.0148,
      0.012094,
      0.034379,
      0.095558,
      0.143804,
      0.087049,
      0.149018,
      0.066042,
      0.059887,
      0.087761,
      0.085572,
      0.099511,
      0.120992,
      0.127579,
      0.05887,
      0.061627,
      0.10343,
      0.100815,
      0.069415,
      0.050556
    ],
    "spectral_centroid": [
      2225.12,
      1720.87,
      2251.99,
      2454.91,
      2252.52,
      2244.38,
      2196.11,
      1750.17,
      1705.56,
      2518.48,
      1637.81,
      1992.39,
      2247.98,
      1812.68,
      1711.01,
      1751.13,
      1822.86,
      1720.72,
      1907.89,
      2922.22,
      1901.0,
      1857.29,
      1712.26,
      2683.32
    ]
  }
}