{
  "id": "20524f07-340b-439b-a452-4c18e9e96252",
  "duration": 11.136,
  "pitch": {
    "mean": 400.28,
    "max": 1362.06,
    "std": 158.73,
    "max_mean_ratio": 3.4
  },
  "energy": {
    "mean": 0.042093,
    "max": 0.133659,
    "std": 0.020039,
    "rate_of_change": 0.011171
  },
  "speech_rate": {
    "chars_per_sec": 19.96,
    "words_per_sec": 4.12,
    "segment_count": 2
  },
  "spectral_centroid": {
    "mean": 1553.04
  },
  "timeseries": {
    "frame_sec": 0.5,
    "pitch": [
      393.27,
      387.99,
      468.57,
      428.4,
      454.18,
      438.05,
      491.02,
      421.78,
      287.4,
      416.65,
      439.1,
      451.03,
      354.5,
      398.58,
      312.78,
      391.25,
      353.34,
      389.89,
      372.46,
      367.22,
      534.94,
      408.74,
      483.21
    ],
    "energy": [
      0.030767,
      0.031954,
      0.025298,
      0.028307,
      0.041184,
      0.036537,
      0.053314,
      0.030001,
      0.04574,
      0.054236,
      0.017208,
      0.04051,
      0.063054,
      0.046988,
      0.042338,
      0.035525,
      0.012304,
      0.027177,
      0.045162,
      0.052126,
      0.069269,
      0.050327,
      0.053292
    ],
    "spectral_centroid": [
      1756.5,
      1957.77,
      1672.34,
      1332.67,
      1445.52,
      1475.26,
      1229.87,
      1626.41,
      1692.46,
      1341.63,
      1852.93,
      1200.49,
      1476.06,
      1469.03,
      1556.2,
      1345.43,
      1366.76,
      1409.28,
      1647.62,
      1862.06,
      1670.05,
      1845.41,
      1388.69
    ]
  }
}