{
  "id": "205cfd70-0ed9-4826-bf74-649664f664b7",
  "duration": 17.387,
  "pitch": {
    "mean": 340.53,
    "max": 1048.63,
    "std": 231.7,
    "max_mean_ratio": 3.08
  },
  "energy": {
    "mean": 0.045534,
    "max": 0.140084,
    "std": 0.025595,
    "rate_of_change": 0.007561
  },
  "speech_rate": {
    "chars_per_sec": 13.31,
    "words_per_sec": 2.42,
    "segment_count": 7
  },
  "spectral_centroid": {
    "mean": 1758.28
  },
  "timeseries": {
    "frame_sec": 0.5,
    "pitch": [
      536.73,
      148.18,
      280.97,
      477.66,
      233.57,
      292.07,
      357.2,
      412.02,
      400.55,
      298.57,
      195.0,
      103.8,
      210.26,
      342.49,
      234.6,
      513.55,
      256.95,
      231.86,
      394.63,
      276.81,
      242.91,
      414.09,
      107.75,
      261.64,
      518.75,
      529.45,
      592.27,
      451.87,
      363.25,
      254.41,
      465.06,
      559.06,
      351.14,
      419.99,
      420.77
    ],
    "energy": [
      0.051693,
      0.011376,
      0.03793,
      0.049781,
      0.010559,
      0.031487,
      0.040307,
      0.021589,
      0.048056,
      0.050792,
      0.061118,
      0.022116,
      0.027172,
      0.049416,
      0.056373,
      0.069385,
      0.015959,
      0.026346,
      0.047114,
      0.066888,
      0.074585,
      0.05716,
      0.01723,
      0.045583,
      0.093538,
      0.058972,
      0.04826,
      0.048572,
      0.042807,
      0.034655,
      0.05638,
      0.042631,
      0.044283,
      0.028075,
      0.037019
    ],
    "spectral_centroid": [
      1770.37,
      1820.89,
      1339.24,
      1694.32,
      1447.73,
      2034.25,
      1857.85,
      1747.1,
      1662.65,
      1566.36,
      1369.95,
      1693.8,
      1845.99,
      1572.26,
      1466.68,
      1586.68,
      1591.89,
      1871.59,
      1895.06,
      1752.66,
      1403.59,
      1299.41,
      1673.5,
      1847.24,
      2020.41,
      2163.94,
      1885.25,
      1882.08,
      1535.81,
      1732.39,
      2257.1,
      1747.06,
      2790.62,
      1850.41,
      1676.51
    ]
  }
}