{
  "id": "209e0662-eab6-4866-ba34-29aa34c37485",
  "duration": 13.589,
  "pitch": {
    "mean": 357.25,
    "max": 1545.85,
    "std": 222.15,
    "max_mean_ratio": 4.33
  },
  "energy": {
    "mean": 0.079231,
    "max": 0.242683,
    "std": 0.051019,
    "rate_of_change": 0.017283
  },
  "speech_rate": {
    "chars_per_sec": 18.73,
    "words_per_sec": 3.39,
    "segment_count": 8
  },
  "spectral_centroid": {
    "mean": 1854.33
  },
  "timeseries": {
    "frame_sec": 0.5,
    "pitch": [
      220.25,
      331.29,
      306.31,
      190.61,
      219.17,
      384.62,
      373.43,
      494.5,
      288.6,
      481.16,
      346.13,
      413.08,
      158.72,
      529.54,
      398.13,
      336.75,
      394.56,
      353.27,
      349.53,
      236.43,
      427.85,
      395.46,
      486.55,
      198.41,
      264.89,
      462.46,
      480.4,
      371.56
    ],
    "energy": [
      0.02229,
      0.042608,
      0.065249,
      0.016922,
      0.056736,
      0.120578,
      0.094172,
      0.093729,
      0.053948,
      0.071511,
      0.098978,
      0.058002,
      0.015129,
      0.127734,
      0.118492,
      0.126057,
      0.090039,
      0.08471,
      0.067039,
      0.013901,
      0.04375,
      0.122821,
      0.091778,
      0.038362,
      0.096557,
      0.082893,
      0.124632,
      0.085009
    ],
    "spectral_centroid": [
      2321.93,
      1974.46,
      1787.2,
      2072.06,
      2023.07,
      1563.34,
      1406.71,
      1644.7,
      1831.71,
      1663.14,
      1617.29,
      1647.85,
      2001.38,
      1714.26,
      2086.09,
      1815.04,
      1741.46,
      1650.92,
      1890.33,
      2083.09,
      2259.94,
      1457.28,
      1751.02,
      1747.07,
      2692.46,
      2114.73,
      1517.77,
      1406.7
    ]
  }
}