{
  "id": "21332672-d2cb-4ee4-903b-3deae71d6bfd",
  "duration": 9.387,
  "pitch": {
    "mean": 415.59,
    "max": 1400.57,
    "std": 254.47,
    "max_mean_ratio": 3.37
  },
  "energy": {
    "mean": 0.023303,
    "max": 0.100497,
    "std": 0.015439,
    "rate_of_change": 0.010127
  },
  "speech_rate": {
    "chars_per_sec": 22.0,
    "words_per_sec": 4.56,
    "segment_count": 2
  },
  "spectral_centroid": {
    "mean": 1801.5
  },
  "timeseries": {
    "frame_sec": 0.5,
    "pitch": [
      420.48,
      488.74,
      674.79,
      323.85,
      354.87,
      285.29,
      240.86,
      318.2,
      241.65,
      296.96,
      559.07,
      402.08,
      439.64,
      445.12,
      279.31,
      419.84,
      435.81,
      627.78,
      662.82
    ],
    "energy": [
      0.018596,
      0.019132,
      0.020505,
      0.017474,
      0.020182,
      0.016599,
      0.015568,
      0.01258,
      0.014921,
      0.015001,
      0.022004,
      0.015001,
      0.020505,
      0.019732,
      0.020577,
      0.041688,
      0.052707,
      0.037377,
      0.022357
    ],
    "spectral_centroid": [
      1652.23,
      1629.7,
      1576.19,
      1817.81,
      2048.05,
      2055.56,
      1779.7,
      2068.0,
      1858.72,
      1624.45,
      1607.38,
      1569.46,
      1463.49,
      1750.77,
      1629.8,
      1864.9,
      1901.11,
      2225.98,
      2186.93
    ]
  }
}