{
  "id": "2134dfc9-d1ae-4065-a093-3d1919cf3249",
  "duration": 11.477,
  "pitch": {
    "mean": 321.35,
    "max": 1957.86,
    "std": 254.05,
    "max_mean_ratio": 6.09
  },
  "energy": {
    "mean": 0.081699,
    "max": 0.317655,
    "std": 0.068014,
    "rate_of_change": 0.026733
  },
  "speech_rate": {
    "chars_per_sec": 8.02,
    "words_per_sec": 1.34,
    "segment_count": 6
  },
  "spectral_centroid": {
    "mean": 1848.36
  },
  "timeseries": {
    "frame_sec": 0.5,
    "pitch": [
      180.84,
      482.65,
      408.71,
      427.53,
      246.27,
      356.99,
      246.99,
      95.2,
      97.2,
      362.52,
      322.2,
      381.33,
      174.51,
      512.29,
      187.4,
      168.37,
      479.63,
      480.59,
      367.94,
      426.74,
      346.93,
      124.99,
      203.08
    ],
    "energy": [
      0.019786,
      0.100258,
      0.077844,
      0.053915,
      0.051252,
      0.103948,
      0.031729,
      0.015448,
      0.017012,
      0.065349,
      0.099571,
      0.140165,
      0.046232,
      0.157899,
      0.039233,
      0.054165,
      0.162578,
      0.127084,
      0.115351,
      0.127809,
      0.100689,
      0.015403,
      0.0534
    ],
    "spectral_centroid": [
      1511.46,
      1837.28,
      1747.59,
      1706.36,
      1717.31,
      1792.82,
      1635.0,
      1463.48,
      1229.41,
      1916.5,
      1935.45,
      2474.92,
      1842.23,
      1972.43,
      1575.5,
      1627.73,
      2065.47,
      2241.91,
      2238.26,
      2106.28,
      2621.32,
      1495.18,
      1749.93
    ]
  }
}