{
  "id": "21770a41-1ff7-48d7-a5d3-38e147331f2d",
  "duration": 10.667,
  "pitch": {
    "mean": 468.77,
    "max": 1478.23,
    "std": 225.16,
    "max_mean_ratio": 3.15
  },
  "energy": {
    "mean": 0.034914,
    "max": 0.103985,
    "std": 0.017853,
    "rate_of_change": 0.008795
  },
  "speech_rate": {
    "chars_per_sec": 19.09,
    "words_per_sec": 3.59,
    "segment_count": 3
  },
  "spectral_centroid": {
    "mean": 1650.12
  },
  "timeseries": {
    "frame_sec": 0.5,
    "pitch": [
      420.18,
      531.6,
      449.57,
      580.9,
      400.97,
      502.91,
      444.94,
      472.28,
      577.62,
      314.93,
      359.02,
      490.3,
      453.15,
      551.68,
      569.69,
      501.73,
      638.36,
      362.23,
      332.89,
      524.21,
      509.04,
      669.48
    ],
    "energy": [
      0.02452,
      0.017915,
      0.023487,
      0.039849,
      0.02226,
      0.03367,
      0.0304,
      0.028142,
      0.035421,
      0.027112,
      0.024524,
      0.021544,
      0.02071,
      0.035817,
      0.051269,
      0.053211,
      0.046218,
      0.052962,
      0.042688,
      0.028534,
      0.034392,
      0.039584
    ],
    "spectral_centroid": [
      1675.91,
      1621.58,
      1562.22,
      1518.93,
      1801.64,
      1397.61,
      1783.48,
      1623.16,
      1561.8,
      1603.34,
      1714.6,
      1805.93,
      1974.9,
      1514.23,
      1474.42,
      1677.64,
      1930.0,
      1661.85,
      1564.15,
      1681.92,
      1525.17,
      1530.32
    ]
  }
}