{
  "id": "217f05cd-b629-45ee-b2c5-94d71468b67e",
  "duration": 7.637,
  "pitch": {
    "mean": 345.91,
    "max": 1115.69,
    "std": 228.73,
    "max_mean_ratio": 3.23
  },
  "energy": {
    "mean": 0.077774,
    "max": 0.180124,
    "std": 0.032272,
    "rate_of_change": 0.019896
  },
  "speech_rate": {
    "chars_per_sec": 15.43,
    "words_per_sec": 3.12,
    "segment_count": 3
  },
  "spectral_centroid": {
    "mean": 2056.98
  },
  "timeseries": {
    "frame_sec": 0.5,
    "pitch": [
      291.04,
      421.41,
      403.49,
      435.12,
      451.77,
      321.52,
      370.64,
      511.34,
      339.57,
      142.93,
      275.09,
      319.35,
      310.96,
      322.96,
      316.2,
      176.18
    ],
    "energy": [
      0.05906,
      0.08243,
      0.067406,
      0.069311,
      0.06363,
      0.072369,
      0.079799,
      0.098953,
      0.047922,
      0.050184,
      0.042125,
      0.086354,
      0.077904,
      0.10069,
      0.117174,
      0.052244
    ],
    "spectral_centroid": [
      2048.41,
      2102.99,
      2119.65,
      2201.05,
      2092.89,
      1818.9,
      2056.05,
      1870.77,
      2170.16,
      2040.34,
      1920.67,
      1777.44,
      2077.75,
      2211.35,
      2264.42,
      2285.68
    ]
  }
}