{
  "id": "21cd3e36-a899-401f-842e-c6d022ab2cda",
  "duration": 10.901,
  "pitch": {
    "mean": 392.98,
    "max": 1993.26,
    "std": 301.6,
    "max_mean_ratio": 5.07
  },
  "energy": {
    "mean": 0.030397,
    "max": 0.158867,
    "std": 0.024959,
    "rate_of_change": 0.01388
  },
  "speech_rate": {
    "chars_per_sec": 16.0,
    "words_per_sec": 3.09,
    "segment_count": 3
  },
  "spectral_centroid": {
    "mean": 1934.1
  },
  "timeseries": {
    "frame_sec": 0.5,
    "pitch": [
      261.79,
      351.33,
      352.67,
      537.0,
      353.34,
      531.91,
      633.56,
      364.4,
      393.64,
      270.36,
      298.67,
      281.48,
      541.71,
      403.76,
      576.44,
      204.59,
      136.54,
      377.87,
      261.49,
      552.89,
      514.82,
      432.19
    ],
    "energy": [
      0.017512,
      0.030495,
      0.036456,
      0.051904,
      0.01171,
      0.049287,
      0.058711,
      0.01992,
      0.036631,
      0.016416,
      0.02637,
      0.015512,
      0.033811,
      0.0254,
      0.041694,
      0.00937,
      0.010515,
      0.038379,
      0.015434,
      0.022626,
      0.032976,
      0.040233
    ],
    "spectral_centroid": [
      1931.97,
      2199.09,
      2186.82,
      1611.22,
      2122.74,
      1823.15,
      1730.2,
      1671.21,
      2276.18,
      1965.85,
      2227.22,
      1867.8,
      1978.97,
      2186.34,
      1988.29,
      1508.63,
      1805.27,
      1562.22,
      1772.41,
      1740.41,
      2333.56,
      2027.73
    ]
  }
}