{
  "id": "21dce6f1-a8c3-4274-9444-6bb227aff81d",
  "duration": 10.645,
  "pitch": {
    "mean": 452.86,
    "max": 1334.54,
    "std": 229.77,
    "max_mean_ratio": 2.95
  },
  "energy": {
    "mean": 0.052925,
    "max": 0.216853,
    "std": 0.038217,
    "rate_of_change": 0.019436
  },
  "speech_rate": {
    "chars_per_sec": 17.27,
    "words_per_sec": 3.73,
    "segment_count": 5
  },
  "spectral_centroid": {
    "mean": 1695.88
  },
  "timeseries": {
    "frame_sec": 0.5,
    "pitch": [
      565.16,
      589.06,
      530.23,
      687.52,
      671.66,
      488.85,
      336.61,
      483.5,
      320.56,
      387.29,
      412.96,
      356.47,
      486.56,
      559.81,
      450.39,
      358.46,
      367.97,
      455.96,
      132.67,
      372.52,
      415.07,
      311.08
    ],
    "energy": [
      0.044567,
      0.101233,
      0.064992,
      0.080652,
      0.05462,
      0.074818,
      0.068577,
      0.041422,
      0.024678,
      0.0521,
      0.049211,
      0.047493,
      0.036363,
      0.061283,
      0.046708,
      0.023491,
      0.027898,
      0.029805,
      0.012316,
      0.062074,
      0.066939,
      0.030389
    ],
    "spectral_centroid": [
      1508.31,
      1611.36,
      1616.21,
      2028.34,
      1820.32,
      1533.7,
      1518.98,
      1617.87,
      1956.73,
      1680.8,
      1893.65,
      2010.35,
      1715.39,
      1257.95,
      1628.98,
      1730.75,
      1585.92,
      1667.11,
      1722.13,
      1684.8,
      1746.52,
      2193.34
    ]
  }
}