{
  "id": "22241533-9ddf-4280-8818-43461a755ef7",
  "duration": 13.205,
  "pitch": {
    "mean": 335.19,
    "max": 2076.98,
    "std": 374.97,
    "max_mean_ratio": 6.2
  },
  "energy": {
    "mean": 0.061449,
    "max": 0.214813,
    "std": 0.032374,
    "rate_of_change": 0.015143
  },
  "speech_rate": {
    "chars_per_sec": 0.45,
    "words_per_sec": 0.08,
    "segment_count": 1
  },
  "spectral_centroid": {
    "mean": 2066.78
  },
  "timeseries": {
    "frame_sec": 0.5,
    "pitch": [
      130.28,
      95.77,
      143.19,
      116.77,
      389.97,
      239.17,
      308.04,
      563.3,
      440.07,
      285.08,
      414.68,
      339.11,
      121.92,
      328.47,
      294.17,
      153.91,
      214.07,
      151.8,
      143.75,
      134.12,
      204.96,
      1040.29,
      668.33,
      527.27,
      588.99,
      775.49,
      324.47
    ],
    "energy": [
      0.036841,
      0.039478,
      0.044895,
      0.038878,
      0.051675,
      0.040338,
      0.058893,
      0.075143,
      0.07996,
      0.045521,
      0.054764,
      0.061171,
      0.035012,
      0.050972,
      0.043671,
      0.029537,
      0.044348,
      0.039912,
      0.049129,
      0.043549,
      0.069004,
      0.136009,
      0.110389,
      0.106483,
      0.079192,
      0.069122,
      0.04217
    ],
    "spectral_centroid": [
      1921.97,
      1786.82,
      2136.89,
      1968.66,
      2165.32,
      2345.48,
      2296.19,
      1850.05,
      1992.99,
      2040.61,
      1907.73,
      2082.13,
      1916.21,
      1969.85,
      1893.98,
      2103.08,
      1805.27,
      1890.78,
      1710.45,
      2088.23,
      2127.13,
      2291.2,
      2410.44,
      2457.99,
      2340.0,
      2167.28,
      2132.04
    ]
  }
}