{
  "id": "231b07b1-d263-4fa5-93a4-c9f5372454e4",
  "duration": 16.896,
  "pitch": {
    "mean": 529.83,
    "max": 1932.41,
    "std": 394.24,
    "max_mean_ratio": 3.65
  },
  "energy": {
    "mean": 0.074811,
    "max": 0.223877,
    "std": 0.044682,
    "rate_of_change": 0.012633
  },
  "speech_rate": {
    "chars_per_sec": 16.07,
    "words_per_sec": 2.86,
    "segment_count": 8
  },
  "spectral_centroid": {
    "mean": 2021.7
  },
  "timeseries": {
    "frame_sec": 0.5,
    "pitch": [
      666.15,
      649.07,
      467.24,
      289.61,
      146.52,
      125.31,
      424.04,
      403.04,
      627.03,
      530.51,
      553.42,
      653.1,
      646.67,
      105.51,
      147.88,
      597.01,
      488.31,
      959.57,
      140.81,
      875.9,
      634.35,
      680.84,
      1394.88,
      929.36,
      935.25,
      541.41,
      675.53,
      675.99,
      751.81,
      744.81,
      359.95,
      86.23,
      345.93,
      234.63
    ],
    "energy": [
      0.097818,
      0.084673,
      0.101722,
      0.031993,
      0.017247,
      0.020626,
      0.078068,
      0.069225,
      0.086509,
      0.094692,
      0.10074,
      0.088596,
      0.096508,
      0.013147,
      0.017366,
      0.067154,
      0.073534,
      0.099446,
      0.035191,
      0.149851,
      0.081006,
      0.106291,
      0.113102,
      0.034915,
      0.11617,
      0.091848,
      0.094715,
      0.073931,
      0.094402,
      0.060355,
      0.035565,
      0.043749,
      0.029277,
      0.024397
    ],
    "spectral_centroid": [
      1876.85,
      1799.22,
      1933.62,
      1773.03,
      1704.36,
      1545.37,
      1875.26,
      2269.26,
      1911.28,
      2063.65,
      1988.09,
      2020.19,
      2091.96,
      1689.05,
      1888.91,
      2117.46,
      2027.36,
      2046.82,
      2705.6,
      2050.22,
      1975.21,
      2164.4,
      2019.23,
      2145.32,
      1930.11,
      2059.57,
      2193.29,
      2134.35,
      1895.77,
      1967.36,
      2170.58,
      1802.05,
      2102.71,
      2836.14
    ]
  }
}