{
  "id": "23c86067-464e-4dfe-b5da-5e0a1b51de78",
  "duration": 8.235,
  "pitch": {
    "mean": 512.45,
    "max": 1720.24,
    "std": 313.56,
    "max_mean_ratio": 3.36
  },
  "energy": {
    "mean": 0.065135,
    "max": 0.185785,
    "std": 0.039963,
    "rate_of_change": 0.021728
  },
  "speech_rate": {
    "chars_per_sec": 14.11,
    "words_per_sec": 2.43,
    "segment_count": 5
  },
  "spectral_centroid": {
    "mean": 2263.68
  },
  "timeseries": {
    "frame_sec": 0.5,
    "pitch": [
      406.58,
      544.08,
      428.97,
      378.15,
      580.01,
      605.35,
      446.91,
      551.53,
      616.59,
      485.36,
      419.67,
      146.6,
      257.56,
      633.69,
      741.86,
      599.38,
      631.95
    ],
    "energy": [
      0.016162,
      0.108504,
      0.017734,
      0.053366,
      0.102228,
      0.071943,
      0.043254,
      0.063442,
      0.064987,
      0.047457,
      0.043385,
      0.01576,
      0.06857,
      0.120203,
      0.087686,
      0.061585,
      0.071784
    ],
    "spectral_centroid": [
      1687.32,
      2329.14,
      2089.48,
      2092.99,
      2031.82,
      2094.11,
      2216.32,
      2288.41,
      2186.0,
      2332.1,
      2171.38,
      2645.68,
      2196.9,
      2338.49,
      2552.1,
      2828.32,
      2453.46
    ]
  }
}