{
  "id": "243a5581-b53c-4887-9910-d71f0476dbd9",
  "duration": 10.283,
  "pitch": {
    "mean": 591.55,
    "max": 2072.68,
    "std": 459.26,
    "max_mean_ratio": 3.5
  },
  "energy": {
    "mean": 0.047639,
    "max": 0.179154,
    "std": 0.034729,
    "rate_of_change": 0.016573
  },
  "speech_rate": {
    "chars_per_sec": 15.67,
    "words_per_sec": 3.17,
    "segment_count": 2
  },
  "spectral_centroid": {
    "mean": 2190.01
  },
  "timeseries": {
    "frame_sec": 0.5,
    "pitch": [
      279.71,
      407.06,
      617.91,
      527.42,
      720.94,
      495.48,
      598.01,
      390.21,
      382.93,
      985.57,
      1179.41,
      745.93,
      528.77,
      510.05,
      477.51,
      826.59,
      693.68,
      505.94,
      594.58,
      621.21,
      540.65
    ],
    "energy": [
      0.033743,
      0.029239,
      0.097931,
      0.049143,
      0.069164,
      0.09981,
      0.071624,
      0.070525,
      0.024576,
      0.011335,
      0.010849,
      0.0158,
      0.033539,
      0.025167,
      0.026227,
      0.027698,
      0.039524,
      0.053134,
      0.048046,
      0.065127,
      0.050909
    ],
    "spectral_centroid": [
      2872.01,
      2923.54,
      1792.76,
      2561.98,
      2291.49,
      1919.15,
      1771.84,
      1840.75,
      2032.68,
      2195.3,
      2121.05,
      2482.32,
      2284.6,
      2059.13,
      2266.25,
      2495.37,
      1883.59,
      1974.96,
      2019.85,
      2064.75,
      1943.9
    ]
  }
}