{
  "id": "24541767-775f-4b03-ad44-295652f5f87a",
  "duration": 9.173,
  "pitch": {
    "mean": 415.14,
    "max": 2025.34,
    "std": 325.02,
    "max_mean_ratio": 4.88
  },
  "energy": {
    "mean": 0.038463,
    "max": 0.089769,
    "std": 0.024116,
    "rate_of_change": 0.009345
  },
  "speech_rate": {
    "chars_per_sec": 18.57,
    "words_per_sec": 3.41,
    "segment_count": 2
  },
  "spectral_centroid": {
    "mean": 2107.81
  },
  "timeseries": {
    "frame_sec": 0.5,
    "pitch": [
      143.5,
      761.14,
      539.98,
      361.54,
      698.37,
      581.4,
      342.82,
      331.36,
      359.51,
      464.05,
      325.28,
      295.43,
      356.31,
      461.08,
      291.36,
      342.96,
      319.02,
      497.5,
      307.42
    ],
    "energy": [
      0.018645,
      0.041682,
      0.037095,
      0.048628,
      0.041169,
      0.02996,
      0.034043,
      0.042608,
      0.070805,
      0.066025,
      0.073413,
      0.048527,
      0.014857,
      0.020401,
      0.021349,
      0.025668,
      0.01416,
      0.022017,
      0.016741
    ],
    "spectral_centroid": [
      1990.75,
      2338.04,
      1952.24,
      2581.71,
      2690.49,
      2945.67,
      2103.84,
      2617.42,
      2034.92,
      1817.23,
      1656.03,
      1693.07,
      1979.31,
      1917.77,
      2176.36,
      2127.45,
      1720.02,
      1700.87,
      1718.49
    ]
  }
}