{
  "id": "2463e96e-4e23-4e09-81e5-627b2105a70b",
  "duration": 9.003,
  "pitch": {
    "mean": 672.74,
    "max": 2055.52,
    "std": 457.63,
    "max_mean_ratio": 3.06
  },
  "energy": {
    "mean": 0.094684,
    "max": 0.327954,
    "std": 0.066643,
    "rate_of_change": 0.035226
  },
  "speech_rate": {
    "chars_per_sec": 15.89,
    "words_per_sec": 2.44,
    "segment_count": 1
  },
  "spectral_centroid": {
    "mean": 2035.86
  },
  "timeseries": {
    "frame_sec": 0.5,
    "pitch": [
      1106.32,
      731.33,
      436.57,
      623.28,
      604.63,
      778.36,
      724.03,
      466.13,
      571.46,
      996.89,
      447.37,
      872.84,
      581.4,
      401.42,
      736.28,
      465.66,
      705.38,
      691.6,
      123.15
    ],
    "energy": [
      0.094387,
      0.054666,
      0.037137,
      0.109259,
      0.124658,
      0.05605,
      0.095747,
      0.020701,
      0.057214,
      0.061329,
      0.089254,
      0.048399,
      0.090254,
      0.095993,
      0.193705,
      0.142684,
      0.170306,
      0.086253,
      0.003084
    ],
    "spectral_centroid": [
      1954.9,
      1979.33,
      1658.74,
      2361.37,
      2002.93,
      1728.99,
      2386.05,
      1946.43,
      1971.03,
      2360.51,
      2299.97,
      1943.29,
      1640.93,
      2345.2,
      1748.1,
      1975.57,
      2306.02,
      1986.69,
      1613.25
    ]
  }
}