{
  "id": "2479033b-a552-495b-86c3-eb58e15f6120",
  "duration": 7.211,
  "pitch": {
    "mean": 461.37,
    "max": 1979.23,
    "std": 374.29,
    "max_mean_ratio": 4.29
  },
  "energy": {
    "mean": 0.063474,
    "max": 0.190535,
    "std": 0.032989,
    "rate_of_change": 0.024886
  },
  "speech_rate": {
    "chars_per_sec": 24.03,
    "words_per_sec": 5.14,
    "segment_count": 2
  },
  "spectral_centroid": {
    "mean": 2029.29
  },
  "timeseries": {
    "frame_sec": 0.5,
    "pitch": [
      241.32,
      480.61,
      412.6,
      627.72,
      609.01,
      405.65,
      498.6,
      434.58,
      237.41,
      428.64,
      208.66,
      406.27,
      794.69,
      437.8,
      683.49
    ],
    "energy": [
      0.050595,
      0.047906,
      0.046816,
      0.042841,
      0.026823,
      0.045225,
      0.04941,
      0.045268,
      0.062848,
      0.08018,
      0.044459,
      0.078749,
      0.08393,
      0.123336,
      0.106833
    ],
    "spectral_centroid": [
      2092.8,
      2199.58,
      2260.18,
      1823.93,
      2347.13,
      2074.15,
      2400.84,
      1946.32,
      2178.33,
      1692.19,
      1787.23,
      1820.34,
      2120.1,
      1759.06,
      1792.34
    ]
  }
}