{
  "id": "24936525-24e4-4806-a56d-4b455b7630aa",
  "duration": 12.288,
  "pitch": {
    "mean": 458.37,
    "max": 1867.79,
    "std": 394.76,
    "max_mean_ratio": 4.07
  },
  "energy": {
    "mean": 0.016996,
    "max": 0.139879,
    "std": 0.023116,
    "rate_of_change": 0.011001
  },
  "speech_rate": {
    "chars_per_sec": 5.67,
    "words_per_sec": 1.17,
    "segment_count": 3
  },
  "spectral_centroid": {
    "mean": 1961.45
  },
  "timeseries": {
    "frame_sec": 0.5,
    "pitch": [
      852.59,
      625.24,
      578.15,
      613.1,
      367.51,
      479.71,
      349.5,
      190.95,
      283.21,
      290.29,
      654.87,
      613.01,
      266.02,
      555.63,
      356.81,
      444.64,
      470.42,
      519.2,
      555.08,
      627.98,
      585.63,
      568.09,
      329.71,
      241.66,
      424.83
    ],
    "energy": [
      0.010337,
      0.005944,
      0.008753,
      0.007963,
      0.005899,
      0.007453,
      0.00901,
      0.008528,
      0.007636,
      0.011259,
      0.011636,
      0.017791,
      0.006718,
      0.00543,
      0.008813,
      0.006387,
      0.016945,
      0.063587,
      0.077593,
      0.038614,
      0.009316,
      0.012945,
      0.017479,
      0.017428,
      0.013322
    ],
    "spectral_centroid": [
      2070.61,
      1923.4,
      2102.24,
      1888.16,
      1678.43,
      1984.02,
      1843.4,
      1632.35,
      1781.4,
      2106.74,
      1902.65,
      1776.28,
      1863.97,
      2039.52,
      2062.63,
      1891.84,
      1976.8,
      2132.73,
      1827.64,
      1866.67,
      1879.72,
      2069.04,
      2208.05,
      2137.05,
      2507.45
    ]
  }
}