{
  "id": "24b3ebf2-bb26-42d9-9e9b-52774a066f80",
  "duration": 5.589,
  "pitch": {
    "mean": 515.56,
    "max": 954.32,
    "std": 225.98,
    "max_mean_ratio": 1.85
  },
  "energy": {
    "mean": 0.032991,
    "max": 0.091167,
    "std": 0.016041,
    "rate_of_change": 0.014757
  },
  "speech_rate": {
    "chars_per_sec": 17.97,
    "words_per_sec": 3.52,
    "segment_count": 1
  },
  "spectral_centroid": {
    "mean": 1777.18
  },
  "timeseries": {
    "frame_sec": 0.5,
    "pitch": [
      386.89,
      419.0,
      514.39,
      676.99,
      655.84,
      518.77,
      659.17,
      710.4,
      516.18,
      322.34,
      368.73,
      473.6
    ],
    "energy": [
      0.023146,
      0.022587,
      0.015375,
      0.044983,
      0.031886,
      0.032284,
      0.033664,
      0.028741,
      0.027085,
      0.038998,
      0.040836,
      0.063334
    ],
    "spectral_centroid": [
      1425.89,
      1608.72,
      1860.9,
      1333.16,
      1759.57,
      2016.48,
      1574.26,
      1407.85,
      2489.64,
      2137.19,
      1865.95,
      1800.3
    ]
  }
}