{
  "id": "2529394e-adf9-4349-8fba-0c8a990b7bbc",
  "duration": 6.613,
  "pitch": {
    "mean": 542.01,
    "max": 1511.3,
    "std": 311.49,
    "max_mean_ratio": 2.79
  },
  "energy": {
    "mean": 0.096099,
    "max": 0.290864,
    "std": 0.07965,
    "rate_of_change": 0.043504
  },
  "speech_rate": {
    "chars_per_sec": 11.09,
    "words_per_sec": 1.54,
    "segment_count": 4
  },
  "spectral_centroid": {
    "mean": 1999.17
  },
  "timeseries": {
    "frame_sec": 0.5,
    "pitch": [
      445.59,
      621.44,
      213.67,
      363.93,
      521.54,
      401.57,
      558.49,
      1134.16,
      846.16,
      878.13,
      407.42,
      471.54,
      325.88,
      120.91
    ],
    "energy": [
      0.040474,
      0.037751,
      0.0246,
      0.040206,
      0.077924,
      0.101508,
      0.174832,
      0.244197,
      0.196455,
      0.15365,
      0.04404,
      0.054701,
      0.029983,
      0.003241
    ],
    "spectral_centroid": [
      1722.27,
      1951.31,
      1930.21,
      1724.73,
      1832.2,
      1516.68,
      2065.86,
      2345.37,
      2342.33,
      2393.11,
      2022.28,
      2284.54,
      1827.99,
      1783.32
    ]
  }
}