{
  "id": "25380862-f34f-4e5a-899a-7155b7dafb8d",
  "duration": 11.413,
  "pitch": {
    "mean": 321.08,
    "max": 1656.05,
    "std": 258.57,
    "max_mean_ratio": 5.16
  },
  "energy": {
    "mean": 0.07187,
    "max": 0.115954,
    "std": 0.029471,
    "rate_of_change": 0.009761
  },
  "speech_rate": {
    "chars_per_sec": 19.3,
    "words_per_sec": 3.86,
    "segment_count": 3
  },
  "spectral_centroid": {
    "mean": 2049.49
  },
  "timeseries": {
    "frame_sec": 0.5,
    "pitch": [
      292.63,
      223.97,
      137.75,
      259.51,
      107.35,
      286.58,
      373.44,
      243.4,
      370.28,
      253.64,
      321.61,
      239.89,
      258.55,
      361.82,
      613.05,
      196.26,
      455.14,
      224.67,
      308.72,
      451.21,
      329.24,
      516.76,
      563.78
    ],
    "energy": [
      0.080366,
      0.029037,
      0.023355,
      0.056433,
      0.012184,
      0.068384,
      0.079077,
      0.082535,
      0.088231,
      0.072901,
      0.077382,
      0.079167,
      0.071794,
      0.080834,
      0.074532,
      0.056918,
      0.080002,
      0.073323,
      0.081856,
      0.082173,
      0.082589,
      0.079715,
      0.082623
    ],
    "spectral_centroid": [
      1446.92,
      2221.97,
      1925.22,
      1787.65,
      2066.59,
      2091.22,
      2023.55,
      1631.11,
      1814.89,
      2131.38,
      1892.62,
      2233.39,
      2654.96,
      1949.49,
      2514.21,
      1766.9,
      2238.17,
      2438.28,
      2307.91,
      1758.99,
      1694.53,
      1949.67,
      2409.55
    ]
  }
}