{
  "id": "256a748d-8233-4cad-9930-9e2902d1f2a0",
  "duration": 8.149,
  "pitch": {
    "mean": 425.06,
    "max": 2006.81,
    "std": 270.11,
    "max_mean_ratio": 4.72
  },
  "energy": {
    "mean": 0.270548,
    "max": 0.70012,
    "std": 0.22024,
    "rate_of_change": 0.083873
  },
  "speech_rate": {
    "chars_per_sec": 17.13,
    "words_per_sec": 3.51,
    "segment_count": 2
  },
  "spectral_centroid": {
    "mean": 2095.19
  },
  "timeseries": {
    "frame_sec": 0.5,
    "pitch": [
      311.9,
      331.43,
      424.02,
      251.37,
      330.26,
      488.66,
      387.31,
      129.77,
      197.85,
      343.45,
      353.26,
      654.8,
      616.14,
      682.78,
      668.27,
      523.78,
      614.3
    ],
    "energy": [
      0.081424,
      0.118072,
      0.115925,
      0.094942,
      0.154989,
      0.249749,
      0.133374,
      0.022033,
      0.029628,
      0.075028,
      0.524516,
      0.386953,
      0.49398,
      0.60086,
      0.538254,
      0.427875,
      0.51485
    ],
    "spectral_centroid": [
      2304.04,
      2865.26,
      2243.27,
      1618.51,
      1815.43,
      1797.24,
      1678.98,
      1924.45,
      2788.5,
      1781.93,
      1637.67,
      2153.33,
      2035.95,
      2509.98,
      2148.53,
      2187.97,
      2226.03
    ]
  }
}