{
  "id": "259ff890-75bd-4219-a7a1-cb412ce349a5",
  "duration": 11.157,
  "pitch": {
    "mean": 386.06,
    "max": 803.03,
    "std": 182.2,
    "max_mean_ratio": 2.08
  },
  "energy": {
    "mean": 0.083513,
    "max": 0.292041,
    "std": 0.053116,
    "rate_of_change": 0.025698
  },
  "speech_rate": {
    "chars_per_sec": 18.58,
    "words_per_sec": 2.78,
    "segment_count": 1
  },
  "spectral_centroid": {
    "mean": 1294.18
  },
  "timeseries": {
    "frame_sec": 0.5,
    "pitch": [
      114.98,
      354.02,
      407.28,
      426.97,
      346.15,
      421.2,
      403.56,
      327.47,
      355.77,
      316.13,
      403.7,
      285.8,
      401.83,
      395.56,
      363.38,
      258.87,
      479.74,
      555.46,
      340.29,
      442.48,
      543.33,
      390.91,
      517.44
    ],
    "energy": [
      0.016816,
      0.076276,
      0.078223,
      0.071119,
      0.060413,
      0.08434,
      0.074587,
      0.063727,
      0.07358,
      0.057006,
      0.082999,
      0.028981,
      0.086853,
      0.076688,
      0.048031,
      0.033828,
      0.099595,
      0.157033,
      0.098722,
      0.150539,
      0.142168,
      0.074543,
      0.121767
    ],
    "spectral_centroid": [
      1669.69,
      1358.57,
      1263.44,
      1532.66,
      1252.51,
      1080.74,
      1236.51,
      1236.49,
      1006.5,
      1483.83,
      1744.19,
      1937.39,
      1137.96,
      1038.64,
      1245.91,
      1339.05,
      1226.6,
      1055.07,
      1018.78,
      1092.24,
      1272.79,
      1577.97,
      1065.02
    ]
  }
}