{
  "id": "25af9c89-c8c8-4613-a69a-830af65fadc9",
  "duration": 6.165,
  "pitch": {
    "mean": 382.77,
    "max": 1232.46,
    "std": 223.5,
    "max_mean_ratio": 3.22
  },
  "energy": {
    "mean": 0.006691,
    "max": 0.025797,
    "std": 0.005349,
    "rate_of_change": 0.004111
  },
  "speech_rate": {
    "chars_per_sec": 14.46,
    "words_per_sec": 2.33,
    "segment_count": 2
  },
  "spectral_centroid": {
    "mean": 1925.25
  },
  "timeseries": {
    "frame_sec": 0.5,
    "pitch": [
      327.85,
      567.7,
      315.37,
      211.78,
      299.71,
      338.86,
      618.61,
      484.92,
      377.45,
      402.93,
      346.49,
      450.25,
      251.34
    ],
    "energy": [
      0.004732,
      0.001311,
      0.001295,
      0.00402,
      0.007461,
      0.006974,
      0.005349,
      0.003093,
      0.011537,
      0.015711,
      0.009157,
      0.006959,
      0.004644
    ],
    "spectral_centroid": [
      1319.1,
      2128.85,
      1668.62,
      2141.13,
      1413.14,
      1840.92,
      1562.8,
      2325.26,
      1758.89,
      2399.89,
      2586.14,
      1917.18,
      2151.15
    ]
  }
}