{
  "id": "25d4645a-ab63-4f62-83ae-f5581cfd16a3",
  "duration": 9.195,
  "pitch": {
    "mean": 367.0,
    "max": 878.69,
    "std": 186.1,
    "max_mean_ratio": 2.39
  },
  "energy": {
    "mean": 0.039421,
    "max": 0.184628,
    "std": 0.029776,
    "rate_of_change": 0.019674
  },
  "speech_rate": {
    "chars_per_sec": 9.86,
    "words_per_sec": 1.82,
    "segment_count": 2
  },
  "spectral_centroid": {
    "mean": 2047.02
  },
  "timeseries": {
    "frame_sec": 0.5,
    "pitch": [
      409.51,
      324.98,
      414.08,
      332.33,
      321.17,
      242.94,
      412.22,
      342.72,
      350.18,
      405.86,
      529.87,
      353.72,
      430.8,
      329.0,
      302.29,
      359.15,
      482.8,
      446.59,
      412.15
    ],
    "energy": [
      0.024074,
      0.02805,
      0.029879,
      0.041178,
      0.01738,
      0.028765,
      0.054529,
      0.045243,
      0.076382,
      0.046367,
      0.05072,
      0.015122,
      0.038307,
      0.020783,
      0.026823,
      0.03408,
      0.049941,
      0.041335,
      0.034212
    ],
    "spectral_centroid": [
      2024.29,
      2217.49,
      2043.76,
      1985.4,
      2138.61,
      2335.42,
      1696.26,
      2046.43,
      2032.68,
      2127.14,
      2235.94,
      2644.03,
      1639.83,
      1546.08,
      1788.98,
      2188.16,
      2153.67,
      2192.39,
      1626.43
    ]
  }
}