{
  "id": "2627dcc1-f3fb-43a0-bb13-dc175efde22d",
  "duration": 10.645,
  "pitch": {
    "mean": 512.7,
    "max": 1917.02,
    "std": 347.22,
    "max_mean_ratio": 3.74
  },
  "energy": {
    "mean": 0.072209,
    "max": 0.182947,
    "std": 0.05505,
    "rate_of_change": 0.016296
  },
  "speech_rate": {
    "chars_per_sec": 8.76,
    "words_per_sec": 1.32,
    "segment_count": 5
  },
  "spectral_centroid": {
    "mean": 1796.76
  },
  "timeseries": {
    "frame_sec": 0.5,
    "pitch": [
      391.33,
      239.11,
      375.81,
      391.71,
      438.13,
      418.77,
      636.11,
      314.16,
      226.59,
      348.27,
      380.04,
      483.34,
      768.03,
      773.37,
      623.42,
      338.67,
      1089.93,
      1172.99,
      542.32,
      469.83,
      329.91,
      441.98
    ],
    "energy": [
      0.015832,
      0.014353,
      0.016704,
      0.087735,
      0.07812,
      0.039382,
      0.128647,
      0.081081,
      0.065839,
      0.08126,
      0.014216,
      0.02733,
      0.139381,
      0.159918,
      0.134303,
      0.028828,
      0.022552,
      0.019812,
      0.069065,
      0.12887,
      0.086068,
      0.091359
    ],
    "spectral_centroid": [
      1965.44,
      2468.41,
      1685.36,
      1321.48,
      1625.62,
      1834.91,
      1626.41,
      1596.39,
      1486.59,
      1598.94,
      1790.9,
      1669.8,
      1944.82,
      2085.35,
      2018.71,
      1767.75,
      1893.63,
      1805.85,
      1638.74,
      1657.29,
      2275.68,
      2021.45
    ]
  }
}