{
  "id": "2630a966-d3e7-41af-973d-02f2422665da",
  "duration": 13.013,
  "pitch": {
    "mean": 360.01,
    "max": 1920.39,
    "std": 289.5,
    "max_mean_ratio": 5.33
  },
  "energy": {
    "mean": 0.011771,
    "max": 0.040773,
    "std": 0.005191,
    "rate_of_change": 0.002826
  },
  "speech_rate": {
    "chars_per_sec": 20.45,
    "words_per_sec": 4.28,
    "segment_count": 3
  },
  "spectral_centroid": {
    "mean": 1847.39
  },
  "timeseries": {
    "frame_sec": 0.5,
    "pitch": [
      367.4,
      424.55,
      310.8,
      124.33,
      273.04,
      333.82,
      276.22,
      242.04,
      329.45,
      447.81,
      379.49,
      371.74,
      276.89,
      512.01,
      512.74,
      315.63,
      236.32,
      277.66,
      168.3,
      370.46,
      718.31,
      632.48,
      493.65,
      386.55,
      344.36,
      430.26,
      259.67
    ],
    "energy": [
      0.011501,
      0.011609,
      0.011695,
      0.009887,
      0.01339,
      0.013854,
      0.009529,
      0.00817,
      0.008666,
      0.019442,
      0.008533,
      0.010352,
      0.012208,
      0.014747,
      0.012971,
      0.008303,
      0.007739,
      0.00791,
      0.007517,
      0.009122,
      0.01456,
      0.015594,
      0.011222,
      0.010891,
      0.013591,
      0.010556,
      0.00245
    ],
    "spectral_centroid": [
      2439.3,
      1856.49,
      1909.98,
      1479.39,
      1476.98,
      1836.78,
      1809.63,
      1955.03,
      1968.25,
      1712.07,
      1331.66,
      1589.45,
      2432.11,
      1450.91,
      1436.65,
      1956.71,
      1743.49,
      1624.12,
      1696.63,
      1869.16,
      1869.64,
      2174.14,
      2055.13,
      2160.0,
      2179.85,
      2002.28,
      1832.6
    ]
  }
}