{
  "id": "264c4a4c-5d0e-44d9-a66f-9f1c1922b9ab",
  "duration": 17.195,
  "pitch": {
    "mean": 303.28,
    "max": 1932.13,
    "std": 295.32,
    "max_mean_ratio": 6.37
  },
  "energy": {
    "mean": 0.036639,
    "max": 0.159734,
    "std": 0.025401,
    "rate_of_change": 0.008878
  },
  "speech_rate": {
    "chars_per_sec": 11.33,
    "words_per_sec": 2.19,
    "segment_count": 7
  },
  "spectral_centroid": {
    "mean": 2042.27
  },
  "timeseries": {
    "frame_sec": 0.5,
    "pitch": [
      106.0,
      424.5,
      330.22,
      277.3,
      101.45,
      112.69,
      139.23,
      221.78,
      258.58,
      283.11,
      121.93,
      104.89,
      125.18,
      187.49,
      172.89,
      194.03,
      118.4,
      104.78,
      109.22,
      127.02,
      485.78,
      468.74,
      378.78,
      422.39,
      309.85,
      354.6,
      1003.01,
      510.67,
      725.5,
      663.37,
      318.78,
      107.11,
      409.21,
      609.51,
      499.51
    ],
    "energy": [
      0.020753,
      0.047535,
      0.033284,
      0.023505,
      0.028475,
      0.015896,
      0.015397,
      0.034263,
      0.020827,
      0.027662,
      0.013833,
      0.01518,
      0.018023,
      0.031553,
      0.037384,
      0.01572,
      0.021094,
      0.011177,
      0.022115,
      0.031646,
      0.048622,
      0.051235,
      0.036771,
      0.047409,
      0.050349,
      0.053907,
      0.096952,
      0.042448,
      0.090235,
      0.04794,
      0.018778,
      0.027525,
      0.041802,
      0.042862,
      0.059865
    ],
    "spectral_centroid": [
      1934.52,
      1649.93,
      1763.62,
      1856.25,
      1589.72,
      1593.12,
      1901.7,
      1946.73,
      1626.72,
      2270.85,
      1878.16,
      1764.56,
      1684.94,
      2015.21,
      1286.5,
      2095.33,
      1769.74,
      2035.28,
      1764.91,
      2434.33,
      2288.46,
      2602.66,
      2819.75,
      2444.71,
      1728.7,
      2015.26,
      2239.43,
      2231.4,
      2314.01,
      2343.12,
      2185.14,
      2709.68,
      2177.95,
      2538.01,
      1945.78
    ]
  }
}