{
  "id": "26773e4a-a637-4fde-8f82-076337033b49",
  "duration": 13.568,
  "pitch": {
    "mean": 405.52,
    "max": 1770.97,
    "std": 259.44,
    "max_mean_ratio": 4.37
  },
  "energy": {
    "mean": 0.131594,
    "max": 0.563293,
    "std": 0.115959,
    "rate_of_change": 0.041137
  },
  "speech_rate": {
    "chars_per_sec": 9.34,
    "words_per_sec": 1.49,
    "segment_count": 6
  },
  "spectral_centroid": {
    "mean": 1877.32
  },
  "timeseries": {
    "frame_sec": 0.5,
    "pitch": [
      296.3,
      299.96,
      108.1,
      351.39,
      387.58,
      452.7,
      422.54,
      337.69,
      368.49,
      238.02,
      338.97,
      544.92,
      399.36,
      465.71,
      471.74,
      411.67,
      448.21,
      376.0,
      381.78,
      283.9,
      489.11,
      411.52,
      504.29,
      394.84,
      748.96,
      484.95,
      345.9,
      491.53
    ],
    "energy": [
      0.010838,
      0.010644,
      0.017586,
      0.100251,
      0.164042,
      0.05766,
      0.051164,
      0.074645,
      0.152836,
      0.04071,
      0.135811,
      0.198203,
      0.117104,
      0.015286,
      0.134391,
      0.130721,
      0.096991,
      0.021696,
      0.158228,
      0.045532,
      0.219591,
      0.206826,
      0.105708,
      0.341253,
      0.283153,
      0.181705,
      0.306948,
      0.074039
    ],
    "spectral_centroid": [
      2236.47,
      2176.09,
      1956.42,
      2066.63,
      1693.45,
      1719.29,
      1841.06,
      1916.98,
      1465.8,
      1849.94,
      1479.49,
      1588.85,
      1526.49,
      2004.55,
      1554.84,
      1418.46,
      1683.81,
      1981.32,
      2359.33,
      3138.74,
      1475.41,
      1453.02,
      2179.48,
      1929.16,
      1993.83,
      1893.06,
      1869.61,
      2147.49
    ]
  }
}