{
  "id": "26ce4280-7df1-404d-85f8-7c810a587ce6",
  "duration": 12.224,
  "pitch": {
    "mean": 395.3,
    "max": 2022.5,
    "std": 422.59,
    "max_mean_ratio": 5.12
  },
  "energy": {
    "mean": 0.211662,
    "max": 0.546251,
    "std": 0.122334,
    "rate_of_change": 0.03988
  },
  "speech_rate": {
    "chars_per_sec": 12.05,
    "words_per_sec": 2.13,
    "segment_count": 5
  },
  "spectral_centroid": {
    "mean": 2158.46
  },
  "timeseries": {
    "frame_sec": 0.5,
    "pitch": [
      328.23,
      260.46,
      253.78,
      372.09,
      390.65,
      502.25,
      123.52,
      106.88,
      553.27,
      679.89,
      423.12,
      116.55,
      196.3,
      215.66,
      130.44,
      660.37,
      518.44,
      383.26,
      1167.12,
      239.93,
      396.15,
      649.15,
      301.81,
      461.66,
      388.63
    ],
    "energy": [
      0.173526,
      0.135523,
      0.134356,
      0.237079,
      0.237555,
      0.132179,
      0.085161,
      0.074349,
      0.336846,
      0.28886,
      0.360399,
      0.07577,
      0.068469,
      0.07184,
      0.095021,
      0.307404,
      0.312745,
      0.214336,
      0.329186,
      0.112562,
      0.281876,
      0.283797,
      0.185323,
      0.308355,
      0.286265
    ],
    "spectral_centroid": [
      1920.39,
      1739.1,
      2105.06,
      1762.57,
      2435.62,
      1926.78,
      2424.57,
      2006.51,
      2710.93,
      2628.13,
      2365.19,
      1977.37,
      2399.71,
      1828.93,
      1895.13,
      2061.83,
      1995.51,
      2231.93,
      2236.53,
      2179.77,
      2133.75,
      2357.48,
      1897.41,
      2365.33,
      2596.39
    ]
  }
}