{
  "id": "26ede1c3-dbad-49a7-b8c4-6f5c4e688087",
  "duration": 12.053,
  "pitch": {
    "mean": 386.78,
    "max": 2078.75,
    "std": 293.34,
    "max_mean_ratio": 5.37
  },
  "energy": {
    "mean": 0.063271,
    "max": 0.381851,
    "std": 0.060793,
    "rate_of_change": 0.031186
  },
  "speech_rate": {
    "chars_per_sec": 15.24,
    "words_per_sec": 2.59,
    "segment_count": 6
  },
  "spectral_centroid": {
    "mean": 2233.08
  },
  "timeseries": {
    "frame_sec": 0.5,
    "pitch": [
      131.17,
      340.43,
      281.7,
      373.55,
      568.81,
      390.86,
      444.49,
      364.18,
      359.52,
      434.05,
      666.95,
      308.14,
      414.1,
      447.36,
      329.38,
      478.07,
      409.18,
      216.37,
      346.92,
      390.56,
      604.02,
      557.06,
      171.0,
      235.94,
      502.36
    ],
    "energy": [
      0.011908,
      0.007145,
      0.025963,
      0.070779,
      0.053254,
      0.089412,
      0.082318,
      0.041593,
      0.089027,
      0.089717,
      0.040686,
      0.009436,
      0.098618,
      0.11561,
      0.084654,
      0.094321,
      0.012804,
      0.03415,
      0.048727,
      0.173059,
      0.121271,
      0.018082,
      0.021337,
      0.016795,
      0.010953
    ],
    "spectral_centroid": [
      1826.36,
      2119.63,
      1986.09,
      2250.39,
      2415.03,
      2423.35,
      2418.74,
      2355.65,
      1949.5,
      2239.43,
      2115.97,
      2096.5,
      1915.71,
      1963.8,
      2329.83,
      2493.1,
      2146.25,
      2213.21,
      2097.08,
      2742.28,
      2252.93,
      2292.62,
      2613.76,
      2303.68,
      2190.08
    ]
  }
}