{
  "id": "26fbf892-34f5-473d-bf96-f2a354bb98a7",
  "duration": 12.565,
  "pitch": {
    "mean": 440.12,
    "max": 2083.96,
    "std": 383.19,
    "max_mean_ratio": 4.74
  },
  "energy": {
    "mean": 0.080809,
    "max": 0.350259,
    "std": 0.065349,
    "rate_of_change": 0.027356
  },
  "speech_rate": {
    "chars_per_sec": 6.38,
    "words_per_sec": 1.08,
    "segment_count": 3
  },
  "spectral_centroid": {
    "mean": 1918.19
  },
  "timeseries": {
    "frame_sec": 0.5,
    "pitch": [
      210.45,
      469.46,
      413.76,
      383.74,
      390.1,
      356.22,
      461.55,
      336.97,
      334.19,
      333.37,
      332.38,
      350.08,
      270.72,
      243.6,
      514.49,
      332.49,
      447.77,
      662.49,
      1309.59,
      390.32,
      679.53,
      274.98,
      371.38,
      546.81,
      410.71,
      465.32
    ],
    "energy": [
      0.053557,
      0.100655,
      0.06326,
      0.101359,
      0.049346,
      0.031191,
      0.073205,
      0.074059,
      0.033296,
      0.038281,
      0.132089,
      0.130908,
      0.063785,
      0.044128,
      0.111065,
      0.072369,
      0.045463,
      0.066221,
      0.076112,
      0.094217,
      0.07202,
      0.040621,
      0.07268,
      0.220634,
      0.069919,
      0.005701
    ],
    "spectral_centroid": [
      2143.24,
      1513.65,
      1760.39,
      1591.25,
      2125.69,
      2048.16,
      2284.07,
      1991.01,
      1630.7,
      1649.96,
      1595.21,
      1653.04,
      1943.92,
      1974.3,
      1650.57,
      1469.35,
      1718.71,
      2756.25,
      2615.9,
      1835.52,
      2151.71,
      2389.62,
      2247.03,
      1641.4,
      1561.57,
      1785.56
    ]
  }
}