{
  "id": "26fe5f1e-ed2e-4276-b489-cd71715337ad",
  "duration": 12.288,
  "pitch": {
    "mean": 505.42,
    "max": 1576.26,
    "std": 387.46,
    "max_mean_ratio": 3.12
  },
  "energy": {
    "mean": 0.061359,
    "max": 0.218809,
    "std": 0.052072,
    "rate_of_change": 0.017446
  },
  "speech_rate": {
    "chars_per_sec": 7.09,
    "words_per_sec": 1.23,
    "segment_count": 5
  },
  "spectral_centroid": {
    "mean": 2103.79
  },
  "timeseries": {
    "frame_sec": 0.5,
    "pitch": [
      318.57,
      237.18,
      273.65,
      689.22,
      400.13,
      485.17,
      130.85,
      136.2,
      229.55,
      135.78,
      547.24,
      567.21,
      1032.92,
      1041.24,
      746.82,
      678.34,
      578.92,
      400.22,
      410.8,
      252.73,
      685.45,
      1156.63,
      589.67,
      171.16,
      472.63
    ],
    "energy": [
      0.038283,
      0.036388,
      0.050637,
      0.069207,
      0.067598,
      0.058513,
      0.010686,
      0.019833,
      0.007931,
      0.007936,
      0.064474,
      0.080718,
      0.101591,
      0.12509,
      0.10263,
      0.081271,
      0.073223,
      0.028887,
      0.007168,
      0.053852,
      0.112394,
      0.16827,
      0.069262,
      0.00656,
      0.010342
    ],
    "spectral_centroid": [
      1976.52,
      1649.94,
      2456.25,
      2217.65,
      2477.17,
      2134.78,
      1815.32,
      1717.83,
      1717.56,
      1849.98,
      2309.03,
      2693.98,
      2557.0,
      2403.28,
      1824.98,
      2315.43,
      1715.45,
      1802.01,
      1858.03,
      2009.26,
      2283.75,
      2446.37,
      2243.52,
      2043.44,
      1781.62
    ]
  }
}