{
  "id": "270fc594-2a09-4778-bc0e-74ea9be14bf3",
  "duration": 15.168,
  "pitch": {
    "mean": 434.11,
    "max": 2086.81,
    "std": 357.29,
    "max_mean_ratio": 4.81
  },
  "energy": {
    "mean": 0.069828,
    "max": 0.185478,
    "std": 0.038328,
    "rate_of_change": 0.011585
  },
  "speech_rate": {
    "chars_per_sec": 14.05,
    "words_per_sec": 2.44,
    "segment_count": 9
  },
  "spectral_centroid": {
    "mean": 1911.44
  },
  "timeseries": {
    "frame_sec": 0.5,
    "pitch": [
      342.63,
      436.76,
      375.55,
      327.39,
      108.0,
      115.33,
      358.45,
      531.43,
      646.33,
      459.1,
      298.39,
      427.03,
      311.67,
      130.4,
      234.15,
      444.7,
      381.86,
      394.38,
      435.4,
      249.12,
      465.46,
      571.46,
      875.82,
      797.19,
      532.89,
      580.81,
      834.79,
      600.99,
      457.9,
      423.97,
      529.27
    ],
    "energy": [
      0.085668,
      0.087825,
      0.081758,
      0.027012,
      0.023801,
      0.02959,
      0.077957,
      0.087137,
      0.071032,
      0.081014,
      0.064851,
      0.08728,
      0.038531,
      0.019033,
      0.025611,
      0.073033,
      0.058894,
      0.058244,
      0.059359,
      0.05168,
      0.084454,
      0.027075,
      0.077952,
      0.097893,
      0.079863,
      0.097471,
      0.089083,
      0.078617,
      0.097952,
      0.084588,
      0.076966
    ],
    "spectral_centroid": [
      1957.84,
      1404.78,
      1850.12,
      1735.2,
      1795.77,
      1802.83,
      2042.44,
      2490.56,
      1863.24,
      1747.74,
      1852.82,
      2006.06,
      1835.95,
      1649.84,
      1751.87,
      2107.37,
      2170.23,
      1880.88,
      1712.42,
      2438.18,
      1873.15,
      1850.79,
      2023.68,
      2051.09,
      1838.02,
      2040.87,
      1933.55,
      1958.1,
      1776.78,
      1920.12,
      1899.03
    ]
  }
}