{
  "id": "272ee363-2ebe-49e0-807a-c0aca1c0004c",
  "duration": 17.109,
  "pitch": {
    "mean": 530.74,
    "max": 1988.0,
    "std": 351.51,
    "max_mean_ratio": 3.75
  },
  "energy": {
    "mean": 0.103868,
    "max": 0.451214,
    "std": 0.09256,
    "rate_of_change": 0.02603
  },
  "speech_rate": {
    "chars_per_sec": 11.58,
    "words_per_sec": 1.9,
    "segment_count": 9
  },
  "spectral_centroid": {
    "mean": 2135.49
  },
  "timeseries": {
    "frame_sec": 0.5,
    "pitch": [
      379.13,
      426.87,
      495.99,
      917.29,
      498.63,
      537.46,
      394.54,
      253.75,
      709.36,
      355.12,
      484.88,
      309.47,
      585.44,
      387.95,
      1093.48,
      392.99,
      370.11,
      313.5,
      457.27,
      573.32,
      522.67,
      344.73,
      394.95,
      456.37,
      543.87,
      1190.24,
      462.35,
      636.49,
      780.44,
      560.65,
      445.01,
      445.23,
      479.62,
      542.73,
      884.33
    ],
    "energy": [
      0.117125,
      0.113553,
      0.110712,
      0.008952,
      0.060902,
      0.101805,
      0.051293,
      0.041501,
      0.049113,
      0.032311,
      0.070779,
      0.032745,
      0.037199,
      0.066495,
      0.065827,
      0.046929,
      0.049593,
      0.056631,
      0.043376,
      0.085466,
      0.086321,
      0.018067,
      0.062656,
      0.050828,
      0.060338,
      0.321495,
      0.242538,
      0.218848,
      0.074599,
      0.209193,
      0.231048,
      0.157503,
      0.160707,
      0.189689,
      0.222362
    ],
    "spectral_centroid": [
      2081.98,
      2289.03,
      1963.67,
      2035.78,
      2092.14,
      1915.55,
      2470.25,
      2215.87,
      2146.44,
      2609.84,
      1852.78,
      1799.96,
      2280.04,
      2012.79,
      2095.85,
      2027.43,
      2584.58,
      2490.05,
      2087.1,
      2220.14,
      2110.67,
      2139.87,
      1752.61,
      1893.92,
      1981.13,
      2421.2,
      2201.89,
      2209.54,
      2132.96,
      2320.72,
      1919.92,
      2215.32,
      1897.28,
      2047.55,
      2149.89
    ]
  }
}