{
  "id": "278e97b5-2dbb-4ef5-9267-ec9c431ef90a",
  "duration": 12.672,
  "pitch": {
    "mean": 341.28,
    "max": 914.51,
    "std": 191.82,
    "max_mean_ratio": 2.68
  },
  "energy": {
    "mean": 0.052394,
    "max": 0.17303,
    "std": 0.037314,
    "rate_of_change": 0.01344
  },
  "speech_rate": {
    "chars_per_sec": 12.2,
    "words_per_sec": 2.14,
    "segment_count": 5
  },
  "spectral_centroid": {
    "mean": 1771.11
  },
  "timeseries": {
    "frame_sec": 0.5,
    "pitch": [
      390.76,
      403.52,
      192.12,
      193.2,
      177.05,
      230.11,
      349.18,
      316.1,
      302.46,
      414.06,
      447.07,
      275.32,
      365.21,
      434.45,
      286.82,
      438.23,
      268.8,
      380.59,
      418.24,
      364.46,
      314.42,
      149.01,
      442.5,
      389.2,
      394.5,
      496.91
    ],
    "energy": [
      0.062455,
      0.055695,
      0.007332,
      0.006138,
      0.010657,
      0.010135,
      0.028726,
      0.086655,
      0.067047,
      0.073547,
      0.036185,
      0.005351,
      0.077718,
      0.06628,
      0.062539,
      0.078754,
      0.066181,
      0.066161,
      0.057076,
      0.072935,
      0.042193,
      0.006675,
      0.064683,
      0.058535,
      0.067391,
      0.0757
    ],
    "spectral_centroid": [
      1384.42,
      1687.42,
      1681.49,
      2080.94,
      2459.46,
      1788.45,
      2020.76,
      1557.47,
      1994.58,
      1941.18,
      1686.05,
      2255.82,
      1910.63,
      1589.68,
      1768.77,
      1350.6,
      2099.89,
      1625.06,
      2151.51,
      1389.12,
      1904.56,
      1825.77,
      1188.97,
      1721.32,
      1630.87,
      1240.91
    ]
  }
}