{
  "id": "282440b9-aee6-48eb-952c-67e1d529f37f",
  "duration": 18.069,
  "pitch": {
    "mean": 398.65,
    "max": 1533.08,
    "std": 214.37,
    "max_mean_ratio": 3.85
  },
  "energy": {
    "mean": 0.005333,
    "max": 0.038237,
    "std": 0.007009,
    "rate_of_change": 0.002109
  },
  "speech_rate": {
    "chars_per_sec": 12.0,
    "words_per_sec": 2.36,
    "segment_count": 10
  },
  "spectral_centroid": {
    "mean": 1653.26
  },
  "timeseries": {
    "frame_sec": 0.5,
    "pitch": [
      361.67,
      570.87,
      323.79,
      333.88,
      541.59,
      488.43,
      354.23,
      417.46,
      624.92,
      277.42,
      392.36,
      312.05,
      368.17,
      364.07,
      387.18,
      385.57,
      385.74,
      327.18,
      335.23,
      345.21,
      428.04,
      472.42,
      334.48,
      483.27,
      315.01,
      424.83,
      480.41,
      312.35,
      497.69,
      349.94,
      316.12,
      333.08,
      457.21,
      353.62,
      475.1,
      390.97,
      534.24
    ],
    "energy": [
      0.004778,
      0.00076,
      0.000728,
      0.000837,
      0.000738,
      0.000791,
      0.016017,
      0.00289,
      0.008325,
      0.013384,
      0.005956,
      0.014153,
      0.005049,
      0.000792,
      0.00091,
      0.005726,
      0.013834,
      0.001083,
      0.001101,
      0.008597,
      0.008753,
      0.001151,
      0.001179,
      0.011729,
      0.01138,
      0.00543,
      0.001894,
      0.000729,
      0.001243,
      0.000689,
      0.008094,
      0.002024,
      0.004056,
      0.008541,
      0.003816,
      0.007154,
      0.002098
    ],
    "spectral_centroid": [
      1808.3,
      1820.04,
      1556.48,
      1817.97,
      1654.05,
      1913.63,
      1692.46,
      1911.14,
      1644.21,
      1688.44,
      1349.3,
      1139.66,
      1561.06,
      1732.33,
      1912.19,
      1325.01,
      1634.58,
      1427.57,
      1582.96,
      1644.97,
      1463.73,
      1496.75,
      1474.25,
      1759.25,
      1197.27,
      1353.48,
      1901.62,
      2356.65,
      1858.66,
      1957.49,
      2179.52,
      1775.1,
      1545.07,
      1325.28,
      1792.07,
      1435.69,
      1558.09
    ]
  }
}