{
  "id": "284b28f2-7a02-4c99-b573-7cfefbe83284",
  "duration": 10.005,
  "pitch": {
    "mean": 345.6,
    "max": 2050.58,
    "std": 329.41,
    "max_mean_ratio": 5.93
  },
  "energy": {
    "mean": 0.054483,
    "max": 0.090986,
    "std": 0.015873,
    "rate_of_change": 0.006764
  },
  "speech_rate": {
    "chars_per_sec": 17.86,
    "words_per_sec": 3.46,
    "segment_count": 2
  },
  "spectral_centroid": {
    "mean": 2160.26
  },
  "timeseries": {
    "frame_sec": 0.5,
    "pitch": [
      301.38,
      312.9,
      260.16,
      358.94,
      181.63,
      127.4,
      163.5,
      269.16,
      338.05,
      349.11,
      469.81,
      335.88,
      307.32,
      499.31,
      403.75,
      117.19,
      669.05,
      642.67,
      772.31,
      141.2,
      1871.3
    ],
    "energy": [
      0.046008,
      0.061031,
      0.042226,
      0.04116,
      0.036859,
      0.045613,
      0.035052,
      0.040933,
      0.04544,
      0.052021,
      0.066351,
      0.052758,
      0.048184,
      0.063745,
      0.057052,
      0.055759,
      0.076472,
      0.072238,
      0.061345,
      0.04383,
      0.009237
    ],
    "spectral_centroid": [
      2021.78,
      1934.49,
      2176.98,
      1877.55,
      1731.55,
      1480.03,
      1529.83,
      1893.91,
      2348.38,
      2922.57,
      1846.29,
      2259.64,
      2933.35,
      2518.23,
      2784.25,
      2197.18,
      2103.02,
      2316.69,
      2267.89,
      2040.57,
      1874.78
    ]
  }
}