{
  "id": "285581b0-0888-4727-a128-2d8f04e25301",
  "duration": 14.293,
  "pitch": {
    "mean": 292.9,
    "max": 1393.69,
    "std": 228.17,
    "max_mean_ratio": 4.76
  },
  "energy": {
    "mean": 0.060146,
    "max": 0.15502,
    "std": 0.023317,
    "rate_of_change": 0.00978
  },
  "speech_rate": {
    "chars_per_sec": 18.51,
    "words_per_sec": 3.72,
    "segment_count": 7
  },
  "spectral_centroid": {
    "mean": 1650.2
  },
  "timeseries": {
    "frame_sec": 0.5,
    "pitch": [
      191.19,
      137.42,
      281.58,
      279.91,
      123.92,
      226.46,
      123.64,
      152.56,
      311.21,
      383.75,
      187.03,
      165.54,
      252.26,
      248.22,
      189.61,
      109.05,
      384.21,
      212.82,
      513.92,
      371.46,
      439.54,
      378.89,
      423.93,
      266.49,
      359.41,
      319.59,
      599.71,
      335.98,
      532.87
    ],
    "energy": [
      0.033084,
      0.038716,
      0.040668,
      0.047074,
      0.034729,
      0.033764,
      0.055008,
      0.037477,
      0.05563,
      0.060147,
      0.058167,
      0.067449,
      0.082191,
      0.070479,
      0.070843,
      0.069638,
      0.070698,
      0.036915,
      0.057991,
      0.046936,
      0.060115,
      0.060834,
      0.085605,
      0.052774,
      0.07532,
      0.079971,
      0.08238,
      0.040746,
      0.065409
    ],
    "spectral_centroid": [
      2185.86,
      1773.47,
      1969.82,
      1796.45,
      1946.24,
      1585.19,
      1380.14,
      1807.11,
      1626.54,
      1570.51,
      1400.0,
      1414.97,
      1144.53,
      1269.13,
      993.33,
      1404.32,
      1375.83,
      1839.57,
      1896.26,
      1566.47,
      1673.43,
      1270.57,
      1443.86,
      1606.01,
      1642.29,
      1847.03,
      2303.11,
      2337.13,
      1859.71
    ]
  }
}