{
  "id": "28eea28a-1920-4aa6-8220-f27ab4e35026",
  "duration": 13.909,
  "pitch": {
    "mean": 506.88,
    "max": 2056.19,
    "std": 372.76,
    "max_mean_ratio": 4.06
  },
  "energy": {
    "mean": 0.027078,
    "max": 0.143726,
    "std": 0.021621,
    "rate_of_change": 0.009987
  },
  "speech_rate": {
    "chars_per_sec": 24.59,
    "words_per_sec": 4.63,
    "segment_count": 4
  },
  "spectral_centroid": {
    "mean": 1891.95
  },
  "timeseries": {
    "frame_sec": 0.5,
    "pitch": [
      357.2,
      478.99,
      450.1,
      404.61,
      236.06,
      456.41,
      287.26,
      463.08,
      498.88,
      480.51,
      438.0,
      487.26,
      494.84,
      363.94,
      576.03,
      336.49,
      617.6,
      186.16,
      390.8,
      640.43,
      423.81,
      513.04,
      608.03,
      710.17,
      1109.35,
      1154.64,
      433.74,
      602.23
    ],
    "energy": [
      0.017072,
      0.031351,
      0.015435,
      0.026689,
      0.01204,
      0.021972,
      0.024052,
      0.022107,
      0.013417,
      0.020847,
      0.017599,
      0.018291,
      0.016648,
      0.010827,
      0.017143,
      0.013829,
      0.018359,
      0.011012,
      0.021983,
      0.035386,
      0.025693,
      0.045507,
      0.077428,
      0.059066,
      0.040365,
      0.029958,
      0.011748,
      0.055483
    ],
    "spectral_centroid": [
      1967.23,
      1792.97,
      1989.74,
      1759.9,
      2218.68,
      2013.07,
      1752.93,
      1725.25,
      1777.86,
      1855.8,
      1775.54,
      1809.43,
      1687.69,
      1930.43,
      2120.98,
      2270.69,
      1688.13,
      2209.7,
      2234.54,
      1736.27,
      1768.06,
      1563.15,
      1602.26,
      1834.01,
      1831.28,
      2176.16,
      2009.5,
      1831.08
    ]
  }
}