{
  "id": "292311fc-d4af-44ef-8876-5ab5c773f1a2",
  "duration": 10.859,
  "pitch": {
    "mean": 341.89,
    "max": 1891.44,
    "std": 291.66,
    "max_mean_ratio": 5.53
  },
  "energy": {
    "mean": 0.025008,
    "max": 0.111235,
    "std": 0.024014,
    "rate_of_change": 0.009613
  },
  "speech_rate": {
    "chars_per_sec": 16.0,
    "words_per_sec": 3.0,
    "segment_count": 5
  },
  "spectral_centroid": {
    "mean": 1808.24
  },
  "timeseries": {
    "frame_sec": 0.5,
    "pitch": [
      424.39,
      474.97,
      313.89,
      392.37,
      497.24,
      172.44,
      189.27,
      279.61,
      478.36,
      241.57,
      391.09,
      273.44,
      263.43,
      107.37,
      132.74,
      138.87,
      354.53,
      268.27,
      287.3,
      476.61,
      691.19,
      565.33
    ],
    "energy": [
      0.016983,
      0.017611,
      0.018727,
      0.025632,
      0.024896,
      0.008644,
      0.017438,
      0.015437,
      0.017498,
      0.015201,
      0.020488,
      0.018543,
      0.013772,
      0.009641,
      0.008681,
      0.015722,
      0.01564,
      0.016628,
      0.017294,
      0.057421,
      0.097951,
      0.070055
    ],
    "spectral_centroid": [
      1774.47,
      2004.1,
      1839.16,
      1954.77,
      1771.79,
      1735.48,
      1728.02,
      1876.02,
      1630.78,
      1938.02,
      1806.49,
      1734.13,
      1593.99,
      1746.82,
      1781.39,
      1602.04,
      1651.13,
      1862.59,
      2177.64,
      1838.87,
      1841.34,
      1869.77
    ]
  }
}