{
  "id": "29490344-4a14-4419-9192-63833e7e0a74",
  "duration": 13.077,
  "pitch": {
    "mean": 371.7,
    "max": 1867.07,
    "std": 249.31,
    "max_mean_ratio": 5.02
  },
  "energy": {
    "mean": 0.073179,
    "max": 0.218843,
    "std": 0.050373,
    "rate_of_change": 0.016197
  },
  "speech_rate": {
    "chars_per_sec": 14.57,
    "words_per_sec": 2.4,
    "segment_count": 6
  },
  "spectral_centroid": {
    "mean": 1964.63
  },
  "timeseries": {
    "frame_sec": 0.5,
    "pitch": [
      245.1,
      221.55,
      380.45,
      419.7,
      285.29,
      210.37,
      413.01,
      467.82,
      332.44,
      409.04,
      449.37,
      463.27,
      303.58,
      341.91,
      512.0,
      405.35,
      374.71,
      416.95,
      416.64,
      313.4,
      504.6,
      441.85,
      306.39,
      532.35,
      307.65,
      372.17,
      517.41
    ],
    "energy": [
      0.014539,
      0.012834,
      0.088508,
      0.09563,
      0.073255,
      0.042077,
      0.050388,
      0.100721,
      0.079481,
      0.070673,
      0.090746,
      0.011414,
      0.063419,
      0.057116,
      0.071565,
      0.03508,
      0.072021,
      0.086134,
      0.050506,
      0.075201,
      0.126309,
      0.031562,
      0.113644,
      0.157742,
      0.062999,
      0.079723,
      0.086601
    ],
    "spectral_centroid": [
      2329.2,
      2629.2,
      1944.93,
      1647.23,
      2202.33,
      2095.33,
      1892.15,
      1718.37,
      1726.76,
      1887.33,
      2215.42,
      2319.36,
      1848.89,
      1832.87,
      1706.38,
      2161.75,
      1732.92,
      1881.11,
      1987.79,
      1562.64,
      1568.45,
      2241.07,
      2138.38,
      1680.41,
      2180.81,
      1919.0,
      1679.71
    ]
  }
}