{
  "id": "298589fa-9d63-47f9-94f6-569ec84c3516",
  "duration": 7.445,
  "pitch": {
    "mean": 421.34,
    "max": 1141.55,
    "std": 223.56,
    "max_mean_ratio": 2.71
  },
  "energy": {
    "mean": 0.097772,
    "max": 0.182091,
    "std": 0.033175,
    "rate_of_change": 0.021732
  },
  "speech_rate": {
    "chars_per_sec": 14.65,
    "words_per_sec": 2.82,
    "segment_count": 2
  },
  "spectral_centroid": {
    "mean": 1878.87
  },
  "timeseries": {
    "frame_sec": 0.5,
    "pitch": [
      263.4,
      146.12,
      340.9,
      342.46,
      371.54,
      452.84,
      412.46,
      458.72,
      588.89,
      596.23,
      688.79,
      482.15,
      439.83,
      512.84,
      237.1
    ],
    "energy": [
      0.071582,
      0.058124,
      0.069843,
      0.103446,
      0.092434,
      0.109732,
      0.105579,
      0.093678,
      0.137096,
      0.116715,
      0.102411,
      0.059332,
      0.096222,
      0.095971,
      0.093304
    ],
    "spectral_centroid": [
      1774.82,
      1254.83,
      1877.47,
      1689.22,
      2051.64,
      1567.09,
      1788.55,
      1999.94,
      1785.85,
      2010.63,
      2509.67,
      2009.62,
      1821.7,
      2069.98,
      2025.6
    ]
  }
}