{
  "id": "29c15015-8e71-463b-bf28-21871141b002",
  "duration": 21.248,
  "pitch": {
    "mean": 535.64,
    "max": 2086.31,
    "std": 364.12,
    "max_mean_ratio": 3.9
  },
  "energy": {
    "mean": 0.11829,
    "max": 0.41159,
    "std": 0.084638,
    "rate_of_change": 0.019158
  },
  "speech_rate": {
    "chars_per_sec": 12.36,
    "words_per_sec": 2.41,
    "segment_count": 12
  },
  "spectral_centroid": {
    "mean": 1982.96
  },
  "timeseries": {
    "frame_sec": 0.5,
    "pitch": [
      488.5,
      644.32,
      536.85,
      263.07,
      124.32,
      272.85,
      542.41,
      564.74,
      416.89,
      472.61,
      650.82,
      745.74,
      827.75,
      516.9,
      711.19,
      683.13,
      336.29,
      569.18,
      316.55,
      717.06,
      657.39,
      295.94,
      284.46,
      671.56,
      599.86,
      439.93,
      665.44,
      406.0,
      450.19,
      501.38,
      347.37,
      643.52,
      760.86,
      591.41,
      601.7,
      589.63,
      629.69,
      700.22,
      361.41,
      490.58,
      597.5,
      766.48,
      617.99
    ],
    "energy": [
      0.106036,
      0.132699,
      0.15448,
      0.029157,
      0.008741,
      0.032035,
      0.121463,
      0.095189,
      0.074704,
      0.078395,
      0.091333,
      0.118609,
      0.096892,
      0.093188,
      0.129946,
      0.161685,
      0.107874,
      0.127626,
      0.008331,
      0.138296,
      0.114875,
      0.007992,
      0.067591,
      0.13899,
      0.110934,
      0.029973,
      0.102693,
      0.09229,
      0.157989,
      0.197939,
      0.136634,
      0.218523,
      0.161964,
      0.072218,
      0.141258,
      0.15004,
      0.163271,
      0.348259,
      0.052842,
      0.185147,
      0.111745,
      0.069346,
      0.11379
    ],
    "spectral_centroid": [
      2013.38,
      2032.93,
      2417.67,
      1888.37,
      1620.91,
      1737.14,
      2432.79,
      1769.58,
      1970.78,
      2098.4,
      1719.33,
      1720.54,
      1802.32,
      1973.67,
      1651.88,
      1647.2,
      1737.59,
      1866.95,
      2576.61,
      1904.74,
      1614.98,
      1842.17,
      1789.14,
      1738.79,
      1994.37,
      2373.35,
      2393.2,
      2045.06,
      2440.1,
      2289.68,
      1887.35,
      2058.33,
      1915.05,
      2075.88,
      2065.6,
      2019.27,
      1733.12,
      1855.82,
      1798.56,
      2358.92,
      2479.4,
      1880.27,
      2305.71
    ]
  }
}