{
  "id": "29f9bb43-05bc-474a-bbe7-767432df142a",
  "duration": 17.835,
  "pitch": {
    "mean": 368.37,
    "max": 1796.02,
    "std": 238.54,
    "max_mean_ratio": 4.88
  },
  "energy": {
    "mean": 0.051889,
    "max": 0.226613,
    "std": 0.040616,
    "rate_of_change": 0.01233
  },
  "speech_rate": {
    "chars_per_sec": 13.09,
    "words_per_sec": 1.91,
    "segment_count": 3
  },
  "spectral_centroid": {
    "mean": 1804.83
  },
  "timeseries": {
    "frame_sec": 0.5,
    "pitch": [
      552.11,
      437.14,
      207.85,
      380.74,
      380.61,
      357.78,
      399.12,
      349.09,
      413.73,
      386.98,
      303.26,
      539.32,
      301.37,
      204.37,
      219.7,
      382.56,
      218.4,
      358.58,
      344.06,
      515.17,
      194.84,
      261.33,
      289.79,
      275.17,
      278.89,
      198.68,
      405.17,
      389.56,
      407.0,
      366.2,
      252.37,
      403.66,
      517.73,
      569.6,
      512.81,
      429.33
    ],
    "energy": [
      0.0826,
      0.052935,
      0.012718,
      0.0394,
      0.063905,
      0.047817,
      0.080926,
      0.05466,
      0.035894,
      0.018783,
      0.038941,
      0.092436,
      0.033453,
      0.021124,
      0.06195,
      0.046813,
      0.032075,
      0.046302,
      0.042288,
      0.061304,
      0.010352,
      0.012386,
      0.0336,
      0.068117,
      0.022228,
      0.020537,
      0.050582,
      0.045674,
      0.086691,
      0.058255,
      0.030195,
      0.065707,
      0.134246,
      0.07572,
      0.050847,
      0.05341
    ],
    "spectral_centroid": [
      1561.59,
      1687.99,
      1680.56,
      2092.04,
      1756.41,
      1968.32,
      1690.89,
      2025.63,
      1469.76,
      1498.65,
      2035.45,
      1498.94,
      1831.85,
      2618.89,
      1727.7,
      1942.48,
      1884.68,
      2153.57,
      1738.75,
      1642.09,
      1867.01,
      2312.24,
      1523.75,
      1428.77,
      1849.6,
      1999.92,
      1518.13,
      1688.74,
      2081.31,
      1727.23,
      1920.08,
      1562.69,
      1719.44,
      1688.19,
      1844.42,
      1560.85
    ]
  }
}