{
  "id": "29fbaf08-cd68-4668-9f9e-84c40d2b155a",
  "duration": 7.936,
  "pitch": {
    "mean": 384.37,
    "max": 1594.42,
    "std": 335.29,
    "max_mean_ratio": 4.15
  },
  "energy": {
    "mean": 0.053545,
    "max": 0.096594,
    "std": 0.015339,
    "rate_of_change": 0.009177
  },
  "speech_rate": {
    "chars_per_sec": 24.42,
    "words_per_sec": 4.29,
    "segment_count": 3
  },
  "spectral_centroid": {
    "mean": 2035.67
  },
  "timeseries": {
    "frame_sec": 0.5,
    "pitch": [
      385.33,
      123.94,
      428.83,
      1050.47,
      561.35,
      378.41,
      255.25,
      497.89,
      749.66,
      448.87,
      237.67,
      340.77,
      306.72,
      205.52,
      298.18,
      302.18
    ],
    "energy": [
      0.038543,
      0.040542,
      0.060834,
      0.050286,
      0.050739,
      0.048557,
      0.044257,
      0.061577,
      0.061346,
      0.03365,
      0.043288,
      0.059203,
      0.042985,
      0.054446,
      0.062674,
      0.070478
    ],
    "spectral_centroid": [
      2045.89,
      2122.65,
      2084.16,
      2277.23,
      1918.77,
      2157.71,
      2507.55,
      1950.11,
      1737.12,
      1491.52,
      1483.54,
      2357.58,
      2236.25,
      2053.57,
      1875.05,
      2222.79
    ]
  }
}