{
  "id": "2a0fe548-f267-4ed6-81b4-0f95f182023c",
  "duration": 7.616,
  "pitch": {
    "mean": 340.34,
    "max": 1083.63,
    "std": 141.97,
    "max_mean_ratio": 3.18
  },
  "energy": {
    "mean": 0.003064,
    "max": 0.009587,
    "std": 0.002251,
    "rate_of_change": 0.001212
  },
  "speech_rate": {
    "chars_per_sec": 9.39,
    "words_per_sec": 1.85,
    "segment_count": 5
  },
  "spectral_centroid": {
    "mean": 1820.43
  },
  "timeseries": {
    "frame_sec": 0.5,
    "pitch": [
      389.04,
      334.87,
      287.61,
      333.41,
      295.43,
      354.55,
      350.52,
      360.44,
      340.89,
      252.4,
      330.86,
      249.37,
      311.05,
      551.38,
      349.49,
      345.44
    ],
    "energy": [
      0.002757,
      0.001367,
      0.000947,
      0.001134,
      0.001008,
      0.004856,
      0.00458,
      0.005794,
      0.004413,
      0.003711,
      0.004115,
      0.000661,
      0.001087,
      0.001386,
      0.005415,
      0.005459
    ],
    "spectral_centroid": [
      1569.74,
      1851.86,
      2211.88,
      2064.48,
      1819.52,
      1745.99,
      1705.04,
      1522.97,
      2375.92,
      1600.71,
      1227.96,
      1985.7,
      1951.33,
      1679.52,
      2074.0,
      1502.86
    ]
  }
}