{
  "id": "2a4ec4fb-f83f-4f0c-ba48-3f23b247727f",
  "duration": 10.453,
  "pitch": {
    "mean": 257.74,
    "max": 1957.41,
    "std": 248.72,
    "max_mean_ratio": 7.59
  },
  "energy": {
    "mean": 0.026759,
    "max": 0.110833,
    "std": 0.024942,
    "rate_of_change": 0.010177
  },
  "speech_rate": {
    "chars_per_sec": 15.01,
    "words_per_sec": 2.48,
    "segment_count": 5
  },
  "spectral_centroid": {
    "mean": 2034.6
  },
  "timeseries": {
    "frame_sec": 0.5,
    "pitch": [
      118.83,
      248.99,
      566.64,
      277.9,
      135.72,
      122.32,
      109.84,
      261.03,
      232.25,
      308.03,
      131.37,
      290.53,
      504.19,
      347.16,
      340.01,
      189.39,
      183.2,
      402.61,
      157.78,
      153.18,
      121.18
    ],
    "energy": [
      0.015566,
      0.023483,
      0.077151,
      0.056573,
      0.008125,
      0.007947,
      0.009022,
      0.029382,
      0.040871,
      0.05485,
      0.013266,
      0.033317,
      0.056388,
      0.016773,
      0.018496,
      0.008258,
      0.010661,
      0.01695,
      0.016463,
      0.010939,
      0.00833
    ],
    "spectral_centroid": [
      2153.39,
      1889.32,
      1767.02,
      1943.7,
      2187.26,
      2372.7,
      2236.51,
      2400.63,
      2150.84,
      1752.13,
      1709.25,
      1470.75,
      1808.76,
      2016.54,
      1862.1,
      1874.92,
      2166.53,
      2070.7,
      2323.76,
      2244.07,
      2247.56
    ]
  }
}