{
  "id": "2b06c4ed-3c2d-471f-b6db-a9b00ee5f0f0",
  "duration": 11.733,
  "pitch": {
    "mean": 397.33,
    "max": 1615.03,
    "std": 225.46,
    "max_mean_ratio": 4.06
  },
  "energy": {
    "mean": 0.057894,
    "max": 0.165291,
    "std": 0.03665,
    "rate_of_change": 0.013
  },
  "speech_rate": {
    "chars_per_sec": 16.01,
    "words_per_sec": 2.86,
    "segment_count": 5
  },
  "spectral_centroid": {
    "mean": 1821.3
  },
  "timeseries": {
    "frame_sec": 0.5,
    "pitch": [
      343.2,
      315.5,
      397.46,
      540.54,
      402.32,
      493.18,
      484.53,
      419.15,
      599.67,
      274.89,
      370.3,
      123.16,
      524.51,
      499.62,
      197.88,
      317.05,
      504.03,
      471.43,
      419.05,
      262.11,
      225.81,
      492.75,
      640.52,
      194.58
    ],
    "energy": [
      0.056919,
      0.040838,
      0.062322,
      0.118079,
      0.075991,
      0.045352,
      0.051952,
      0.069474,
      0.081786,
      0.030386,
      0.046841,
      0.023747,
      0.067132,
      0.046598,
      0.02015,
      0.035911,
      0.056298,
      0.057592,
      0.042021,
      0.029827,
      0.057503,
      0.078766,
      0.095528,
      0.017578
    ],
    "spectral_centroid": [
      1972.02,
      1664.49,
      2094.6,
      1927.18,
      1834.72,
      1709.42,
      1604.92,
      1641.91,
      1616.18,
      1636.63,
      1719.25,
      2183.53,
      2136.17,
      2158.82,
      1416.6,
      1989.8,
      1461.4,
      1578.41,
      1850.73,
      1514.85,
      1780.03,
      2249.07,
      2012.74,
      2163.39
    ]
  }
}