{
  "id": "2b771ac9-9dd6-459d-a468-785da0a57b52",
  "duration": 13.248,
  "pitch": {
    "mean": 510.05,
    "max": 1793.19,
    "std": 301.56,
    "max_mean_ratio": 3.52
  },
  "energy": {
    "mean": 0.040358,
    "max": 0.116523,
    "std": 0.023838,
    "rate_of_change": 0.00844
  },
  "speech_rate": {
    "chars_per_sec": 19.64,
    "words_per_sec": 4.15,
    "segment_count": 4
  },
  "spectral_centroid": {
    "mean": 1742.38
  },
  "timeseries": {
    "frame_sec": 0.5,
    "pitch": [
      297.9,
      445.92,
      605.32,
      515.14,
      629.21,
      232.92,
      524.19,
      446.14,
      492.06,
      406.73,
      510.1,
      384.14,
      457.87,
      576.38,
      504.43,
      424.44,
      836.95,
      737.9,
      434.85,
      493.9,
      361.86,
      798.34,
      596.18,
      457.27,
      429.11,
      483.07,
      502.33
    ],
    "energy": [
      0.007977,
      0.027997,
      0.038658,
      0.032758,
      0.046878,
      0.017691,
      0.028591,
      0.023868,
      0.024901,
      0.018037,
      0.011649,
      0.033133,
      0.048468,
      0.044938,
      0.048175,
      0.04249,
      0.071463,
      0.048381,
      0.031592,
      0.052649,
      0.043616,
      0.064863,
      0.040559,
      0.044137,
      0.056044,
      0.045168,
      0.047077
    ],
    "spectral_centroid": [
      1822.84,
      1762.77,
      1736.48,
      1686.55,
      1686.46,
      1771.02,
      1554.01,
      1800.09,
      1623.64,
      2087.8,
      1573.37,
      1823.35,
      1703.88,
      1607.63,
      1463.52,
      1974.12,
      1622.15,
      1678.99,
      1631.96,
      1839.13,
      1806.18,
      1725.07,
      1712.96,
      1587.18,
      1901.28,
      2086.73,
      1724.05
    ]
  }
}