{
  "id": "2bb7a0ca-6c4f-435d-8910-ff74f2806312",
  "duration": 12.331,
  "pitch": {
    "mean": 378.72,
    "max": 1717.88,
    "std": 311.46,
    "max_mean_ratio": 4.54
  },
  "energy": {
    "mean": 0.059629,
    "max": 0.252548,
    "std": 0.047476,
    "rate_of_change": 0.020121
  },
  "speech_rate": {
    "chars_per_sec": 13.67,
    "words_per_sec": 2.51,
    "segment_count": 5
  },
  "spectral_centroid": {
    "mean": 1872.57
  },
  "timeseries": {
    "frame_sec": 0.5,
    "pitch": [
      112.68,
      98.02,
      81.33,
      309.98,
      424.83,
      612.57,
      419.8,
      142.27,
      84.38,
      90.67,
      155.91,
      436.09,
      599.89,
      467.43,
      447.61,
      601.68,
      539.0,
      578.56,
      503.04,
      565.59,
      254.38,
      357.01,
      597.21,
      399.4,
      526.21
    ],
    "energy": [
      0.01194,
      0.009487,
      0.010491,
      0.067926,
      0.073761,
      0.074116,
      0.052158,
      0.008181,
      0.009924,
      0.008179,
      0.006099,
      0.075145,
      0.085819,
      0.075956,
      0.074583,
      0.074783,
      0.08894,
      0.08812,
      0.104123,
      0.13865,
      0.007908,
      0.058345,
      0.077697,
      0.068051,
      0.085573
    ],
    "spectral_centroid": [
      1552.58,
      1471.61,
      1450.7,
      1403.49,
      1940.67,
      1632.46,
      1791.28,
      1884.57,
      1519.87,
      1721.95,
      1687.8,
      1690.59,
      1727.39,
      2038.31,
      2516.62,
      1523.38,
      1579.13,
      2750.4,
      2425.04,
      1963.89,
      2370.61,
      2024.75,
      2048.13,
      2615.34,
      1719.43
    ]
  }
}