{
  "id": "2c097606-0872-4534-93a8-d0c41e13a54f",
  "duration": 9.472,
  "pitch": {
    "mean": 348.42,
    "max": 1405.08,
    "std": 236.99,
    "max_mean_ratio": 4.03
  },
  "energy": {
    "mean": 0.074104,
    "max": 0.459088,
    "std": 0.087931,
    "rate_of_change": 0.047703
  },
  "speech_rate": {
    "chars_per_sec": 17.73,
    "words_per_sec": 3.44,
    "segment_count": 5
  },
  "spectral_centroid": {
    "mean": 1855.89
  },
  "timeseries": {
    "frame_sec": 0.5,
    "pitch": [
      417.95,
      126.53,
      373.81,
      306.86,
      250.41,
      287.87,
      425.14,
      244.76,
      186.61,
      500.06,
      532.4,
      325.53,
      177.76,
      113.74,
      639.42,
      481.9,
      509.98,
      334.79,
      326.19
    ],
    "energy": [
      0.029717,
      0.016484,
      0.033623,
      0.031699,
      0.0341,
      0.041342,
      0.041285,
      0.024087,
      0.017644,
      0.077996,
      0.053008,
      0.034102,
      0.010707,
      0.031437,
      0.296447,
      0.235969,
      0.161518,
      0.105819,
      0.071913
    ],
    "spectral_centroid": [
      1972.39,
      1738.94,
      1835.33,
      1595.1,
      1848.5,
      1497.38,
      1402.33,
      1754.79,
      1335.84,
      1416.39,
      1962.49,
      2073.56,
      2417.99,
      1885.21,
      1659.39,
      2304.11,
      2457.17,
      1838.88,
      2266.29
    ]
  }
}