{
  "id": "2c7e240b-3dca-4e2c-9cfe-af10e500bb38",
  "duration": 9.152,
  "pitch": {
    "mean": 396.8,
    "max": 1590.62,
    "std": 293.63,
    "max_mean_ratio": 4.01
  },
  "energy": {
    "mean": 0.070619,
    "max": 0.298666,
    "std": 0.062894,
    "rate_of_change": 0.031969
  },
  "speech_rate": {
    "chars_per_sec": 9.52,
    "words_per_sec": 1.86,
    "segment_count": 4
  },
  "spectral_centroid": {
    "mean": 1805.79
  },
  "timeseries": {
    "frame_sec": 0.5,
    "pitch": [
      450.08,
      421.68,
      481.56,
      708.72,
      659.03,
      616.35,
      623.94,
      435.51,
      100.85,
      94.41,
      126.02,
      190.65,
      446.91,
      199.22,
      108.61,
      343.3,
      523.82,
      599.13,
      423.12
    ],
    "energy": [
      0.054715,
      0.059458,
      0.061567,
      0.054485,
      0.113165,
      0.145446,
      0.1142,
      0.04052,
      0.011277,
      0.015431,
      0.017329,
      0.020743,
      0.031504,
      0.018952,
      0.030497,
      0.136284,
      0.175067,
      0.117825,
      0.0569
    ],
    "spectral_centroid": [
      1646.17,
      1497.13,
      1776.44,
      1876.95,
      1734.6,
      1686.25,
      1603.15,
      1829.25,
      2021.99,
      2152.24,
      1734.61,
      1731.5,
      1772.8,
      2090.02,
      1810.32,
      2044.85,
      1971.18,
      1577.1,
      1510.67
    ]
  }
}