{
  "id": "2caed4e3-b2c4-44d4-af83-485ff1729cbc",
  "duration": 14.357,
  "pitch": {
    "mean": 337.36,
    "max": 1981.71,
    "std": 307.36,
    "max_mean_ratio": 5.87
  },
  "energy": {
    "mean": 0.04048,
    "max": 0.139003,
    "std": 0.027474,
    "rate_of_change": 0.009162
  },
  "speech_rate": {
    "chars_per_sec": 9.59,
    "words_per_sec": 1.86,
    "segment_count": 6
  },
  "spectral_centroid": {
    "mean": 2048.64
  },
  "timeseries": {
    "frame_sec": 0.5,
    "pitch": [
      378.82,
      355.82,
      230.82,
      190.4,
      109.54,
      165.96,
      336.85,
      417.18,
      451.81,
      337.09,
      558.74,
      392.66,
      452.7,
      143.92,
      235.89,
      187.97,
      300.53,
      444.75,
      647.18,
      252.45,
      397.59,
      120.12,
      468.92,
      625.63,
      613.31,
      151.37,
      134.52,
      241.66,
      524.86
    ],
    "energy": [
      0.053404,
      0.029922,
      0.031298,
      0.021265,
      0.037097,
      0.023285,
      0.038788,
      0.035932,
      0.052172,
      0.051998,
      0.06361,
      0.049591,
      0.050717,
      0.017297,
      0.014752,
      0.01527,
      0.036885,
      0.016465,
      0.031193,
      0.038392,
      0.030283,
      0.020019,
      0.084898,
      0.076416,
      0.05776,
      0.045247,
      0.025936,
      0.028383,
      0.041775
    ],
    "spectral_centroid": [
      1956.84,
      2053.92,
      1962.09,
      1833.73,
      1874.86,
      1201.26,
      1940.32,
      1872.69,
      2086.4,
      2303.47,
      1850.84,
      2264.91,
      2108.06,
      2423.13,
      1637.64,
      1771.31,
      2232.37,
      2204.28,
      1694.97,
      2163.33,
      2036.27,
      1951.78,
      2261.11,
      2242.0,
      2690.13,
      2356.49,
      2174.97,
      2113.85,
      2152.01
    ]
  }
}