{
  "id": "2cb6cc31-1a29-443c-aa91-453f811e5cd9",
  "duration": 9.856,
  "pitch": {
    "mean": 510.51,
    "max": 1878.37,
    "std": 524.25,
    "max_mean_ratio": 3.68
  },
  "energy": {
    "mean": 0.015164,
    "max": 0.028458,
    "std": 0.005488,
    "rate_of_change": 0.002538
  },
  "speech_rate": {
    "chars_per_sec": 11.73,
    "words_per_sec": 2.47,
    "segment_count": 1
  },
  "spectral_centroid": {
    "mean": 2068.34
  },
  "timeseries": {
    "frame_sec": 0.5,
    "pitch": [
      1077.87,
      186.6,
      182.95,
      636.09,
      145.27,
      118.97,
      261.69,
      313.15,
      455.09,
      479.92,
      137.35,
      405.82,
      1059.31,
      1211.39,
      771.31,
      124.07,
      626.59,
      409.14,
      419.86,
      542.9
    ],
    "energy": [
      0.014377,
      0.013103,
      0.015083,
      0.016211,
      0.017418,
      0.018454,
      0.016527,
      0.01172,
      0.008635,
      0.006174,
      0.0102,
      0.015403,
      0.008926,
      0.009116,
      0.017165,
      0.020202,
      0.023533,
      0.020177,
      0.016354,
      0.012404
    ],
    "spectral_centroid": [
      2071.11,
      1803.75,
      1839.29,
      1728.02,
      2153.07,
      1882.25,
      2052.98,
      1963.19,
      1876.32,
      2037.63,
      2212.83,
      2377.04,
      2122.37,
      2219.38,
      1932.89,
      1977.39,
      2313.74,
      2275.97,
      2203.14,
      2328.31
    ]
  }
}