{
  "id": "2cb8a802-4619-4fc4-b862-b3cc47276d30",
  "duration": 11.989,
  "pitch": {
    "mean": 371.52,
    "max": 1512.93,
    "std": 277.58,
    "max_mean_ratio": 4.07
  },
  "energy": {
    "mean": 0.063239,
    "max": 0.192024,
    "std": 0.042917,
    "rate_of_change": 0.01545
  },
  "speech_rate": {
    "chars_per_sec": 10.63,
    "words_per_sec": 1.97,
    "segment_count": 6
  },
  "spectral_centroid": {
    "mean": 1948.37
  },
  "timeseries": {
    "frame_sec": 0.5,
    "pitch": [
      122.07,
      593.61,
      482.83,
      464.24,
      307.82,
      99.09,
      101.14,
      459.91,
      698.99,
      410.63,
      631.61,
      125.17,
      125.83,
      145.44,
      437.15,
      287.62,
      104.86,
      498.8,
      446.14,
      373.75,
      422.77,
      389.71,
      558.49,
      499.86
    ],
    "energy": [
      0.022609,
      0.104372,
      0.085868,
      0.081978,
      0.048638,
      0.010642,
      0.013299,
      0.06975,
      0.084398,
      0.061958,
      0.072728,
      0.010314,
      0.016054,
      0.015366,
      0.075912,
      0.047003,
      0.033188,
      0.085266,
      0.114553,
      0.090946,
      0.058693,
      0.066161,
      0.095601,
      0.083647
    ],
    "spectral_centroid": [
      1962.61,
      2283.19,
      1944.07,
      1938.75,
      1731.46,
      1910.88,
      1965.39,
      1475.99,
      1804.48,
      2217.15,
      1525.57,
      2116.59,
      1965.93,
      1716.47,
      1637.59,
      1776.86,
      1854.12,
      2233.55,
      2068.48,
      2074.77,
      2272.21,
      2609.69,
      1834.6,
      1770.04
    ]
  }
}