{
  "id": "2cc24113-9f4e-4917-b58d-dd0cd5b7eff1",
  "duration": 6.571,
  "pitch": {
    "mean": 347.75,
    "max": 1124.83,
    "std": 144.76,
    "max_mean_ratio": 3.23
  },
  "energy": {
    "mean": 0.006425,
    "max": 0.030999,
    "std": 0.00648,
    "rate_of_change": 0.004657
  },
  "speech_rate": {
    "chars_per_sec": 13.49,
    "words_per_sec": 1.9,
    "segment_count": 2
  },
  "spectral_centroid": {
    "mean": 1931.1
  },
  "timeseries": {
    "frame_sec": 0.5,
    "pitch": [
      253.86,
      424.21,
      294.9,
      287.02,
      503.08,
      358.69,
      232.78,
      390.96,
      311.2,
      287.01,
      325.65,
      467.39,
      385.04,
      206.57
    ],
    "energy": [
      0.00134,
      0.002177,
      0.002575,
      0.009304,
      0.014094,
      0.007051,
      0.00317,
      0.006121,
      0.002968,
      0.000977,
      0.001361,
      0.018076,
      0.01105,
      0.00217
    ],
    "spectral_centroid": [
      2050.51,
      1696.66,
      2867.89,
      3511.27,
      1453.91,
      1473.77,
      1853.71,
      1243.15,
      1676.57,
      1991.23,
      1845.46,
      1672.42,
      1744.78,
      1517.02
    ]
  }
}