{
  "id": "2cf540c1-1d10-43d7-a828-4ff1f2e4e4a3",
  "duration": 12.949,
  "pitch": {
    "mean": 371.07,
    "max": 1960.73,
    "std": 313.71,
    "max_mean_ratio": 5.28
  },
  "energy": {
    "mean": 0.048138,
    "max": 0.116894,
    "std": 0.024756,
    "rate_of_change": 0.008188
  },
  "speech_rate": {
    "chars_per_sec": 12.42,
    "words_per_sec": 2.43,
    "segment_count": 8
  },
  "spectral_centroid": {
    "mean": 2169.93
  },
  "timeseries": {
    "frame_sec": 0.5,
    "pitch": [
      330.79,
      180.44,
      566.76,
      485.75,
      177.17,
      118.54,
      375.97,
      246.78,
      135.1,
      168.31,
      207.85,
      157.86,
      573.51,
      515.21,
      315.01,
      503.24,
      347.26,
      331.32,
      229.65,
      329.39,
      410.16,
      252.83,
      727.47,
      1034.2,
      394.39,
      514.58
    ],
    "energy": [
      0.050236,
      0.04535,
      0.017531,
      0.038799,
      0.017298,
      0.019807,
      0.021852,
      0.046762,
      0.03358,
      0.03548,
      0.03688,
      0.046566,
      0.04737,
      0.048154,
      0.072304,
      0.056311,
      0.049673,
      0.021811,
      0.029038,
      0.051667,
      0.043987,
      0.053257,
      0.072603,
      0.091179,
      0.077693,
      0.074585
    ],
    "spectral_centroid": [
      1826.65,
      1995.08,
      2941.87,
      2071.97,
      2344.4,
      2442.18,
      2146.8,
      2032.03,
      2242.92,
      1980.3,
      2294.27,
      2176.88,
      2627.47,
      2122.63,
      1727.96,
      2046.53,
      1618.76,
      2386.16,
      2435.14,
      2480.44,
      2073.03,
      1915.15,
      1970.59,
      1963.02,
      2099.02,
      2343.18
    ]
  }
}