{
  "id": "2cfb3d89-d519-4452-8831-6924c354aa49",
  "duration": 11.52,
  "pitch": {
    "mean": 456.76,
    "max": 2077.82,
    "std": 348.59,
    "max_mean_ratio": 4.55
  },
  "energy": {
    "mean": 0.177726,
    "max": 0.643691,
    "std": 0.162959,
    "rate_of_change": 0.055488
  },
  "speech_rate": {
    "chars_per_sec": 8.64,
    "words_per_sec": 1.64,
    "segment_count": 5
  },
  "spectral_centroid": {
    "mean": 1962.63
  },
  "timeseries": {
    "frame_sec": 0.5,
    "pitch": [
      226.52,
      487.83,
      238.17,
      300.12,
      533.93,
      328.69,
      911.64,
      373.45,
      510.28,
      486.61,
      537.53,
      154.88,
      702.78,
      451.1,
      705.78,
      522.54,
      469.02,
      552.52,
      482.27,
      445.84,
      287.65,
      636.87,
      461.05,
      332.61
    ],
    "energy": [
      0.00568,
      0.19381,
      0.139631,
      0.287984,
      0.243403,
      0.086179,
      0.095805,
      0.062167,
      0.326888,
      0.257877,
      0.213501,
      0.035962,
      0.125142,
      0.152497,
      0.009697,
      0.104627,
      0.245075,
      0.351625,
      0.45997,
      0.287136,
      0.073461,
      0.006688,
      0.12561,
      0.081482
    ],
    "spectral_centroid": [
      2036.69,
      1357.32,
      1331.89,
      1378.38,
      1787.97,
      1986.3,
      2016.81,
      1480.89,
      1685.11,
      1633.42,
      1852.94,
      2185.28,
      2131.67,
      2290.85,
      2483.21,
      1795.96,
      1554.95,
      1900.38,
      2214.25,
      2885.22,
      2151.78,
      2135.15,
      2803.44,
      2424.78
    ]
  }
}