{
  "id": "2d4fc3a8-0e3a-4031-9522-e4bd0496dc5e",
  "duration": 10.752,
  "pitch": {
    "mean": 319.89,
    "max": 1312.1,
    "std": 237.85,
    "max_mean_ratio": 4.1
  },
  "energy": {
    "mean": 0.048104,
    "max": 0.163512,
    "std": 0.038034,
    "rate_of_change": 0.01469
  },
  "speech_rate": {
    "chars_per_sec": 9.96,
    "words_per_sec": 1.96,
    "segment_count": 4
  },
  "spectral_centroid": {
    "mean": 1750.27
  },
  "timeseries": {
    "frame_sec": 0.5,
    "pitch": [
      423.02,
      366.58,
      512.56,
      101.42,
      113.92,
      316.69,
      320.03,
      481.7,
      356.13,
      580.31,
      124.63,
      155.48,
      210.39,
      250.77,
      146.46,
      209.39,
      158.67,
      337.49,
      340.16,
      617.85,
      539.99,
      547.27
    ],
    "energy": [
      0.059971,
      0.070328,
      0.067358,
      0.008157,
      0.009148,
      0.04122,
      0.055497,
      0.078539,
      0.060974,
      0.07225,
      0.007881,
      0.008042,
      0.009335,
      0.007626,
      0.007333,
      0.008357,
      0.034531,
      0.066359,
      0.07396,
      0.093175,
      0.113493,
      0.068979
    ],
    "spectral_centroid": [
      1927.94,
      1744.27,
      1546.6,
      2062.16,
      2049.43,
      1729.9,
      2419.62,
      1626.43,
      2041.83,
      1814.07,
      1377.97,
      1137.48,
      1229.56,
      1588.43,
      1286.84,
      1549.79,
      2322.07,
      1634.3,
      2177.73,
      2110.46,
      1405.78,
      1494.41
    ]
  }
}