{
  "id": "2d5a7cd9-2e41-4135-96f7-cc69e54e8ba3",
  "duration": 10.773,
  "pitch": {
    "mean": 369.93,
    "max": 1799.43,
    "std": 346.68,
    "max_mean_ratio": 4.86
  },
  "energy": {
    "mean": 0.047382,
    "max": 0.112388,
    "std": 0.022172,
    "rate_of_change": 0.009833
  },
  "speech_rate": {
    "chars_per_sec": 7.9,
    "words_per_sec": 1.49,
    "segment_count": 5
  },
  "spectral_centroid": {
    "mean": 2113.6
  },
  "timeseries": {
    "frame_sec": 0.5,
    "pitch": [
      176.58,
      561.76,
      198.18,
      213.41,
      523.23,
      376.57,
      301.23,
      116.14,
      272.24,
      222.65,
      152.71,
      982.12,
      415.85,
      261.18,
      319.0,
      475.61,
      367.63,
      118.04,
      563.24,
      989.95,
      371.41,
      322.22
    ],
    "energy": [
      0.036694,
      0.049848,
      0.034479,
      0.039669,
      0.060129,
      0.057888,
      0.043208,
      0.023786,
      0.022772,
      0.032806,
      0.030523,
      0.070693,
      0.06437,
      0.093091,
      0.059475,
      0.041349,
      0.039265,
      0.008092,
      0.042408,
      0.052408,
      0.050219,
      0.050362
    ],
    "spectral_centroid": [
      2524.41,
      2124.43,
      1828.86,
      1798.94,
      2147.43,
      1976.36,
      1634.36,
      1724.21,
      1656.3,
      1690.97,
      2320.31,
      2488.63,
      1913.29,
      1986.81,
      1951.14,
      2319.85,
      2413.07,
      2244.99,
      2511.97,
      2619.99,
      2318.09,
      2418.01
    ]
  }
}