{
  "id": "2d7d9c2d-e5b7-49db-a547-3b0bf061f30c",
  "duration": 5.696,
  "pitch": {
    "mean": 608.48,
    "max": 2021.9,
    "std": 354.92,
    "max_mean_ratio": 3.32
  },
  "energy": {
    "mean": 0.097495,
    "max": 0.265601,
    "std": 0.060946,
    "rate_of_change": 0.04362
  },
  "speech_rate": {
    "chars_per_sec": 16.55,
    "words_per_sec": 2.46,
    "segment_count": 3
  },
  "spectral_centroid": {
    "mean": 1866.13
  },
  "timeseries": {
    "frame_sec": 0.5,
    "pitch": [
      688.25,
      499.09,
      884.84,
      351.67,
      671.66,
      557.85,
      485.64,
      604.71,
      521.31,
      462.99,
      640.72,
      805.25
    ],
    "energy": [
      0.117071,
      0.126399,
      0.13307,
      0.06936,
      0.137421,
      0.061997,
      0.075681,
      0.088759,
      0.105381,
      0.071224,
      0.035416,
      0.098588
    ],
    "spectral_centroid": [
      1681.87,
      1924.34,
      1847.73,
      1954.77,
      1615.88,
      1769.58,
      2056.4,
      1825.17,
      1810.94,
      1922.92,
      2149.07,
      1805.67
    ]
  }
}