{
  "id": "2d7f63b7-82b5-4d92-9a66-39b928cf1dfa",
  "duration": 8.811,
  "pitch": {
    "mean": 438.77,
    "max": 2014.94,
    "std": 459.03,
    "max_mean_ratio": 4.59
  },
  "energy": {
    "mean": 0.038445,
    "max": 0.170847,
    "std": 0.026422,
    "rate_of_change": 0.018192
  },
  "speech_rate": {
    "chars_per_sec": 14.0,
    "words_per_sec": 2.21,
    "segment_count": 4
  },
  "spectral_centroid": {
    "mean": 2331.64
  },
  "timeseries": {
    "frame_sec": 0.5,
    "pitch": [
      591.68,
      376.2,
      600.92,
      340.72,
      649.76,
      363.09,
      559.61,
      509.56,
      121.71,
      187.34,
      457.41,
      370.82,
      466.38,
      162.54,
      427.3,
      682.57,
      570.25,
      164.81
    ],
    "energy": [
      0.033569,
      0.027892,
      0.036083,
      0.013631,
      0.018289,
      0.040583,
      0.036106,
      0.038579,
      0.021157,
      0.017357,
      0.025533,
      0.036403,
      0.046694,
      0.035974,
      0.056434,
      0.09027,
      0.062553,
      0.025154
    ],
    "spectral_centroid": [
      2240.06,
      2150.27,
      2208.55,
      2752.87,
      2444.21,
      2543.3,
      2321.05,
      2114.21,
      2118.12,
      2055.07,
      2031.39,
      2482.38,
      2592.06,
      2275.37,
      2205.28,
      2583.65,
      2542.69,
      2182.67
    ]
  }
}