{
  "id": "2d8722ca-f262-4cc4-a42c-d5d9a2604efa",
  "duration": 14.891,
  "pitch": {
    "mean": 375.26,
    "max": 1638.21,
    "std": 254.63,
    "max_mean_ratio": 4.37
  },
  "energy": {
    "mean": 0.044796,
    "max": 0.162803,
    "std": 0.026686,
    "rate_of_change": 0.010353
  },
  "speech_rate": {
    "chars_per_sec": 10.58,
    "words_per_sec": 1.94,
    "segment_count": 10
  },
  "spectral_centroid": {
    "mean": 1685.53
  },
  "timeseries": {
    "frame_sec": 0.5,
    "pitch": [
      429.22,
      402.9,
      403.18,
      295.38,
      199.64,
      231.32,
      476.36,
      369.8,
      286.49,
      240.49,
      423.3,
      483.39,
      666.48,
      388.69,
      455.46,
      201.64,
      388.27,
      560.92,
      298.55,
      242.9,
      236.61,
      542.5,
      359.0,
      301.59,
      339.12,
      566.71,
      471.68,
      347.81,
      370.55,
      182.21
    ],
    "energy": [
      0.050609,
      0.071336,
      0.078279,
      0.04392,
      0.028814,
      0.028615,
      0.030641,
      0.038172,
      0.01541,
      0.019826,
      0.047587,
      0.047331,
      0.054317,
      0.025525,
      0.032589,
      0.039685,
      0.03192,
      0.028305,
      0.025059,
      0.023523,
      0.020488,
      0.065079,
      0.07453,
      0.077971,
      0.064447,
      0.045785,
      0.029473,
      0.053523,
      0.057458,
      0.038551
    ],
    "spectral_centroid": [
      1346.84,
      1705.27,
      1927.66,
      1606.55,
      1715.45,
      1183.97,
      2411.51,
      1635.82,
      1701.75,
      1747.27,
      1625.88,
      1519.26,
      1503.36,
      1299.29,
      1367.57,
      1894.15,
      2270.27,
      1166.03,
      1389.42,
      1431.15,
      1198.32,
      1424.7,
      1959.53,
      1720.16,
      2187.1,
      1978.56,
      1959.13,
      1825.45,
      2111.59,
      1898.32
    ]
  }
}