{
  "id": "2db8c2ff-5a41-45d2-977d-d53b15a1375c",
  "duration": 8.064,
  "pitch": {
    "mean": 382.41,
    "max": 1514.45,
    "std": 319.3,
    "max_mean_ratio": 3.96
  },
  "energy": {
    "mean": 0.031345,
    "max": 0.204181,
    "std": 0.037008,
    "rate_of_change": 0.024942
  },
  "speech_rate": {
    "chars_per_sec": 12.83,
    "words_per_sec": 2.54,
    "segment_count": 4
  },
  "spectral_centroid": {
    "mean": 1807.38
  },
  "timeseries": {
    "frame_sec": 0.5,
    "pitch": [
      323.89,
      614.62,
      373.25,
      469.56,
      410.69,
      341.28,
      267.48,
      145.34,
      114.37,
      108.41,
      248.32,
      1045.31,
      391.08,
      440.08,
      617.21,
      189.37,
      295.71
    ],
    "energy": [
      0.025217,
      0.049711,
      0.032169,
      0.037262,
      0.047956,
      0.025921,
      0.011727,
      0.003596,
      0.004088,
      0.004017,
      0.005992,
      0.007727,
      0.006301,
      0.072676,
      0.136711,
      0.008828,
      0.010972
    ],
    "spectral_centroid": [
      1592.96,
      1358.93,
      1562.6,
      1661.8,
      1509.02,
      1985.57,
      2097.44,
      2429.68,
      1710.11,
      1754.11,
      1977.8,
      1997.06,
      1956.51,
      1262.01,
      1465.22,
      2220.27,
      3339.12
    ]
  }
}