{
  "id": "2db94698-1cee-4f2c-a4fd-2a9eb0484d84",
  "duration": 8.811,
  "pitch": {
    "mean": 434.37,
    "max": 1600.27,
    "std": 359.66,
    "max_mean_ratio": 3.68
  },
  "energy": {
    "mean": 0.043907,
    "max": 0.158821,
    "std": 0.032128,
    "rate_of_change": 0.0174
  },
  "speech_rate": {
    "chars_per_sec": 12.01,
    "words_per_sec": 2.33,
    "segment_count": 3
  },
  "spectral_centroid": {
    "mean": 2372.26
  },
  "timeseries": {
    "frame_sec": 0.5,
    "pitch": [
      108.63,
      94.75,
      117.84,
      361.76,
      351.82,
      289.79,
      381.99,
      526.08,
      400.99,
      213.16,
      490.99,
      523.54,
      629.45,
      947.05,
      637.51,
      616.53,
      788.14,
      360.71
    ],
    "energy": [
      0.013236,
      0.013067,
      0.015572,
      0.027881,
      0.037647,
      0.019204,
      0.033444,
      0.033776,
      0.034028,
      0.017829,
      0.055227,
      0.02882,
      0.092598,
      0.088102,
      0.082145,
      0.051772,
      0.057897,
      0.061428
    ],
    "spectral_centroid": [
      2254.46,
      3085.63,
      2626.12,
      3047.41,
      2682.06,
      2943.2,
      2515.61,
      2518.41,
      2130.73,
      1865.99,
      1831.42,
      2361.28,
      2032.19,
      2103.42,
      2145.83,
      2198.04,
      2178.18,
      2006.1
    ]
  }
}