{
  "id": "2e395715-abb9-48f6-8318-e3355f4253e3",
  "duration": 13.461,
  "pitch": {
    "mean": 509.51,
    "max": 1647.2,
    "std": 273.3,
    "max_mean_ratio": 3.23
  },
  "energy": {
    "mean": 0.07931,
    "max": 0.205976,
    "std": 0.039893,
    "rate_of_change": 0.014099
  },
  "speech_rate": {
    "chars_per_sec": 8.86,
    "words_per_sec": 1.65,
    "segment_count": 7
  },
  "spectral_centroid": {
    "mean": 1809.16
  },
  "timeseries": {
    "frame_sec": 0.5,
    "pitch": [
      326.51,
      536.29,
      640.75,
      398.58,
      583.58,
      617.07,
      601.95,
      584.46,
      335.85,
      417.26,
      118.85,
      112.89,
      170.95,
      469.38,
      700.32,
      646.93,
      578.11,
      671.27,
      555.57,
      596.78,
      580.53,
      449.18,
      599.52,
      687.81,
      836.3,
      529.53,
      243.7
    ],
    "energy": [
      0.05199,
      0.068448,
      0.071714,
      0.055726,
      0.086427,
      0.08949,
      0.082133,
      0.089153,
      0.051172,
      0.055449,
      0.032079,
      0.03769,
      0.042428,
      0.085368,
      0.131092,
      0.105051,
      0.068697,
      0.094133,
      0.067118,
      0.110908,
      0.10932,
      0.043942,
      0.115549,
      0.105883,
      0.089821,
      0.093796,
      0.019761
    ],
    "spectral_centroid": [
      1830.25,
      1762.56,
      1659.84,
      1740.93,
      2154.29,
      2132.0,
      2340.26,
      1858.25,
      1684.05,
      1695.24,
      1404.8,
      1324.99,
      1290.92,
      1691.23,
      2060.26,
      1738.42,
      1840.88,
      1839.09,
      1866.51,
      1796.57,
      1869.08,
      1934.53,
      1674.75,
      1722.26,
      1942.27,
      1951.88,
      1953.92
    ]
  }
}