{
  "id": "2e3e949f-3a01-47bb-b04f-1529d05c274a",
  "duration": 21.355,
  "pitch": {
    "mean": 352.07,
    "max": 2085.83,
    "std": 483.18,
    "max_mean_ratio": 5.92
  },
  "energy": {
    "mean": 0.05862,
    "max": 0.158021,
    "std": 0.037643,
    "rate_of_change": 0.007399
  },
  "speech_rate": {
    "chars_per_sec": 0.0,
    "words_per_sec": 0.0,
    "segment_count": 0
  },
  "spectral_centroid": {
    "mean": 2134.21
  },
  "timeseries": {
    "frame_sec": 0.5,
    "pitch": [
      129.94,
      123.77,
      183.75,
      215.15,
      218.16,
      116.47,
      106.73,
      150.18,
      419.27,
      206.42,
      830.5,
      1448.59,
      125.93,
      898.06,
      204.07,
      220.16,
      187.09,
      130.04,
      341.74,
      557.32,
      185.32,
      144.48,
      363.18,
      166.93,
      349.42,
      521.85,
      640.23,
      173.51,
      180.24,
      393.34,
      467.43,
      673.35,
      354.6,
      84.44,
      87.1,
      709.13,
      506.02,
      1175.56,
      428.49,
      81.8,
      116.13,
      111.13,
      447.17
    ],
    "energy": [
      0.064679,
      0.049733,
      0.058171,
      0.071572,
      0.061403,
      0.054788,
      0.050705,
      0.05563,
      0.053939,
      0.052184,
      0.110592,
      0.107378,
      0.069199,
      0.100475,
      0.064879,
      0.02855,
      0.01942,
      0.015677,
      0.003253,
      2.8e-05,
      0.051333,
      0.082929,
      0.088076,
      0.133455,
      0.098074,
      0.104036,
      0.055745,
      0.108963,
      0.069671,
      0.061812,
      0.053823,
      0.082661,
      0.070108,
      0.018978,
      0.002635,
      0.000122,
      0.027005,
      0.065776,
      0.054097,
      0.033904,
      0.024033,
      0.019135,
      2.6e-05
    ],
    "spectral_centroid": [
      1992.82,
      1684.01,
      1683.38,
      2499.37,
      2064.45,
      1742.04,
      1657.46,
      1875.54,
      2043.1,
      2134.08,
      2907.04,
      2567.35,
      2078.5,
      2199.34,
      2297.27,
      2220.1,
      2188.11,
      1297.93,
      1539.1,
      3404.85,
      3073.96,
      2341.11,
      2103.84,
      1817.46,
      1857.02,
      1684.89,
      1717.21,
      1807.78,
      1443.57,
      1809.72,
      1915.09,
      1558.95,
      2186.62,
      2881.1,
      2615.1,
      3011.28,
      1885.49,
      2409.11,
      2918.19,
      1609.6,
      1853.56,
      1903.38,
      3494.31
    ]
  }
}