{
  "id": "2e498789-9bc9-483c-b90c-6ac7dfb06415",
  "duration": 7.445,
  "pitch": {
    "mean": 425.24,
    "max": 1368.95,
    "std": 323.8,
    "max_mean_ratio": 3.22
  },
  "energy": {
    "mean": 0.064686,
    "max": 0.196798,
    "std": 0.047319,
    "rate_of_change": 0.025207
  },
  "speech_rate": {
    "chars_per_sec": 6.44,
    "words_per_sec": 1.05,
    "segment_count": 2
  },
  "spectral_centroid": {
    "mean": 1902.62
  },
  "timeseries": {
    "frame_sec": 0.5,
    "pitch": [
      276.69,
      214.18,
      513.03,
      698.91,
      492.34,
      469.35,
      413.8,
      247.46,
      506.54,
      788.83,
      641.41,
      121.76,
      253.41,
      467.18,
      658.56
    ],
    "energy": [
      0.024078,
      0.052803,
      0.092843,
      0.056249,
      0.028532,
      0.103507,
      0.055049,
      0.04312,
      0.031901,
      0.024858,
      0.04101,
      0.058783,
      0.07407,
      0.113427,
      0.139245
    ],
    "spectral_centroid": [
      1790.48,
      1486.56,
      1741.33,
      1997.98,
      1716.84,
      1701.17,
      2041.51,
      2009.82,
      1647.39,
      2329.72,
      1825.41,
      1916.8,
      2240.97,
      2244.85,
      1801.67
    ]
  }
}