{
  "id": "2ebf23f7-5277-46fb-a859-fc9c5943b6c1",
  "duration": 45.376,
  "pitch": {
    "mean": 503.25,
    "max": 2088.67,
    "std": 386.26,
    "max_mean_ratio": 4.15
  },
  "energy": {
    "mean": 0.083691,
    "max": 0.327165,
    "std": 0.071028,
    "rate_of_change": 0.007158
  },
  "speech_rate": {
    "chars_per_sec": 14.08,
    "words_per_sec": 2.44,
    "segment_count": 17
  },
  "spectral_centroid": {
    "mean": 1986.78
  },
  "timeseries": {
    "frame_sec": 0.5,
    "pitch": [
      511.94,
      453.14,
      478.26,
      676.58,
      665.49,
      370.88,
      531.1,
      263.45,
      449.52,
      263.66,
      710.21,
      646.04,
      584.93,
      669.55,
      443.64,
      312.3,
      308.55,
      221.03,
      333.32,
      446.97,
      526.84,
      573.0,
      343.84,
      268.84,
      402.27,
      333.59,
      306.27,
      252.52,
      418.99,
      326.47,
      245.78,
      390.64,
      304.84,
      457.48,
      312.53,
      298.6,
      237.14,
      367.82,
      355.23,
      228.51,
      322.9,
      285.92,
      199.97,
      717.36,
      448.35,
      452.94,
      437.31,
      292.58,
      289.0,
      348.46,
      587.27,
      1044.66,
      789.36,
      836.22,
      781.18,
      737.82,
      624.8,
      1188.71,
      281.87,
      178.54,
      140.53,
      849.3,
      438.68,
      774.62,
      543.6,
      446.48,
      506.05,
      537.05,
      721.79,
      602.74,
      501.9,
      466.12,
      315.74,
      499.54,
      254.82,
      345.29,
      479.01,
      628.43,
      299.79,
      418.01,
      612.69,
      692.73,
      636.69,
      963.91,
      1069.75,
      1218.22,
      667.48,
      540.87,
      732.95,
      694.12,
      590.83
    ],
    "energy": [
      0.078904,
      0.074581,
      0.092573,
      0.064426,
      0.071771,
      0.061684,
      0.058395,
      0.039362,
      0.037044,
      0.053417,
      0.054799,
      0.075281,
      0.051397,
      0.051533,
      0.078321,
      0.051533,
      0.048005,
      0.03715,
      0.044382,
      0.051355,
      0.061622,
      0.077964,
      0.039936,
      0.028257,
      0.057864,
      0.042668,
      0.022434,
      0.022652,
      0.051939,
      0.059409,
      0.056923,
      0.066205,
      0.037737,
      0.07421,
      0.065122,
      0.030849,
      0.01582,
      0.055886,
      0.076053,
      0.044076,
      0.028164,
      0.030272,
      0.025873,
      0.098162,
      0.07833,
      0.130913,
      0.091172,
      0.058514,
      0.067291,
      0.045713,
      0.174495,
      0.223794,
      0.165842,
      0.198248,
      0.185303,
      0.101733,
      0.116981,
      0.004396,
      0.002953,
      0.011951,
      0.014568,
      0.068247,
      0.168377,
      0.190478,
      0.098083,
      0.100186,
      0.165834,
      0.116856,
      0.029374,
      0.031611,
      0.049386,
      0.099809,
      0.050386,
      0.086629,
      0.00944,
      0.074824,
      0.094672,
      0.08468,
      0.062194,
      0.119268,
      0.145726,
      0.107418,
      0.219073,
      0.285233,
      0.284427,
      0.231314,
      0.074097,
      0.049858,
      0.081698,
      0.044149,
      0.021592
    ],
    "spectral_centroid": [
      1736.07,
      1909.26,
      1898.5,
      2766.74,
      2220.65,
      1983.03,
      1722.34,
      1588.13,
      2467.41,
      1887.06,
      1658.34,
      1689.34,
      1659.7,
      2431.85,
      1641.51,
      1850.12,
      1688.83,
      1765.28,
      1949.27,
      1885.74,
      2052.94,
      1974.54,
      1757.18,
      1696.04,
      1433.85,
      1743.33,
      2079.62,
      2136.51,
      2234.97,
      1816.98,
      1919.1,
      1591.86,
      1686.32,
      1999.4,
      1720.29,
      1809.55,
      2528.42,
      1766.64,
      1874.59,
      2343.54,
      1850.14,
      1959.32,
      1901.84,
      1801.77,
      1944.07,
      1965.62,
      2015.15,
      1330.22,
      2714.31,
      2494.99,
      2380.88,
      2038.74,
      3172.15,
      2110.49,
      2046.03,
      1650.14,
      2057.83,
      1987.54,
      1795.58,
      2425.81,
      2401.49,
      2672.8,
      2036.86,
      2163.18,
      1988.42,
      1804.08,
      1606.7,
      2440.95,
      1608.77,
      1779.23,
      2438.01,
      1625.84,
      1931.19,
      2301.75,
      1698.32,
      1596.94,
      1727.88,
      2043.47,
      1594.07,
      2004.45,
      1848.95,
      2012.83,
      1758.79,
      2752.84,
      2320.66,
      2251.52,
      2084.98,
      1820.73,
      1560.32,
      2367.02,
      2232.0
    ]
  }
}