{
  "id": "2ef2d9f8-85be-490a-9648-a834dcf090b3",
  "duration": 8.96,
  "pitch": {
    "mean": 551.28,
    "max": 2059.64,
    "std": 391.5,
    "max_mean_ratio": 3.74
  },
  "energy": {
    "mean": 0.074596,
    "max": 0.196754,
    "std": 0.043671,
    "rate_of_change": 0.021279
  },
  "speech_rate": {
    "chars_per_sec": 12.18,
    "words_per_sec": 2.3,
    "segment_count": 3
  },
  "spectral_centroid": {
    "mean": 2095.1
  },
  "timeseries": {
    "frame_sec": 0.5,
    "pitch": [
      370.4,
      297.85,
      595.05,
      566.99,
      453.21,
      1101.72,
      340.18,
      332.7,
      584.43,
      602.18,
      640.04,
      676.19,
      709.12,
      643.32,
      579.25,
      418.33,
      553.23,
      305.42
    ],
    "energy": [
      0.00881,
      0.036379,
      0.073615,
      0.098383,
      0.094486,
      0.096917,
      0.021564,
      0.024419,
      0.08662,
      0.075332,
      0.065398,
      0.089652,
      0.101606,
      0.106392,
      0.079112,
      0.07106,
      0.082438,
      0.065506
    ],
    "spectral_centroid": [
      1903.47,
      1912.44,
      1890.21,
      1918.83,
      2155.15,
      1957.48,
      1828.48,
      1869.25,
      2472.15,
      1871.87,
      2150.48,
      2490.25,
      1805.94,
      2230.3,
      1859.11,
      2503.42,
      2140.63,
      2681.31
    ]
  }
}