{
  "id": "2f560473-9fad-4d1f-8de9-265bb47db521",
  "duration": 8.107,
  "pitch": {
    "mean": 404.16,
    "max": 2052.89,
    "std": 266.21,
    "max_mean_ratio": 5.08
  },
  "energy": {
    "mean": 0.076784,
    "max": 0.223292,
    "std": 0.062709,
    "rate_of_change": 0.027048
  },
  "speech_rate": {
    "chars_per_sec": 9.63,
    "words_per_sec": 1.98,
    "segment_count": 5
  },
  "spectral_centroid": {
    "mean": 1957.56
  },
  "timeseries": {
    "frame_sec": 0.5,
    "pitch": [
      493.91,
      587.24,
      296.09,
      205.24,
      610.01,
      350.7,
      326.17,
      267.75,
      408.15,
      376.09,
      442.11,
      299.32,
      276.82,
      484.74,
      536.13,
      480.06,
      353.17
    ],
    "energy": [
      0.100347,
      0.09922,
      0.018836,
      0.0143,
      0.129015,
      0.085376,
      0.012003,
      0.008941,
      0.014162,
      0.098901,
      0.050566,
      0.013284,
      0.099332,
      0.144015,
      0.14555,
      0.111765,
      0.13119
    ],
    "spectral_centroid": [
      2044.88,
      1497.2,
      2215.79,
      1862.05,
      1997.13,
      2079.05,
      1821.23,
      1985.32,
      1880.88,
      1797.74,
      1940.05,
      2024.15,
      2388.05,
      1961.48,
      2029.71,
      1776.96,
      1738.5
    ]
  }
}