{
  "id": "2f97a74e-917b-47fb-a3da-ca1cb574a91c",
  "duration": 9.152,
  "pitch": {
    "mean": 438.82,
    "max": 1758.02,
    "std": 333.04,
    "max_mean_ratio": 4.01
  },
  "energy": {
    "mean": 0.080321,
    "max": 0.240659,
    "std": 0.055991,
    "rate_of_change": 0.025246
  },
  "speech_rate": {
    "chars_per_sec": 12.36,
    "words_per_sec": 2.3,
    "segment_count": 5
  },
  "spectral_centroid": {
    "mean": 1938.44
  },
  "timeseries": {
    "frame_sec": 0.5,
    "pitch": [
      503.11,
      396.89,
      460.45,
      560.72,
      401.48,
      604.19,
      146.47,
      191.17,
      160.41,
      469.95,
      205.35,
      465.37,
      655.91,
      477.44,
      576.04,
      449.29,
      319.09,
      819.73,
      532.41
    ],
    "energy": [
      0.075596,
      0.066037,
      0.077453,
      0.074466,
      0.103418,
      0.107031,
      0.014657,
      0.015179,
      0.013985,
      0.114739,
      0.035849,
      0.13377,
      0.116116,
      0.118589,
      0.121742,
      0.04151,
      0.026176,
      0.097982,
      0.148068
    ],
    "spectral_centroid": [
      2325.82,
      1504.66,
      2062.33,
      1626.81,
      1823.13,
      2132.9,
      1997.39,
      1712.52,
      1372.94,
      1986.41,
      1757.56,
      1768.88,
      2077.67,
      2222.39,
      2477.7,
      2138.43,
      2071.64,
      1957.22,
      1844.18
    ]
  }
}