{
  "id": "2fcfb1a5-c1c0-43db-b01c-4858fb9bb70c",
  "duration": 8.683,
  "pitch": {
    "mean": 421.98,
    "max": 1716.05,
    "std": 232.3,
    "max_mean_ratio": 4.07
  },
  "energy": {
    "mean": 0.048692,
    "max": 0.142124,
    "std": 0.026339,
    "rate_of_change": 0.01556
  },
  "speech_rate": {
    "chars_per_sec": 21.2,
    "words_per_sec": 3.8,
    "segment_count": 1
  },
  "spectral_centroid": {
    "mean": 1572.64
  },
  "timeseries": {
    "frame_sec": 0.5,
    "pitch": [
      751.87,
      447.55,
      376.11,
      354.94,
      479.86,
      278.3,
      524.76,
      368.34,
      365.25,
      262.72,
      364.61,
      555.82,
      377.57,
      306.22,
      382.62,
      500.22,
      472.32,
      335.78
    ],
    "energy": [
      0.055607,
      0.056467,
      0.043979,
      0.044523,
      0.052033,
      0.030512,
      0.04128,
      0.038059,
      0.033034,
      0.026322,
      0.036208,
      0.038036,
      0.036808,
      0.044643,
      0.073222,
      0.064728,
      0.067339,
      0.076786
    ],
    "spectral_centroid": [
      1671.96,
      1423.55,
      1460.3,
      1721.74,
      1301.15,
      2001.65,
      1324.12,
      1297.43,
      1774.06,
      2258.24,
      1681.29,
      1200.17,
      1695.01,
      1447.82,
      1511.92,
      1595.91,
      1492.85,
      1176.42
    ]
  }
}