{
  "id": "30580698-d584-4d69-8aec-c1f8bf55d401",
  "duration": 22.123,
  "pitch": {
    "mean": 521.19,
    "max": 2085.11,
    "std": 407.77,
    "max_mean_ratio": 4.0
  },
  "energy": {
    "mean": 0.062364,
    "max": 0.185534,
    "std": 0.035674,
    "rate_of_change": 0.007874
  },
  "speech_rate": {
    "chars_per_sec": 8.83,
    "words_per_sec": 1.71,
    "segment_count": 12
  },
  "spectral_centroid": {
    "mean": 2070.77
  },
  "timeseries": {
    "frame_sec": 0.5,
    "pitch": [
      558.11,
      418.44,
      310.1,
      523.72,
      114.2,
      114.01,
      344.94,
      956.34,
      1072.4,
      749.49,
      645.59,
      808.39,
      787.77,
      787.11,
      876.54,
      488.85,
      951.06,
      695.95,
      233.17,
      127.28,
      502.58,
      284.71,
      640.29,
      697.11,
      594.55,
      290.86,
      563.66,
      434.48,
      537.23,
      424.0,
      131.76,
      642.2,
      430.79,
      166.67,
      134.57,
      134.14,
      130.04,
      317.77,
      567.38,
      832.47,
      733.59,
      558.73,
      786.51,
      720.15,
      822.43
    ],
    "energy": [
      0.07236,
      0.061431,
      0.055139,
      0.075511,
      0.031323,
      0.021752,
      0.066082,
      0.14438,
      0.094754,
      0.051714,
      0.064079,
      0.05686,
      0.059781,
      0.066742,
      0.086789,
      0.087661,
      0.099131,
      0.084643,
      0.017368,
      0.02479,
      0.0202,
      0.034654,
      0.049638,
      0.075898,
      0.070955,
      0.053468,
      0.069688,
      0.038686,
      0.087237,
      0.058473,
      0.017036,
      0.06636,
      0.056683,
      0.017883,
      0.013295,
      0.028038,
      0.024202,
      0.047382,
      0.084752,
      0.066263,
      0.088338,
      0.089863,
      0.104362,
      0.030719,
      0.080934
    ],
    "spectral_centroid": [
      2187.92,
      1852.47,
      2061.59,
      2268.17,
      2016.4,
      2386.55,
      2277.95,
      2141.83,
      2173.0,
      1857.52,
      2162.64,
      2568.24,
      2218.43,
      2447.68,
      1878.59,
      1498.84,
      2085.76,
      2220.04,
      2120.72,
      1851.04,
      2191.07,
      2080.34,
      2060.64,
      2125.09,
      2120.46,
      1990.57,
      2023.63,
      2176.83,
      2042.13,
      1526.07,
      2115.88,
      2197.58,
      2458.55,
      1946.52,
      2101.27,
      1630.05,
      1868.37,
      1744.38,
      2109.09,
      2062.14,
      2108.69,
      1834.23,
      2329.56,
      2098.08,
      1625.69
    ]
  }
}