{
  "id": "3074be88-a6de-4c90-b28a-c33ae0aa3ec9",
  "duration": 20.907,
  "pitch": {
    "mean": 432.65,
    "max": 1550.23,
    "std": 257.94,
    "max_mean_ratio": 3.58
  },
  "energy": {
    "mean": 0.053436,
    "max": 0.171564,
    "std": 0.030367,
    "rate_of_change": 0.007858
  },
  "speech_rate": {
    "chars_per_sec": 14.28,
    "words_per_sec": 2.74,
    "segment_count": 18
  },
  "spectral_centroid": {
    "mean": 1930.69
  },
  "timeseries": {
    "frame_sec": 0.5,
    "pitch": [
      411.35,
      544.44,
      329.98,
      519.87,
      423.05,
      177.99,
      413.78,
      329.18,
      441.74,
      175.96,
      520.22,
      628.02,
      181.39,
      515.94,
      325.21,
      500.45,
      470.37,
      478.24,
      312.57,
      326.22,
      446.72,
      470.08,
      139.69,
      385.85,
      677.26,
      524.46,
      550.36,
      502.95,
      660.12,
      695.61,
      274.39,
      456.65,
      110.69,
      117.22,
      369.36,
      561.74,
      474.95,
      641.08,
      628.74,
      628.21,
      451.28,
      421.45
    ],
    "energy": [
      0.050154,
      0.056651,
      0.034299,
      0.056118,
      0.060664,
      0.023766,
      0.053152,
      0.046292,
      0.054018,
      0.039777,
      0.04604,
      0.048943,
      0.020939,
      0.072898,
      0.034722,
      0.061685,
      0.049149,
      0.045172,
      0.031762,
      0.038609,
      0.036794,
      0.047569,
      0.017433,
      0.076109,
      0.109108,
      0.044497,
      0.041242,
      0.056563,
      0.078124,
      0.074708,
      0.021817,
      0.039393,
      0.017011,
      0.029833,
      0.053787,
      0.081906,
      0.054198,
      0.087914,
      0.088529,
      0.070057,
      0.069102,
      0.021714
    ],
    "spectral_centroid": [
      1660.53,
      1920.55,
      1860.46,
      1649.98,
      2053.17,
      1482.14,
      1703.32,
      1655.79,
      1714.83,
      2552.37,
      2335.51,
      2156.99,
      1889.1,
      1993.34,
      1601.01,
      2058.73,
      2105.1,
      1689.67,
      1922.84,
      1707.26,
      1964.9,
      1635.39,
      1658.84,
      1913.54,
      2558.04,
      1696.57,
      1523.77,
      1953.92,
      2207.09,
      2403.66,
      1899.2,
      1833.52,
      1823.77,
      1573.28,
      2216.21,
      1896.14,
      1828.36,
      2122.32,
      2304.37,
      2046.3,
      1956.28,
      2162.29
    ]
  }
}