{
  "id": "3085d0ca-963b-4bd8-b426-1967f1bc9b81",
  "duration": 12.779,
  "pitch": {
    "mean": 558.99,
    "max": 2076.02,
    "std": 489.67,
    "max_mean_ratio": 3.71
  },
  "energy": {
    "mean": 0.062287,
    "max": 0.13574,
    "std": 0.032904,
    "rate_of_change": 0.010257
  },
  "speech_rate": {
    "chars_per_sec": 12.92,
    "words_per_sec": 2.67,
    "segment_count": 11
  },
  "spectral_centroid": {
    "mean": 2039.06
  },
  "timeseries": {
    "frame_sec": 0.5,
    "pitch": [
      606.0,
      227.93,
      210.37,
      373.39,
      105.13,
      202.59,
      123.44,
      137.3,
      231.57,
      332.0,
      182.34,
      442.32,
      150.03,
      476.78,
      642.13,
      859.53,
      1425.21,
      1264.02,
      1295.93,
      648.55,
      168.0,
      1117.45,
      1017.12,
      940.66,
      782.2,
      548.92
    ],
    "energy": [
      0.046289,
      0.045415,
      0.036527,
      0.037934,
      0.024979,
      0.03377,
      0.018854,
      0.055343,
      0.069348,
      0.054657,
      0.029749,
      0.043437,
      0.040852,
      0.063235,
      0.059205,
      0.079035,
      0.102652,
      0.096465,
      0.109956,
      0.064307,
      0.031436,
      0.072095,
      0.114088,
      0.057717,
      0.09213,
      0.085113
    ],
    "spectral_centroid": [
      2247.71,
      2035.73,
      2245.25,
      1882.76,
      2487.81,
      2197.92,
      2585.08,
      1923.98,
      1736.76,
      1817.64,
      1899.94,
      2082.02,
      2098.86,
      2061.7,
      2108.51,
      2145.28,
      1838.2,
      2121.51,
      1944.25,
      1819.58,
      1978.86,
      2148.95,
      2168.42,
      2012.48,
      1738.74,
      1256.49
    ]
  }
}