{
  "id": "308e1fd3-8f56-4998-9417-00968fcf933d",
  "duration": 15.36,
  "pitch": {
    "mean": 459.43,
    "max": 1876.38,
    "std": 403.68,
    "max_mean_ratio": 4.08
  },
  "energy": {
    "mean": 0.04039,
    "max": 0.104038,
    "std": 0.019157,
    "rate_of_change": 0.005724
  },
  "speech_rate": {
    "chars_per_sec": 20.62,
    "words_per_sec": 4.08,
    "segment_count": 7
  },
  "spectral_centroid": {
    "mean": 1945.57
  },
  "timeseries": {
    "frame_sec": 0.5,
    "pitch": [
      257.86,
      582.17,
      131.23,
      392.55,
      385.98,
      688.59,
      717.39,
      551.96,
      173.33,
      306.66,
      172.15,
      362.03,
      194.46,
      180.81,
      353.01,
      829.31,
      834.77,
      968.25,
      411.54,
      343.89,
      333.56,
      561.04,
      483.85,
      642.15,
      647.63,
      697.44,
      797.29,
      633.82,
      234.55,
      311.31,
      272.99
    ],
    "energy": [
      0.028242,
      0.024677,
      0.026799,
      0.026045,
      0.021456,
      0.029905,
      0.030743,
      0.031761,
      0.048131,
      0.036067,
      0.035816,
      0.033663,
      0.069091,
      0.059279,
      0.029544,
      0.021275,
      0.023546,
      0.024561,
      0.022769,
      0.048237,
      0.048676,
      0.048173,
      0.068417,
      0.053485,
      0.045048,
      0.021202,
      0.030971,
      0.02766,
      0.062476,
      0.069199,
      0.057146
    ],
    "spectral_centroid": [
      1633.92,
      1843.63,
      2014.72,
      2060.17,
      2001.07,
      2050.92,
      2065.49,
      1958.98,
      1718.04,
      1974.64,
      2009.14,
      2045.08,
      1602.6,
      1507.82,
      1920.56,
      1939.37,
      1916.15,
      1860.46,
      2098.26,
      1964.19,
      1767.65,
      1818.09,
      1648.26,
      2631.43,
      1884.15,
      2213.99,
      2039.61,
      1976.7,
      1855.21,
      2112.59,
      2136.07
    ]
  }
}