{
  "id": "30ca5722-0c65-427b-889f-1a2fe7133684",
  "duration": 9.643,
  "pitch": {
    "mean": 452.48,
    "max": 1603.61,
    "std": 231.7,
    "max_mean_ratio": 3.54
  },
  "energy": {
    "mean": 0.032206,
    "max": 0.116092,
    "std": 0.022163,
    "rate_of_change": 0.011529
  },
  "speech_rate": {
    "chars_per_sec": 18.44,
    "words_per_sec": 3.44,
    "segment_count": 1
  },
  "spectral_centroid": {
    "mean": 1840.29
  },
  "timeseries": {
    "frame_sec": 0.5,
    "pitch": [
      760.58,
      446.77,
      326.62,
      385.01,
      146.47,
      345.58,
      533.03,
      538.08,
      414.65,
      420.55,
      446.67,
      374.08,
      524.47,
      354.45,
      489.96,
      725.41,
      471.53,
      530.49,
      481.27,
      569.03
    ],
    "energy": [
      0.025807,
      0.014308,
      0.008067,
      0.014535,
      0.006888,
      0.045956,
      0.051268,
      0.053337,
      0.031154,
      0.027827,
      0.036279,
      0.031581,
      0.038352,
      0.014089,
      0.021772,
      0.035235,
      0.034942,
      0.036017,
      0.049905,
      0.054995
    ],
    "spectral_centroid": [
      1538.58,
      1771.11,
      1787.95,
      1729.24,
      1789.61,
      1979.13,
      1599.81,
      1918.1,
      1484.99,
      1999.57,
      1929.58,
      2299.29,
      1649.49,
      1738.58,
      1928.47,
      2072.93,
      1883.87,
      2230.18,
      1748.07,
      1211.93
    ]
  }
}