{
  "id": "30df139f-04ef-48fa-92fe-d9ffe9a7ce25",
  "duration": 21.141,
  "pitch": {
    "mean": 530.46,
    "max": 1923.9,
    "std": 354.39,
    "max_mean_ratio": 3.63
  },
  "energy": {
    "mean": 0.072969,
    "max": 0.263271,
    "std": 0.052185,
    "rate_of_change": 0.0122
  },
  "speech_rate": {
    "chars_per_sec": 9.19,
    "words_per_sec": 1.7,
    "segment_count": 13
  },
  "spectral_centroid": {
    "mean": 2102.82
  },
  "timeseries": {
    "frame_sec": 0.5,
    "pitch": [
      264.25,
      690.93,
      997.93,
      410.34,
      453.46,
      687.83,
      476.37,
      158.87,
      460.58,
      554.76,
      644.05,
      132.14,
      634.29,
      477.96,
      739.63,
      710.7,
      548.01,
      582.98,
      337.89,
      299.48,
      301.92,
      661.99,
      617.56,
      185.64,
      112.31,
      452.6,
      728.69,
      639.49,
      312.25,
      584.44,
      554.21,
      384.51,
      502.9,
      581.68,
      900.02,
      573.56,
      551.32,
      847.07,
      895.26,
      730.02,
      390.76,
      471.08,
      234.34
    ],
    "energy": [
      0.039508,
      0.020537,
      0.038529,
      0.068547,
      0.074444,
      0.090165,
      0.064717,
      0.017542,
      0.109134,
      0.144596,
      0.022346,
      0.032415,
      0.130875,
      0.072859,
      0.069418,
      0.032852,
      0.075317,
      0.10703,
      0.045293,
      0.072203,
      0.048778,
      0.115095,
      0.103226,
      0.013433,
      0.015205,
      0.110872,
      0.114503,
      0.054497,
      0.024126,
      0.1642,
      0.073033,
      0.046725,
      0.120521,
      0.093695,
      0.107107,
      0.065957,
      0.072828,
      0.02243,
      0.014241,
      0.113934,
      0.052924,
      0.063066,
      0.044872
    ],
    "spectral_centroid": [
      2367.42,
      2329.84,
      2125.92,
      2168.3,
      1920.27,
      1908.63,
      1880.42,
      1947.65,
      2278.07,
      2055.24,
      1853.98,
      1661.61,
      1854.45,
      2311.64,
      2072.34,
      2057.0,
      1841.61,
      1964.47,
      1946.86,
      2110.49,
      1903.64,
      1827.45,
      2153.41,
      2599.23,
      2840.9,
      1916.48,
      2023.8,
      2255.23,
      2742.36,
      1906.18,
      1955.96,
      1810.73,
      2022.38,
      2281.17,
      2212.29,
      1964.27,
      2382.92,
      2484.25,
      1889.51,
      2151.64,
      2036.53,
      2158.52,
      1844.67
    ]
  }
}