{
  "id": "30fb299a-e98f-4942-b67d-f4ba5e3d9aca",
  "duration": 14.443,
  "pitch": {
    "mean": 331.69,
    "max": 1525.5,
    "std": 262.25,
    "max_mean_ratio": 4.6
  },
  "energy": {
    "mean": 0.073992,
    "max": 0.188602,
    "std": 0.037259,
    "rate_of_change": 0.012271
  },
  "speech_rate": {
    "chars_per_sec": 8.52,
    "words_per_sec": 1.73,
    "segment_count": 12
  },
  "spectral_centroid": {
    "mean": 1738.96
  },
  "timeseries": {
    "frame_sec": 0.5,
    "pitch": [
      349.08,
      682.66,
      126.46,
      333.93,
      221.63,
      202.12,
      376.65,
      285.01,
      235.97,
      217.03,
      243.42,
      296.67,
      443.93,
      427.0,
      262.81,
      284.4,
      399.08,
      202.95,
      219.64,
      333.72,
      459.27,
      381.32,
      450.64,
      461.8,
      487.85,
      559.5,
      317.35,
      193.2,
      161.98
    ],
    "energy": [
      0.055188,
      0.071499,
      0.116741,
      0.080304,
      0.078187,
      0.070938,
      0.055577,
      0.078506,
      0.099884,
      0.101822,
      0.078208,
      0.073257,
      0.088032,
      0.101793,
      0.099479,
      0.067203,
      0.042583,
      0.034478,
      0.019511,
      0.060542,
      0.069923,
      0.049928,
      0.079742,
      0.060247,
      0.051782,
      0.084837,
      0.096305,
      0.039065,
      0.041391
    ],
    "spectral_centroid": [
      1867.3,
      1764.9,
      1264.79,
      1627.91,
      2192.06,
      1741.54,
      1446.34,
      1402.59,
      1535.19,
      1342.0,
      1264.53,
      1892.51,
      1559.44,
      1708.87,
      1791.05,
      1714.05,
      1516.32,
      1564.04,
      1744.23,
      2010.37,
      1801.63,
      2138.25,
      2334.23,
      1741.78,
      2111.74,
      1688.45,
      1879.33,
      2008.31,
      1763.12
    ]
  }
}