{
  "id": "3105a2ce-bc85-47ed-b486-52b4bc27bd46",
  "duration": 10.325,
  "pitch": {
    "mean": 524.87,
    "max": 1738.11,
    "std": 318.92,
    "max_mean_ratio": 3.31
  },
  "energy": {
    "mean": 0.026106,
    "max": 0.108351,
    "std": 0.015122,
    "rate_of_change": 0.009864
  },
  "speech_rate": {
    "chars_per_sec": 16.33,
    "words_per_sec": 3.23,
    "segment_count": 2
  },
  "spectral_centroid": {
    "mean": 1815.86
  },
  "timeseries": {
    "frame_sec": 0.5,
    "pitch": [
      342.2,
      299.01,
      678.57,
      816.52,
      465.73,
      711.05,
      482.07,
      398.68,
      566.37,
      628.89,
      606.29,
      461.92,
      399.86,
      877.61,
      389.43,
      347.2,
      384.94,
      379.69,
      652.92,
      670.28,
      686.28
    ],
    "energy": [
      0.017905,
      0.013803,
      0.014204,
      0.015119,
      0.010755,
      0.023241,
      0.029595,
      0.021604,
      0.03388,
      0.027789,
      0.032417,
      0.035232,
      0.031103,
      0.033043,
      0.023376,
      0.029844,
      0.019418,
      0.023149,
      0.019295,
      0.052534,
      0.013626
    ],
    "spectral_centroid": [
      1689.29,
      1989.9,
      1695.94,
      1444.39,
      1400.62,
      1850.31,
      2306.93,
      2019.38,
      1534.06,
      1375.92,
      1747.41,
      1964.26,
      1878.21,
      1647.89,
      1971.57,
      2006.74,
      2630.33,
      1688.69,
      1759.23,
      1687.92,
      1817.39
    ]
  }
}