{
  "id": "318b907f-5dca-4616-82c7-96f596345ddf",
  "duration": 6.421,
  "pitch": {
    "mean": 577.03,
    "max": 1738.24,
    "std": 441.33,
    "max_mean_ratio": 3.01
  },
  "energy": {
    "mean": 0.065186,
    "max": 0.151044,
    "std": 0.037866,
    "rate_of_change": 0.022024
  },
  "speech_rate": {
    "chars_per_sec": 13.8,
    "words_per_sec": 2.6,
    "segment_count": 5
  },
  "spectral_centroid": {
    "mean": 1706.71
  },
  "timeseries": {
    "frame_sec": 0.5,
    "pitch": [
      734.38,
      399.94,
      629.29,
      603.09,
      578.11,
      301.33,
      310.86,
      110.73,
      216.96,
      571.3,
      977.77,
      944.72,
      1334.25
    ],
    "energy": [
      0.087965,
      0.090926,
      0.078444,
      0.072547,
      0.044163,
      0.051577,
      0.028868,
      0.014307,
      0.025988,
      0.063325,
      0.111337,
      0.084163,
      0.058496
    ],
    "spectral_centroid": [
      1448.45,
      1678.14,
      1761.8,
      1867.83,
      1812.11,
      1375.46,
      1597.0,
      1736.33,
      1577.99,
      1758.87,
      1837.57,
      1904.48,
      1889.15
    ]
  }
}