{
  "id": "31ab197c-cc5f-4127-aedf-f694f384d742",
  "duration": 5.803,
  "pitch": {
    "mean": 407.04,
    "max": 990.94,
    "std": 235.0,
    "max_mean_ratio": 2.43
  },
  "energy": {
    "mean": 0.026193,
    "max": 0.065764,
    "std": 0.012723,
    "rate_of_change": 0.010067
  },
  "speech_rate": {
    "chars_per_sec": 15.48,
    "words_per_sec": 2.49,
    "segment_count": 1
  },
  "spectral_centroid": {
    "mean": 1672.8
  },
  "timeseries": {
    "frame_sec": 0.5,
    "pitch": [
      518.1,
      400.48,
      484.62,
      375.83,
      450.97,
      554.81,
      417.45,
      345.32,
      424.06,
      266.61,
      332.82,
      293.19
    ],
    "energy": [
      0.020946,
      0.011211,
      0.016259,
      0.031029,
      0.034163,
      0.026042,
      0.032148,
      0.027307,
      0.021022,
      0.027946,
      0.029466,
      0.023695
    ],
    "spectral_centroid": [
      1381.45,
      1738.82,
      1640.37,
      1578.54,
      1549.23,
      2038.7,
      1738.64,
      1684.28,
      1495.51,
      1680.93,
      1815.98,
      1736.29
    ]
  }
}