{
  "id": "31bde8ee-b837-4bbe-992c-7198bd898cc0",
  "duration": 7.168,
  "pitch": {
    "mean": 376.09,
    "max": 1023.23,
    "std": 181.46,
    "max_mean_ratio": 2.72
  },
  "energy": {
    "mean": 0.023732,
    "max": 0.059271,
    "std": 0.01338,
    "rate_of_change": 0.00753
  },
  "speech_rate": {
    "chars_per_sec": 25.57,
    "words_per_sec": 5.53,
    "segment_count": 3
  },
  "spectral_centroid": {
    "mean": 1626.69
  },
  "timeseries": {
    "frame_sec": 0.5,
    "pitch": [
      317.26,
      336.47,
      413.24,
      433.02,
      346.56,
      433.18,
      302.31,
      402.13,
      379.13,
      400.54,
      222.01,
      444.5,
      413.51,
      323.45,
      583.85
    ],
    "energy": [
      0.017167,
      0.029346,
      0.018067,
      0.015159,
      0.020432,
      0.035303,
      0.013826,
      0.016362,
      0.019652,
      0.019229,
      0.011087,
      0.012438,
      0.045072,
      0.036535,
      0.046231
    ],
    "spectral_centroid": [
      1739.48,
      1691.97,
      1540.47,
      1619.01,
      1657.38,
      1800.68,
      1669.75,
      1691.35,
      1330.33,
      1535.13,
      1836.91,
      1713.29,
      1556.55,
      1459.94,
      1461.26
    ]
  }
}