{
  "id": "31ca6439-41b4-4742-b0e3-7e6ebe803db9",
  "duration": 13.653,
  "pitch": {
    "mean": 453.64,
    "max": 1407.14,
    "std": 230.81,
    "max_mean_ratio": 3.1
  },
  "energy": {
    "mean": 0.03947,
    "max": 0.130277,
    "std": 0.020138,
    "rate_of_change": 0.008885
  },
  "speech_rate": {
    "chars_per_sec": 20.03,
    "words_per_sec": 4.46,
    "segment_count": 3
  },
  "spectral_centroid": {
    "mean": 1642.2
  },
  "timeseries": {
    "frame_sec": 0.5,
    "pitch": [
      708.64,
      417.73,
      446.85,
      525.17,
      449.63,
      413.56,
      509.04,
      279.05,
      300.56,
      481.61,
      356.62,
      352.46,
      391.06,
      421.63,
      397.73,
      373.0,
      493.49,
      515.94,
      505.26,
      529.09,
      488.05,
      463.54,
      452.88,
      492.23,
      520.81,
      527.03,
      395.48,
      362.57
    ],
    "energy": [
      0.049641,
      0.036042,
      0.0358,
      0.026647,
      0.043599,
      0.02981,
      0.036445,
      0.028168,
      0.029425,
      0.031703,
      0.020778,
      0.034304,
      0.046915,
      0.035683,
      0.037371,
      0.027308,
      0.056417,
      0.030297,
      0.031207,
      0.036912,
      0.022751,
      0.02523,
      0.052327,
      0.068138,
      0.041679,
      0.06423,
      0.041382,
      0.050057
    ],
    "spectral_centroid": [
      1702.38,
      1672.4,
      1409.73,
      1689.61,
      1609.66,
      1470.13,
      1481.44,
      1716.41,
      1903.02,
      1519.72,
      1660.04,
      1576.52,
      1302.57,
      1755.54,
      2142.38,
      1650.29,
      1410.12,
      1651.29,
      1355.19,
      1610.91,
      1647.33,
      1605.61,
      1398.97,
      2137.75,
      1874.96,
      1775.6,
      1615.68,
      1370.1
    ]
  }
}