{
  "id": "31ee6fa0-5554-481e-8280-18aec357d801",
  "duration": 11.947,
  "pitch": {
    "mean": 408.64,
    "max": 2024.11,
    "std": 275.06,
    "max_mean_ratio": 4.95
  },
  "energy": {
    "mean": 0.083259,
    "max": 0.282806,
    "std": 0.053788,
    "rate_of_change": 0.022896
  },
  "speech_rate": {
    "chars_per_sec": 12.81,
    "words_per_sec": 2.18,
    "segment_count": 5
  },
  "spectral_centroid": {
    "mean": 1846.75
  },
  "timeseries": {
    "frame_sec": 0.5,
    "pitch": [
      579.12,
      413.83,
      369.32,
      271.87,
      219.84,
      444.18,
      253.82,
      249.51,
      378.48,
      123.76,
      268.17,
      564.09,
      462.17,
      396.04,
      445.93,
      163.89,
      541.43,
      358.53,
      474.42,
      506.88,
      833.79,
      597.52,
      653.58,
      433.76
    ],
    "energy": [
      0.087966,
      0.044909,
      0.071018,
      0.041086,
      0.071227,
      0.093966,
      0.058625,
      0.048005,
      0.080616,
      0.011917,
      0.044593,
      0.123132,
      0.090433,
      0.071651,
      0.095629,
      0.059413,
      0.110646,
      0.056462,
      0.083069,
      0.124798,
      0.099954,
      0.171315,
      0.077897,
      0.100462
    ],
    "spectral_centroid": [
      1347.82,
      1793.23,
      1832.99,
      1868.02,
      1752.62,
      1921.79,
      1839.96,
      1907.47,
      1562.45,
      2164.46,
      2647.45,
      1696.55,
      1592.75,
      1608.95,
      1695.46,
      1684.37,
      1764.76,
      2342.18,
      1811.94,
      1914.25,
      1838.05,
      1684.32,
      2086.59,
      1994.43
    ]
  }
}