{
  "id": "324f5bad-aa72-440c-aed1-eb6a452af14d",
  "duration": 12.48,
  "pitch": {
    "mean": 575.33,
    "max": 1996.46,
    "std": 456.5,
    "max_mean_ratio": 3.47
  },
  "energy": {
    "mean": 0.052469,
    "max": 0.206698,
    "std": 0.0379,
    "rate_of_change": 0.015886
  },
  "speech_rate": {
    "chars_per_sec": 13.82,
    "words_per_sec": 2.43,
    "segment_count": 3
  },
  "spectral_centroid": {
    "mean": 2188.84
  },
  "timeseries": {
    "frame_sec": 0.5,
    "pitch": [
      731.15,
      453.28,
      388.7,
      375.38,
      556.7,
      738.65,
      118.41,
      251.06,
      798.18,
      636.09,
      575.77,
      222.26,
      808.39,
      470.7,
      130.12,
      552.02,
      700.66,
      897.44,
      654.37,
      316.54,
      589.0,
      633.94,
      955.15,
      887.57,
      820.63
    ],
    "energy": [
      0.02927,
      0.031072,
      0.025103,
      0.028763,
      0.027793,
      0.046201,
      0.030416,
      0.024841,
      0.055137,
      0.032231,
      0.041323,
      0.016626,
      0.043657,
      0.056961,
      0.017053,
      0.129894,
      0.091322,
      0.059802,
      0.091416,
      0.047978,
      0.076275,
      0.084828,
      0.059546,
      0.082313,
      0.02402
    ],
    "spectral_centroid": [
      2133.49,
      2402.71,
      2192.54,
      2246.77,
      2296.95,
      2201.32,
      1553.08,
      1716.5,
      1984.15,
      2338.39,
      2372.81,
      2575.69,
      2618.55,
      2311.54,
      2107.92,
      1997.06,
      2014.31,
      2558.92,
      2131.76,
      2194.97,
      2137.36,
      2108.44,
      2234.21,
      2187.76,
      1986.75
    ]
  }
}