{
  "id": "325fb00a-8a98-4940-b24e-41aae63ed522",
  "duration": 11.392,
  "pitch": {
    "mean": 643.26,
    "max": 1996.26,
    "std": 436.79,
    "max_mean_ratio": 3.1
  },
  "energy": {
    "mean": 0.117982,
    "max": 0.503339,
    "std": 0.08449,
    "rate_of_change": 0.043282
  },
  "speech_rate": {
    "chars_per_sec": 13.32,
    "words_per_sec": 2.45,
    "segment_count": 6
  },
  "spectral_centroid": {
    "mean": 2053.92
  },
  "timeseries": {
    "frame_sec": 0.5,
    "pitch": [
      521.86,
      210.06,
      650.84,
      706.64,
      601.32,
      685.58,
      836.35,
      720.12,
      750.85,
      609.32,
      475.8,
      564.93,
      749.14,
      752.61,
      316.85,
      776.91,
      828.41,
      549.16,
      383.13,
      967.53,
      827.19,
      672.36,
      855.84
    ],
    "energy": [
      0.019339,
      0.036272,
      0.12293,
      0.212481,
      0.084683,
      0.095498,
      0.12525,
      0.102347,
      0.127185,
      0.121104,
      0.078601,
      0.109572,
      0.099594,
      0.132265,
      0.060607,
      0.138113,
      0.076177,
      0.086549,
      0.123414,
      0.118851,
      0.132138,
      0.123554,
      0.289621
    ],
    "spectral_centroid": [
      2711.53,
      2202.25,
      2154.26,
      1626.6,
      2069.4,
      2344.24,
      1578.43,
      1668.9,
      1905.9,
      1777.72,
      1574.02,
      2068.72,
      1935.32,
      1558.92,
      2567.53,
      1863.93,
      1995.53,
      2007.9,
      2064.17,
      2276.75,
      2834.27,
      2466.06,
      1996.6
    ]
  }
}