{
  "id": "3272453b-4de2-41aa-9963-2d7736b92a89",
  "duration": 9.259,
  "pitch": {
    "mean": 472.54,
    "max": 1851.87,
    "std": 320.47,
    "max_mean_ratio": 3.92
  },
  "energy": {
    "mean": 0.076652,
    "max": 0.246912,
    "std": 0.046728,
    "rate_of_change": 0.025878
  },
  "speech_rate": {
    "chars_per_sec": 12.99,
    "words_per_sec": 2.27,
    "segment_count": 6
  },
  "spectral_centroid": {
    "mean": 1915.86
  },
  "timeseries": {
    "frame_sec": 0.5,
    "pitch": [
      413.93,
      431.17,
      741.43,
      923.43,
      484.7,
      390.65,
      547.78,
      497.65,
      324.03,
      575.7,
      356.33,
      418.54,
      485.68,
      573.79,
      448.23,
      190.46,
      471.14,
      446.83,
      430.6
    ],
    "energy": [
      0.08946,
      0.068235,
      0.092692,
      0.016309,
      0.010956,
      0.090202,
      0.129372,
      0.066123,
      0.069768,
      0.060808,
      0.049935,
      0.054384,
      0.122581,
      0.115812,
      0.114067,
      0.019657,
      0.061878,
      0.087527,
      0.082197
    ],
    "spectral_centroid": [
      1492.55,
      1789.4,
      1670.48,
      2407.06,
      2266.19,
      1739.23,
      1700.89,
      1795.0,
      1609.49,
      2017.27,
      2026.61,
      1768.13,
      1867.76,
      2003.8,
      2079.36,
      2515.5,
      1762.66,
      1855.11,
      2073.85
    ]
  }
}