{
  "id": "32864524-4ccc-40df-8611-93af2b639853",
  "duration": 12.544,
  "pitch": {
    "mean": 420.06,
    "max": 2089.43,
    "std": 343.63,
    "max_mean_ratio": 4.97
  },
  "energy": {
    "mean": 0.042629,
    "max": 0.173273,
    "std": 0.038177,
    "rate_of_change": 0.013641
  },
  "speech_rate": {
    "chars_per_sec": 10.94,
    "words_per_sec": 1.84,
    "segment_count": 3
  },
  "spectral_centroid": {
    "mean": 1758.77
  },
  "timeseries": {
    "frame_sec": 0.5,
    "pitch": [
      407.79,
      328.47,
      282.1,
      457.5,
      348.88,
      475.1,
      494.79,
      887.56,
      757.1,
      671.76,
      258.72,
      110.41,
      143.06,
      119.98,
      146.1,
      203.37,
      663.56,
      679.95,
      495.17,
      550.63,
      360.08,
      505.47,
      320.06,
      456.5,
      526.5,
      481.37
    ],
    "energy": [
      0.057141,
      0.027174,
      0.005158,
      0.049041,
      0.057403,
      0.049838,
      0.07117,
      0.044614,
      0.006578,
      0.006323,
      0.005271,
      0.006497,
      0.00819,
      0.007702,
      0.007011,
      0.015596,
      0.068039,
      0.062599,
      0.065821,
      0.055687,
      0.044692,
      0.08431,
      0.027626,
      0.09372,
      0.083572,
      0.079078
    ],
    "spectral_centroid": [
      1489.05,
      1438.97,
      1518.83,
      1742.27,
      2686.95,
      2120.87,
      1585.55,
      1778.36,
      1613.89,
      1700.8,
      1608.86,
      1475.29,
      1352.85,
      1474.92,
      1617.58,
      1816.19,
      2226.29,
      1874.74,
      1357.54,
      2509.46,
      1671.86,
      2462.51,
      1898.69,
      1452.91,
      1754.91,
      1136.65
    ]
  }
}