{
  "id": "33070dec-c61f-4858-a678-f5f6de34b62e",
  "duration": 7.616,
  "pitch": {
    "mean": 343.22,
    "max": 1883.11,
    "std": 365.34,
    "max_mean_ratio": 5.49
  },
  "energy": {
    "mean": 0.041904,
    "max": 0.102906,
    "std": 0.023015,
    "rate_of_change": 0.012117
  },
  "speech_rate": {
    "chars_per_sec": 12.2,
    "words_per_sec": 2.6,
    "segment_count": 4
  },
  "spectral_centroid": {
    "mean": 2182.04
  },
  "timeseries": {
    "frame_sec": 0.5,
    "pitch": [
      295.7,
      267.62,
      491.85,
      190.54,
      104.79,
      397.11,
      219.73,
      179.77,
      500.95,
      841.22,
      530.55,
      326.35,
      413.31,
      195.48,
      311.28,
      287.58
    ],
    "energy": [
      0.019575,
      0.039078,
      0.034877,
      0.018396,
      0.019703,
      0.018742,
      0.027068,
      0.031133,
      0.060007,
      0.051587,
      0.051155,
      0.060942,
      0.056227,
      0.066534,
      0.052522,
      0.023311
    ],
    "spectral_centroid": [
      2175.88,
      2333.56,
      2180.58,
      2102.39,
      2321.61,
      2256.35,
      2366.73,
      2893.78,
      2067.76,
      2224.62,
      1896.6,
      1722.35,
      2137.99,
      2262.05,
      1797.05,
      1964.12
    ]
  }
}