{
  "id": "33377a8f-0392-4e3a-9686-48125fa90786",
  "duration": 9.173,
  "pitch": {
    "mean": 501.03,
    "max": 1760.92,
    "std": 443.59,
    "max_mean_ratio": 3.51
  },
  "energy": {
    "mean": 0.103534,
    "max": 0.282379,
    "std": 0.064978,
    "rate_of_change": 0.028657
  },
  "speech_rate": {
    "chars_per_sec": 15.17,
    "words_per_sec": 2.62,
    "segment_count": 6
  },
  "spectral_centroid": {
    "mean": 1992.88
  },
  "timeseries": {
    "frame_sec": 0.5,
    "pitch": [
      660.15,
      574.27,
      175.04,
      561.54,
      690.5,
      161.84,
      715.04,
      405.23,
      747.75,
      624.1,
      287.43,
      347.53,
      425.19,
      274.36,
      373.0,
      574.63,
      627.22,
      510.37,
      405.16
    ],
    "energy": [
      0.184811,
      0.102601,
      0.074844,
      0.182379,
      0.175093,
      0.026369,
      0.041064,
      0.127447,
      0.039834,
      0.153632,
      0.088693,
      0.111488,
      0.132131,
      0.079657,
      0.103868,
      0.033234,
      0.035299,
      0.082349,
      0.108968
    ],
    "spectral_centroid": [
      2136.6,
      2149.96,
      1715.33,
      1658.22,
      1931.11,
      2111.18,
      2246.41,
      2303.12,
      1765.96,
      2202.16,
      2020.65,
      1956.29,
      2178.69,
      1998.49,
      1989.15,
      1884.71,
      1705.34,
      1896.44,
      1884.56
    ]
  }
}