{
  "id": "3448ebf8-f86e-4283-aac1-e665d2603e7f",
  "duration": 5.056,
  "pitch": {
    "mean": 491.93,
    "max": 1677.76,
    "std": 367.1,
    "max_mean_ratio": 3.41
  },
  "energy": {
    "mean": 0.08077,
    "max": 0.307494,
    "std": 0.069179,
    "rate_of_change": 0.058842
  },
  "speech_rate": {
    "chars_per_sec": 12.3,
    "words_per_sec": 2.38,
    "segment_count": 2
  },
  "spectral_centroid": {
    "mean": 1970.02
  },
  "timeseries": {
    "frame_sec": 0.5,
    "pitch": [
      609.81,
      488.97,
      849.57,
      524.25,
      627.15,
      223.86,
      524.73,
      275.94,
      157.45,
      482.14,
      461.09
    ],
    "energy": [
      0.110754,
      0.053439,
      0.163548,
      0.069246,
      0.114311,
      0.017801,
      0.061596,
      0.050972,
      0.02836,
      0.113757,
      0.031331
    ],
    "spectral_centroid": [
      2477.76,
      1635.97,
      1678.3,
      1556.52,
      1917.88,
      2068.63,
      1756.96,
      2245.72,
      2377.7,
      1969.33,
      1914.62
    ]
  }
}