{
  "id": "3461e2c3-7bdb-42f6-b75b-43da95ffd961",
  "duration": 10.624,
  "pitch": {
    "mean": 535.36,
    "max": 2083.35,
    "std": 316.28,
    "max_mean_ratio": 3.89
  },
  "energy": {
    "mean": 0.079605,
    "max": 0.201035,
    "std": 0.03873,
    "rate_of_change": 0.018507
  },
  "speech_rate": {
    "chars_per_sec": 18.3,
    "words_per_sec": 3.76,
    "segment_count": 7
  },
  "spectral_centroid": {
    "mean": 2111.11
  },
  "timeseries": {
    "frame_sec": 0.5,
    "pitch": [
      416.82,
      428.58,
      567.12,
      429.68,
      452.25,
      410.47,
      559.62,
      548.14,
      133.47,
      606.34,
      820.47,
      543.58,
      654.73,
      509.38,
      509.8,
      482.39,
      691.84,
      446.04,
      831.85,
      684.14,
      523.44,
      552.34
    ],
    "energy": [
      0.073432,
      0.069229,
      0.089936,
      0.072446,
      0.066532,
      0.07564,
      0.087199,
      0.027698,
      0.008205,
      0.114482,
      0.064252,
      0.086705,
      0.09621,
      0.078071,
      0.087163,
      0.08202,
      0.083827,
      0.089466,
      0.091229,
      0.092235,
      0.05752,
      0.088577
    ],
    "spectral_centroid": [
      2283.01,
      2020.94,
      1558.81,
      1723.32,
      1835.7,
      2704.1,
      1981.73,
      2024.82,
      1859.03,
      2007.56,
      2228.17,
      2062.66,
      2405.74,
      2319.49,
      2177.99,
      1655.63,
      2253.27,
      1893.99,
      2564.26,
      2431.93,
      2313.36,
      2397.34
    ]
  }
}