{
  "id": "34d5b468-4272-4900-9081-379e5e769d6d",
  "duration": 3.989,
  "pitch": {
    "mean": 420.98,
    "max": 1507.99,
    "std": 272.37,
    "max_mean_ratio": 3.58
  },
  "energy": {
    "mean": 0.066534,
    "max": 0.120542,
    "std": 0.036649,
    "rate_of_change": 0.028765
  },
  "speech_rate": {
    "chars_per_sec": 19.0,
    "words_per_sec": 4.25,
    "segment_count": 1
  },
  "spectral_centroid": {
    "mean": 2028.06
  },
  "timeseries": {
    "frame_sec": 0.5,
    "pitch": [
      443.94,
      537.49,
      565.28,
      420.88,
      118.96,
      286.89,
      683.64,
      357.61
    ],
    "energy": [
      0.085164,
      0.085471,
      0.064264,
      0.055014,
      0.007478,
      0.06328,
      0.069371,
      0.078578
    ],
    "spectral_centroid": [
      1824.47,
      1900.96,
      2005.65,
      1572.33,
      2323.32,
      2341.8,
      2245.5,
      1896.03
    ]
  }
}