{
  "id": "34d70d8f-02d0-4180-932e-91a7a12a9062",
  "duration": 14.315,
  "pitch": {
    "mean": 369.9,
    "max": 988.33,
    "std": 171.03,
    "max_mean_ratio": 2.67
  },
  "energy": {
    "mean": 0.039691,
    "max": 0.119032,
    "std": 0.029212,
    "rate_of_change": 0.008069
  },
  "speech_rate": {
    "chars_per_sec": 20.71,
    "words_per_sec": 3.99,
    "segment_count": 5
  },
  "spectral_centroid": {
    "mean": 1526.32
  },
  "timeseries": {
    "frame_sec": 0.5,
    "pitch": [
      256.83,
      363.59,
      372.69,
      289.56,
      331.11,
      495.37,
      478.92,
      328.43,
      387.14,
      247.34,
      372.54,
      282.27,
      469.39,
      370.29,
      441.01,
      450.73,
      327.6,
      298.35,
      328.61,
      240.73,
      311.23,
      354.04,
      314.41,
      417.52,
      426.87,
      478.78,
      369.03,
      351.08,
      430.78
    ],
    "energy": [
      0.048242,
      0.06071,
      0.049265,
      0.07427,
      0.076886,
      0.090636,
      0.066946,
      0.088188,
      0.088313,
      0.067877,
      0.038147,
      0.024717,
      0.028538,
      0.027095,
      0.018305,
      0.019156,
      0.0055,
      0.017274,
      0.023689,
      0.007637,
      0.018345,
      0.020523,
      0.019426,
      0.020421,
      0.038936,
      0.012537,
      0.014524,
      0.016626,
      0.011137
    ],
    "spectral_centroid": [
      1643.22,
      1370.9,
      1312.36,
      1493.7,
      1540.28,
      1196.54,
      1216.4,
      1321.5,
      1232.44,
      1185.27,
      1163.74,
      1209.95,
      1572.17,
      1739.56,
      1882.71,
      1498.56,
      1915.5,
      1754.93,
      1480.48,
      1934.27,
      1753.75,
      1586.1,
      1422.7,
      1538.81,
      1454.98,
      1616.49,
      1771.08,
      1838.43,
      1621.21
    ]
  }
}