{
  "id": "34f67b32-baa5-4bf9-822b-f1dd7291e266",
  "duration": 8.704,
  "pitch": {
    "mean": 357.43,
    "max": 1480.37,
    "std": 200.09,
    "max_mean_ratio": 4.14
  },
  "energy": {
    "mean": 0.080419,
    "max": 0.264799,
    "std": 0.049001,
    "rate_of_change": 0.028101
  },
  "speech_rate": {
    "chars_per_sec": 11.59,
    "words_per_sec": 2.14,
    "segment_count": 4
  },
  "spectral_centroid": {
    "mean": 2170.32
  },
  "timeseries": {
    "frame_sec": 0.5,
    "pitch": [
      238.11,
      283.97,
      627.9,
      333.8,
      398.3,
      326.18,
      343.43,
      285.08,
      277.13,
      331.06,
      219.23,
      269.55,
      560.8,
      344.02,
      440.17,
      385.79,
      455.43,
      691.96
    ],
    "energy": [
      0.035967,
      0.059711,
      0.143781,
      0.07006,
      0.08885,
      0.046383,
      0.036059,
      0.039449,
      0.03556,
      0.04269,
      0.040124,
      0.08391,
      0.13472,
      0.093819,
      0.123603,
      0.12773,
      0.100054,
      0.093203
    ],
    "spectral_centroid": [
      2400.34,
      2116.95,
      1794.86,
      2771.09,
      1983.54,
      2485.36,
      2004.54,
      1964.79,
      1975.81,
      2391.36,
      2013.69,
      2265.69,
      2060.85,
      2439.31,
      2042.6,
      1928.71,
      2232.76,
      2194.0
    ]
  }
}