{
  "id": "35034f71-0b70-4d00-987f-0f8e8c958e35",
  "duration": 13.995,
  "pitch": {
    "mean": 485.72,
    "max": 1943.1,
    "std": 346.03,
    "max_mean_ratio": 4.0
  },
  "energy": {
    "mean": 0.063374,
    "max": 0.187085,
    "std": 0.037175,
    "rate_of_change": 0.012606
  },
  "speech_rate": {
    "chars_per_sec": 17.07,
    "words_per_sec": 3.14,
    "segment_count": 8
  },
  "spectral_centroid": {
    "mean": 1915.91
  },
  "timeseries": {
    "frame_sec": 0.5,
    "pitch": [
      295.21,
      444.86,
      205.31,
      486.47,
      392.94,
      440.44,
      510.33,
      135.52,
      112.06,
      397.0,
      434.35,
      426.23,
      387.87,
      507.35,
      267.82,
      371.95,
      673.28,
      733.11,
      462.18,
      704.27,
      420.14,
      444.62,
      438.98,
      643.84,
      1025.43,
      597.04,
      558.22,
      824.86
    ],
    "energy": [
      0.041947,
      0.047122,
      0.033826,
      0.057236,
      0.043446,
      0.038343,
      0.039815,
      0.030393,
      0.025147,
      0.038084,
      0.037215,
      0.044125,
      0.040022,
      0.041027,
      0.035623,
      0.05245,
      0.092561,
      0.087083,
      0.062493,
      0.054158,
      0.087175,
      0.121708,
      0.060781,
      0.125011,
      0.132552,
      0.101329,
      0.063822,
      0.069807
    ],
    "spectral_centroid": [
      1869.27,
      1868.53,
      1968.99,
      1668.58,
      1994.67,
      1545.71,
      1783.8,
      1385.65,
      1668.26,
      1752.08,
      1607.36,
      1649.9,
      1442.77,
      1696.43,
      1632.48,
      1515.21,
      1897.07,
      2359.97,
      2446.23,
      2386.83,
      2134.54,
      2387.65,
      1756.6,
      1955.61,
      2054.05,
      2142.99,
      2671.99,
      2303.08
    ]
  }
}