{
  "id": "3567c09d-857a-40be-b974-cc7c2a02d11b",
  "duration": 8.704,
  "pitch": {
    "mean": 253.5,
    "max": 1248.57,
    "std": 189.49,
    "max_mean_ratio": 4.93
  },
  "energy": {
    "mean": 0.044244,
    "max": 0.096927,
    "std": 0.028171,
    "rate_of_change": 0.009901
  },
  "speech_rate": {
    "chars_per_sec": 7.09,
    "words_per_sec": 1.28,
    "segment_count": 3
  },
  "spectral_centroid": {
    "mean": 1879.52
  },
  "timeseries": {
    "frame_sec": 0.5,
    "pitch": [
      144.29,
      194.13,
      317.99,
      150.78,
      439.27,
      235.05,
      200.64,
      364.3,
      115.4,
      200.4,
      299.28,
      205.05,
      253.5,
      208.41,
      213.46,
      413.24,
      260.57,
      434.59
    ],
    "energy": [
      0.028759,
      0.018433,
      0.01564,
      0.020368,
      0.013021,
      0.047407,
      0.040825,
      0.014269,
      0.014539,
      0.030026,
      0.062966,
      0.075007,
      0.069717,
      0.056042,
      0.053269,
      0.076968,
      0.072654,
      0.077071
    ],
    "spectral_centroid": [
      2117.2,
      1610.13,
      2070.75,
      2172.6,
      1840.09,
      1575.75,
      1597.68,
      1684.74,
      1852.87,
      1559.61,
      1309.31,
      1825.32,
      1644.64,
      1903.7,
      2568.55,
      2237.84,
      2613.56,
      1416.39
    ]
  }
}