{
  "id": "35fc9a3e-e06c-4e6e-a8f0-5e86c9e97c6b",
  "duration": 13.824,
  "pitch": {
    "mean": 290.19,
    "max": 993.76,
    "std": 202.52,
    "max_mean_ratio": 3.42
  },
  "energy": {
    "mean": 0.041107,
    "max": 0.152348,
    "std": 0.039493,
    "rate_of_change": 0.010879
  },
  "speech_rate": {
    "chars_per_sec": 9.97,
    "words_per_sec": 1.87,
    "segment_count": 4
  },
  "spectral_centroid": {
    "mean": 1768.88
  },
  "timeseries": {
    "frame_sec": 0.5,
    "pitch": [
      369.03,
      97.97,
      165.78,
      140.73,
      114.25,
      380.18,
      372.66,
      338.02,
      389.42,
      271.42,
      336.13,
      112.28,
      136.58,
      121.2,
      246.3,
      387.91,
      316.82,
      353.24,
      304.12,
      500.47,
      341.5,
      447.3,
      207.53,
      177.2,
      476.63,
      579.65,
      254.02,
      174.64
    ],
    "energy": [
      0.004552,
      0.00348,
      0.010203,
      0.009575,
      0.008707,
      0.080135,
      0.078496,
      0.049442,
      0.064013,
      0.005344,
      0.004271,
      0.01124,
      0.018976,
      0.019533,
      0.048169,
      0.065475,
      0.044291,
      0.056822,
      0.058565,
      0.080417,
      0.058608,
      0.061985,
      0.007723,
      0.003921,
      0.078501,
      0.132423,
      0.022932,
      0.007535
    ],
    "spectral_centroid": [
      1737.58,
      1772.19,
      1855.83,
      1503.17,
      1756.06,
      1350.55,
      1851.3,
      1662.39,
      1369.62,
      1559.24,
      1749.83,
      1892.45,
      2225.88,
      2250.83,
      2068.93,
      1497.93,
      1849.25,
      2428.75,
      1745.21,
      1513.22,
      2660.37,
      1679.21,
      1480.49,
      1657.24,
      1410.62,
      1333.3,
      1844.86,
      1744.23
    ]
  }
}