{
  "id": "3630c324-247c-41aa-98b5-25ef3d6c2990",
  "duration": 8.853,
  "pitch": {
    "mean": 619.48,
    "max": 1717.86,
    "std": 478.76,
    "max_mean_ratio": 2.77
  },
  "energy": {
    "mean": 0.057571,
    "max": 0.164806,
    "std": 0.038541,
    "rate_of_change": 0.017354
  },
  "speech_rate": {
    "chars_per_sec": 15.83,
    "words_per_sec": 2.73,
    "segment_count": 5
  },
  "spectral_centroid": {
    "mean": 2009.14
  },
  "timeseries": {
    "frame_sec": 0.5,
    "pitch": [
      339.23,
      532.79,
      454.19,
      415.91,
      629.79,
      539.32,
      470.95,
      366.13,
      435.61,
      418.29,
      643.04,
      479.71,
      868.39,
      1234.98,
      1607.96,
      834.79,
      343.34,
      375.13
    ],
    "energy": [
      0.073086,
      0.070709,
      0.091615,
      0.038722,
      0.014534,
      0.076584,
      0.089751,
      0.066439,
      0.035815,
      0.054489,
      0.046205,
      0.107122,
      0.082752,
      0.017417,
      0.014362,
      0.018301,
      0.040016,
      0.055978
    ],
    "spectral_centroid": [
      2460.48,
      1792.52,
      1506.87,
      1772.14,
      2196.33,
      1703.99,
      1726.09,
      1813.02,
      2211.19,
      1948.44,
      2050.79,
      1349.6,
      1888.91,
      2466.92,
      2426.67,
      2521.98,
      2352.19,
      1970.69
    ]
  }
}