{
  "id": "3636bb2e-a89c-4da1-9530-5525dbb708ac",
  "duration": 23.595,
  "pitch": {
    "mean": 452.86,
    "max": 1995.44,
    "std": 288.8,
    "max_mean_ratio": 4.41
  },
  "energy": {
    "mean": 0.008285,
    "max": 0.099945,
    "std": 0.012528,
    "rate_of_change": 0.00422
  },
  "speech_rate": {
    "chars_per_sec": 9.11,
    "words_per_sec": 1.5,
    "segment_count": 4
  },
  "spectral_centroid": {
    "mean": 1776.17
  },
  "timeseries": {
    "frame_sec": 0.5,
    "pitch": [
      384.58,
      266.51,
      275.21,
      377.53,
      395.98,
      353.91,
      260.92,
      323.63,
      485.8,
      787.75,
      274.58,
      387.03,
      384.4,
      537.35,
      436.88,
      428.8,
      763.34,
      400.99,
      420.93,
      935.15,
      329.38,
      447.75,
      812.82,
      1019.71,
      640.2,
      350.16,
      356.93,
      411.49,
      283.56,
      608.76,
      402.28,
      556.86,
      373.53,
      539.3,
      674.58,
      211.51,
      376.23,
      453.77,
      427.95,
      450.64,
      421.41,
      388.51,
      325.6,
      371.58,
      356.04,
      281.05,
      549.04,
      447.9
    ],
    "energy": [
      0.005726,
      0.00238,
      0.003616,
      0.007532,
      0.006148,
      0.007347,
      0.003391,
      0.001962,
      0.00092,
      0.001472,
      0.000956,
      0.007718,
      0.001359,
      0.00585,
      0.012449,
      0.017012,
      0.00896,
      0.018561,
      0.047181,
      0.034303,
      0.003719,
      0.016279,
      0.025821,
      0.027297,
      0.012778,
      0.009656,
      0.00725,
      0.007509,
      0.003757,
      0.001243,
      0.002529,
      0.007283,
      0.00078,
      0.000823,
      0.001269,
      0.002809,
      0.001275,
      0.003231,
      0.010926,
      0.004063,
      0.000587,
      0.001203,
      0.005424,
      0.007779,
      0.007842,
      0.003977,
      0.001245,
      0.002099
    ],
    "spectral_centroid": [
      1857.79,
      2139.65,
      1772.81,
      1631.85,
      1304.11,
      1483.94,
      1435.43,
      1684.6,
      1897.8,
      1669.72,
      1815.48,
      1650.18,
      2111.12,
      1685.93,
      1576.6,
      1480.2,
      1663.25,
      1845.78,
      2502.91,
      2310.85,
      1900.5,
      1931.23,
      1781.02,
      1582.99,
      1398.01,
      1661.16,
      1863.79,
      1867.0,
      1942.43,
      1851.59,
      1554.11,
      1483.62,
      1851.25,
      2285.54,
      1837.08,
      1677.02,
      1863.74,
      1917.2,
      1708.07,
      1641.37,
      2259.84,
      1846.76,
      2096.76,
      1452.04,
      1444.02,
      1308.52,
      1918.59,
      1555.84
    ]
  }
}