{
  "id": "36440884-a0d4-497f-9bfb-3c0a5e48f2c8",
  "duration": 11.648,
  "pitch": {
    "mean": 361.74,
    "max": 1837.74,
    "std": 297.66,
    "max_mean_ratio": 5.08
  },
  "energy": {
    "mean": 0.061749,
    "max": 0.252102,
    "std": 0.041704,
    "rate_of_change": 0.020718
  },
  "speech_rate": {
    "chars_per_sec": 8.49,
    "words_per_sec": 1.39,
    "segment_count": 5
  },
  "spectral_centroid": {
    "mean": 1884.82
  },
  "timeseries": {
    "frame_sec": 0.5,
    "pitch": [
      230.64,
      114.9,
      109.9,
      209.16,
      204.07,
      304.39,
      350.85,
      514.88,
      432.9,
      318.07,
      453.74,
      321.72,
      343.9,
      573.56,
      420.5,
      290.52,
      250.83,
      352.69,
      384.59,
      175.37,
      521.8,
      855.03,
      420.36,
      669.15
    ],
    "energy": [
      0.066012,
      0.050239,
      0.033216,
      0.031835,
      0.034988,
      0.046041,
      0.048218,
      0.049699,
      0.050394,
      0.028767,
      0.050374,
      0.055597,
      0.021976,
      0.016345,
      0.12341,
      0.08093,
      0.082567,
      0.087584,
      0.067302,
      0.039132,
      0.102855,
      0.107782,
      0.030867,
      0.207821
    ],
    "spectral_centroid": [
      1403.94,
      1364.24,
      1587.94,
      1697.43,
      1763.38,
      1836.93,
      2329.05,
      1715.67,
      1980.24,
      2322.34,
      2141.14,
      2143.65,
      1827.39,
      1971.0,
      1366.0,
      1803.17,
      2606.91,
      1637.62,
      1851.6,
      1863.18,
      1847.45,
      1847.44,
      2403.82,
      1691.24
    ]
  }
}