{
  "id": "3679b4a1-b8bf-4bf3-92c2-321ad602857a",
  "duration": 15.723,
  "pitch": {
    "mean": 557.51,
    "max": 2004.51,
    "std": 429.49,
    "max_mean_ratio": 3.6
  },
  "energy": {
    "mean": 0.04919,
    "max": 0.370351,
    "std": 0.078353,
    "rate_of_change": 0.023348
  },
  "speech_rate": {
    "chars_per_sec": 5.66,
    "words_per_sec": 1.04,
    "segment_count": 4
  },
  "spectral_centroid": {
    "mean": 2149.89
  },
  "timeseries": {
    "frame_sec": 0.5,
    "pitch": [
      335.97,
      768.82,
      1073.44,
      469.32,
      612.71,
      440.13,
      545.11,
      551.55,
      431.54,
      434.02,
      314.15,
      481.59,
      506.13,
      439.44,
      587.67,
      758.67,
      622.87,
      721.02,
      376.52,
      828.64,
      474.92,
      875.58,
      412.44,
      414.01,
      1226.19,
      513.49,
      370.66,
      644.39,
      790.0,
      596.6,
      409.81,
      167.53
    ],
    "energy": [
      0.041471,
      0.016952,
      0.004538,
      0.009203,
      0.020548,
      0.057914,
      0.07813,
      0.008313,
      0.006374,
      0.009898,
      0.035572,
      0.039502,
      0.007737,
      0.056301,
      0.073224,
      0.006663,
      0.008439,
      0.053294,
      0.116973,
      0.111952,
      0.005633,
      0.005232,
      0.005743,
      0.006945,
      0.007413,
      0.020296,
      0.10218,
      0.244168,
      0.266523,
      0.024492,
      0.008329,
      0.010653
    ],
    "spectral_centroid": [
      1908.23,
      2402.87,
      2365.53,
      2267.16,
      2387.72,
      1753.87,
      2025.73,
      2341.11,
      2466.17,
      2119.21,
      1647.76,
      2152.99,
      2405.19,
      1647.75,
      1723.56,
      2332.59,
      2796.21,
      2304.35,
      1776.53,
      1739.36,
      2559.67,
      2507.66,
      2413.47,
      2298.52,
      2227.95,
      1903.89,
      1949.65,
      1640.71,
      1824.76,
      2331.54,
      2362.59,
      2171.84
    ]
  }
}