{
  "id": "3690378d-6923-4083-8efd-bd59b9c4bff4",
  "duration": 9.088,
  "pitch": {
    "mean": 602.79,
    "max": 2077.97,
    "std": 393.29,
    "max_mean_ratio": 3.45
  },
  "energy": {
    "mean": 0.118649,
    "max": 0.333124,
    "std": 0.080722,
    "rate_of_change": 0.036205
  },
  "speech_rate": {
    "chars_per_sec": 11.89,
    "words_per_sec": 2.44,
    "segment_count": 8
  },
  "spectral_centroid": {
    "mean": 2131.91
  },
  "timeseries": {
    "frame_sec": 0.5,
    "pitch": [
      579.96,
      522.41,
      377.54,
      111.33,
      326.29,
      820.11,
      608.62,
      519.3,
      705.81,
      492.72,
      511.8,
      864.28,
      218.9,
      653.49,
      893.99,
      1150.68,
      758.62,
      867.43,
      1487.51
    ],
    "energy": [
      0.166777,
      0.111282,
      0.03229,
      0.012927,
      0.06469,
      0.187206,
      0.070961,
      0.108862,
      0.11064,
      0.097726,
      0.114445,
      0.156366,
      0.00993,
      0.19228,
      0.199428,
      0.241556,
      0.08107,
      0.082963,
      0.068361
    ],
    "spectral_centroid": [
      2031.1,
      2132.86,
      1726.85,
      1578.98,
      1834.52,
      2209.05,
      1795.15,
      2647.89,
      2174.79,
      2084.33,
      2545.94,
      2209.44,
      1800.97,
      2707.07,
      2587.09,
      2079.88,
      2232.71,
      1975.63,
      1629.52
    ]
  }
}