{
  "id": "36ae99a9-4608-40f7-87da-9d902f36bf78",
  "duration": 7.531,
  "pitch": {
    "mean": 309.1,
    "max": 2019.96,
    "std": 281.25,
    "max_mean_ratio": 6.54
  },
  "energy": {
    "mean": 0.053396,
    "max": 0.202616,
    "std": 0.040489,
    "rate_of_change": 0.025115
  },
  "speech_rate": {
    "chars_per_sec": 10.51,
    "words_per_sec": 1.86,
    "segment_count": 4
  },
  "spectral_centroid": {
    "mean": 1996.48
  },
  "timeseries": {
    "frame_sec": 0.5,
    "pitch": [
      373.5,
      428.11,
      254.23,
      138.95,
      137.94,
      134.55,
      116.37,
      122.84,
      325.2,
      127.25,
      120.79,
      290.83,
      614.88,
      562.87,
      638.83,
      826.08
    ],
    "energy": [
      0.047494,
      0.061081,
      0.024269,
      0.017336,
      0.021965,
      0.023399,
      0.021819,
      0.02155,
      0.073296,
      0.030516,
      0.032077,
      0.075393,
      0.141236,
      0.100398,
      0.076143,
      0.034168
    ],
    "spectral_centroid": [
      2680.46,
      2342.8,
      1914.33,
      1606.72,
      1914.18,
      1521.95,
      1301.45,
      1266.31,
      1920.0,
      2409.74,
      1617.43,
      2313.98,
      2819.55,
      2026.92,
      2203.43,
      1891.12
    ]
  }
}