{
  "id": "36c42482-8d57-45b2-bbb1-aabf47fbfc9b",
  "duration": 17.003,
  "pitch": {
    "mean": 645.39,
    "max": 2063.31,
    "std": 503.8,
    "max_mean_ratio": 3.2
  },
  "energy": {
    "mean": 0.054705,
    "max": 0.191824,
    "std": 0.03448,
    "rate_of_change": 0.010729
  },
  "speech_rate": {
    "chars_per_sec": 16.08,
    "words_per_sec": 2.95,
    "segment_count": 10
  },
  "spectral_centroid": {
    "mean": 2165.38
  },
  "timeseries": {
    "frame_sec": 0.5,
    "pitch": [
      709.5,
      509.98,
      335.66,
      543.78,
      120.55,
      226.49,
      430.72,
      310.45,
      762.18,
      563.27,
      1190.4,
      838.73,
      874.52,
      1350.81,
      532.05,
      306.72,
      421.72,
      386.99,
      242.68,
      140.49,
      482.97,
      246.25,
      697.94,
      942.81,
      1131.15,
      568.89,
      723.41,
      696.73,
      973.17,
      745.49,
      1031.13,
      1134.93,
      894.61,
      697.46,
      857.37
    ],
    "energy": [
      0.039579,
      0.017453,
      0.018012,
      0.033273,
      0.026142,
      0.029699,
      0.069108,
      0.039873,
      0.068892,
      0.050266,
      0.098771,
      0.045123,
      0.054047,
      0.054953,
      0.047512,
      0.036255,
      0.046652,
      0.039358,
      0.027356,
      0.016362,
      0.038326,
      0.023568,
      0.037159,
      0.063005,
      0.121825,
      0.057778,
      0.107802,
      0.058418,
      0.079734,
      0.09816,
      0.059982,
      0.070524,
      0.042089,
      0.061881,
      0.014206
    ],
    "spectral_centroid": [
      2206.86,
      2122.14,
      1863.74,
      1689.59,
      1706.36,
      1938.49,
      1873.13,
      2230.54,
      2206.64,
      1928.61,
      2359.12,
      2173.72,
      2316.75,
      2377.51,
      2491.73,
      2242.4,
      1954.52,
      2090.57,
      1608.22,
      2525.49,
      2856.61,
      2340.51,
      2702.67,
      2280.06,
      2045.89,
      1953.05,
      2571.13,
      2105.7,
      2019.07,
      2357.25,
      2208.88,
      2334.61,
      2167.05,
      1731.85,
      1817.36
    ]
  }
}