{
  "id": "37020eef-d2f1-4af1-833b-69e1a96a900d",
  "duration": 5.227,
  "pitch": {
    "mean": 304.57,
    "max": 1193.3,
    "std": 223.83,
    "max_mean_ratio": 3.92
  },
  "energy": {
    "mean": 0.054639,
    "max": 0.101369,
    "std": 0.014327,
    "rate_of_change": 0.014187
  },
  "speech_rate": {
    "chars_per_sec": 15.13,
    "words_per_sec": 2.87,
    "segment_count": 1
  },
  "spectral_centroid": {
    "mean": 1954.13
  },
  "timeseries": {
    "frame_sec": 0.5,
    "pitch": [
      145.85,
      335.86,
      425.83,
      427.16,
      441.81,
      333.96,
      395.28,
      306.29,
      196.77,
      273.76,
      113.72
    ],
    "energy": [
      0.04105,
      0.057724,
      0.049239,
      0.051509,
      0.059686,
      0.042074,
      0.056792,
      0.038789,
      0.057105,
      0.066158,
      0.053587
    ],
    "spectral_centroid": [
      1968.44,
      1908.52,
      2102.72,
      2150.24,
      2053.94,
      2033.7,
      1551.12,
      1600.41,
      2188.14,
      1964.11,
      1943.17
    ]
  }
}