{
  "id": "370787d2-bf1b-4e39-b6ec-4751cf5058fb",
  "duration": 11.392,
  "pitch": {
    "mean": 412.52,
    "max": 1408.82,
    "std": 227.91,
    "max_mean_ratio": 3.42
  },
  "energy": {
    "mean": 0.033249,
    "max": 0.139176,
    "std": 0.027264,
    "rate_of_change": 0.011883
  },
  "speech_rate": {
    "chars_per_sec": 14.59,
    "words_per_sec": 2.37,
    "segment_count": 3
  },
  "spectral_centroid": {
    "mean": 1725.51
  },
  "timeseries": {
    "frame_sec": 0.5,
    "pitch": [
      391.12,
      391.15,
      491.4,
      384.18,
      433.31,
      517.1,
      348.11,
      247.02,
      194.81,
      580.38,
      308.23,
      561.5,
      484.43,
      427.78,
      418.35,
      526.87,
      389.42,
      302.87,
      346.08,
      389.25,
      326.55,
      666.03,
      430.04
    ],
    "energy": [
      0.046946,
      0.025031,
      0.023122,
      0.043273,
      0.044284,
      0.005634,
      0.018142,
      0.010853,
      0.007946,
      0.006173,
      0.007105,
      0.017717,
      0.028581,
      0.035189,
      0.038083,
      0.037319,
      0.035607,
      0.022648,
      0.035367,
      0.072855,
      0.057845,
      0.066454,
      0.044648
    ],
    "spectral_centroid": [
      1322.9,
      1961.42,
      1905.87,
      1302.51,
      1162.79,
      2147.54,
      1561.46,
      1909.8,
      1915.25,
      2236.01,
      2397.63,
      1847.08,
      2030.22,
      1438.71,
      1196.5,
      1383.61,
      1488.23,
      1682.55,
      1829.78,
      2264.69,
      2213.12,
      1304.22,
      1201.09
    ]
  }
}