{
  "id": "370cd06a-bce1-4a0f-8eb1-c5a146c7246f",
  "duration": 12.459,
  "pitch": {
    "mean": 612.58,
    "max": 2087.36,
    "std": 463.26,
    "max_mean_ratio": 3.41
  },
  "energy": {
    "mean": 0.110362,
    "max": 0.369787,
    "std": 0.07822,
    "rate_of_change": 0.029322
  },
  "speech_rate": {
    "chars_per_sec": 15.92,
    "words_per_sec": 2.92,
    "segment_count": 8
  },
  "spectral_centroid": {
    "mean": 2052.11
  },
  "timeseries": {
    "frame_sec": 0.5,
    "pitch": [
      686.16,
      642.41,
      616.23,
      514.51,
      597.64,
      678.63,
      723.09,
      248.68,
      325.95,
      299.19,
      206.62,
      408.49,
      436.12,
      533.21,
      399.33,
      706.58,
      655.14,
      876.69,
      697.23,
      643.72,
      779.26,
      1011.8,
      506.67,
      1189.12,
      526.16
    ],
    "energy": [
      0.131845,
      0.093526,
      0.114366,
      0.082041,
      0.101385,
      0.112444,
      0.087222,
      0.0353,
      0.033852,
      0.031727,
      0.005374,
      0.078123,
      0.078851,
      0.095563,
      0.089442,
      0.057634,
      0.090249,
      0.071824,
      0.139488,
      0.289811,
      0.172823,
      0.21676,
      0.177698,
      0.205636,
      0.034878
    ],
    "spectral_centroid": [
      1537.14,
      2022.62,
      2174.63,
      2065.21,
      1918.6,
      1664.77,
      1713.98,
      2091.61,
      2218.91,
      2089.42,
      2368.05,
      2004.68,
      2048.53,
      1707.39,
      2141.8,
      1734.07,
      2238.12,
      1959.07,
      2253.56,
      2140.81,
      2360.3,
      2166.92,
      2402.08,
      2217.93,
      2010.12
    ]
  }
}