{
  "id": "37902200-2939-4545-8587-b8b3ca360434",
  "duration": 9.472,
  "pitch": {
    "mean": 554.45,
    "max": 2032.74,
    "std": 269.42,
    "max_mean_ratio": 3.67
  },
  "energy": {
    "mean": 0.230291,
    "max": 0.563695,
    "std": 0.144155,
    "rate_of_change": 0.058666
  },
  "speech_rate": {
    "chars_per_sec": 11.31,
    "words_per_sec": 2.64,
    "segment_count": 7
  },
  "spectral_centroid": {
    "mean": 2047.84
  },
  "timeseries": {
    "frame_sec": 0.5,
    "pitch": [
      254.92,
      391.04,
      478.83,
      550.32,
      443.88,
      355.85,
      466.7,
      464.59,
      547.53,
      581.83,
      602.69,
      708.81,
      598.3,
      781.94,
      735.11,
      667.2,
      592.42,
      758.46,
      534.73
    ],
    "energy": [
      0.034979,
      0.08657,
      0.083497,
      0.113808,
      0.233187,
      0.144692,
      0.166033,
      0.236525,
      0.288382,
      0.249102,
      0.316782,
      0.457618,
      0.30099,
      0.348616,
      0.338508,
      0.301659,
      0.215758,
      0.140705,
      0.159572
    ],
    "spectral_centroid": [
      2015.32,
      1905.88,
      2347.03,
      1826.45,
      2147.78,
      2365.82,
      2009.93,
      1845.21,
      1963.6,
      2196.79,
      1852.18,
      2143.81,
      2044.62,
      1872.61,
      1671.83,
      1833.09,
      1832.5,
      2700.17,
      2242.29
    ]
  }
}