{
  "id": "37dbe489-d3b9-487e-8e32-741946532758",
  "duration": 8.853,
  "pitch": {
    "mean": 387.69,
    "max": 2059.22,
    "std": 342.41,
    "max_mean_ratio": 5.31
  },
  "energy": {
    "mean": 0.05714,
    "max": 0.264182,
    "std": 0.041331,
    "rate_of_change": 0.027964
  },
  "speech_rate": {
    "chars_per_sec": 8.71,
    "words_per_sec": 1.7,
    "segment_count": 5
  },
  "spectral_centroid": {
    "mean": 1687.23
  },
  "timeseries": {
    "frame_sec": 0.5,
    "pitch": [
      272.88,
      408.95,
      248.46,
      542.99,
      236.45,
      182.0,
      136.85,
      373.54,
      294.74,
      255.77,
      347.37,
      397.21,
      238.09,
      519.17,
      807.87,
      379.07,
      671.75,
      676.08
    ],
    "energy": [
      0.042201,
      0.061001,
      0.053472,
      0.047547,
      0.045255,
      0.053719,
      0.049479,
      0.029479,
      0.025206,
      0.024146,
      0.046464,
      0.0541,
      0.038019,
      0.087258,
      0.025873,
      0.050535,
      0.147069,
      0.122728
    ],
    "spectral_centroid": [
      1741.86,
      1461.39,
      1787.83,
      1678.07,
      1433.94,
      1436.92,
      1270.09,
      1792.12,
      1803.44,
      1873.81,
      1528.91,
      1451.87,
      2246.03,
      1540.98,
      2092.7,
      1736.4,
      1902.88,
      1508.05
    ]
  }
}