{
  "id": "37f99275-5489-453d-91d4-f2c1b234382e",
  "duration": 12.053,
  "pitch": {
    "mean": 431.38,
    "max": 2087.21,
    "std": 377.87,
    "max_mean_ratio": 4.84
  },
  "energy": {
    "mean": 0.048162,
    "max": 0.100335,
    "std": 0.019614,
    "rate_of_change": 0.006883
  },
  "speech_rate": {
    "chars_per_sec": 14.04,
    "words_per_sec": 2.69,
    "segment_count": 7
  },
  "spectral_centroid": {
    "mean": 2042.41
  },
  "timeseries": {
    "frame_sec": 0.5,
    "pitch": [
      843.48,
      453.65,
      279.56,
      449.16,
      573.9,
      697.6,
      693.28,
      629.91,
      591.63,
      741.48,
      227.95,
      278.91,
      300.13,
      563.74,
      900.37,
      223.99,
      254.55,
      377.49,
      96.39,
      148.31,
      209.28,
      206.76,
      333.55,
      207.62,
      181.55
    ],
    "energy": [
      0.062673,
      0.052789,
      0.035216,
      0.052176,
      0.059398,
      0.062391,
      0.048193,
      0.063071,
      0.063588,
      0.054688,
      0.041903,
      0.033642,
      0.024228,
      0.038964,
      0.05112,
      0.029395,
      0.023517,
      0.041708,
      0.021409,
      0.021553,
      0.06984,
      0.067548,
      0.051121,
      0.039585,
      0.019454
    ],
    "spectral_centroid": [
      1958.31,
      2473.72,
      1937.42,
      1977.44,
      2101.54,
      2490.13,
      2023.47,
      1814.17,
      1646.63,
      1665.11,
      1901.79,
      1921.52,
      2183.3,
      2591.94,
      1760.46,
      1987.62,
      2405.15,
      1688.26,
      1696.43,
      2162.33,
      2106.1,
      2138.25,
      2120.56,
      2221.72,
      1882.69
    ]
  }
}