{
  "id": "3813af34-10d3-4cb3-929d-a341d8252787",
  "duration": 10.112,
  "pitch": {
    "mean": 344.51,
    "max": 2084.75,
    "std": 378.48,
    "max_mean_ratio": 6.05
  },
  "energy": {
    "mean": 0.056493,
    "max": 0.249761,
    "std": 0.038451,
    "rate_of_change": 0.023495
  },
  "speech_rate": {
    "chars_per_sec": 3.44,
    "words_per_sec": 0.86,
    "segment_count": 5
  },
  "spectral_centroid": {
    "mean": 2016.55
  },
  "timeseries": {
    "frame_sec": 0.5,
    "pitch": [
      360.49,
      288.18,
      253.88,
      363.47,
      219.49,
      176.18,
      446.58,
      278.84,
      175.35,
      265.96,
      317.47,
      288.73,
      302.49,
      465.6,
      180.54,
      832.44,
      823.22,
      243.86,
      535.54,
      369.68,
      614.98
    ],
    "energy": [
      0.056924,
      0.064161,
      0.037203,
      0.038956,
      0.023891,
      0.037749,
      0.057243,
      0.048652,
      0.028554,
      0.035907,
      0.038334,
      0.026717,
      0.036927,
      0.039995,
      0.084851,
      0.070549,
      0.117253,
      0.085936,
      0.118768,
      0.046318,
      0.0266
    ],
    "spectral_centroid": [
      1484.49,
      1815.39,
      2008.36,
      1768.54,
      1662.78,
      1738.85,
      1546.68,
      2397.26,
      1684.04,
      1963.13,
      2016.15,
      1978.83,
      1912.84,
      2191.21,
      2388.93,
      2909.5,
      2323.46,
      1916.44,
      2137.13,
      2360.08,
      2384.43
    ]
  }
}