{
  "id": "381e92cb-112a-4b60-b26b-a0621007a151",
  "duration": 18.539,
  "pitch": {
    "mean": 668.15,
    "max": 1866.16,
    "std": 364.18,
    "max_mean_ratio": 2.79
  },
  "energy": {
    "mean": 0.09186,
    "max": 0.227686,
    "std": 0.046858,
    "rate_of_change": 0.011643
  },
  "speech_rate": {
    "chars_per_sec": 9.28,
    "words_per_sec": 1.82,
    "segment_count": 12
  },
  "spectral_centroid": {
    "mean": 1944.88
  },
  "timeseries": {
    "frame_sec": 0.5,
    "pitch": [
      453.78,
      337.07,
      391.83,
      656.4,
      641.74,
      737.05,
      639.84,
      743.89,
      813.15,
      330.7,
      644.34,
      926.73,
      558.7,
      851.92,
      820.56,
      673.86,
      545.61,
      282.08,
      123.45,
      465.18,
      798.99,
      489.27,
      480.74,
      745.65,
      885.93,
      615.03,
      623.22,
      988.66,
      645.2,
      846.84,
      1119.1,
      777.84,
      921.84,
      748.11,
      956.72,
      824.41,
      761.27,
      891.59
    ],
    "energy": [
      0.078993,
      0.075882,
      0.069696,
      0.116094,
      0.097285,
      0.092653,
      0.096173,
      0.107661,
      0.106986,
      0.071894,
      0.098244,
      0.098259,
      0.080574,
      0.124079,
      0.060045,
      0.071453,
      0.075563,
      0.024314,
      0.030371,
      0.098254,
      0.133626,
      0.086915,
      0.072899,
      0.06568,
      0.072253,
      0.094458,
      0.081202,
      0.061264,
      0.110846,
      0.115002,
      0.120427,
      0.070343,
      0.114328,
      0.152669,
      0.098848,
      0.076426,
      0.062038,
      0.041053
    ],
    "spectral_centroid": [
      1745.12,
      1618.15,
      1951.86,
      1836.6,
      2113.46,
      2120.59,
      2204.91,
      1977.43,
      1796.69,
      2228.99,
      2173.37,
      1942.31,
      2048.13,
      1904.77,
      1922.99,
      2297.08,
      2163.47,
      1707.98,
      1746.57,
      1729.87,
      2044.74,
      1897.94,
      1974.17,
      1926.06,
      1736.01,
      1771.5,
      1942.41,
      1988.52,
      1897.41,
      1871.75,
      1960.82,
      2084.75,
      1888.59,
      1998.98,
      1933.39,
      1896.9,
      2000.3,
      1986.37
    ]
  }
}