{
  "id": "386a0f9d-5b49-437f-af9b-6e67fe1a0eb3",
  "duration": 4.779,
  "pitch": {
    "mean": 351.73,
    "max": 1583.15,
    "std": 278.07,
    "max_mean_ratio": 4.5
  },
  "energy": {
    "mean": 0.109372,
    "max": 0.241823,
    "std": 0.053837,
    "rate_of_change": 0.043866
  },
  "speech_rate": {
    "chars_per_sec": 13.03,
    "words_per_sec": 2.31,
    "segment_count": 3
  },
  "spectral_centroid": {
    "mean": 1963.25
  },
  "timeseries": {
    "frame_sec": 0.5,
    "pitch": [
      292.66,
      413.18,
      333.93,
      99.46,
      355.6,
      290.62,
      362.3,
      200.77,
      689.18,
      662.11
    ],
    "energy": [
      0.1181,
      0.125323,
      0.077857,
      0.041156,
      0.061936,
      0.121383,
      0.131914,
      0.082722,
      0.161559,
      0.146101
    ],
    "spectral_centroid": [
      1789.78,
      1810.26,
      1879.55,
      2126.74,
      1905.89,
      1743.44,
      1741.72,
      2139.93,
      2280.75,
      2289.72
    ]
  }
}