{
  "id": "38c413ba-0709-47b5-8bf0-3f9253af3b7d",
  "duration": 13.099,
  "pitch": {
    "mean": 698.92,
    "max": 2026.39,
    "std": 477.75,
    "max_mean_ratio": 2.9
  },
  "energy": {
    "mean": 0.07399,
    "max": 0.257355,
    "std": 0.059312,
    "rate_of_change": 0.019121
  },
  "speech_rate": {
    "chars_per_sec": 12.5,
    "words_per_sec": 2.18,
    "segment_count": 7
  },
  "spectral_centroid": {
    "mean": 2304.99
  },
  "timeseries": {
    "frame_sec": 0.5,
    "pitch": [
      535.62,
      632.81,
      443.84,
      769.07,
      767.11,
      460.53,
      840.64,
      792.76,
      614.76,
      959.56,
      425.45,
      750.34,
      966.61,
      290.13,
      254.69,
      960.74,
      334.01,
      1107.63,
      953.97,
      1049.98,
      704.97,
      590.85,
      463.97,
      642.7,
      623.28,
      1389.1,
      744.18
    ],
    "energy": [
      0.045411,
      0.088091,
      0.060189,
      0.037713,
      0.009735,
      0.018142,
      0.040676,
      0.085951,
      0.025611,
      0.065945,
      0.054325,
      0.099337,
      0.108469,
      0.00947,
      0.022646,
      0.038359,
      0.056239,
      0.163583,
      0.081911,
      0.129061,
      0.108408,
      0.065268,
      0.135764,
      0.123358,
      0.128422,
      0.046407,
      0.009631
    ],
    "spectral_centroid": [
      1994.19,
      2049.56,
      2713.27,
      2550.06,
      1925.21,
      2333.91,
      1999.86,
      2377.18,
      2573.89,
      2407.28,
      2443.45,
      2933.32,
      2146.68,
      1778.64,
      2428.25,
      2139.43,
      2471.85,
      2358.24,
      2042.58,
      2361.14,
      2275.74,
      2325.34,
      2545.67,
      2362.27,
      2036.41,
      2271.92,
      2212.69
    ]
  }
}