{
  "id": "3928bd0c-acea-4086-bde1-e03e55e7659d",
  "duration": 11.115,
  "pitch": {
    "mean": 337.62,
    "max": 1909.46,
    "std": 261.36,
    "max_mean_ratio": 5.66
  },
  "energy": {
    "mean": 0.043894,
    "max": 0.180467,
    "std": 0.048471,
    "rate_of_change": 0.015994
  },
  "speech_rate": {
    "chars_per_sec": 6.47,
    "words_per_sec": 1.23,
    "segment_count": 3
  },
  "spectral_centroid": {
    "mean": 1778.63
  },
  "timeseries": {
    "frame_sec": 0.5,
    "pitch": [
      131.73,
      108.84,
      211.16,
      297.92,
      241.27,
      379.7,
      315.14,
      479.62,
      340.01,
      117.69,
      113.06,
      286.95,
      341.66,
      348.13,
      360.79,
      514.07,
      478.75,
      722.19,
      443.34,
      635.93,
      562.33,
      195.16,
      137.55
    ],
    "energy": [
      0.008806,
      0.006906,
      0.007007,
      0.006479,
      0.00826,
      0.007608,
      0.028566,
      0.061719,
      0.045496,
      0.013972,
      0.009577,
      0.007359,
      0.040594,
      0.067106,
      0.066389,
      0.09525,
      0.089736,
      0.089772,
      0.12721,
      0.117584,
      0.026441,
      0.002844,
      0.003421
    ],
    "spectral_centroid": [
      1625.34,
      1593.52,
      1738.69,
      1806.14,
      1902.26,
      1880.42,
      1334.92,
      1312.51,
      1388.97,
      1744.93,
      1666.87,
      1753.83,
      1715.87,
      2083.67,
      2268.38,
      1490.01,
      1857.66,
      2034.02,
      2120.33,
      2173.61,
      1804.34,
      1886.46,
      1455.96
    ]
  }
}