{
  "id": "39776891-9be2-48c1-aba7-d33e3638414b",
  "duration": 5.568,
  "pitch": {
    "mean": 318.69,
    "max": 1096.67,
    "std": 200.53,
    "max_mean_ratio": 3.44
  },
  "energy": {
    "mean": 0.068711,
    "max": 0.163635,
    "std": 0.0372,
    "rate_of_change": 0.026122
  },
  "speech_rate": {
    "chars_per_sec": 14.66,
    "words_per_sec": 2.4,
    "segment_count": 3
  },
  "spectral_centroid": {
    "mean": 2138.74
  },
  "timeseries": {
    "frame_sec": 0.5,
    "pitch": [
      252.75,
      209.94,
      406.17,
      416.31,
      150.34,
      155.33,
      313.55,
      510.77,
      347.72,
      321.62,
      325.92,
      532.88
    ],
    "energy": [
      0.029103,
      0.028593,
      0.058105,
      0.060766,
      0.044054,
      0.046397,
      0.064629,
      0.117661,
      0.094441,
      0.115754,
      0.065471,
      0.040123
    ],
    "spectral_centroid": [
      2311.88,
      2095.1,
      2389.28,
      2403.05,
      1932.31,
      1823.86,
      2168.73,
      1840.59,
      2067.11,
      2202.32,
      2226.16,
      2487.91
    ]
  }
}