{
  "id": "39867ec7-6864-4221-8982-c61e4448c0f6",
  "duration": 9.131,
  "pitch": {
    "mean": 303.74,
    "max": 1188.09,
    "std": 227.96,
    "max_mean_ratio": 3.91
  },
  "energy": {
    "mean": 0.047288,
    "max": 0.129133,
    "std": 0.035691,
    "rate_of_change": 0.013769
  },
  "speech_rate": {
    "chars_per_sec": 8.77,
    "words_per_sec": 1.75,
    "segment_count": 4
  },
  "spectral_centroid": {
    "mean": 1762.18
  },
  "timeseries": {
    "frame_sec": 0.5,
    "pitch": [
      308.53,
      261.35,
      318.28,
      118.9,
      122.86,
      142.77,
      386.02,
      550.77,
      309.88,
      423.31,
      349.92,
      429.31,
      291.49,
      374.65,
      306.89,
      413.57,
      144.61,
      310.3,
      469.3
    ],
    "energy": [
      0.056479,
      0.059363,
      0.028339,
      0.009311,
      0.008929,
      0.008899,
      0.010921,
      0.006449,
      0.057489,
      0.071621,
      0.088711,
      0.050401,
      0.057106,
      0.06804,
      0.0603,
      0.067793,
      0.028774,
      0.056063,
      0.100188
    ],
    "spectral_centroid": [
      1746.9,
      1942.98,
      1872.93,
      1848.69,
      1877.89,
      1885.09,
      2017.26,
      1907.05,
      1292.07,
      1203.27,
      1936.63,
      1718.59,
      2014.16,
      1522.18,
      2186.19,
      1585.88,
      1858.93,
      1588.91,
      1223.07
    ]
  }
}