{
  "id": "39c416cb-74ba-4b73-b6f2-474a8c569cf9",
  "duration": 9.301,
  "pitch": {
    "mean": 468.72,
    "max": 2085.62,
    "std": 471.07,
    "max_mean_ratio": 4.45
  },
  "energy": {
    "mean": 0.043351,
    "max": 0.103015,
    "std": 0.022409,
    "rate_of_change": 0.009901
  },
  "speech_rate": {
    "chars_per_sec": 10.78,
    "words_per_sec": 2.0,
    "segment_count": 5
  },
  "spectral_centroid": {
    "mean": 1918.63
  },
  "timeseries": {
    "frame_sec": 0.5,
    "pitch": [
      614.74,
      673.61,
      619.1,
      198.5,
      118.37,
      500.25,
      179.07,
      376.0,
      731.37,
      410.89,
      775.33,
      251.98,
      102.52,
      136.57,
      303.05,
      1379.91,
      470.67,
      735.02,
      535.4
    ],
    "energy": [
      0.035792,
      0.053886,
      0.036557,
      0.014746,
      0.018568,
      0.034401,
      0.018606,
      0.036203,
      0.065191,
      0.036317,
      0.039102,
      0.047339,
      0.028325,
      0.029049,
      0.056254,
      0.087698,
      0.050718,
      0.058304,
      0.041878
    ],
    "spectral_centroid": [
      2153.35,
      2132.36,
      1862.85,
      1955.33,
      1874.65,
      1816.62,
      1945.33,
      1619.84,
      1602.39,
      1667.88,
      2113.11,
      1998.43,
      1596.02,
      1666.18,
      1811.5,
      2286.37,
      2346.31,
      2111.07,
      1873.97
    ]
  }
}