{
  "id": "39e7cc53-2658-4772-8403-ce333a51e61e",
  "duration": 11.307,
  "pitch": {
    "mean": 373.36,
    "max": 2033.69,
    "std": 308.86,
    "max_mean_ratio": 5.45
  },
  "energy": {
    "mean": 0.062387,
    "max": 0.269792,
    "std": 0.058022,
    "rate_of_change": 0.023345
  },
  "speech_rate": {
    "chars_per_sec": 9.03,
    "words_per_sec": 1.59,
    "segment_count": 6
  },
  "spectral_centroid": {
    "mean": 1911.28
  },
  "timeseries": {
    "frame_sec": 0.5,
    "pitch": [
      556.16,
      292.76,
      124.79,
      102.49,
      310.2,
      488.32,
      509.52,
      488.39,
      314.26,
      261.1,
      335.67,
      501.52,
      118.45,
      116.23,
      158.51,
      253.83,
      174.02,
      467.09,
      590.6,
      1041.09,
      669.67,
      306.84,
      480.68
    ],
    "energy": [
      0.064605,
      0.029673,
      0.011207,
      0.016069,
      0.04052,
      0.071019,
      0.073199,
      0.065695,
      0.029668,
      0.034199,
      0.07854,
      0.054804,
      0.010092,
      0.015901,
      0.014611,
      0.038189,
      0.021547,
      0.137336,
      0.085679,
      0.188877,
      0.134248,
      0.040576,
      0.138911
    ],
    "spectral_centroid": [
      2348.15,
      1998.63,
      1782.65,
      1867.5,
      1893.49,
      1881.58,
      1514.26,
      1799.45,
      1906.45,
      2132.88,
      1857.93,
      1850.94,
      2044.88,
      1760.94,
      1645.34,
      1905.03,
      1790.88,
      1951.33,
      2065.27,
      1925.3,
      1945.66,
      2102.62,
      1921.25
    ]
  }
}