{
  "id": "3a1f66ac-2703-491f-ba63-39ec827037ef",
  "duration": 8.448,
  "pitch": {
    "mean": 488.84,
    "max": 1604.4,
    "std": 287.72,
    "max_mean_ratio": 3.28
  },
  "energy": {
    "mean": 0.086064,
    "max": 0.180369,
    "std": 0.033913,
    "rate_of_change": 0.019271
  },
  "speech_rate": {
    "chars_per_sec": 17.58,
    "words_per_sec": 2.85,
    "segment_count": 5
  },
  "spectral_centroid": {
    "mean": 1910.86
  },
  "timeseries": {
    "frame_sec": 0.5,
    "pitch": [
      181.99,
      396.7,
      505.43,
      472.64,
      356.9,
      472.13,
      578.66,
      572.47,
      471.23,
      389.66,
      533.82,
      639.31,
      776.13,
      503.48,
      593.33,
      453.98,
      419.95
    ],
    "energy": [
      0.051257,
      0.094424,
      0.077508,
      0.091006,
      0.059407,
      0.068687,
      0.095032,
      0.100619,
      0.063355,
      0.073909,
      0.084008,
      0.114124,
      0.103814,
      0.070789,
      0.102842,
      0.067878,
      0.082606
    ],
    "spectral_centroid": [
      1982.68,
      1897.27,
      2136.9,
      1587.51,
      1372.44,
      1842.88,
      1736.87,
      1837.6,
      2144.4,
      2027.01,
      1959.45,
      1984.44,
      2055.4,
      2232.47,
      1808.75,
      1961.09,
      1951.12
    ]
  }
}