{
  "id": "3b2178bf-3380-4d00-827c-e094b17346ea",
  "duration": 25.259,
  "pitch": {
    "mean": 403.43,
    "max": 2053.52,
    "std": 300.55,
    "max_mean_ratio": 5.09
  },
  "energy": {
    "mean": 0.054359,
    "max": 0.17022,
    "std": 0.039651,
    "rate_of_change": 0.006565
  },
  "speech_rate": {
    "chars_per_sec": 12.65,
    "words_per_sec": 2.34,
    "segment_count": 12
  },
  "spectral_centroid": {
    "mean": 1834.01
  },
  "timeseries": {
    "frame_sec": 0.5,
    "pitch": [
      269.79,
      150.33,
      136.82,
      435.83,
      86.63,
      167.13,
      392.94,
      286.81,
      442.25,
      138.35,
      213.69,
      657.3,
      273.51,
      459.03,
      493.01,
      356.6,
      560.31,
      502.84,
      606.01,
      786.93,
      486.46,
      455.54,
      418.7,
      232.98,
      147.1,
      97.24,
      249.58,
      407.18,
      559.59,
      723.88,
      365.59,
      643.7,
      447.2,
      473.99,
      653.79,
      322.43,
      259.2,
      347.35,
      489.48,
      352.85,
      502.47,
      483.01,
      536.28,
      214.24,
      409.53,
      552.15,
      729.57,
      326.57,
      516.21,
      597.77,
      106.42
    ],
    "energy": [
      0.014724,
      0.007239,
      0.014927,
      0.037624,
      0.00704,
      0.025794,
      0.037975,
      0.036244,
      0.044385,
      0.007433,
      0.032502,
      0.046081,
      0.015615,
      0.067768,
      0.072128,
      0.049942,
      0.082454,
      0.059099,
      0.043156,
      0.056099,
      0.086897,
      0.080361,
      0.064502,
      0.007884,
      0.00577,
      0.008182,
      0.023136,
      0.069718,
      0.092949,
      0.07206,
      0.063538,
      0.104478,
      0.071131,
      0.063937,
      0.075749,
      0.019167,
      0.006251,
      0.062987,
      0.098271,
      0.050134,
      0.111271,
      0.061292,
      0.079435,
      0.022022,
      0.082623,
      0.071874,
      0.101068,
      0.055137,
      0.069762,
      0.077546,
      0.006541
    ],
    "spectral_centroid": [
      1519.46,
      1330.85,
      1369.06,
      1331.21,
      1537.16,
      1586.39,
      1426.82,
      1604.88,
      1666.51,
      1658.08,
      1586.24,
      1445.41,
      1501.62,
      1845.17,
      2000.15,
      1993.69,
      2380.6,
      2402.64,
      1625.3,
      1684.11,
      1737.64,
      1740.03,
      2289.08,
      1696.63,
      1754.4,
      2288.88,
      1949.85,
      1979.23,
      1782.11,
      1849.72,
      2534.59,
      1821.78,
      2060.86,
      1880.55,
      2008.6,
      1523.56,
      1389.52,
      1671.56,
      2159.21,
      1519.01,
      1476.73,
      2541.74,
      2584.21,
      1800.96,
      2332.49,
      1846.33,
      1961.84,
      2141.51,
      1817.0,
      1905.74,
      1926.23
    ]
  }
}