{
  "id": "3b2ad147-681c-4dc2-8701-05277453fc0c",
  "duration": 13.099,
  "pitch": {
    "mean": 414.83,
    "max": 1226.25,
    "std": 209.02,
    "max_mean_ratio": 2.96
  },
  "energy": {
    "mean": 0.006493,
    "max": 0.027961,
    "std": 0.005867,
    "rate_of_change": 0.002109
  },
  "speech_rate": {
    "chars_per_sec": 14.33,
    "words_per_sec": 2.61,
    "segment_count": 5
  },
  "spectral_centroid": {
    "mean": 1716.24
  },
  "timeseries": {
    "frame_sec": 0.5,
    "pitch": [
      342.53,
      340.95,
      298.69,
      416.85,
      439.71,
      354.01,
      479.95,
      442.22,
      267.57,
      486.69,
      592.02,
      437.5,
      403.53,
      434.11,
      550.97,
      381.18,
      437.66,
      495.24,
      426.57,
      400.45,
      534.59,
      364.02,
      480.89,
      343.7,
      364.92,
      282.58,
      88.34
    ],
    "energy": [
      0.001147,
      0.007864,
      0.002827,
      0.001282,
      0.002422,
      0.005436,
      0.00177,
      0.001839,
      0.001125,
      0.001199,
      0.001368,
      0.004629,
      0.007255,
      0.010935,
      0.012762,
      0.010013,
      0.007325,
      0.010388,
      0.00118,
      0.013722,
      0.00433,
      0.010394,
      0.004693,
      0.011409,
      0.018695,
      0.006041,
      0.000757
    ],
    "spectral_centroid": [
      1832.28,
      1716.62,
      2134.94,
      1989.88,
      1721.03,
      1502.94,
      1705.92,
      1718.38,
      1913.84,
      1733.11,
      1793.54,
      1495.06,
      1849.17,
      1670.58,
      2288.12,
      1931.6,
      1598.27,
      1525.68,
      2150.0,
      1590.55,
      1620.98,
      1443.49,
      1728.56,
      1511.0,
      1153.54,
      1325.94,
      1800.22
    ]
  }
}