{
  "id": "3b8c2e59-6a47-40ae-b4bc-0a9417f13d80",
  "duration": 8.213,
  "pitch": {
    "mean": 343.87,
    "max": 902.54,
    "std": 180.49,
    "max_mean_ratio": 2.62
  },
  "energy": {
    "mean": 0.060914,
    "max": 0.127147,
    "std": 0.028297,
    "rate_of_change": 0.014734
  },
  "speech_rate": {
    "chars_per_sec": 17.2,
    "words_per_sec": 2.83,
    "segment_count": 2
  },
  "spectral_centroid": {
    "mean": 1607.2
  },
  "timeseries": {
    "frame_sec": 0.5,
    "pitch": [
      447.47,
      334.3,
      460.92,
      284.32,
      412.09,
      394.71,
      283.42,
      515.68,
      355.85,
      329.14,
      195.1,
      116.03,
      188.63,
      378.71,
      391.82,
      341.35,
      448.27
    ],
    "energy": [
      0.077679,
      0.05445,
      0.069297,
      0.063264,
      0.068491,
      0.063087,
      0.061389,
      0.083215,
      0.067683,
      0.058355,
      0.011466,
      0.008306,
      0.048505,
      0.060571,
      0.06538,
      0.0634,
      0.085714
    ],
    "spectral_centroid": [
      1414.39,
      1433.22,
      1483.32,
      2213.03,
      1524.6,
      1540.02,
      2166.82,
      1206.44,
      1192.84,
      1824.16,
      1582.99,
      1702.0,
      1823.79,
      1785.18,
      1498.65,
      1633.18,
      1105.94
    ]
  }
}