{
  "id": "3bee6b76-a2b4-4267-992d-30de15aa7490",
  "duration": 11.413,
  "pitch": {
    "mean": 684.37,
    "max": 2088.92,
    "std": 524.66,
    "max_mean_ratio": 3.05
  },
  "energy": {
    "mean": 0.077684,
    "max": 0.190587,
    "std": 0.044034,
    "rate_of_change": 0.015971
  },
  "speech_rate": {
    "chars_per_sec": 16.58,
    "words_per_sec": 3.07,
    "segment_count": 7
  },
  "spectral_centroid": {
    "mean": 2320.3
  },
  "timeseries": {
    "frame_sec": 0.5,
    "pitch": [
      709.09,
      645.47,
      568.93,
      408.24,
      650.51,
      408.72,
      600.69,
      582.4,
      470.35,
      678.31,
      301.03,
      662.31,
      780.6,
      393.07,
      1223.51,
      503.79,
      980.43,
      832.94,
      549.78,
      473.33,
      813.88,
      1574.24,
      572.11
    ],
    "energy": [
      0.038716,
      0.081378,
      0.016117,
      0.068849,
      0.084722,
      0.094591,
      0.100039,
      0.051715,
      0.068562,
      0.080863,
      0.039006,
      0.074416,
      0.055613,
      0.050317,
      0.082024,
      0.073818,
      0.109494,
      0.101371,
      0.052388,
      0.054094,
      0.121632,
      0.128248,
      0.082157
    ],
    "spectral_centroid": [
      2339.65,
      2025.97,
      2041.42,
      2099.62,
      2238.31,
      2668.6,
      2220.4,
      2116.11,
      2260.46,
      2483.72,
      2145.16,
      2245.37,
      2899.33,
      2468.52,
      2171.69,
      2276.69,
      2289.95,
      2508.25,
      2092.86,
      2575.27,
      2628.67,
      2325.77,
      2167.89
    ]
  }
}