{
  "id": "3c3f2b0c-9db2-4438-b5ac-194f0e152156",
  "duration": 13.227,
  "pitch": {
    "mean": 370.18,
    "max": 1867.18,
    "std": 283.5,
    "max_mean_ratio": 5.04
  },
  "energy": {
    "mean": 0.04853,
    "max": 0.150417,
    "std": 0.030443,
    "rate_of_change": 0.010636
  },
  "speech_rate": {
    "chars_per_sec": 14.32,
    "words_per_sec": 2.5,
    "segment_count": 7
  },
  "spectral_centroid": {
    "mean": 2011.68
  },
  "timeseries": {
    "frame_sec": 0.5,
    "pitch": [
      342.15,
      105.08,
      296.18,
      264.24,
      286.45,
      200.91,
      440.29,
      352.77,
      432.5,
      371.85,
      362.58,
      358.85,
      536.87,
      119.14,
      394.17,
      137.43,
      281.19,
      478.96,
      243.4,
      296.48,
      696.82,
      621.57,
      482.8,
      664.77,
      543.92,
      532.29,
      421.9
    ],
    "energy": [
      0.027606,
      0.017763,
      0.024085,
      0.022741,
      0.043324,
      0.026295,
      0.046144,
      0.041015,
      0.059943,
      0.041196,
      0.047304,
      0.042161,
      0.062371,
      0.017038,
      0.056501,
      0.029745,
      0.043357,
      0.050258,
      0.028259,
      0.04013,
      0.096969,
      0.076319,
      0.104736,
      0.080465,
      0.017005,
      0.062367,
      0.044026
    ],
    "spectral_centroid": [
      1743.15,
      1959.85,
      2163.79,
      2386.71,
      2223.56,
      2063.94,
      1628.79,
      2058.85,
      1922.9,
      2042.25,
      1731.26,
      2184.57,
      1995.62,
      2038.03,
      1939.79,
      1943.22,
      1817.61,
      2048.4,
      2028.86,
      2144.13,
      2004.76,
      1819.03,
      1913.83,
      2282.94,
      2197.55,
      1991.21,
      1710.03
    ]
  }
}