{
  "id": "3c537560-4f77-48ae-85bf-1d80caa9db2d",
  "duration": 10.411,
  "pitch": {
    "mean": 439.19,
    "max": 1646.65,
    "std": 247.97,
    "max_mean_ratio": 3.75
  },
  "energy": {
    "mean": 0.05648,
    "max": 0.154913,
    "std": 0.030365,
    "rate_of_change": 0.013952
  },
  "speech_rate": {
    "chars_per_sec": 13.56,
    "words_per_sec": 2.6,
    "segment_count": 6
  },
  "spectral_centroid": {
    "mean": 1954.52
  },
  "timeseries": {
    "frame_sec": 0.5,
    "pitch": [
      481.24,
      548.6,
      432.32,
      190.15,
      504.5,
      680.34,
      626.89,
      404.58,
      384.87,
      398.94,
      383.26,
      105.43,
      518.68,
      365.75,
      362.23,
      381.89,
      439.17,
      508.54,
      411.27,
      568.26,
      491.69
    ],
    "energy": [
      0.048224,
      0.042243,
      0.066268,
      0.035341,
      0.062198,
      0.080732,
      0.085109,
      0.056125,
      0.032889,
      0.058683,
      0.039609,
      0.014594,
      0.055801,
      0.035042,
      0.04443,
      0.036732,
      0.050476,
      0.074725,
      0.075785,
      0.067108,
      0.070895
    ],
    "spectral_centroid": [
      2024.09,
      1769.95,
      2192.9,
      1781.49,
      2058.34,
      2047.98,
      1959.59,
      1889.18,
      1880.76,
      1531.54,
      1635.46,
      1695.44,
      2119.7,
      2003.77,
      1627.37,
      1788.28,
      2151.61,
      2089.15,
      2196.77,
      2470.05,
      2328.4
    ]
  }
}