{
  "id": "3c673521-4f4a-4d89-8302-031185e677d0",
  "duration": 6.848,
  "pitch": {
    "mean": 481.68,
    "max": 1350.25,
    "std": 233.4,
    "max_mean_ratio": 2.8
  },
  "energy": {
    "mean": 0.036528,
    "max": 0.095053,
    "std": 0.015556,
    "rate_of_change": 0.012831
  },
  "speech_rate": {
    "chars_per_sec": 17.54,
    "words_per_sec": 3.36,
    "segment_count": 2
  },
  "spectral_centroid": {
    "mean": 1710.25
  },
  "timeseries": {
    "frame_sec": 0.5,
    "pitch": [
      366.53,
      579.04,
      469.56,
      433.1,
      370.76,
      394.99,
      435.96,
      532.44,
      507.77,
      765.95,
      691.19,
      384.72,
      366.46,
      527.05
    ],
    "energy": [
      0.027167,
      0.028337,
      0.045364,
      0.041566,
      0.027398,
      0.02399,
      0.029704,
      0.039316,
      0.040633,
      0.050309,
      0.037714,
      0.040772,
      0.025552,
      0.027608
    ],
    "spectral_centroid": [
      1834.7,
      1377.34,
      1293.72,
      2109.55,
      1617.96,
      1469.57,
      1764.3,
      1443.18,
      1757.06,
      1681.03,
      2107.93,
      1876.96,
      1979.51,
      1677.24
    ]
  }
}