{
  "id": "3c724763-6f89-4153-9485-4610aa157a1d",
  "duration": 6.144,
  "pitch": {
    "mean": 510.56,
    "max": 1236.7,
    "std": 309.25,
    "max_mean_ratio": 2.42
  },
  "energy": {
    "mean": 0.191269,
    "max": 0.53358,
    "std": 0.179873,
    "rate_of_change": 0.08541
  },
  "speech_rate": {
    "chars_per_sec": 12.8,
    "words_per_sec": 2.56,
    "segment_count": 3
  },
  "spectral_centroid": {
    "mean": 2144.08
  },
  "timeseries": {
    "frame_sec": 0.5,
    "pitch": [
      239.11,
      314.86,
      454.01,
      282.03,
      343.31,
      149.76,
      560.93,
      714.3,
      695.02,
      980.11,
      780.03,
      392.41,
      822.04
    ],
    "energy": [
      0.020208,
      0.040509,
      0.08825,
      0.048912,
      0.035391,
      0.017301,
      0.187329,
      0.432842,
      0.371076,
      0.440482,
      0.311052,
      0.182035,
      0.241298
    ],
    "spectral_centroid": [
      2443.63,
      2269.53,
      1510.14,
      1631.56,
      1937.5,
      2001.64,
      1930.85,
      1771.7,
      1937.47,
      2344.23,
      2770.93,
      3164.93,
      1759.98
    ]
  }
}