{
  "id": "3c8e7688-d59c-4735-823b-17e936cd6b61",
  "duration": 7.211,
  "pitch": {
    "mean": 361.15,
    "max": 1063.23,
    "std": 234.33,
    "max_mean_ratio": 2.94
  },
  "energy": {
    "mean": 0.071702,
    "max": 0.206029,
    "std": 0.038521,
    "rate_of_change": 0.026162
  },
  "speech_rate": {
    "chars_per_sec": 18.83,
    "words_per_sec": 3.46,
    "segment_count": 2
  },
  "spectral_centroid": {
    "mean": 2078.63
  },
  "timeseries": {
    "frame_sec": 0.5,
    "pitch": [
      248.4,
      368.68,
      197.1,
      381.09,
      325.84,
      267.72,
      413.35,
      469.11,
      116.16,
      429.87,
      289.83,
      365.28,
      682.43,
      655.82,
      381.96
    ],
    "energy": [
      0.063746,
      0.077071,
      0.030729,
      0.047199,
      0.060959,
      0.069496,
      0.081314,
      0.06473,
      0.027419,
      0.126101,
      0.099432,
      0.051365,
      0.069079,
      0.087827,
      0.076772
    ],
    "spectral_centroid": [
      1976.88,
      1883.58,
      2027.47,
      2293.72,
      1724.57,
      1635.11,
      2013.64,
      1589.5,
      2169.21,
      2008.58,
      1993.91,
      2116.59,
      2791.22,
      2384.72,
      3133.91
    ]
  }
}