{
  "id": "3c966541-9549-460b-bcd5-7d1bab88116f",
  "duration": 15.552,
  "pitch": {
    "mean": 439.53,
    "max": 1976.89,
    "std": 259.59,
    "max_mean_ratio": 4.5
  },
  "energy": {
    "mean": 0.072394,
    "max": 0.481688,
    "std": 0.074271,
    "rate_of_change": 0.030722
  },
  "speech_rate": {
    "chars_per_sec": 13.19,
    "words_per_sec": 2.42,
    "segment_count": 11
  },
  "spectral_centroid": {
    "mean": 2012.94
  },
  "timeseries": {
    "frame_sec": 0.5,
    "pitch": [
      408.86,
      228.68,
      339.88,
      496.73,
      438.39,
      477.42,
      474.79,
      812.05,
      411.02,
      379.96,
      474.42,
      433.42,
      246.13,
      437.78,
      216.23,
      363.47,
      338.47,
      167.95,
      606.88,
      353.84,
      405.49,
      121.23,
      478.82,
      353.51,
      494.29,
      396.36,
      563.69,
      762.38,
      525.13,
      660.93,
      536.87,
      597.3
    ],
    "energy": [
      0.023631,
      0.014103,
      0.025722,
      0.048683,
      0.052541,
      0.041572,
      0.076066,
      0.049794,
      0.058661,
      0.031484,
      0.084633,
      0.081159,
      0.031329,
      0.055033,
      0.005278,
      0.111277,
      0.045795,
      0.014206,
      0.026307,
      0.094989,
      0.076303,
      0.010656,
      0.094728,
      0.04571,
      0.083308,
      0.102827,
      0.135163,
      0.158862,
      0.175408,
      0.278415,
      0.019311,
      0.006264
    ],
    "spectral_centroid": [
      2151.0,
      2437.56,
      2296.82,
      1736.35,
      1603.01,
      1843.49,
      1762.81,
      1888.59,
      1457.82,
      1929.0,
      2022.97,
      2102.43,
      1831.25,
      1734.14,
      2255.19,
      1665.81,
      2110.16,
      2401.86,
      2244.39,
      1993.73,
      2033.42,
      2184.37,
      1801.52,
      2251.15,
      1875.11,
      2154.33,
      1881.45,
      2238.48,
      2062.39,
      1949.76,
      2432.58,
      1962.69
    ]
  }
}