{
  "id": "3ca985d2-4c23-4234-b080-efe5c3ef631f",
  "duration": 13.739,
  "pitch": {
    "mean": 426.42,
    "max": 2088.22,
    "std": 370.39,
    "max_mean_ratio": 4.9
  },
  "energy": {
    "mean": 0.059513,
    "max": 0.297163,
    "std": 0.059721,
    "rate_of_change": 0.021338
  },
  "speech_rate": {
    "chars_per_sec": 10.61,
    "words_per_sec": 1.89,
    "segment_count": 4
  },
  "spectral_centroid": {
    "mean": 1980.51
  },
  "timeseries": {
    "frame_sec": 0.5,
    "pitch": [
      298.8,
      216.7,
      497.75,
      230.27,
      260.2,
      510.58,
      415.19,
      191.71,
      382.33,
      572.87,
      543.36,
      508.77,
      168.61,
      350.8,
      282.51,
      698.57,
      169.52,
      336.05,
      679.47,
      303.9,
      326.38,
      127.32,
      560.34,
      598.87,
      441.18,
      695.96,
      858.08,
      471.71
    ],
    "energy": [
      0.045267,
      0.053778,
      0.080195,
      0.065406,
      0.066155,
      0.068385,
      0.035709,
      0.017248,
      0.066878,
      0.081219,
      0.081751,
      0.086752,
      0.007992,
      0.058131,
      0.07278,
      0.083504,
      0.008341,
      0.005543,
      0.005316,
      0.008841,
      0.006672,
      0.012142,
      0.122944,
      0.1445,
      0.145262,
      0.124476,
      0.00908,
      0.00625
    ],
    "spectral_centroid": [
      1650.55,
      2275.85,
      1540.35,
      1412.68,
      2435.64,
      2015.93,
      1450.72,
      1961.86,
      1764.11,
      1429.16,
      1665.12,
      1845.59,
      1765.27,
      2281.5,
      1851.37,
      2334.99,
      1759.62,
      1731.03,
      1702.51,
      1763.13,
      1872.37,
      2378.33,
      2223.64,
      2644.23,
      2848.83,
      2361.73,
      2217.73,
      2351.11
    ]
  }
}