{
  "id": "3ce6ce64-46d0-4c13-8993-37d5b13286a1",
  "duration": 6.507,
  "pitch": {
    "mean": 264.56,
    "max": 797.51,
    "std": 236.98,
    "max_mean_ratio": 3.01
  },
  "energy": {
    "mean": 0.094663,
    "max": 0.239173,
    "std": 0.06041,
    "rate_of_change": 0.032429
  },
  "speech_rate": {
    "chars_per_sec": 5.96,
    "words_per_sec": 1.1,
    "segment_count": 3
  },
  "spectral_centroid": {
    "mean": 1693.28
  },
  "timeseries": {
    "frame_sec": 0.5,
    "pitch": [
      512.24,
      76.66,
      454.52,
      461.72,
      345.89,
      224.68,
      157.19,
      76.74,
      76.83,
      107.94,
      103.36,
      281.54,
      535.73,
      374.16
    ],
    "energy": [
      0.163123,
      0.053005,
      0.152172,
      0.141709,
      0.111249,
      0.071002,
      0.032555,
      0.043467,
      0.04434,
      0.053086,
      0.056326,
      0.083269,
      0.175398,
      0.00802
    ],
    "spectral_centroid": [
      1720.03,
      1752.52,
      1358.41,
      1512.82,
      1540.09,
      2147.69,
      1883.01,
      1881.72,
      1403.39,
      1702.05,
      1513.08,
      2316.61,
      1294.75,
      1782.8
    ]
  }
}