{
  "id": "3d54c9a5-fb6b-4179-a219-e7af413602dc",
  "duration": 15.936,
  "pitch": {
    "mean": 460.29,
    "max": 1483.93,
    "std": 306.65,
    "max_mean_ratio": 3.22
  },
  "energy": {
    "mean": 0.094302,
    "max": 0.283811,
    "std": 0.067579,
    "rate_of_change": 0.017435
  },
  "speech_rate": {
    "chars_per_sec": 10.92,
    "words_per_sec": 1.88,
    "segment_count": 2
  },
  "spectral_centroid": {
    "mean": 2047.64
  },
  "timeseries": {
    "frame_sec": 0.5,
    "pitch": [
      401.11,
      536.99,
      364.34,
      443.69,
      100.37,
      136.84,
      273.78,
      519.32,
      493.75,
      467.96,
      537.14,
      268.89,
      203.93,
      503.45,
      520.46,
      679.64,
      473.98,
      536.64,
      555.09,
      769.8,
      368.82,
      289.57,
      357.35,
      723.51,
      110.26,
      505.19,
      701.46,
      874.52,
      636.78,
      535.33,
      740.62,
      161.24
    ],
    "energy": [
      0.073622,
      0.089388,
      0.062363,
      0.093,
      0.016104,
      0.034931,
      0.081581,
      0.095621,
      0.090328,
      0.078924,
      0.099809,
      0.01821,
      0.032909,
      0.089107,
      0.151699,
      0.179312,
      0.123968,
      0.12239,
      0.104806,
      0.123018,
      0.017107,
      0.060789,
      0.077408,
      0.103361,
      0.019547,
      0.175302,
      0.132928,
      0.133803,
      0.147227,
      0.132547,
      0.112981,
      0.011576
    ],
    "spectral_centroid": [
      2363.23,
      2093.08,
      1906.82,
      1968.07,
      2172.82,
      1802.98,
      1954.01,
      2029.19,
      1973.29,
      1878.85,
      2078.42,
      2028.29,
      2079.0,
      2096.78,
      2147.92,
      2052.19,
      2391.21,
      1850.05,
      1790.61,
      2023.79,
      2098.29,
      1876.24,
      2121.15,
      1954.82,
      1720.59,
      1777.0,
      1954.35,
      2131.84,
      2420.3,
      2276.31,
      2212.52,
      2135.09
    ]
  }
}