{
  "id": "3d6036a5-4716-403b-8105-4d0b6693d223",
  "duration": 10.283,
  "pitch": {
    "mean": 428.7,
    "max": 1947.54,
    "std": 366.71,
    "max_mean_ratio": 4.54
  },
  "energy": {
    "mean": 0.075475,
    "max": 0.120189,
    "std": 0.027638,
    "rate_of_change": 0.01104
  },
  "speech_rate": {
    "chars_per_sec": 15.33,
    "words_per_sec": 3.22,
    "segment_count": 2
  },
  "spectral_centroid": {
    "mean": 2254.68
  },
  "timeseries": {
    "frame_sec": 0.5,
    "pitch": [
      612.78,
      313.54,
      322.29,
      269.32,
      335.04,
      335.71,
      405.53,
      314.42,
      331.86,
      432.63,
      486.56,
      388.19,
      588.38,
      238.77,
      177.82,
      411.49,
      523.06,
      352.26,
      592.51,
      793.99,
      897.28
    ],
    "energy": [
      0.083893,
      0.072946,
      0.072966,
      0.065255,
      0.054484,
      0.086294,
      0.066274,
      0.073876,
      0.077916,
      0.082405,
      0.080512,
      0.073569,
      0.086607,
      0.046542,
      0.048425,
      0.085673,
      0.088477,
      0.082194,
      0.076512,
      0.039672,
      0.071069
    ],
    "spectral_centroid": [
      2872.98,
      2123.48,
      2210.48,
      2295.16,
      1942.02,
      2540.58,
      2643.17,
      2120.91,
      2031.67,
      1456.15,
      1763.18,
      1599.47,
      1566.1,
      2254.2,
      2828.01,
      2050.75,
      2452.05,
      2674.47,
      2687.54,
      2476.34,
      2521.72
    ]
  }
}