{
  "id": "3dc5941b-c39d-4922-8f17-f192d8100690",
  "duration": 9.515,
  "pitch": {
    "mean": 540.02,
    "max": 1793.36,
    "std": 352.52,
    "max_mean_ratio": 3.32
  },
  "energy": {
    "mean": 0.020025,
    "max": 0.076101,
    "std": 0.011855,
    "rate_of_change": 0.007338
  },
  "speech_rate": {
    "chars_per_sec": 23.03,
    "words_per_sec": 4.05,
    "segment_count": 4
  },
  "spectral_centroid": {
    "mean": 1818.35
  },
  "timeseries": {
    "frame_sec": 0.5,
    "pitch": [
      330.24,
      568.2,
      593.73,
      713.97,
      412.59,
      635.07,
      370.66,
      509.81,
      871.37,
      484.82,
      370.7,
      755.31,
      715.25,
      372.59,
      573.37,
      692.63,
      515.75,
      338.84,
      691.79,
      604.67
    ],
    "energy": [
      0.017544,
      0.021766,
      0.016357,
      0.014607,
      0.010865,
      0.014204,
      0.010917,
      0.014472,
      0.020008,
      0.009299,
      0.012564,
      0.023967,
      0.025497,
      0.017414,
      0.024028,
      0.023131,
      0.020793,
      0.016002,
      0.05288,
      0.005035
    ],
    "spectral_centroid": [
      1951.82,
      1610.01,
      1907.39,
      1826.77,
      2261.38,
      1932.63,
      2031.14,
      1867.24,
      1527.31,
      1744.36,
      1975.35,
      1782.23,
      1608.55,
      1756.47,
      1628.09,
      1571.56,
      1871.14,
      2023.9,
      1674.79,
      1630.46
    ]
  }
}