{
  "id": "3ec95122-0540-4b96-bd97-f25ee3df44ff",
  "duration": 16.853,
  "pitch": {
    "mean": 486.01,
    "max": 2025.94,
    "std": 272.7,
    "max_mean_ratio": 4.17
  },
  "energy": {
    "mean": 0.082484,
    "max": 0.220138,
    "std": 0.045164,
    "rate_of_change": 0.012434
  },
  "speech_rate": {
    "chars_per_sec": 19.88,
    "words_per_sec": 3.89,
    "segment_count": 10
  },
  "spectral_centroid": {
    "mean": 2252.42
  },
  "timeseries": {
    "frame_sec": 0.5,
    "pitch": [
      328.88,
      386.37,
      363.77,
      334.91,
      318.36,
      298.14,
      304.28,
      297.56,
      537.18,
      582.03,
      356.72,
      314.07,
      268.46,
      651.29,
      474.33,
      495.6,
      589.01,
      690.96,
      473.45,
      705.76,
      382.97,
      622.09,
      575.69,
      600.78,
      639.46,
      548.0,
      358.07,
      475.45,
      492.48,
      414.79,
      826.13,
      427.39,
      674.02,
      733.53
    ],
    "energy": [
      0.094756,
      0.072116,
      0.080065,
      0.077042,
      0.074781,
      0.080595,
      0.087965,
      0.020894,
      0.015001,
      0.017107,
      0.015542,
      0.031193,
      0.049916,
      0.096922,
      0.078494,
      0.089756,
      0.094525,
      0.090089,
      0.082984,
      0.08975,
      0.045307,
      0.089448,
      0.095817,
      0.091835,
      0.092783,
      0.110946,
      0.028435,
      0.03818,
      0.099519,
      0.112206,
      0.183672,
      0.105241,
      0.151867,
      0.087055
    ],
    "spectral_centroid": [
      2393.79,
      2531.38,
      2151.23,
      2262.53,
      2405.88,
      1965.69,
      1717.72,
      2051.25,
      2189.96,
      2323.62,
      2090.51,
      2161.63,
      2446.98,
      2505.55,
      1339.57,
      2282.58,
      2257.6,
      2372.77,
      2242.45,
      2434.02,
      2238.7,
      2512.5,
      2509.53,
      2558.59,
      2031.46,
      2116.09,
      2708.1,
      2334.98,
      2288.4,
      2874.83,
      2155.89,
      2000.38,
      1940.01,
      2068.5
    ]
  }
}