{
  "id": "3ef17caf-6526-4eba-bccc-60ce9ab54125",
  "duration": 11.627,
  "pitch": {
    "mean": 281.15,
    "max": 1390.53,
    "std": 214.06,
    "max_mean_ratio": 4.95
  },
  "energy": {
    "mean": 0.038321,
    "max": 0.209055,
    "std": 0.041731,
    "rate_of_change": 0.017721
  },
  "speech_rate": {
    "chars_per_sec": 7.93,
    "words_per_sec": 1.47,
    "segment_count": 4
  },
  "spectral_centroid": {
    "mean": 1907.74
  },
  "timeseries": {
    "frame_sec": 0.5,
    "pitch": [
      167.31,
      213.4,
      349.79,
      422.24,
      483.66,
      358.57,
      151.88,
      144.99,
      119.06,
      124.9,
      372.09,
      441.36,
      519.42,
      403.24,
      155.36,
      145.03,
      271.15,
      224.55,
      363.16,
      125.76,
      193.57,
      157.2,
      269.42,
      580.94
    ],
    "energy": [
      0.006037,
      0.031051,
      0.06222,
      0.057107,
      0.05686,
      0.046669,
      0.00531,
      0.006053,
      0.0079,
      0.009688,
      0.066658,
      0.086703,
      0.116598,
      0.069554,
      0.007003,
      0.008161,
      0.077958,
      0.014152,
      0.007587,
      0.005784,
      0.012193,
      0.014458,
      0.066311,
      0.044171
    ],
    "spectral_centroid": [
      2030.55,
      1891.84,
      2209.82,
      2343.0,
      1956.94,
      2024.93,
      1611.93,
      1894.34,
      1917.53,
      1894.89,
      2089.86,
      1798.24,
      1778.31,
      1609.04,
      1917.76,
      2094.88,
      1768.81,
      1762.83,
      1926.15,
      1814.9,
      1815.55,
      2312.52,
      1629.67,
      1647.2
    ]
  }
}