{
  "id": "3f0dbd3d-4272-49eb-bf38-d35ee1c21e53",
  "duration": 9.472,
  "pitch": {
    "mean": 559.51,
    "max": 1983.7,
    "std": 412.3,
    "max_mean_ratio": 3.55
  },
  "energy": {
    "mean": 0.098465,
    "max": 0.455134,
    "std": 0.09267,
    "rate_of_change": 0.047658
  },
  "speech_rate": {
    "chars_per_sec": 8.77,
    "words_per_sec": 1.8,
    "segment_count": 6
  },
  "spectral_centroid": {
    "mean": 1946.24
  },
  "timeseries": {
    "frame_sec": 0.5,
    "pitch": [
      235.4,
      591.47,
      567.39,
      559.41,
      442.22,
      407.29,
      646.85,
      587.65,
      430.04,
      593.21,
      539.04,
      238.24,
      264.96,
      113.73,
      690.32,
      866.16,
      1142.05,
      758.93,
      769.34
    ],
    "energy": [
      0.016257,
      0.066394,
      0.098778,
      0.099391,
      0.118952,
      0.074055,
      0.215968,
      0.1058,
      0.04964,
      0.067635,
      0.066441,
      0.014456,
      0.010699,
      0.029739,
      0.141374,
      0.220593,
      0.209347,
      0.119746,
      0.058107
    ],
    "spectral_centroid": [
      2357.61,
      1627.75,
      1870.52,
      2118.99,
      1763.65,
      2399.17,
      1859.61,
      1730.28,
      1628.64,
      1741.38,
      1488.48,
      1544.49,
      2634.25,
      2011.12,
      2128.69,
      1791.13,
      2054.5,
      1897.25,
      2209.74
    ]
  }
}