{
  "id": "3f44853a-f850-49d9-8db2-a84a801e5125",
  "duration": 11.84,
  "pitch": {
    "mean": 428.2,
    "max": 1801.43,
    "std": 313.13,
    "max_mean_ratio": 4.21
  },
  "energy": {
    "mean": 0.044353,
    "max": 0.109451,
    "std": 0.024297,
    "rate_of_change": 0.008721
  },
  "speech_rate": {
    "chars_per_sec": 12.42,
    "words_per_sec": 2.36,
    "segment_count": 9
  },
  "spectral_centroid": {
    "mean": 1955.73
  },
  "timeseries": {
    "frame_sec": 0.5,
    "pitch": [
      399.34,
      140.38,
      351.96,
      432.37,
      332.26,
      531.71,
      319.21,
      366.34,
      406.45,
      337.02,
      381.12,
      387.24,
      141.86,
      376.32,
      292.83,
      343.07,
      386.17,
      694.86,
      561.15,
      888.13,
      598.17,
      544.17,
      324.74,
      881.33
    ],
    "energy": [
      0.045249,
      0.017693,
      0.040294,
      0.035474,
      0.043748,
      0.054494,
      0.010755,
      0.043382,
      0.05007,
      0.035284,
      0.035662,
      0.04589,
      0.031551,
      0.053564,
      0.03795,
      0.035096,
      0.055766,
      0.070134,
      0.050069,
      0.05571,
      0.04687,
      0.019383,
      0.054527,
      0.057004
    ],
    "spectral_centroid": [
      2113.86,
      1597.69,
      1614.02,
      2086.84,
      1679.36,
      1606.22,
      1617.35,
      1912.84,
      1705.12,
      2119.51,
      2063.02,
      1774.24,
      1536.25,
      1676.21,
      1645.71,
      1963.9,
      2457.49,
      2003.54,
      2352.14,
      2307.87,
      2266.45,
      2196.63,
      2371.69,
      2213.07
    ]
  }
}