{
  "id": "3f68c777-4dbf-4777-917f-65ed8f7848e8",
  "duration": 16.213,
  "pitch": {
    "mean": 407.9,
    "max": 1418.64,
    "std": 235.48,
    "max_mean_ratio": 3.48
  },
  "energy": {
    "mean": 0.066659,
    "max": 0.239381,
    "std": 0.039667,
    "rate_of_change": 0.014159
  },
  "speech_rate": {
    "chars_per_sec": 15.0,
    "words_per_sec": 2.65,
    "segment_count": 11
  },
  "spectral_centroid": {
    "mean": 1984.68
  },
  "timeseries": {
    "frame_sec": 0.5,
    "pitch": [
      465.95,
      479.42,
      637.05,
      624.16,
      438.03,
      312.35,
      337.15,
      201.81,
      324.34,
      318.49,
      447.93,
      411.52,
      433.85,
      453.61,
      391.28,
      353.11,
      430.49,
      506.61,
      514.64,
      303.14,
      291.12,
      125.03,
      365.76,
      492.88,
      613.09,
      315.05,
      520.62,
      469.47,
      351.52,
      159.44,
      527.41,
      269.63,
      740.8
    ],
    "energy": [
      0.062608,
      0.094278,
      0.102606,
      0.075564,
      0.059394,
      0.039887,
      0.055601,
      0.034047,
      0.034222,
      0.072101,
      0.0673,
      0.06426,
      0.074021,
      0.053919,
      0.055043,
      0.05576,
      0.074151,
      0.064796,
      0.042729,
      0.050406,
      0.043482,
      0.026919,
      0.059247,
      0.090628,
      0.187249,
      0.041831,
      0.073563,
      0.084527,
      0.047663,
      0.021127,
      0.062399,
      0.044391,
      0.098657
    ],
    "spectral_centroid": [
      1807.63,
      1838.57,
      1784.75,
      1640.65,
      1621.74,
      1959.59,
      1726.63,
      2222.51,
      2342.23,
      2083.76,
      2037.95,
      1672.99,
      1710.09,
      2257.65,
      1980.99,
      1915.61,
      1592.0,
      2327.27,
      2398.12,
      2501.9,
      2301.56,
      1844.56,
      1912.87,
      2077.06,
      2279.89,
      2058.15,
      1890.72,
      1828.35,
      1938.82,
      1910.6,
      1956.88,
      2240.76,
      1806.96
    ]
  }
}