{
  "id": "3f7db0c8-0ce5-45ce-92ca-c4185feb4c37",
  "duration": 13.504,
  "pitch": {
    "mean": 336.39,
    "max": 1652.58,
    "std": 297.78,
    "max_mean_ratio": 4.91
  },
  "energy": {
    "mean": 0.074148,
    "max": 0.315407,
    "std": 0.052715,
    "rate_of_change": 0.022769
  },
  "speech_rate": {
    "chars_per_sec": 16.96,
    "words_per_sec": 3.04,
    "segment_count": 3
  },
  "spectral_centroid": {
    "mean": 1719.54
  },
  "timeseries": {
    "frame_sec": 0.5,
    "pitch": [
      170.35,
      197.81,
      224.78,
      231.65,
      220.57,
      284.57,
      181.37,
      297.4,
      223.46,
      370.99,
      134.32,
      161.66,
      202.45,
      302.14,
      294.25,
      361.3,
      322.51,
      581.85,
      675.45,
      282.39,
      523.61,
      1069.72,
      357.34,
      364.71,
      204.47,
      529.27,
      295.23,
      489.19
    ],
    "energy": [
      0.064705,
      0.087567,
      0.086821,
      0.089662,
      0.108288,
      0.073247,
      0.035563,
      0.071518,
      0.062739,
      0.098796,
      0.015242,
      0.009238,
      0.063506,
      0.109572,
      0.043513,
      0.011422,
      0.041379,
      0.045271,
      0.051193,
      0.083851,
      0.076229,
      0.141002,
      0.048835,
      0.050078,
      0.126987,
      0.135995,
      0.074041,
      0.025163
    ],
    "spectral_centroid": [
      1559.2,
      1432.69,
      1456.62,
      1839.25,
      1209.43,
      1282.81,
      1841.69,
      1597.6,
      1550.18,
      1820.48,
      1718.85,
      2125.14,
      1999.43,
      1553.25,
      2205.01,
      2271.18,
      2047.53,
      2161.63,
      1590.82,
      1532.53,
      1848.74,
      2004.07,
      2469.17,
      1746.62,
      1147.69,
      1560.79,
      1039.48,
      1485.22
    ]
  }
}