{
  "id": "4004b1dd-386c-47b5-b4e2-266e5803afd4",
  "duration": 20.651,
  "pitch": {
    "mean": 598.29,
    "max": 2081.99,
    "std": 399.44,
    "max_mean_ratio": 3.48
  },
  "energy": {
    "mean": 0.089337,
    "max": 0.351181,
    "std": 0.069463,
    "rate_of_change": 0.016589
  },
  "speech_rate": {
    "chars_per_sec": 14.37,
    "words_per_sec": 2.91,
    "segment_count": 4
  },
  "spectral_centroid": {
    "mean": 2175.43
  },
  "timeseries": {
    "frame_sec": 0.5,
    "pitch": [
      296.51,
      760.2,
      197.41,
      771.18,
      633.26,
      574.29,
      402.38,
      499.26,
      581.07,
      342.81,
      429.76,
      720.12,
      413.77,
      407.14,
      477.38,
      618.88,
      811.01,
      537.81,
      547.89,
      343.97,
      633.38,
      910.19,
      539.3,
      723.61,
      770.43,
      743.63,
      843.9,
      597.16,
      790.5,
      745.16,
      698.96,
      596.93,
      734.3,
      873.87,
      1052.01,
      455.28,
      552.93,
      754.0,
      655.58,
      468.47,
      393.79,
      450.59
    ],
    "energy": [
      0.014712,
      0.013564,
      0.014891,
      0.011967,
      0.029066,
      0.065968,
      0.056621,
      0.018114,
      0.048126,
      0.026841,
      0.080317,
      0.057272,
      0.060003,
      0.061303,
      0.058147,
      0.043469,
      0.082632,
      0.081313,
      0.055056,
      0.074341,
      0.063062,
      0.021066,
      0.084294,
      0.20507,
      0.15945,
      0.222669,
      0.167,
      0.195858,
      0.185194,
      0.223037,
      0.131555,
      0.111363,
      0.119776,
      0.118299,
      0.132532,
      0.067478,
      0.0772,
      0.072475,
      0.082006,
      0.056267,
      0.060865,
      0.066491
    ],
    "spectral_centroid": [
      1878.6,
      2160.79,
      1976.85,
      1901.39,
      1866.95,
      1446.3,
      1527.47,
      1795.33,
      1997.91,
      2626.97,
      2181.69,
      1649.26,
      1742.62,
      1579.24,
      2079.51,
      2238.56,
      2233.97,
      2711.06,
      3287.21,
      2395.41,
      2068.1,
      2004.05,
      1715.47,
      1859.54,
      2290.16,
      2115.74,
      2076.6,
      2255.27,
      2254.28,
      1630.78,
      2415.46,
      2539.39,
      2395.52,
      2905.49,
      2320.65,
      3091.15,
      1982.69,
      2491.07,
      2323.96,
      2269.15,
      2919.02,
      1706.41
    ]
  }
}