{
  "id": "402e8f05-e074-4e6d-8eb7-65a9ff9f8238",
  "duration": 9.003,
  "pitch": {
    "mean": 391.91,
    "max": 2084.41,
    "std": 527.13,
    "max_mean_ratio": 5.32
  },
  "energy": {
    "mean": 0.023678,
    "max": 0.044462,
    "std": 0.009318,
    "rate_of_change": 0.004357
  },
  "speech_rate": {
    "chars_per_sec": 8.77,
    "words_per_sec": 1.75,
    "segment_count": 3
  },
  "spectral_centroid": {
    "mean": 2355.69
  },
  "timeseries": {
    "frame_sec": 0.5,
    "pitch": [
      222.73,
      254.23,
      246.35,
      221.78,
      314.63,
      318.79,
      121.99,
      123.16,
      321.1,
      585.99,
      174.39,
      237.19,
      428.03,
      704.88,
      1524.84,
      882.2,
      308.69,
      166.82,
      172.34
    ],
    "energy": [
      0.018654,
      0.035457,
      0.030347,
      0.016702,
      0.022076,
      0.014272,
      0.018317,
      0.012402,
      0.012014,
      0.021543,
      0.024073,
      0.027063,
      0.029244,
      0.036016,
      0.026786,
      0.031869,
      0.022312,
      0.010153,
      0.00071
    ],
    "spectral_centroid": [
      2492.05,
      2474.98,
      2505.1,
      2057.81,
      2365.56,
      2342.13,
      2679.29,
      2479.75,
      2353.93,
      2348.79,
      2125.34,
      2281.66,
      2160.57,
      2713.87,
      2389.44,
      2073.51,
      2292.37,
      2236.51,
      2287.38
    ]
  }
}