{
  "id": "4033370e-1a90-4af8-946f-f0446aa52f34",
  "duration": 7.211,
  "pitch": {
    "mean": 249.83,
    "max": 1996.44,
    "std": 257.19,
    "max_mean_ratio": 7.99
  },
  "energy": {
    "mean": 0.046018,
    "max": 0.086436,
    "std": 0.012463,
    "rate_of_change": 0.008291
  },
  "speech_rate": {
    "chars_per_sec": 5.69,
    "words_per_sec": 1.25,
    "segment_count": 1
  },
  "spectral_centroid": {
    "mean": 1811.52
  },
  "timeseries": {
    "frame_sec": 0.5,
    "pitch": [
      290.26,
      108.58,
      117.21,
      115.84,
      130.96,
      203.45,
      502.28,
      672.96,
      237.5,
      358.65,
      125.99,
      129.63,
      171.54,
      264.0,
      222.02
    ],
    "energy": [
      0.040938,
      0.03353,
      0.043891,
      0.035963,
      0.036223,
      0.039376,
      0.04626,
      0.049123,
      0.030317,
      0.052605,
      0.044948,
      0.049468,
      0.045554,
      0.064015,
      0.059694
    ],
    "spectral_centroid": [
      1880.65,
      1639.69,
      1756.09,
      1610.81,
      1658.53,
      1887.94,
      1969.03,
      1713.26,
      1673.97,
      1689.31,
      2051.18,
      1782.72,
      1884.03,
      1993.98,
      2157.01
    ]
  }
}