{
  "id": "4037bbde-0d34-49f3-accd-2c43ff4b5c45",
  "duration": 11.243,
  "pitch": {
    "mean": 237.59,
    "max": 1411.09,
    "std": 194.09,
    "max_mean_ratio": 5.94
  },
  "energy": {
    "mean": 0.030453,
    "max": 0.113094,
    "std": 0.030585,
    "rate_of_change": 0.009789
  },
  "speech_rate": {
    "chars_per_sec": 6.87,
    "words_per_sec": 1.22,
    "segment_count": 4
  },
  "spectral_centroid": {
    "mean": 1911.75
  },
  "timeseries": {
    "frame_sec": 0.5,
    "pitch": [
      147.32,
      267.79,
      434.95,
      303.5,
      347.11,
      202.27,
      150.54,
      192.49,
      134.82,
      145.03,
      265.48,
      316.79,
      274.63,
      426.27,
      128.73,
      130.81,
      102.83,
      153.57,
      155.08,
      153.38,
      195.72,
      471.38,
      418.84
    ],
    "energy": [
      0.006143,
      0.029154,
      0.066145,
      0.059642,
      0.028146,
      0.006152,
      0.007552,
      0.005796,
      0.011642,
      0.011031,
      0.004766,
      0.058043,
      0.05423,
      0.068231,
      0.005481,
      0.007394,
      0.008773,
      0.007326,
      0.010846,
      0.046489,
      0.036113,
      0.080891,
      0.065938
    ],
    "spectral_centroid": [
      1984.87,
      1538.3,
      1558.84,
      1798.35,
      1660.56,
      2041.0,
      2546.64,
      2173.54,
      1874.96,
      1855.56,
      2231.96,
      1440.01,
      2212.17,
      1869.76,
      1863.5,
      1837.42,
      1770.0,
      2477.79,
      2224.19,
      1714.72,
      1981.94,
      1436.58,
      1899.26
    ]
  }
}