{
  "id": "406b2d16-547d-496b-895c-f780d327ffe1",
  "duration": 7.275,
  "pitch": {
    "mean": 377.54,
    "max": 1773.91,
    "std": 277.27,
    "max_mean_ratio": 4.7
  },
  "energy": {
    "mean": 0.102776,
    "max": 0.231914,
    "std": 0.05551,
    "rate_of_change": 0.028939
  },
  "speech_rate": {
    "chars_per_sec": 12.81,
    "words_per_sec": 2.2,
    "segment_count": 5
  },
  "spectral_centroid": {
    "mean": 1695.77
  },
  "timeseries": {
    "frame_sec": 0.5,
    "pitch": [
      454.34,
      608.85,
      480.98,
      187.4,
      353.1,
      119.43,
      456.63,
      179.14,
      306.25,
      490.04,
      322.13,
      294.34,
      450.73,
      550.68,
      349.51
    ],
    "energy": [
      0.155189,
      0.165619,
      0.128167,
      0.04414,
      0.051105,
      0.030685,
      0.086197,
      0.071848,
      0.082357,
      0.131827,
      0.05771,
      0.094204,
      0.12391,
      0.171548,
      0.081276
    ],
    "spectral_centroid": [
      1843.38,
      1609.62,
      1435.43,
      1699.24,
      1731.41,
      1440.59,
      1546.61,
      1682.24,
      1848.44,
      1807.17,
      1746.56,
      1831.72,
      1694.01,
      1583.81,
      2156.04
    ]
  }
}