{
  "id": "40b3d6da-e82e-4d75-8a69-0e3b4f1b7e05",
  "duration": 9.579,
  "pitch": {
    "mean": 529.9,
    "max": 1989.68,
    "std": 349.9,
    "max_mean_ratio": 3.75
  },
  "energy": {
    "mean": 0.059002,
    "max": 0.18632,
    "std": 0.036091,
    "rate_of_change": 0.018586
  },
  "speech_rate": {
    "chars_per_sec": 14.54,
    "words_per_sec": 2.41,
    "segment_count": 5
  },
  "spectral_centroid": {
    "mean": 2288.42
  },
  "timeseries": {
    "frame_sec": 0.5,
    "pitch": [
      661.01,
      593.31,
      404.65,
      444.43,
      752.95,
      553.86,
      745.43,
      535.85,
      589.19,
      477.14,
      522.59,
      325.4,
      495.98,
      533.62,
      670.91,
      336.06,
      416.01,
      464.14,
      497.38,
      525.66
    ],
    "energy": [
      0.103873,
      0.069832,
      0.045934,
      0.046834,
      0.062676,
      0.036456,
      0.009614,
      0.049204,
      0.068662,
      0.04265,
      0.05367,
      0.035948,
      0.072489,
      0.048482,
      0.074402,
      0.048385,
      0.089168,
      0.049079,
      0.064953,
      0.053708
    ],
    "spectral_centroid": [
      2390.85,
      2124.53,
      2590.75,
      2090.95,
      2220.91,
      2036.21,
      2199.83,
      2649.5,
      2506.66,
      2515.21,
      2288.84,
      3010.05,
      2246.93,
      1921.72,
      2259.62,
      2229.93,
      1963.12,
      1918.55,
      2214.41,
      2047.55
    ]
  }
}