{
  "id": "40b87a1d-f271-45b4-9360-0211803649ac",
  "duration": 12.437,
  "pitch": {
    "mean": 455.13,
    "max": 1952.6,
    "std": 328.76,
    "max_mean_ratio": 4.29
  },
  "energy": {
    "mean": 0.075141,
    "max": 0.203225,
    "std": 0.043931,
    "rate_of_change": 0.015213
  },
  "speech_rate": {
    "chars_per_sec": 10.71,
    "words_per_sec": 1.85,
    "segment_count": 7
  },
  "spectral_centroid": {
    "mean": 1843.88
  },
  "timeseries": {
    "frame_sec": 0.5,
    "pitch": [
      542.45,
      588.16,
      594.98,
      519.2,
      285.79,
      287.93,
      520.38,
      216.75,
      284.07,
      114.5,
      448.26,
      341.17,
      316.53,
      452.66,
      350.43,
      535.17,
      392.01,
      322.61,
      115.06,
      393.88,
      342.32,
      1071.34,
      641.05,
      655.42,
      838.82
    ],
    "energy": [
      0.096146,
      0.092674,
      0.068463,
      0.057009,
      0.036742,
      0.032656,
      0.079756,
      0.025861,
      0.050172,
      0.048103,
      0.08422,
      0.108334,
      0.052239,
      0.083167,
      0.088457,
      0.087996,
      0.054391,
      0.079062,
      0.021668,
      0.083085,
      0.098162,
      0.126185,
      0.074082,
      0.103064,
      0.06092
    ],
    "spectral_centroid": [
      1899.22,
      1853.19,
      1698.41,
      1923.43,
      2071.07,
      1899.77,
      1623.64,
      1638.75,
      2012.48,
      1750.87,
      1654.56,
      1919.11,
      1729.88,
      1809.61,
      2225.92,
      1898.86,
      1685.99,
      1631.63,
      1710.34,
      2005.78,
      1832.71,
      2119.06,
      1883.41,
      1802.15,
      1782.5
    ]
  }
}