{
  "id": "40cdb0f2-566d-43a2-afa1-1b63b4149162",
  "duration": 8.576,
  "pitch": {
    "mean": 321.58,
    "max": 922.12,
    "std": 199.91,
    "max_mean_ratio": 2.87
  },
  "energy": {
    "mean": 0.048251,
    "max": 0.147117,
    "std": 0.031752,
    "rate_of_change": 0.016484
  },
  "speech_rate": {
    "chars_per_sec": 14.37,
    "words_per_sec": 2.57,
    "segment_count": 4
  },
  "spectral_centroid": {
    "mean": 1803.83
  },
  "timeseries": {
    "frame_sec": 0.5,
    "pitch": [
      364.93,
      249.81,
      143.4,
      222.89,
      393.9,
      289.83,
      269.52,
      305.76,
      203.0,
      513.14,
      380.06,
      360.03,
      183.38,
      632.65,
      197.52,
      374.03,
      368.16,
      625.89
    ],
    "energy": [
      0.058308,
      0.025088,
      0.027776,
      0.011245,
      0.032508,
      0.031833,
      0.029402,
      0.038505,
      0.016046,
      0.073198,
      0.0578,
      0.055904,
      0.03298,
      0.062256,
      0.045162,
      0.074954,
      0.10282,
      0.098591
    ],
    "spectral_centroid": [
      1138.3,
      1703.18,
      1901.36,
      2375.48,
      1543.28,
      1949.58,
      1926.88,
      1468.56,
      1606.02,
      1662.89,
      1990.51,
      1630.95,
      1810.21,
      1686.03,
      2253.87,
      1807.24,
      2361.7,
      1762.68
    ]
  }
}