{
  "id": "40d08523-7eda-4701-a7c4-d31d417cdadc",
  "duration": 9.365,
  "pitch": {
    "mean": 363.72,
    "max": 1766.01,
    "std": 252.14,
    "max_mean_ratio": 4.86
  },
  "energy": {
    "mean": 0.103636,
    "max": 0.291533,
    "std": 0.058379,
    "rate_of_change": 0.028848
  },
  "speech_rate": {
    "chars_per_sec": 10.39,
    "words_per_sec": 2.03,
    "segment_count": 7
  },
  "spectral_centroid": {
    "mean": 1908.57
  },
  "timeseries": {
    "frame_sec": 0.5,
    "pitch": [
      445.0,
      403.02,
      485.21,
      342.49,
      219.2,
      316.51,
      509.47,
      396.16,
      337.97,
      521.65,
      445.97,
      218.36,
      266.75,
      526.51,
      331.24,
      115.9,
      187.55,
      319.49,
      579.98
    ],
    "energy": [
      0.097451,
      0.08092,
      0.137136,
      0.069847,
      0.024956,
      0.048843,
      0.125419,
      0.121724,
      0.106986,
      0.136867,
      0.148983,
      0.076222,
      0.122732,
      0.170728,
      0.111348,
      0.033917,
      0.051284,
      0.0945,
      0.124406
    ],
    "spectral_centroid": [
      1760.44,
      1809.03,
      1703.67,
      2018.4,
      2062.09,
      1784.91,
      1798.29,
      1726.72,
      1692.54,
      1851.85,
      1744.91,
      1987.4,
      2269.67,
      2005.57,
      1990.97,
      1934.88,
      2346.78,
      2052.76,
      1623.38
    ]
  }
}