{
  "id": "415e7382-e5df-4a79-ae2b-dbe18af1c44f",
  "duration": 7.147,
  "pitch": {
    "mean": 357.57,
    "max": 1486.79,
    "std": 266.5,
    "max_mean_ratio": 4.16
  },
  "energy": {
    "mean": 0.124226,
    "max": 0.549601,
    "std": 0.101781,
    "rate_of_change": 0.074533
  },
  "speech_rate": {
    "chars_per_sec": 10.36,
    "words_per_sec": 2.24,
    "segment_count": 1
  },
  "spectral_centroid": {
    "mean": 1741.17
  },
  "timeseries": {
    "frame_sec": 0.5,
    "pitch": [
      347.72,
      235.15,
      190.87,
      195.93,
      162.11,
      276.9,
      429.14,
      290.53,
      578.93,
      208.56,
      483.1,
      530.26,
      570.0,
      430.34,
      271.85
    ],
    "energy": [
      0.08164,
      0.076912,
      0.03097,
      0.040546,
      0.041592,
      0.067971,
      0.11694,
      0.108539,
      0.20379,
      0.034997,
      0.140594,
      0.185768,
      0.329929,
      0.217687,
      0.083673
    ],
    "spectral_centroid": [
      1472.0,
      1563.27,
      1469.13,
      1195.21,
      1506.46,
      1497.83,
      1822.8,
      1779.5,
      1719.46,
      1726.02,
      1956.87,
      2201.13,
      2023.86,
      2103.37,
      2907.51
    ]
  }
}