{
  "id": "41e1c4b7-cbbf-4157-9361-d146f3fcd9cc",
  "duration": 18.048,
  "pitch": {
    "mean": 502.45,
    "max": 2088.0,
    "std": 461.78,
    "max_mean_ratio": 4.16
  },
  "energy": {
    "mean": 0.270248,
    "max": 0.624271,
    "std": 0.152396,
    "rate_of_change": 0.032919
  },
  "speech_rate": {
    "chars_per_sec": 14.76,
    "words_per_sec": 2.55,
    "segment_count": 5
  },
  "spectral_centroid": {
    "mean": 2090.99
  },
  "timeseries": {
    "frame_sec": 0.5,
    "pitch": [
      603.89,
      519.17,
      616.6,
      777.6,
      859.42,
      704.49,
      780.9,
      353.86,
      425.26,
      596.14,
      336.34,
      543.11,
      324.04,
      210.71,
      200.37,
      188.17,
      213.17,
      391.05,
      460.08,
      392.21,
      701.85,
      352.89,
      709.22,
      413.4,
      400.87,
      377.41,
      239.94,
      405.55,
      623.34,
      521.66,
      264.24,
      1195.55,
      588.42,
      570.07,
      322.5,
      759.66,
      150.03
    ],
    "energy": [
      0.388206,
      0.365673,
      0.390235,
      0.420429,
      0.426027,
      0.352041,
      0.371358,
      0.190641,
      0.383029,
      0.331103,
      0.350424,
      0.30482,
      0.080439,
      0.061731,
      0.104479,
      0.082432,
      0.058874,
      0.084006,
      0.19168,
      0.2986,
      0.268168,
      0.177149,
      0.184443,
      0.169646,
      0.24201,
      0.296958,
      0.099704,
      0.249362,
      0.319371,
      0.257639,
      0.161724,
      0.410495,
      0.332619,
      0.317685,
      0.375459,
      0.276751,
      0.026341
    ],
    "spectral_centroid": [
      2954.61,
      2356.35,
      2117.9,
      1996.7,
      2474.7,
      2300.28,
      2115.88,
      2719.6,
      1956.51,
      1909.08,
      2198.92,
      2466.68,
      2015.27,
      1983.26,
      1857.08,
      1862.57,
      2204.1,
      1847.67,
      2465.49,
      1899.01,
      1663.2,
      2525.47,
      2107.01,
      1847.8,
      1444.92,
      1663.68,
      1967.08,
      1821.7,
      1524.03,
      1656.86,
      2095.37,
      2034.04,
      1881.94,
      3041.61,
      2271.66,
      1951.23,
      2186.77
    ]
  }
}