{
  "id": "42588f94-d1f7-4e6a-aec1-4b63da2c9a44",
  "duration": 41.344,
  "pitch": {
    "mean": 437.35,
    "max": 2089.35,
    "std": 392.13,
    "max_mean_ratio": 4.78
  },
  "energy": {
    "mean": 0.050504,
    "max": 0.140416,
    "std": 0.030045,
    "rate_of_change": 0.003221
  },
  "speech_rate": {
    "chars_per_sec": 8.03,
    "words_per_sec": 1.38,
    "segment_count": 21
  },
  "spectral_centroid": {
    "mean": 2156.91
  },
  "timeseries": {
    "frame_sec": 0.5,
    "pitch": [
      410.38,
      273.31,
      430.17,
      649.67,
      398.32,
      610.37,
      1391.16,
      433.73,
      446.71,
      467.38,
      113.96,
      444.41,
      750.46,
      431.7,
      134.67,
      486.42,
      698.3,
      303.01,
      269.26,
      482.74,
      802.28,
      515.96,
      583.47,
      261.03,
      517.56,
      182.3,
      525.57,
      496.85,
      600.23,
      409.99,
      417.8,
      409.75,
      398.35,
      238.92,
      169.35,
      366.03,
      288.19,
      517.24,
      126.39,
      488.93,
      377.43,
      316.84,
      441.2,
      339.95,
      405.11,
      456.45,
      545.98,
      136.99,
      429.32,
      705.4,
      616.2,
      385.0,
      377.78,
      293.71,
      260.69,
      102.52,
      364.52,
      424.33,
      860.85,
      450.61,
      362.29,
      375.38,
      337.42,
      153.45,
      178.63,
      499.46,
      250.65,
      97.57,
      116.53,
      509.13,
      103.24,
      273.95,
      380.88,
      109.11,
      115.83,
      501.37,
      1062.25,
      287.16,
      794.92,
      982.53,
      968.34,
      894.15,
      602.7
    ],
    "energy": [
      0.010302,
      0.034488,
      0.046785,
      0.027584,
      0.034487,
      0.07276,
      0.105429,
      0.077295,
      0.084049,
      0.04731,
      0.018488,
      0.037771,
      0.042542,
      0.033694,
      0.021985,
      0.063437,
      0.083251,
      0.064044,
      0.041767,
      0.041499,
      0.04894,
      0.070086,
      0.066572,
      0.043957,
      0.045486,
      0.028944,
      0.065387,
      0.07001,
      0.081343,
      0.067267,
      0.045609,
      0.045976,
      0.040968,
      0.043348,
      0.021838,
      0.037299,
      0.039196,
      0.042144,
      0.02433,
      0.044404,
      0.024104,
      0.024768,
      0.038555,
      0.039327,
      0.051039,
      0.050601,
      0.058055,
      0.023734,
      0.042011,
      0.047102,
      0.049518,
      0.045679,
      0.055745,
      0.055371,
      0.027153,
      0.016797,
      0.057049,
      0.068857,
      0.06372,
      0.075439,
      0.044957,
      0.042569,
      0.040101,
      0.019571,
      0.02989,
      0.048716,
      0.022788,
      0.018637,
      0.021265,
      0.017533,
      0.01867,
      0.047565,
      0.035902,
      0.028488,
      0.017247,
      0.048999,
      0.109289,
      0.036522,
      0.089813,
      0.117371,
      0.123566,
      0.110482,
      0.043334
    ],
    "spectral_centroid": [
      2524.07,
      2172.26,
      2228.03,
      2640.56,
      2387.93,
      2096.16,
      1966.56,
      1986.63,
      2181.82,
      2462.56,
      2498.17,
      2563.58,
      2244.55,
      2583.12,
      2190.89,
      1966.22,
      1723.47,
      1678.38,
      1847.43,
      2230.81,
      2004.29,
      1857.34,
      1902.79,
      2809.9,
      2033.7,
      2190.21,
      2119.09,
      2064.35,
      1812.04,
      2147.86,
      2062.55,
      2517.13,
      2428.54,
      2355.77,
      2298.11,
      2093.08,
      2094.68,
      2152.44,
      2143.44,
      2271.79,
      2230.89,
      2170.57,
      2152.24,
      1965.18,
      2166.17,
      1900.84,
      1751.62,
      2287.49,
      2314.61,
      2020.4,
      2163.09,
      1867.69,
      1667.66,
      1734.89,
      1998.11,
      2344.93,
      1877.27,
      2080.67,
      2405.17,
      1555.61,
      2398.25,
      2189.23,
      2132.18,
      2453.55,
      2359.88,
      1657.86,
      2072.78,
      2254.31,
      2287.05,
      2314.51,
      2203.8,
      1748.27,
      2061.96,
      2018.77,
      2358.5,
      2715.55,
      2288.95,
      2029.48,
      2141.02,
      2242.82,
      2396.7,
      2197.95,
      2190.08
    ]
  }
}