{
  "id": "426093ae-9f74-4464-935d-dfa88bc370dd",
  "duration": 9.963,
  "pitch": {
    "mean": 488.24,
    "max": 1813.98,
    "std": 303.41,
    "max_mean_ratio": 3.72
  },
  "energy": {
    "mean": 0.08222,
    "max": 0.197581,
    "std": 0.044516,
    "rate_of_change": 0.01863
  },
  "speech_rate": {
    "chars_per_sec": 12.4,
    "words_per_sec": 1.9,
    "segment_count": 6
  },
  "spectral_centroid": {
    "mean": 1879.83
  },
  "timeseries": {
    "frame_sec": 0.5,
    "pitch": [
      115.64,
      328.21,
      382.5,
      415.55,
      455.7,
      497.2,
      359.98,
      385.74,
      514.19,
      337.55,
      689.49,
      768.93,
      465.38,
      347.74,
      438.81,
      318.67,
      634.64,
      704.96,
      626.79,
      974.36
    ],
    "energy": [
      0.020116,
      0.043721,
      0.067651,
      0.081616,
      0.052882,
      0.085637,
      0.0506,
      0.058227,
      0.07722,
      0.030689,
      0.100638,
      0.129646,
      0.088386,
      0.056921,
      0.053707,
      0.062563,
      0.152196,
      0.129868,
      0.101537,
      0.138481
    ],
    "spectral_centroid": [
      1402.15,
      2031.75,
      1638.33,
      1835.34,
      2612.21,
      2454.28,
      1627.53,
      1457.43,
      1429.47,
      1805.84,
      2394.51,
      2208.76,
      1294.67,
      1713.82,
      1659.15,
      1740.32,
      2169.87,
      1807.39,
      2152.97,
      2143.34
    ]
  }
}