{
  "id": "430b0ee1-ea27-4eef-8ba4-6a721442998e",
  "duration": 5.269,
  "pitch": {
    "mean": 530.04,
    "max": 1431.12,
    "std": 299.41,
    "max_mean_ratio": 2.7
  },
  "energy": {
    "mean": 0.0842,
    "max": 0.242607,
    "std": 0.061284,
    "rate_of_change": 0.044031
  },
  "speech_rate": {
    "chars_per_sec": 9.54,
    "words_per_sec": 1.91,
    "segment_count": 2
  },
  "spectral_centroid": {
    "mean": 1784.91
  },
  "timeseries": {
    "frame_sec": 0.5,
    "pitch": [
      208.55,
      556.46,
      896.09,
      376.1,
      739.86,
      519.6,
      568.92,
      407.0,
      439.57,
      663.0,
      351.42
    ],
    "energy": [
      0.03757,
      0.14733,
      0.146757,
      0.06925,
      0.185972,
      0.056804,
      0.063004,
      0.030775,
      0.049734,
      0.040377,
      0.041805
    ],
    "spectral_centroid": [
      1842.07,
      1685.1,
      1693.31,
      2462.96,
      1706.9,
      2002.07,
      1993.33,
      1751.36,
      1359.2,
      1447.07,
      1444.41
    ]
  }
}