{
  "id": "436def31-1924-42ee-adb5-18f3300a130b",
  "duration": 8.789,
  "pitch": {
    "mean": 567.02,
    "max": 1807.57,
    "std": 371.54,
    "max_mean_ratio": 3.19
  },
  "energy": {
    "mean": 0.063816,
    "max": 0.177717,
    "std": 0.036282,
    "rate_of_change": 0.018782
  },
  "speech_rate": {
    "chars_per_sec": 12.35,
    "words_per_sec": 2.06,
    "segment_count": 5
  },
  "spectral_centroid": {
    "mean": 2020.04
  },
  "timeseries": {
    "frame_sec": 0.5,
    "pitch": [
      924.63,
      1115.31,
      536.69,
      715.83,
      814.12,
      582.16,
      342.89,
      346.47,
      549.36,
      383.94,
      478.0,
      258.0,
      672.26,
      496.3,
      682.43,
      479.62,
      503.97,
      470.67
    ],
    "energy": [
      0.064305,
      0.071833,
      0.057253,
      0.137779,
      0.061088,
      0.056112,
      0.052957,
      0.057087,
      0.049684,
      0.043229,
      0.04769,
      0.026664,
      0.080006,
      0.046721,
      0.076734,
      0.059356,
      0.062934,
      0.03619
    ],
    "spectral_centroid": [
      2237.71,
      2343.96,
      1997.36,
      2101.68,
      2082.0,
      1813.16,
      1724.67,
      1233.03,
      2121.29,
      2014.92,
      1925.01,
      2162.89,
      2181.4,
      2046.79,
      1980.35,
      2303.77,
      2096.93,
      1827.3
    ]
  }
}