{
  "id": "43d324a6-786b-476f-9316-e5045615c864",
  "duration": 11.307,
  "pitch": {
    "mean": 507.49,
    "max": 1461.13,
    "std": 234.7,
    "max_mean_ratio": 2.88
  },
  "energy": {
    "mean": 0.075993,
    "max": 0.287067,
    "std": 0.068649,
    "rate_of_change": 0.024704
  },
  "speech_rate": {
    "chars_per_sec": 18.14,
    "words_per_sec": 3.72,
    "segment_count": 4
  },
  "spectral_centroid": {
    "mean": 1685.12
  },
  "timeseries": {
    "frame_sec": 0.5,
    "pitch": [
      542.59,
      423.31,
      442.78,
      349.54,
      438.24,
      434.1,
      430.11,
      462.56,
      546.22,
      484.69,
      399.92,
      408.18,
      365.55,
      548.97,
      549.95,
      620.18,
      555.83,
      447.28,
      864.73,
      703.39,
      668.15,
      549.65,
      344.76
    ],
    "energy": [
      0.019208,
      0.022859,
      0.019161,
      0.023159,
      0.026634,
      0.035502,
      0.018089,
      0.035384,
      0.007819,
      0.017689,
      0.057684,
      0.067858,
      0.058432,
      0.08763,
      0.164985,
      0.197092,
      0.150626,
      0.070893,
      0.136232,
      0.129117,
      0.141873,
      0.11287,
      0.060201
    ],
    "spectral_centroid": [
      1916.82,
      1645.63,
      1362.96,
      1743.62,
      1479.4,
      1636.36,
      2154.63,
      1902.42,
      1808.44,
      1845.54,
      2012.44,
      1423.14,
      2048.33,
      1468.28,
      1216.09,
      1384.6,
      1281.05,
      2375.99,
      1606.32,
      1425.26,
      1535.62,
      1682.23,
      1701.72
    ]
  }
}