{
  "id": "444f4909-d7ad-4a98-a96c-383203d136cd",
  "duration": 11.712,
  "pitch": {
    "mean": 515.56,
    "max": 2084.77,
    "std": 360.06,
    "max_mean_ratio": 4.04
  },
  "energy": {
    "mean": 0.06482,
    "max": 0.162095,
    "std": 0.034476,
    "rate_of_change": 0.013372
  },
  "speech_rate": {
    "chars_per_sec": 11.12,
    "words_per_sec": 2.07,
    "segment_count": 6
  },
  "spectral_centroid": {
    "mean": 2186.76
  },
  "timeseries": {
    "frame_sec": 0.5,
    "pitch": [
      444.56,
      397.34,
      675.64,
      457.45,
      568.52,
      416.8,
      280.75,
      346.82,
      439.28,
      591.67,
      329.85,
      511.48,
      374.86,
      541.93,
      487.02,
      698.48,
      606.49,
      643.42,
      534.58,
      898.81,
      354.67,
      740.62,
      435.27,
      652.66
    ],
    "energy": [
      0.047304,
      0.044518,
      0.081485,
      0.048976,
      0.088263,
      0.024279,
      0.011381,
      0.061889,
      0.057582,
      0.069379,
      0.033413,
      0.054967,
      0.049161,
      0.06175,
      0.06197,
      0.051915,
      0.062673,
      0.062831,
      0.081927,
      0.106867,
      0.064729,
      0.094257,
      0.087129,
      0.106637
    ],
    "spectral_centroid": [
      1902.31,
      2160.45,
      2388.13,
      2585.54,
      2084.6,
      1929.05,
      2134.08,
      2235.69,
      2056.38,
      2295.61,
      1784.47,
      1701.84,
      2317.3,
      2613.74,
      2417.53,
      2616.04,
      2221.93,
      2056.56,
      2326.24,
      2150.98,
      2511.95,
      1975.46,
      2028.93,
      1772.43
    ]
  }
}