{
  "id": "44658061-aada-49ba-bd1a-40de8204a6b0",
  "duration": 11.883,
  "pitch": {
    "mean": 407.52,
    "max": 1977.78,
    "std": 360.33,
    "max_mean_ratio": 4.85
  },
  "energy": {
    "mean": 0.02516,
    "max": 0.13019,
    "std": 0.021018,
    "rate_of_change": 0.010769
  },
  "speech_rate": {
    "chars_per_sec": 13.05,
    "words_per_sec": 2.19,
    "segment_count": 5
  },
  "spectral_centroid": {
    "mean": 1953.6
  },
  "timeseries": {
    "frame_sec": 0.5,
    "pitch": [
      554.04,
      377.55,
      327.67,
      352.86,
      415.12,
      402.8,
      140.48,
      140.66,
      267.99,
      404.09,
      451.38,
      524.17,
      389.28,
      512.56,
      422.23,
      600.09,
      241.68,
      670.44,
      478.82,
      519.3,
      354.38,
      279.7,
      664.78,
      490.71
    ],
    "energy": [
      0.018616,
      0.029622,
      0.02508,
      0.023683,
      0.020265,
      0.01042,
      0.007106,
      0.005322,
      0.009486,
      0.021116,
      0.026818,
      0.04398,
      0.028616,
      0.021322,
      0.012556,
      0.007072,
      0.024749,
      0.023705,
      0.009157,
      0.014926,
      0.019547,
      0.044234,
      0.087064,
      0.047204
    ],
    "spectral_centroid": [
      2554.17,
      1787.76,
      1991.53,
      1972.91,
      1969.69,
      1996.25,
      2112.49,
      2054.88,
      2131.55,
      1664.9,
      1933.38,
      1855.73,
      1817.51,
      1953.25,
      1913.33,
      1989.62,
      1806.92,
      1938.72,
      2001.72,
      1715.8,
      2094.39,
      2004.28,
      1666.1,
      1865.33
    ]
  }
}