{
  "id": "45338161-a132-40a8-b0bb-e1d2205f9ff2",
  "duration": 7.893,
  "pitch": {
    "mean": 412.92,
    "max": 2088.9,
    "std": 268.6,
    "max_mean_ratio": 5.06
  },
  "energy": {
    "mean": 0.023625,
    "max": 0.109382,
    "std": 0.018449,
    "rate_of_change": 0.013332
  },
  "speech_rate": {
    "chars_per_sec": 22.24,
    "words_per_sec": 4.76,
    "segment_count": 2
  },
  "spectral_centroid": {
    "mean": 1856.14
  },
  "timeseries": {
    "frame_sec": 0.5,
    "pitch": [
      249.59,
      419.11,
      394.37,
      330.55,
      225.66,
      453.35,
      336.05,
      334.07,
      385.51,
      428.3,
      481.14,
      653.47,
      468.79,
      417.77,
      498.36,
      452.37
    ],
    "energy": [
      0.014082,
      0.017217,
      0.012651,
      0.015394,
      0.009761,
      0.010033,
      0.011677,
      0.011732,
      0.014434,
      0.019626,
      0.041308,
      0.050429,
      0.035085,
      0.037075,
      0.026912,
      0.03646
    ],
    "spectral_centroid": [
      1898.27,
      1516.42,
      1908.23,
      1851.12,
      1476.47,
      1522.48,
      1823.52,
      1699.07,
      1644.86,
      1730.12,
      1860.2,
      2469.32,
      1823.63,
      1991.76,
      2355.51,
      2082.6
    ]
  }
}