{
  "id": "457b3c3e-4542-43df-b1a4-391bf63a4938",
  "duration": 12.16,
  "pitch": {
    "mean": 238.87,
    "max": 2030.96,
    "std": 205.9,
    "max_mean_ratio": 8.5
  },
  "energy": {
    "mean": 0.044293,
    "max": 0.101292,
    "std": 0.029677,
    "rate_of_change": 0.007607
  },
  "speech_rate": {
    "chars_per_sec": 5.1,
    "words_per_sec": 0.9,
    "segment_count": 3
  },
  "spectral_centroid": {
    "mean": 1994.53
  },
  "timeseries": {
    "frame_sec": 0.5,
    "pitch": [
      122.26,
      146.01,
      123.61,
      316.31,
      128.15,
      166.24,
      108.51,
      199.85,
      238.99,
      215.73,
      235.42,
      138.58,
      299.61,
      391.63,
      435.35,
      303.36,
      390.35,
      232.03,
      152.08,
      147.75,
      156.25,
      441.58,
      335.86,
      413.57,
      262.48
    ],
    "energy": [
      0.013104,
      0.021081,
      0.015396,
      0.018475,
      0.020818,
      0.01827,
      0.020313,
      0.017617,
      0.012773,
      0.05554,
      0.071831,
      0.033327,
      0.071099,
      0.071679,
      0.077933,
      0.072213,
      0.073948,
      0.021432,
      0.02146,
      0.021921,
      0.032036,
      0.078523,
      0.075949,
      0.075097,
      0.055585
    ],
    "spectral_centroid": [
      2039.93,
      1876.65,
      2260.64,
      1943.41,
      1744.53,
      1780.9,
      1841.71,
      1890.76,
      2024.87,
      1421.17,
      1253.34,
      1897.77,
      2156.31,
      1589.18,
      2016.25,
      2535.7,
      2268.31,
      2221.73,
      2062.52,
      1967.48,
      2259.09,
      2200.14,
      2376.9,
      1955.4,
      2600.96
    ]
  }
}