{
  "id": "45eeb35c-feed-4e65-906b-9426c4d25cd3",
  "duration": 9.579,
  "pitch": {
    "mean": 421.42,
    "max": 1780.11,
    "std": 386.85,
    "max_mean_ratio": 4.22
  },
  "energy": {
    "mean": 0.030784,
    "max": 0.098754,
    "std": 0.013635,
    "rate_of_change": 0.008927
  },
  "speech_rate": {
    "chars_per_sec": 6.0,
    "words_per_sec": 1.25,
    "segment_count": 1
  },
  "spectral_centroid": {
    "mean": 1881.04
  },
  "timeseries": {
    "frame_sec": 0.5,
    "pitch": [
      271.45,
      427.11,
      463.57,
      410.89,
      322.34,
      457.72,
      641.08,
      268.51,
      577.32,
      493.62,
      497.25,
      497.66,
      853.11,
      332.76,
      126.68,
      208.51,
      133.69,
      170.71,
      503.17,
      680.4
    ],
    "energy": [
      0.020283,
      0.02517,
      0.0205,
      0.064099,
      0.025983,
      0.033318,
      0.019199,
      0.037015,
      0.024182,
      0.019275,
      0.026696,
      0.023867,
      0.026819,
      0.028585,
      0.034264,
      0.037593,
      0.041122,
      0.030585,
      0.022126,
      0.020922
    ],
    "spectral_centroid": [
      1833.28,
      1726.62,
      1745.37,
      1623.82,
      1816.26,
      1443.85,
      1844.83,
      1636.96,
      1750.22,
      1936.31,
      1906.15,
      2087.08,
      2174.09,
      2094.49,
      1831.61,
      1803.67,
      2414.15,
      2089.22,
      1993.7,
      1758.58
    ]
  }
}