{
  "id": "45fee168-7626-4804-a7d5-1ee160f01914",
  "duration": 13.184,
  "pitch": {
    "mean": 301.74,
    "max": 1867.76,
    "std": 213.8,
    "max_mean_ratio": 6.19
  },
  "energy": {
    "mean": 0.071915,
    "max": 0.204462,
    "std": 0.051346,
    "rate_of_change": 0.015103
  },
  "speech_rate": {
    "chars_per_sec": 8.28,
    "words_per_sec": 1.6,
    "segment_count": 6
  },
  "spectral_centroid": {
    "mean": 1976.68
  },
  "timeseries": {
    "frame_sec": 0.5,
    "pitch": [
      544.24,
      640.25,
      300.92,
      396.96,
      380.75,
      264.6,
      455.62,
      585.55,
      182.5,
      154.55,
      236.04,
      258.7,
      105.69,
      341.67,
      124.1,
      275.75,
      182.93,
      246.31,
      236.62,
      202.8,
      212.12,
      326.22,
      293.13,
      224.37,
      368.45,
      443.05,
      241.06
    ],
    "energy": [
      0.150318,
      0.095352,
      0.052825,
      0.141912,
      0.099634,
      0.057933,
      0.101861,
      0.09504,
      0.012316,
      0.015355,
      0.015904,
      0.016917,
      0.008515,
      0.013015,
      0.021021,
      0.102458,
      0.062537,
      0.065398,
      0.081547,
      0.038274,
      0.047322,
      0.087724,
      0.103396,
      0.077298,
      0.113119,
      0.105036,
      0.092117
    ],
    "spectral_centroid": [
      1783.03,
      2203.12,
      1793.61,
      1493.3,
      2240.65,
      1924.52,
      2191.57,
      2111.91,
      2271.36,
      2397.5,
      2272.9,
      2161.93,
      2869.19,
      2050.36,
      2365.85,
      1759.21,
      1641.82,
      1787.59,
      2036.0,
      1742.04,
      2268.15,
      1395.71,
      1393.95,
      1747.73,
      1553.09,
      1788.3,
      2312.91
    ]
  }
}