{
  "id": "460c0016-7e78-40b1-b6b6-32eeb7fc9eaf",
  "duration": 14.421,
  "pitch": {
    "mean": 516.93,
    "max": 1116.47,
    "std": 245.75,
    "max_mean_ratio": 2.16
  },
  "energy": {
    "mean": 0.064394,
    "max": 0.237944,
    "std": 0.04357,
    "rate_of_change": 0.015884
  },
  "speech_rate": {
    "chars_per_sec": 14.77,
    "words_per_sec": 3.12,
    "segment_count": 3
  },
  "spectral_centroid": {
    "mean": 1797.23
  },
  "timeseries": {
    "frame_sec": 0.5,
    "pitch": [
      584.83,
      513.16,
      531.93,
      594.58,
      403.74,
      405.08,
      698.38,
      533.04,
      488.05,
      678.85,
      758.1,
      281.86,
      416.46,
      368.77,
      659.01,
      548.27,
      495.2,
      530.52,
      451.31,
      554.97,
      314.81,
      643.57,
      424.73,
      357.94,
      628.1,
      596.27,
      401.57,
      533.93,
      526.39
    ],
    "energy": [
      0.038039,
      0.07104,
      0.048378,
      0.040998,
      0.056514,
      0.036925,
      0.06353,
      0.039801,
      0.056196,
      0.063284,
      0.096054,
      0.05382,
      0.036947,
      0.050793,
      0.06196,
      0.070897,
      0.045071,
      0.036351,
      0.034779,
      0.050059,
      0.02546,
      0.054369,
      0.047801,
      0.073926,
      0.164793,
      0.146137,
      0.059765,
      0.094357,
      0.06516
    ],
    "spectral_centroid": [
      1901.38,
      1487.15,
      1700.78,
      2232.2,
      1474.98,
      1384.93,
      1876.22,
      2169.84,
      1541.1,
      1762.41,
      1558.09,
      1974.16,
      1714.63,
      2187.04,
      1740.84,
      1584.42,
      2148.04,
      1799.06,
      1885.26,
      1758.93,
      2181.72,
      1862.82,
      1682.92,
      2016.39,
      1460.16,
      1633.51,
      1819.23,
      1595.19,
      1910.24
    ]
  }
}