{
  "id": "4618d772-aa58-4e4c-a8c4-290929c538ee",
  "duration": 5.205,
  "pitch": {
    "mean": 589.06,
    "max": 1617.55,
    "std": 416.56,
    "max_mean_ratio": 2.75
  },
  "energy": {
    "mean": 0.127218,
    "max": 0.478627,
    "std": 0.113051,
    "rate_of_change": 0.089927
  },
  "speech_rate": {
    "chars_per_sec": 11.58,
    "words_per_sec": 2.12,
    "segment_count": 4
  },
  "spectral_centroid": {
    "mean": 1999.39
  },
  "timeseries": {
    "frame_sec": 0.5,
    "pitch": [
      541.7,
      265.15,
      250.22,
      1023.72,
      543.59,
      764.96,
      502.24,
      576.69,
      720.75,
      992.34,
      453.4
    ],
    "energy": [
      0.084455,
      0.045778,
      0.044804,
      0.163839,
      0.168317,
      0.213797,
      0.052312,
      0.17965,
      0.130364,
      0.162102,
      0.059208
    ],
    "spectral_centroid": [
      2259.12,
      2465.79,
      1930.17,
      1816.78,
      1667.93,
      1645.81,
      2308.36,
      2171.21,
      2033.16,
      1802.97,
      1990.53
    ]
  }
}