{
  "id": "4666fda7-de72-4624-9617-6cbdfd3c63e1",
  "duration": 10.496,
  "pitch": {
    "mean": 422.38,
    "max": 2039.89,
    "std": 292.05,
    "max_mean_ratio": 4.83
  },
  "energy": {
    "mean": 0.166068,
    "max": 0.5243,
    "std": 0.117245,
    "rate_of_change": 0.049362
  },
  "speech_rate": {
    "chars_per_sec": 13.2,
    "words_per_sec": 2.5,
    "segment_count": 5
  },
  "spectral_centroid": {
    "mean": 2001.5
  },
  "timeseries": {
    "frame_sec": 0.5,
    "pitch": [
      266.3,
      410.13,
      359.21,
      292.86,
      515.12,
      347.64,
      322.15,
      193.62,
      111.09,
      245.67,
      451.24,
      275.77,
      446.72,
      701.74,
      709.78,
      752.12,
      544.13,
      472.08,
      431.48,
      433.92,
      447.04
    ],
    "energy": [
      0.078339,
      0.209206,
      0.209482,
      0.203489,
      0.231004,
      0.132802,
      0.096527,
      0.056853,
      0.044787,
      0.053197,
      0.131785,
      0.086788,
      0.079677,
      0.334053,
      0.280379,
      0.299108,
      0.099638,
      0.226601,
      0.268669,
      0.175564,
      0.032046
    ],
    "spectral_centroid": [
      1885.79,
      2412.67,
      2284.73,
      2514.04,
      1934.12,
      1363.96,
      1509.97,
      1869.28,
      1623.9,
      1744.9,
      1751.53,
      2260.05,
      2334.92,
      1918.54,
      1692.91,
      2355.76,
      2414.86,
      2023.5,
      2234.56,
      1814.34,
      1940.59
    ]
  }
}