{
  "id": "466dfb1b-99ec-4b72-9891-2a386a3486e2",
  "duration": 12.544,
  "pitch": {
    "mean": 537.89,
    "max": 2089.42,
    "std": 493.5,
    "max_mean_ratio": 3.88
  },
  "energy": {
    "mean": 0.054997,
    "max": 0.277137,
    "std": 0.040553,
    "rate_of_change": 0.021299
  },
  "speech_rate": {
    "chars_per_sec": 16.56,
    "words_per_sec": 2.79,
    "segment_count": 4
  },
  "spectral_centroid": {
    "mean": 1974.32
  },
  "timeseries": {
    "frame_sec": 0.5,
    "pitch": [
      453.74,
      389.03,
      487.34,
      490.51,
      407.43,
      286.96,
      701.86,
      509.05,
      607.39,
      376.11,
      588.01,
      654.49,
      1432.38,
      470.49,
      271.66,
      389.83,
      416.67,
      406.53,
      334.58,
      1020.11,
      425.35,
      695.72,
      813.93,
      376.83,
      514.57,
      202.79
    ],
    "energy": [
      0.053929,
      0.050035,
      0.044914,
      0.044646,
      0.043226,
      0.038982,
      0.055543,
      0.04836,
      0.038421,
      0.037419,
      0.047081,
      0.04695,
      0.035378,
      0.024786,
      0.019612,
      0.041941,
      0.051805,
      0.038203,
      0.037665,
      0.053731,
      0.145057,
      0.165855,
      0.06281,
      0.036702,
      0.059081,
      0.021838
    ],
    "spectral_centroid": [
      1754.16,
      1543.5,
      1821.54,
      1844.48,
      1878.31,
      2247.93,
      1869.56,
      1867.5,
      1733.73,
      1963.08,
      2033.98,
      1736.62,
      2012.65,
      2285.41,
      1838.86,
      1818.24,
      2142.73,
      2265.2,
      2094.67,
      1985.48,
      2412.44,
      1921.02,
      2114.16,
      2034.76,
      2063.66,
      1920.53
    ]
  }
}