{
  "id": "4681afc3-0812-4c15-8869-18b8723a339d",
  "duration": 10.816,
  "pitch": {
    "mean": 397.81,
    "max": 869.79,
    "std": 162.66,
    "max_mean_ratio": 2.19
  },
  "energy": {
    "mean": 0.108529,
    "max": 0.270092,
    "std": 0.055628,
    "rate_of_change": 0.024397
  },
  "speech_rate": {
    "chars_per_sec": 15.06,
    "words_per_sec": 2.68,
    "segment_count": 2
  },
  "spectral_centroid": {
    "mean": 1477.0
  },
  "timeseries": {
    "frame_sec": 0.5,
    "pitch": [
      340.46,
      353.53,
      397.06,
      172.28,
      399.9,
      380.59,
      390.82,
      437.26,
      459.8,
      356.81,
      376.4,
      284.07,
      400.52,
      359.32,
      492.24,
      461.25,
      342.43,
      506.95,
      507.24,
      396.54,
      486.93,
      564.2
    ],
    "energy": [
      0.092821,
      0.094694,
      0.107045,
      0.033494,
      0.075246,
      0.093461,
      0.105815,
      0.115378,
      0.14519,
      0.070433,
      0.078637,
      0.039581,
      0.093161,
      0.110186,
      0.097315,
      0.161797,
      0.139456,
      0.121252,
      0.105334,
      0.124768,
      0.157013,
      0.128527
    ],
    "spectral_centroid": [
      1073.57,
      1749.29,
      1360.73,
      2358.76,
      1405.3,
      1497.77,
      1453.46,
      1434.72,
      1301.66,
      1589.77,
      1423.46,
      1935.28,
      1326.37,
      1224.74,
      1500.21,
      1372.24,
      1444.47,
      1537.52,
      1352.47,
      1622.13,
      1358.26,
      1188.8
    ]
  }
}