{
  "id": "476ea97a-225d-43d0-8e1d-a922dd690730",
  "duration": 9.707,
  "pitch": {
    "mean": 454.13,
    "max": 1604.64,
    "std": 256.7,
    "max_mean_ratio": 3.53
  },
  "energy": {
    "mean": 0.053295,
    "max": 0.188125,
    "std": 0.037815,
    "rate_of_change": 0.018523
  },
  "speech_rate": {
    "chars_per_sec": 17.54,
    "words_per_sec": 3.26,
    "segment_count": 2
  },
  "spectral_centroid": {
    "mean": 1994.01
  },
  "timeseries": {
    "frame_sec": 0.5,
    "pitch": [
      509.88,
      567.6,
      579.27,
      570.07,
      563.21,
      384.03,
      348.84,
      523.17,
      436.75,
      422.93,
      375.69,
      375.2,
      481.65,
      471.25,
      432.09,
      481.86,
      672.88,
      276.37,
      179.42,
      247.5
    ],
    "energy": [
      0.058159,
      0.05531,
      0.059732,
      0.069804,
      0.035533,
      0.031261,
      0.05273,
      0.077054,
      0.049316,
      0.054347,
      0.03881,
      0.051237,
      0.074915,
      0.108331,
      0.046967,
      0.038865,
      0.039017,
      0.021982,
      0.01904,
      0.014922
    ],
    "spectral_centroid": [
      1688.78,
      2122.5,
      2010.42,
      1581.87,
      1911.0,
      1811.75,
      2111.53,
      1547.28,
      2075.24,
      2190.58,
      1872.82,
      2534.36,
      1461.41,
      2205.92,
      1744.65,
      2089.67,
      2043.01,
      2539.63,
      2197.55,
      2248.53
    ]
  }
}