{
  "id": "477b2637-059e-4278-88f3-91cc2ef9d61c",
  "duration": 9.728,
  "pitch": {
    "mean": 366.16,
    "max": 1513.14,
    "std": 185.73,
    "max_mean_ratio": 4.13
  },
  "energy": {
    "mean": 0.005994,
    "max": 0.016665,
    "std": 0.003425,
    "rate_of_change": 0.001667
  },
  "speech_rate": {
    "chars_per_sec": 11.82,
    "words_per_sec": 2.39,
    "segment_count": 3
  },
  "spectral_centroid": {
    "mean": 1795.96
  },
  "timeseries": {
    "frame_sec": 0.5,
    "pitch": [
      361.0,
      360.54,
      340.78,
      248.19,
      504.45,
      347.4,
      465.03,
      363.6,
      357.3,
      389.61,
      310.57,
      274.07,
      322.35,
      346.18,
      377.76,
      531.73,
      379.99,
      381.43,
      329.17,
      670.44
    ],
    "energy": [
      0.004337,
      0.004928,
      0.00716,
      0.004187,
      0.002591,
      0.003785,
      0.00981,
      0.007577,
      0.005885,
      0.00871,
      0.005933,
      0.006416,
      0.006768,
      0.00856,
      0.00678,
      0.004154,
      0.006227,
      0.005498,
      0.002015,
      0.001308
    ],
    "spectral_centroid": [
      1927.83,
      1428.35,
      1543.81,
      2203.38,
      1698.55,
      2270.17,
      1757.46,
      1561.23,
      1700.39,
      2103.72,
      1149.48,
      2232.55,
      2324.8,
      1608.78,
      1692.65,
      1441.44,
      2009.69,
      1558.56,
      1766.96,
      2224.24
    ]
  }
}