{
  "id": "47ce7076-cbf2-4dd8-bb72-a2a0b663e537",
  "duration": 6.293,
  "pitch": {
    "mean": 398.9,
    "max": 1741.3,
    "std": 268.84,
    "max_mean_ratio": 4.37
  },
  "energy": {
    "mean": 0.067385,
    "max": 0.164679,
    "std": 0.031544,
    "rate_of_change": 0.023646
  },
  "speech_rate": {
    "chars_per_sec": 23.67,
    "words_per_sec": 4.45,
    "segment_count": 4
  },
  "spectral_centroid": {
    "mean": 1862.21
  },
  "timeseries": {
    "frame_sec": 0.5,
    "pitch": [
      761.84,
      529.35,
      385.59,
      636.7,
      383.46,
      425.39,
      308.56,
      193.74,
      457.8,
      304.64,
      127.2,
      346.59,
      118.66
    ],
    "energy": [
      0.101256,
      0.104804,
      0.069052,
      0.07604,
      0.077053,
      0.071105,
      0.048586,
      0.029261,
      0.045123,
      0.050598,
      0.044391,
      0.05918,
      0.05494
    ],
    "spectral_centroid": [
      1643.42,
      1562.98,
      1883.03,
      1852.28,
      2220.97,
      1953.45,
      1542.81,
      1299.65,
      1961.04,
      2658.89,
      1771.52,
      1846.84,
      2372.22
    ]
  }
}