{
  "id": "47eb8281-8b5e-4d80-9046-377726920d5e",
  "duration": 11.797,
  "pitch": {
    "mean": 341.91,
    "max": 1406.44,
    "std": 198.81,
    "max_mean_ratio": 4.11
  },
  "energy": {
    "mean": 0.060104,
    "max": 0.153308,
    "std": 0.038751,
    "rate_of_change": 0.012567
  },
  "speech_rate": {
    "chars_per_sec": 12.46,
    "words_per_sec": 2.56,
    "segment_count": 5
  },
  "spectral_centroid": {
    "mean": 1590.25
  },
  "timeseries": {
    "frame_sec": 0.5,
    "pitch": [
      444.35,
      563.41,
      381.13,
      498.08,
      94.71,
      158.44,
      326.49,
      404.58,
      400.64,
      353.25,
      449.24,
      376.43,
      356.45,
      402.1,
      444.3,
      266.78,
      101.62,
      410.05,
      272.09,
      345.2,
      260.22,
      168.11,
      385.84,
      620.0
    ],
    "energy": [
      0.055699,
      0.087698,
      0.087486,
      0.06735,
      0.011179,
      0.009594,
      0.048674,
      0.072358,
      0.04153,
      0.053158,
      0.103145,
      0.092823,
      0.059699,
      0.07208,
      0.092919,
      0.010939,
      0.012096,
      0.0831,
      0.05699,
      0.06582,
      0.04122,
      0.011492,
      0.068291,
      0.087954
    ],
    "spectral_centroid": [
      1016.91,
      1164.66,
      1926.8,
      1345.01,
      1354.54,
      1679.78,
      2021.94,
      1359.82,
      2128.78,
      1266.3,
      1458.79,
      1623.9,
      1843.42,
      1236.68,
      1445.56,
      1710.17,
      1212.06,
      1085.36,
      1988.74,
      2026.3,
      2233.42,
      2104.69,
      1478.78,
      1325.38
    ]
  }
}