{
  "id": "4840a27e-6563-486a-863e-0b03391e58fb",
  "duration": 7.381,
  "pitch": {
    "mean": 449.38,
    "max": 1177.05,
    "std": 239.85,
    "max_mean_ratio": 2.62
  },
  "energy": {
    "mean": 0.075788,
    "max": 0.27236,
    "std": 0.053689,
    "rate_of_change": 0.035767
  },
  "speech_rate": {
    "chars_per_sec": 19.92,
    "words_per_sec": 3.79,
    "segment_count": 1
  },
  "spectral_centroid": {
    "mean": 1618.91
  },
  "timeseries": {
    "frame_sec": 0.5,
    "pitch": [
      461.25,
      522.31,
      701.81,
      297.21,
      341.85,
      554.65,
      375.58,
      387.78,
      455.41,
      380.02,
      478.31,
      411.2,
      524.67,
      446.69,
      346.55
    ],
    "energy": [
      0.085767,
      0.130599,
      0.137035,
      0.047515,
      0.056008,
      0.056027,
      0.03595,
      0.049377,
      0.039651,
      0.041001,
      0.060527,
      0.078234,
      0.114917,
      0.081887,
      0.059232
    ],
    "spectral_centroid": [
      1675.34,
      1574.05,
      1263.23,
      2023.56,
      1489.56,
      1647.74,
      1850.39,
      1220.74,
      1532.73,
      1371.98,
      1752.93,
      1668.55,
      1592.23,
      2147.07,
      1488.82
    ]
  }
}