{
  "id": "4842f910-43b3-4a66-a553-330524ccbb0a",
  "duration": 14.741,
  "pitch": {
    "mean": 457.37,
    "max": 1899.5,
    "std": 358.56,
    "max_mean_ratio": 4.15
  },
  "energy": {
    "mean": 0.040032,
    "max": 0.265439,
    "std": 0.04479,
    "rate_of_change": 0.017697
  },
  "speech_rate": {
    "chars_per_sec": 14.27,
    "words_per_sec": 2.88,
    "segment_count": 3
  },
  "spectral_centroid": {
    "mean": 1832.42
  },
  "timeseries": {
    "frame_sec": 0.5,
    "pitch": [
      420.88,
      217.43,
      674.66,
      423.57,
      110.15,
      256.89,
      591.25,
      420.24,
      282.71,
      353.39,
      281.94,
      314.68,
      599.06,
      495.8,
      730.78,
      350.12,
      209.97,
      249.28,
      656.45,
      1067.78,
      768.06,
      833.97,
      215.42,
      335.8,
      359.19,
      378.1,
      534.02,
      457.82,
      479.23,
      296.48
    ],
    "energy": [
      0.008525,
      0.010931,
      0.024899,
      0.021546,
      0.006916,
      0.014122,
      0.036262,
      0.029714,
      0.007827,
      0.020742,
      0.02001,
      0.025293,
      0.034257,
      0.085261,
      0.065692,
      0.038321,
      0.009389,
      0.026446,
      0.077701,
      0.202344,
      0.094791,
      0.046505,
      0.005636,
      0.045242,
      0.024299,
      0.033213,
      0.031623,
      0.021737,
      0.041274,
      0.024598
    ],
    "spectral_centroid": [
      2124.03,
      1855.14,
      1690.28,
      1790.05,
      2043.57,
      1915.98,
      1555.25,
      1588.89,
      2042.18,
      1747.92,
      1980.66,
      1710.49,
      1818.01,
      1506.97,
      1725.97,
      1942.99,
      2529.3,
      1696.77,
      2007.96,
      2157.57,
      1544.26,
      1979.5,
      2094.45,
      1335.69,
      1511.17,
      1709.9,
      1613.24,
      2127.44,
      1989.02,
      2073.56
    ]
  }
}