{
  "id": "48c9d1d8-9e70-42f5-9ce4-b3f51b4a77a3",
  "duration": 31.851,
  "pitch": {
    "mean": 468.2,
    "max": 2080.08,
    "std": 292.68,
    "max_mean_ratio": 4.44
  },
  "energy": {
    "mean": 0.083655,
    "max": 0.254642,
    "std": 0.057911,
    "rate_of_change": 0.007696
  },
  "speech_rate": {
    "chars_per_sec": 22.82,
    "words_per_sec": 4.24,
    "segment_count": 14
  },
  "spectral_centroid": {
    "mean": 1956.96
  },
  "timeseries": {
    "frame_sec": 0.5,
    "pitch": [
      355.41,
      502.02,
      254.95,
      398.22,
      485.42,
      530.63,
      410.93,
      539.87,
      374.43,
      314.92,
      435.05,
      346.48,
      493.14,
      321.25,
      312.85,
      445.78,
      460.83,
      402.89,
      581.96,
      401.15,
      379.79,
      329.44,
      432.73,
      453.17,
      340.38,
      615.38,
      590.37,
      379.09,
      443.22,
      557.7,
      617.33,
      395.45,
      267.83,
      376.32,
      421.05,
      447.06,
      605.67,
      265.35,
      788.34,
      669.41,
      343.15,
      827.08,
      565.18,
      378.62,
      567.64,
      381.23,
      387.18,
      440.67,
      500.43,
      608.74,
      598.39,
      747.5,
      408.25,
      585.83,
      552.74,
      535.41,
      443.06,
      443.5,
      435.98,
      386.79,
      426.73,
      604.96,
      591.65,
      448.2
    ],
    "energy": [
      0.040205,
      0.073577,
      0.022911,
      0.065773,
      0.105036,
      0.129262,
      0.096166,
      0.092487,
      0.045848,
      0.01157,
      0.037413,
      0.05266,
      0.05973,
      0.051321,
      0.063007,
      0.095414,
      0.080404,
      0.041945,
      0.017333,
      0.013038,
      0.04634,
      0.037794,
      0.070694,
      0.052225,
      0.053763,
      0.053643,
      0.108572,
      0.014147,
      0.08047,
      0.126687,
      0.078563,
      0.15969,
      0.053632,
      0.098308,
      0.100217,
      0.10613,
      0.102387,
      0.069989,
      0.043162,
      0.108824,
      0.048815,
      0.075486,
      0.111685,
      0.096642,
      0.139102,
      0.094682,
      0.112046,
      0.077222,
      0.107469,
      0.118966,
      0.117193,
      0.136939,
      0.107981,
      0.141941,
      0.074705,
      0.182601,
      0.075548,
      0.066382,
      0.08515,
      0.098439,
      0.076206,
      0.022361,
      0.095551,
      0.115239
    ],
    "spectral_centroid": [
      2133.64,
      1504.81,
      1743.37,
      1942.51,
      2175.87,
      1781.78,
      1842.38,
      1680.13,
      1768.47,
      1896.89,
      1738.94,
      1892.47,
      2319.44,
      1535.99,
      2078.86,
      2221.55,
      1825.13,
      2239.51,
      1904.08,
      1976.03,
      1946.01,
      2103.74,
      1887.61,
      2759.67,
      2084.19,
      2160.04,
      1964.0,
      2236.65,
      1943.35,
      1519.58,
      2139.51,
      1774.2,
      2012.4,
      1795.49,
      1735.11,
      1775.04,
      1824.14,
      2702.08,
      2153.51,
      1754.68,
      2101.79,
      2128.51,
      2011.6,
      2222.24,
      1759.18,
      2445.65,
      1912.05,
      1851.47,
      2273.31,
      2174.67,
      1994.97,
      1976.38,
      1871.02,
      1666.59,
      2783.91,
      1263.2,
      1610.61,
      1515.86,
      1189.11,
      1517.28,
      2067.61,
      2295.16,
      2061.18,
      2012.12
    ]
  }
}