{
  "id": "48cefcd2-0a14-4797-8f76-f2b148e42bbf",
  "duration": 4.8,
  "pitch": {
    "mean": 207.6,
    "max": 1604.74,
    "std": 246.88,
    "max_mean_ratio": 7.73
  },
  "energy": {
    "mean": 0.02389,
    "max": 0.050511,
    "std": 0.011179,
    "rate_of_change": 0.008477
  },
  "speech_rate": {
    "chars_per_sec": 0.67,
    "words_per_sec": 0.1,
    "segment_count": 1
  },
  "spectral_centroid": {
    "mean": 2202.65
  },
  "timeseries": {
    "frame_sec": 0.5,
    "pitch": [
      224.85,
      143.38,
      187.03,
      316.79,
      147.87,
      131.61,
      175.16,
      342.73,
      251.18,
      301.12
    ],
    "energy": [
      0.016413,
      0.016525,
      0.013375,
      0.012834,
      0.01508,
      0.022772,
      0.032786,
      0.037986,
      0.037141,
      0.024624
    ],
    "spectral_centroid": [
      2193.61,
      2146.94,
      2360.61,
      2358.25,
      2180.73,
      2098.63,
      1936.72,
      2171.82,
      2394.43,
      2154.28
    ]
  }
}