{
  "id": "48fe45b5-355f-480a-bff5-94f386481013",
  "duration": 12.885,
  "pitch": {
    "mean": 466.24,
    "max": 1789.98,
    "std": 255.29,
    "max_mean_ratio": 3.84
  },
  "energy": {
    "mean": 0.026779,
    "max": 0.092816,
    "std": 0.014714,
    "rate_of_change": 0.006807
  },
  "speech_rate": {
    "chars_per_sec": 16.72,
    "words_per_sec": 3.46,
    "segment_count": 3
  },
  "spectral_centroid": {
    "mean": 1883.74
  },
  "timeseries": {
    "frame_sec": 0.5,
    "pitch": [
      395.43,
      372.2,
      312.4,
      298.79,
      422.05,
      401.95,
      448.3,
      423.65,
      781.25,
      369.68,
      442.05,
      417.19,
      379.72,
      491.2,
      320.59,
      466.5,
      557.31,
      426.73,
      564.28,
      346.43,
      266.4,
      641.22,
      635.56,
      844.83,
      474.1,
      409.89
    ],
    "energy": [
      0.013704,
      0.008386,
      0.018082,
      0.024472,
      0.02746,
      0.024945,
      0.020894,
      0.018872,
      0.033488,
      0.018684,
      0.024975,
      0.031068,
      0.021475,
      0.037986,
      0.018518,
      0.026133,
      0.024918,
      0.028774,
      0.025949,
      0.011672,
      0.020417,
      0.042624,
      0.02696,
      0.054074,
      0.030052,
      0.020331
    ],
    "spectral_centroid": [
      1767.92,
      2327.55,
      2381.18,
      2256.34,
      1945.72,
      1931.55,
      1629.92,
      1642.3,
      1890.4,
      2024.73,
      2393.46,
      1508.29,
      1816.64,
      1668.15,
      2091.24,
      1975.65,
      1781.91,
      1736.34,
      1707.04,
      1812.35,
      1816.53,
      2035.07,
      1930.75,
      1658.59,
      1553.79,
      1775.62
    ]
  }
}