{
  "id": "491ac584-a8cb-4745-bff4-e7fed78222bf",
  "duration": 11.072,
  "pitch": {
    "mean": 335.56,
    "max": 848.35,
    "std": 173.82,
    "max_mean_ratio": 2.53
  },
  "energy": {
    "mean": 0.091016,
    "max": 0.366946,
    "std": 0.06235,
    "rate_of_change": 0.032753
  },
  "speech_rate": {
    "chars_per_sec": 15.82,
    "words_per_sec": 3.35,
    "segment_count": 11
  },
  "spectral_centroid": {
    "mean": 1987.27
  },
  "timeseries": {
    "frame_sec": 0.5,
    "pitch": [
      269.86,
      359.9,
      242.69,
      260.63,
      569.85,
      389.07,
      386.13,
      244.02,
      287.2,
      208.79,
      370.88,
      360.59,
      414.94,
      314.99,
      223.63,
      288.62,
      283.15,
      293.74,
      416.64,
      249.28,
      604.63,
      308.74,
      363.79
    ],
    "energy": [
      0.061335,
      0.063308,
      0.04386,
      0.087916,
      0.13707,
      0.090693,
      0.098835,
      0.083224,
      0.066232,
      0.033696,
      0.264155,
      0.127683,
      0.090883,
      0.092791,
      0.072127,
      0.071897,
      0.071327,
      0.075298,
      0.065162,
      0.016708,
      0.091326,
      0.110953,
      0.072904
    ],
    "spectral_centroid": [
      2133.52,
      2042.78,
      2651.35,
      2550.08,
      1558.94,
      1871.2,
      1550.02,
      3549.62,
      2551.62,
      2387.54,
      2316.14,
      1693.43,
      1699.73,
      1640.39,
      1940.02,
      1469.76,
      2008.09,
      1172.31,
      1794.45,
      2068.4,
      1546.82,
      1696.84,
      1028.6
    ]
  }
}