{
  "id": "4966e222-17ff-43fc-a2e6-f311f737b1cd",
  "duration": 11.413,
  "pitch": {
    "mean": 494.53,
    "max": 1450.8,
    "std": 261.79,
    "max_mean_ratio": 2.93
  },
  "energy": {
    "mean": 0.040766,
    "max": 0.098797,
    "std": 0.018249,
    "rate_of_change": 0.007869
  },
  "speech_rate": {
    "chars_per_sec": 25.48,
    "words_per_sec": 4.63,
    "segment_count": 5
  },
  "spectral_centroid": {
    "mean": 1795.45
  },
  "timeseries": {
    "frame_sec": 0.5,
    "pitch": [
      507.2,
      621.2,
      316.96,
      321.13,
      387.53,
      358.94,
      432.63,
      442.72,
      424.84,
      356.9,
      588.35,
      498.76,
      571.86,
      656.39,
      625.86,
      791.19,
      600.85,
      509.08,
      517.05,
      506.78,
      447.17,
      477.38,
      375.07
    ],
    "energy": [
      0.045179,
      0.045889,
      0.032122,
      0.025929,
      0.042329,
      0.028502,
      0.024938,
      0.036685,
      0.035937,
      0.025103,
      0.043008,
      0.038352,
      0.032781,
      0.056174,
      0.028635,
      0.054359,
      0.043171,
      0.042705,
      0.034073,
      0.029086,
      0.051336,
      0.060354,
      0.036922
    ],
    "spectral_centroid": [
      2052.35,
      1528.19,
      1813.36,
      1634.47,
      1823.62,
      1733.5,
      2172.8,
      1844.37,
      1716.44,
      2713.13,
      1982.18,
      2093.61,
      1548.33,
      1500.54,
      1829.91,
      1846.99,
      1661.38,
      1587.29,
      1385.73,
      1489.09,
      1827.33,
      1639.43,
      1983.73
    ]
  }
}