{
  "id": "49b36fd1-cc56-44db-9782-ab1260965ea0",
  "duration": 10.773,
  "pitch": {
    "mean": 295.08,
    "max": 1322.45,
    "std": 265.94,
    "max_mean_ratio": 4.48
  },
  "energy": {
    "mean": 0.034849,
    "max": 0.108513,
    "std": 0.025509,
    "rate_of_change": 0.009382
  },
  "speech_rate": {
    "chars_per_sec": 3.06,
    "words_per_sec": 0.59,
    "segment_count": 2
  },
  "spectral_centroid": {
    "mean": 1725.36
  },
  "timeseries": {
    "frame_sec": 0.5,
    "pitch": [
      219.91,
      316.73,
      184.76,
      394.98,
      251.76,
      297.59,
      97.55,
      152.34,
      265.81,
      752.15,
      364.99,
      128.03,
      159.62,
      199.06,
      463.86,
      214.08,
      241.0,
      370.61,
      354.15,
      424.02,
      301.2,
      256.06
    ],
    "energy": [
      0.01457,
      0.020779,
      0.014435,
      0.016936,
      0.021912,
      0.023441,
      0.039888,
      0.057767,
      0.03799,
      0.013998,
      0.01962,
      0.024697,
      0.02101,
      0.017613,
      0.015775,
      0.02152,
      0.034402,
      0.082304,
      0.078296,
      0.059059,
      0.074049,
      0.016726
    ],
    "spectral_centroid": [
      1651.2,
      1491.88,
      1673.36,
      1553.41,
      1758.38,
      1715.71,
      1539.72,
      1494.43,
      1605.96,
      1575.57,
      2148.34,
      1676.94,
      1729.71,
      1642.31,
      1730.02,
      1853.17,
      2359.88,
      1513.81,
      2540.16,
      1500.46,
      1523.43,
      1612.96
    ]
  }
}