{
  "id": "49ed3d6b-03d0-448d-b0fe-216dddb7301c",
  "duration": 13.824,
  "pitch": {
    "mean": 455.83,
    "max": 2053.02,
    "std": 391.23,
    "max_mean_ratio": 4.5
  },
  "energy": {
    "mean": 0.066188,
    "max": 0.42152,
    "std": 0.061969,
    "rate_of_change": 0.029556
  },
  "speech_rate": {
    "chars_per_sec": 11.58,
    "words_per_sec": 2.32,
    "segment_count": 7
  },
  "spectral_centroid": {
    "mean": 1853.49
  },
  "timeseries": {
    "frame_sec": 0.5,
    "pitch": [
      481.9,
      351.41,
      800.77,
      351.85,
      143.92,
      327.47,
      271.72,
      553.99,
      520.52,
      602.77,
      649.28,
      192.59,
      915.04,
      590.58,
      424.79,
      148.67,
      365.97,
      426.65,
      162.84,
      199.78,
      362.32,
      409.38,
      609.74,
      259.14,
      724.6,
      1011.98,
      472.9,
      665.27
    ],
    "energy": [
      0.051816,
      0.044877,
      0.090721,
      0.017798,
      0.025443,
      0.019664,
      0.046553,
      0.054618,
      0.054976,
      0.118942,
      0.087667,
      0.041043,
      0.121241,
      0.112607,
      0.065062,
      0.017169,
      0.019902,
      0.016961,
      0.024593,
      0.017974,
      0.067734,
      0.063497,
      0.104608,
      0.044499,
      0.092387,
      0.213844,
      0.084226,
      0.059401
    ],
    "spectral_centroid": [
      1640.76,
      2348.51,
      1501.49,
      1507.07,
      1748.53,
      1631.6,
      2174.28,
      1970.95,
      1520.9,
      1803.71,
      2045.06,
      1708.16,
      2048.03,
      1799.91,
      1789.43,
      2019.4,
      1943.17,
      1539.22,
      1615.27,
      1665.75,
      2237.13,
      2178.57,
      1694.43,
      2020.95,
      1920.0,
      1993.82,
      2052.36,
      1757.6
    ]
  }
}