{
  "id": "49ef6734-e947-468c-ba80-fa769dd6a714",
  "duration": 9.28,
  "pitch": {
    "mean": 359.98,
    "max": 1523.87,
    "std": 273.71,
    "max_mean_ratio": 4.23
  },
  "energy": {
    "mean": 0.059889,
    "max": 0.250526,
    "std": 0.056448,
    "rate_of_change": 0.026499
  },
  "speech_rate": {
    "chars_per_sec": 12.42,
    "words_per_sec": 1.84,
    "segment_count": 3
  },
  "spectral_centroid": {
    "mean": 2023.7
  },
  "timeseries": {
    "frame_sec": 0.5,
    "pitch": [
      148.32,
      92.08,
      117.66,
      119.56,
      154.75,
      268.66,
      250.86,
      290.05,
      523.77,
      516.04,
      445.23,
      363.77,
      489.12,
      489.34,
      318.47,
      601.67,
      622.6,
      490.69,
      590.46
    ],
    "energy": [
      0.006646,
      0.006875,
      0.007944,
      0.009348,
      0.013577,
      0.028149,
      0.021704,
      0.03962,
      0.083222,
      0.086888,
      0.070271,
      0.061846,
      0.089642,
      0.094257,
      0.051975,
      0.102245,
      0.024168,
      0.16106,
      0.172278
    ],
    "spectral_centroid": [
      2455.78,
      2113.11,
      1915.09,
      1893.52,
      1694.15,
      2247.63,
      1814.04,
      2331.94,
      2019.28,
      1934.13,
      1696.27,
      1835.57,
      1747.77,
      2076.9,
      2283.65,
      1849.87,
      2114.36,
      2303.97,
      2101.15
    ]
  }
}