{
  "id": "4a65f66a-f87c-4fad-83d7-2d23360ecbd2",
  "duration": 15.872,
  "pitch": {
    "mean": 387.77,
    "max": 897.03,
    "std": 210.5,
    "max_mean_ratio": 2.31
  },
  "energy": {
    "mean": 0.050844,
    "max": 0.130927,
    "std": 0.029025,
    "rate_of_change": 0.007876
  },
  "speech_rate": {
    "chars_per_sec": 11.79,
    "words_per_sec": 2.08,
    "segment_count": 7
  },
  "spectral_centroid": {
    "mean": 1714.14
  },
  "timeseries": {
    "frame_sec": 0.5,
    "pitch": [
      428.79,
      371.26,
      380.74,
      237.87,
      129.69,
      333.51,
      494.14,
      483.68,
      218.82,
      561.07,
      475.08,
      94.07,
      96.66,
      143.96,
      340.24,
      316.28,
      505.0,
      532.74,
      378.22,
      393.09,
      582.73,
      495.63,
      558.23,
      205.41,
      447.62,
      401.42,
      399.03,
      432.26,
      405.61,
      491.73,
      585.65,
      360.87
    ],
    "energy": [
      0.070631,
      0.062087,
      0.058841,
      0.018827,
      0.011435,
      0.050538,
      0.068487,
      0.054408,
      0.023691,
      0.085457,
      0.061058,
      0.009051,
      0.006593,
      0.019064,
      0.071921,
      0.026458,
      0.04966,
      0.066778,
      0.045077,
      0.036948,
      0.059956,
      0.043253,
      0.06234,
      0.013969,
      0.049453,
      0.060083,
      0.04819,
      0.042509,
      0.066299,
      0.08548,
      0.078211,
      0.048139
    ],
    "spectral_centroid": [
      1215.79,
      1572.87,
      1620.43,
      1769.6,
      1401.31,
      1365.75,
      2002.56,
      2208.18,
      1765.67,
      1591.14,
      1441.42,
      1602.12,
      1585.15,
      2209.93,
      1883.71,
      1486.2,
      1505.51,
      1314.39,
      1977.17,
      1876.81,
      1558.98,
      1871.78,
      1858.57,
      1745.11,
      1787.79,
      1435.89,
      2135.49,
      1896.44,
      1970.87,
      1896.92,
      1449.23,
      1934.15
    ]
  }
}