{
  "id": "4a799e62-a1d9-4fde-937e-ce7fa18829d8",
  "duration": 5.504,
  "pitch": {
    "mean": 271.03,
    "max": 970.64,
    "std": 189.02,
    "max_mean_ratio": 3.58
  },
  "energy": {
    "mean": 0.070279,
    "max": 0.24321,
    "std": 0.039461,
    "rate_of_change": 0.039788
  },
  "speech_rate": {
    "chars_per_sec": 8.73,
    "words_per_sec": 1.64,
    "segment_count": 3
  },
  "spectral_centroid": {
    "mean": 2188.05
  },
  "timeseries": {
    "frame_sec": 0.5,
    "pitch": [
      350.12,
      359.24,
      326.64,
      272.5,
      400.09,
      184.82,
      281.01,
      148.98,
      347.14,
      135.82,
      160.21,
      182.29
    ],
    "energy": [
      0.064879,
      0.068002,
      0.064527,
      0.113529,
      0.067739,
      0.035306,
      0.032573,
      0.0644,
      0.118702,
      0.065995,
      0.049231,
      0.006731
    ],
    "spectral_centroid": [
      2001.54,
      2088.44,
      1965.65,
      1999.67,
      1885.0,
      2568.33,
      2411.63,
      2354.81,
      1805.76,
      2608.6,
      2340.14,
      2272.72
    ]
  }
}