{
  "id": "4a954c16-1653-4cda-be71-843bf5316443",
  "duration": 9.792,
  "pitch": {
    "mean": 390.57,
    "max": 1214.29,
    "std": 220.51,
    "max_mean_ratio": 3.11
  },
  "energy": {
    "mean": 0.049552,
    "max": 0.147048,
    "std": 0.025343,
    "rate_of_change": 0.014122
  },
  "speech_rate": {
    "chars_per_sec": 11.64,
    "words_per_sec": 2.14,
    "segment_count": 4
  },
  "spectral_centroid": {
    "mean": 1860.47
  },
  "timeseries": {
    "frame_sec": 0.5,
    "pitch": [
      116.19,
      131.28,
      486.47,
      479.28,
      297.08,
      475.12,
      451.37,
      409.14,
      614.73,
      433.12,
      419.07,
      353.01,
      349.93,
      303.27,
      469.82,
      426.11,
      365.6,
      440.91,
      366.16,
      416.12
    ],
    "energy": [
      0.040051,
      0.026024,
      0.073418,
      0.081701,
      0.011125,
      0.043137,
      0.039605,
      0.039327,
      0.051114,
      0.025603,
      0.041636,
      0.036856,
      0.039929,
      0.059648,
      0.046123,
      0.07404,
      0.075265,
      0.044715,
      0.052573,
      0.043612
    ],
    "spectral_centroid": [
      1643.98,
      1701.16,
      1881.54,
      2090.27,
      2256.19,
      1624.53,
      1620.3,
      1807.21,
      2184.22,
      1766.57,
      1743.7,
      1781.46,
      1712.03,
      1609.12,
      1692.09,
      1549.89,
      2440.13,
      1936.81,
      2209.36,
      1980.82
    ]
  }
}