{
  "id": "4a952e1e-5733-459c-b3ee-fadef66ff70a",
  "duration": 12.501,
  "pitch": {
    "mean": 579.46,
    "max": 2087.26,
    "std": 512.06,
    "max_mean_ratio": 3.6
  },
  "energy": {
    "mean": 0.062625,
    "max": 0.130497,
    "std": 0.022273,
    "rate_of_change": 0.008587
  },
  "speech_rate": {
    "chars_per_sec": 3.59,
    "words_per_sec": 0.57,
    "segment_count": 1
  },
  "spectral_centroid": {
    "mean": 2351.8
  },
  "timeseries": {
    "frame_sec": 0.5,
    "pitch": [
      299.08,
      479.53,
      612.46,
      618.84,
      730.75,
      625.29,
      523.21,
      536.12,
      1017.01,
      1145.09,
      1034.3,
      641.34,
      134.31,
      437.67,
      533.97,
      619.63,
      554.86,
      382.05,
      306.99,
      724.72,
      593.11,
      476.26,
      570.29,
      254.32,
      781.89,
      1093.79
    ],
    "energy": [
      0.075412,
      0.062362,
      0.05853,
      0.053185,
      0.053342,
      0.054125,
      0.045243,
      0.042909,
      0.046389,
      0.028517,
      0.027792,
      0.055305,
      0.083015,
      0.072523,
      0.056381,
      0.046261,
      0.038176,
      0.091258,
      0.078474,
      0.073636,
      0.067617,
      0.074028,
      0.079817,
      0.078176,
      0.054761,
      0.002094
    ],
    "spectral_centroid": [
      2282.52,
      2273.41,
      2370.37,
      2667.18,
      2335.98,
      2269.01,
      2244.64,
      2278.02,
      1857.08,
      2219.82,
      2387.46,
      2184.79,
      1880.54,
      2698.89,
      2317.12,
      2193.66,
      2485.19,
      2257.48,
      2268.78,
      2505.02,
      2389.98,
      2449.46,
      2350.23,
      2701.7,
      2869.94,
      2646.53
    ]
  }
}