{
  "id": "4aa69e1f-3164-46bb-820d-745241ba09c0",
  "duration": 16.363,
  "pitch": {
    "mean": 160.13,
    "max": 1675.82,
    "std": 148.49,
    "max_mean_ratio": 10.47
  },
  "energy": {
    "mean": 0.019246,
    "max": 0.0442,
    "std": 0.007861,
    "rate_of_change": 0.002304
  },
  "speech_rate": {
    "chars_per_sec": 0.0,
    "words_per_sec": 0.0,
    "segment_count": 0
  },
  "spectral_centroid": {
    "mean": 1800.75
  },
  "timeseries": {
    "frame_sec": 0.5,
    "pitch": [
      122.61,
      107.08,
      230.54,
      220.28,
      111.1,
      141.65,
      133.13,
      152.72,
      139.6,
      121.13,
      140.19,
      112.48,
      98.3,
      107.23,
      140.41,
      166.61,
      127.2,
      147.99,
      168.81,
      159.32,
      237.65,
      248.05,
      180.5,
      151.75,
      173.66,
      174.85,
      287.68,
      228.44,
      271.42,
      96.3,
      141.27,
      128.0,
      124.52
    ],
    "energy": [
      0.009826,
      0.015854,
      0.016493,
      0.009459,
      0.010754,
      0.009014,
      0.012652,
      0.0149,
      0.011652,
      0.012753,
      0.011069,
      0.011931,
      0.014075,
      0.013822,
      0.020586,
      0.022156,
      0.016719,
      0.016484,
      0.024828,
      0.022381,
      0.020073,
      0.019771,
      0.020087,
      0.027168,
      0.032148,
      0.035397,
      0.029537,
      0.032654,
      0.026481,
      0.018526,
      0.018747,
      0.017931,
      0.011572
    ],
    "spectral_centroid": [
      1827.25,
      2056.26,
      2165.34,
      1867.48,
      1883.4,
      1739.1,
      2527.14,
      2406.27,
      1906.44,
      2131.58,
      1848.41,
      1627.72,
      1821.81,
      1377.19,
      1888.55,
      2087.21,
      1700.74,
      1515.08,
      1404.47,
      1337.14,
      1357.61,
      1278.56,
      1378.9,
      1439.41,
      1505.63,
      1517.31,
      1629.29,
      1644.87,
      1816.73,
      1878.62,
      2014.82,
      2773.2,
      2044.6
    ]
  }
}