{
  "id": "4ad483f6-7fd9-4223-b9d0-4bbf61d19674",
  "duration": 9.067,
  "pitch": {
    "mean": 277.69,
    "max": 1741.99,
    "std": 230.21,
    "max_mean_ratio": 6.27
  },
  "energy": {
    "mean": 0.039817,
    "max": 0.147236,
    "std": 0.023318,
    "rate_of_change": 0.015239
  },
  "speech_rate": {
    "chars_per_sec": 15.06,
    "words_per_sec": 3.03,
    "segment_count": 7
  },
  "spectral_centroid": {
    "mean": 1936.75
  },
  "timeseries": {
    "frame_sec": 0.5,
    "pitch": [
      271.75,
      272.15,
      196.82,
      123.21,
      95.15,
      86.13,
      120.68,
      389.32,
      352.27,
      468.57,
      420.15,
      256.59,
      402.5,
      345.21,
      222.45,
      178.47,
      505.13,
      225.97,
      447.84
    ],
    "energy": [
      0.027969,
      0.022673,
      0.029816,
      0.021219,
      0.016267,
      0.021517,
      0.026728,
      0.063085,
      0.064678,
      0.094421,
      0.035462,
      0.039391,
      0.041017,
      0.037591,
      0.046507,
      0.022577,
      0.048094,
      0.027389,
      0.028694
    ],
    "spectral_centroid": [
      2047.62,
      1708.63,
      2261.02,
      1922.43,
      1831.99,
      1702.48,
      1502.76,
      1440.75,
      1724.0,
      1769.34,
      2055.69,
      2278.91,
      1926.23,
      1729.5,
      2089.53,
      2390.21,
      1741.81,
      2682.14,
      1542.81
    ]
  }
}