{
  "id": "4af5a285-835f-476e-9a33-014f378c083c",
  "duration": 10.923,
  "pitch": {
    "mean": 404.77,
    "max": 2073.18,
    "std": 263.27,
    "max_mean_ratio": 5.12
  },
  "energy": {
    "mean": 0.048022,
    "max": 0.153799,
    "std": 0.035664,
    "rate_of_change": 0.013826
  },
  "speech_rate": {
    "chars_per_sec": 12.48,
    "words_per_sec": 2.39,
    "segment_count": 4
  },
  "spectral_centroid": {
    "mean": 1847.69
  },
  "timeseries": {
    "frame_sec": 0.5,
    "pitch": [
      131.45,
      271.02,
      445.18,
      489.3,
      287.93,
      486.73,
      331.35,
      371.11,
      320.01,
      273.23,
      361.56,
      406.98,
      356.25,
      313.82,
      468.87,
      368.75,
      911.19,
      604.65,
      448.16,
      521.06,
      366.7,
      325.21
    ],
    "energy": [
      0.005901,
      0.00958,
      0.071016,
      0.062104,
      0.0451,
      0.074817,
      0.04637,
      0.017273,
      0.005448,
      0.007032,
      0.008545,
      0.054505,
      0.049413,
      0.06182,
      0.060188,
      0.067468,
      0.040122,
      0.102678,
      0.076293,
      0.069104,
      0.008649,
      0.070697
    ],
    "spectral_centroid": [
      1760.62,
      1529.43,
      1553.36,
      1593.68,
      3002.08,
      1144.7,
      1819.96,
      1384.42,
      1564.41,
      1794.2,
      1553.35,
      1720.98,
      2472.85,
      1839.68,
      1398.61,
      2066.73,
      2455.57,
      1822.38,
      2166.1,
      1875.89,
      2257.63,
      1934.67
    ]
  }
}