{
  "id": "4afe614f-580b-42ef-97dc-e2f161db8c93",
  "duration": 7.509,
  "pitch": {
    "mean": 624.42,
    "max": 2057.22,
    "std": 532.19,
    "max_mean_ratio": 3.29
  },
  "energy": {
    "mean": 0.112635,
    "max": 0.295885,
    "std": 0.078998,
    "rate_of_change": 0.038335
  },
  "speech_rate": {
    "chars_per_sec": 13.8,
    "words_per_sec": 2.25,
    "segment_count": 4
  },
  "spectral_centroid": {
    "mean": 2024.72
  },
  "timeseries": {
    "frame_sec": 0.5,
    "pitch": [
      128.92,
      292.73,
      480.6,
      993.64,
      530.26,
      216.44,
      573.44,
      1057.75,
      128.67,
      858.75,
      473.59,
      1010.36,
      706.44,
      1017.28,
      967.28,
      1054.62
    ],
    "energy": [
      0.012913,
      0.040713,
      0.099221,
      0.128022,
      0.084939,
      0.028289,
      0.142127,
      0.145471,
      0.014265,
      0.162611,
      0.054221,
      0.196534,
      0.170336,
      0.112851,
      0.215655,
      0.095091
    ],
    "spectral_centroid": [
      1407.19,
      1682.41,
      2348.37,
      2012.74,
      2400.81,
      1767.89,
      2142.19,
      1821.52,
      2390.81,
      2121.3,
      2321.47,
      2339.92,
      1762.09,
      2106.51,
      1754.87,
      1556.72
    ]
  }
}