{
  "id": "4b082e25-ce9e-4e14-814b-11cf32c61856",
  "duration": 12.245,
  "pitch": {
    "mean": 220.25,
    "max": 2083.77,
    "std": 333.81,
    "max_mean_ratio": 9.46
  },
  "energy": {
    "mean": 0.005009,
    "max": 0.012334,
    "std": 0.002254,
    "rate_of_change": 0.000859
  },
  "speech_rate": {
    "chars_per_sec": 0.0,
    "words_per_sec": 0.0,
    "segment_count": 0
  },
  "spectral_centroid": {
    "mean": 2333.69
  },
  "timeseries": {
    "frame_sec": 0.5,
    "pitch": [
      137.13,
      160.93,
      166.95,
      130.19,
      156.36,
      296.56,
      240.07,
      89.4,
      129.4,
      175.93,
      105.47,
      152.29,
      187.95,
      166.46,
      625.16,
      152.34,
      120.04,
      109.21,
      429.96,
      148.81,
      263.67,
      722.25,
      187.06,
      181.92,
      229.89
    ],
    "energy": [
      0.004805,
      0.006502,
      0.004153,
      0.002915,
      0.004244,
      0.004425,
      0.003563,
      0.005091,
      0.003315,
      0.00617,
      0.002953,
      0.002872,
      0.003099,
      0.003143,
      0.006548,
      0.003146,
      0.004702,
      0.004302,
      0.003973,
      0.002954,
      0.005927,
      0.008986,
      0.006893,
      0.009637,
      0.006723
    ],
    "spectral_centroid": [
      2075.75,
      1718.67,
      2237.28,
      2416.58,
      2313.5,
      2492.79,
      2118.47,
      2079.25,
      2626.16,
      2474.87,
      2514.35,
      2341.48,
      2161.15,
      2900.9,
      2394.17,
      2658.41,
      2696.09,
      2130.0,
      2489.59,
      2279.01,
      2131.11,
      1883.75,
      2212.51,
      2501.03,
      2554.76
    ]
  }
}