{
  "id": "4b1743d6-561e-43c8-8bdc-494b9b55eed2",
  "duration": 10.453,
  "pitch": {
    "mean": 416.0,
    "max": 2086.16,
    "std": 359.88,
    "max_mean_ratio": 5.01
  },
  "energy": {
    "mean": 0.055146,
    "max": 0.182052,
    "std": 0.047878,
    "rate_of_change": 0.017133
  },
  "speech_rate": {
    "chars_per_sec": 12.64,
    "words_per_sec": 2.11,
    "segment_count": 4
  },
  "spectral_centroid": {
    "mean": 1988.46
  },
  "timeseries": {
    "frame_sec": 0.5,
    "pitch": [
      556.4,
      472.27,
      474.51,
      609.52,
      433.81,
      244.33,
      185.76,
      347.61,
      569.95,
      599.04,
      499.54,
      454.12,
      628.87,
      97.38,
      284.12,
      176.65,
      213.58,
      188.4,
      374.14,
      604.44,
      521.56
    ],
    "energy": [
      0.053929,
      0.08756,
      0.059319,
      0.081037,
      0.041281,
      0.005889,
      0.013321,
      0.090574,
      0.101455,
      0.076511,
      0.081393,
      0.074823,
      0.056379,
      0.006332,
      0.008174,
      0.004319,
      0.005201,
      0.014924,
      0.068496,
      0.101592,
      0.074832
    ],
    "spectral_centroid": [
      1812.56,
      2649.14,
      1742.25,
      1964.51,
      1798.64,
      1711.16,
      1672.12,
      2321.9,
      2403.28,
      2834.25,
      2040.11,
      2083.69,
      2115.58,
      1430.23,
      1501.54,
      1729.04,
      1821.33,
      1465.94,
      2364.06,
      2382.76,
      1916.84
    ]
  }
}