{
  "id": "4b3b0581-12d0-400f-a3e2-fff60f1fe843",
  "duration": 7.915,
  "pitch": {
    "mean": 402.73,
    "max": 1767.04,
    "std": 317.29,
    "max_mean_ratio": 4.39
  },
  "energy": {
    "mean": 0.088071,
    "max": 0.229166,
    "std": 0.056503,
    "rate_of_change": 0.026753
  },
  "speech_rate": {
    "chars_per_sec": 13.75,
    "words_per_sec": 2.7,
    "segment_count": 5
  },
  "spectral_centroid": {
    "mean": 1959.27
  },
  "timeseries": {
    "frame_sec": 0.5,
    "pitch": [
      272.43,
      161.02,
      443.24,
      230.38,
      407.1,
      508.62,
      178.84,
      406.0,
      521.85,
      789.94,
      284.3,
      478.82,
      459.23,
      493.19,
      325.07,
      153.7
    ],
    "energy": [
      0.057698,
      0.042389,
      0.066446,
      0.031575,
      0.054708,
      0.096149,
      0.037204,
      0.106683,
      0.145863,
      0.074271,
      0.077334,
      0.15325,
      0.13432,
      0.144654,
      0.08676,
      0.028855
    ],
    "spectral_centroid": [
      2395.4,
      1909.75,
      2135.72,
      1738.41,
      1732.08,
      1593.17,
      1661.12,
      1630.3,
      1933.09,
      2029.32,
      1848.7,
      2243.6,
      1807.32,
      2259.22,
      2352.23,
      2101.75
    ]
  }
}