{
  "id": "4b45eef5-24c8-4609-b65c-c1cea28eb142",
  "duration": 9.856,
  "pitch": {
    "mean": 331.18,
    "max": 900.39,
    "std": 231.11,
    "max_mean_ratio": 2.72
  },
  "energy": {
    "mean": 0.030343,
    "max": 0.132113,
    "std": 0.030371,
    "rate_of_change": 0.01304
  },
  "speech_rate": {
    "chars_per_sec": 7.46,
    "words_per_sec": 1.37,
    "segment_count": 3
  },
  "spectral_centroid": {
    "mean": 1815.83
  },
  "timeseries": {
    "frame_sec": 0.5,
    "pitch": [
      375.78,
      474.18,
      357.03,
      246.56,
      266.5,
      217.76,
      308.47,
      349.6,
      327.1,
      229.21,
      388.72,
      466.98,
      394.67,
      531.34,
      230.75,
      145.79,
      104.86,
      133.4,
      528.61,
      568.3
    ],
    "energy": [
      0.056612,
      0.045485,
      0.010861,
      0.008072,
      0.008534,
      0.007485,
      0.010434,
      0.009937,
      0.008411,
      0.008237,
      0.06832,
      0.06793,
      0.062333,
      0.050497,
      0.01073,
      0.008283,
      0.012055,
      0.016719,
      0.071355,
      0.040978
    ],
    "spectral_centroid": [
      1757.99,
      1386.51,
      1532.12,
      1741.56,
      2299.67,
      1860.39,
      1885.99,
      1884.59,
      1904.41,
      2286.28,
      1563.3,
      1353.01,
      1520.98,
      1599.91,
      2050.0,
      2014.05,
      1731.6,
      2256.31,
      1734.15,
      1997.05
    ]
  }
}