{
  "id": "4bb56630-65e4-4250-80d1-0384b3ed9cbb",
  "duration": 9.685,
  "pitch": {
    "mean": 325.27,
    "max": 1393.71,
    "std": 238.28,
    "max_mean_ratio": 4.28
  },
  "energy": {
    "mean": 0.03828,
    "max": 0.123839,
    "std": 0.034063,
    "rate_of_change": 0.012493
  },
  "speech_rate": {
    "chars_per_sec": 10.85,
    "words_per_sec": 1.86,
    "segment_count": 2
  },
  "spectral_centroid": {
    "mean": 1720.63
  },
  "timeseries": {
    "frame_sec": 0.5,
    "pitch": [
      403.15,
      483.06,
      340.84,
      439.29,
      436.07,
      471.78,
      174.78,
      211.03,
      190.45,
      546.41,
      116.81,
      382.3,
      122.42,
      125.64,
      538.11,
      367.88,
      301.58,
      185.74,
      404.97,
      363.97
    ],
    "energy": [
      0.064014,
      0.074529,
      0.062191,
      0.055223,
      0.064228,
      0.051811,
      0.012364,
      0.006555,
      0.005911,
      0.003702,
      0.008061,
      0.008762,
      0.007552,
      0.005561,
      0.078229,
      0.081925,
      0.021849,
      0.01755,
      0.047552,
      0.082214
    ],
    "spectral_centroid": [
      1293.69,
      1545.39,
      2071.22,
      1442.83,
      1264.66,
      1852.94,
      2283.79,
      1806.11,
      1746.58,
      1916.75,
      1819.26,
      1728.35,
      1552.88,
      2026.5,
      1357.27,
      1397.73,
      2113.61,
      1969.56,
      1646.93,
      1390.6
    ]
  }
}