{
  "id": "4bbf35b6-b179-40a9-9f44-b214aa59f202",
  "duration": 7.168,
  "pitch": {
    "mean": 435.4,
    "max": 2079.26,
    "std": 469.32,
    "max_mean_ratio": 4.78
  },
  "energy": {
    "mean": 0.071372,
    "max": 0.235344,
    "std": 0.05206,
    "rate_of_change": 0.031366
  },
  "speech_rate": {
    "chars_per_sec": 5.03,
    "words_per_sec": 0.98,
    "segment_count": 2
  },
  "spectral_centroid": {
    "mean": 1859.19
  },
  "timeseries": {
    "frame_sec": 0.5,
    "pitch": [
      387.24,
      398.88,
      88.03,
      266.84,
      142.62,
      109.14,
      106.8,
      687.37,
      572.42,
      662.21,
      578.32,
      606.15,
      431.57,
      601.79,
      1809.55
    ],
    "energy": [
      0.07144,
      0.070292,
      0.016078,
      0.024706,
      0.017464,
      0.024186,
      0.038451,
      0.069358,
      0.113867,
      0.127505,
      0.073091,
      0.1299,
      0.091802,
      0.075515,
      0.089911
    ],
    "spectral_centroid": [
      1794.62,
      1575.24,
      1529.63,
      2197.14,
      1604.46,
      2141.04,
      2327.2,
      2103.85,
      1415.92,
      1423.55,
      1841.37,
      1504.53,
      1796.76,
      2581.97,
      2227.41
    ]
  }
}