{
  "id": "4be3c6ad-7689-48e3-a912-4e300df22d24",
  "duration": 9.685,
  "pitch": {
    "mean": 366.79,
    "max": 2037.61,
    "std": 268.68,
    "max_mean_ratio": 5.56
  },
  "energy": {
    "mean": 0.059753,
    "max": 0.229918,
    "std": 0.049036,
    "rate_of_change": 0.022892
  },
  "speech_rate": {
    "chars_per_sec": 13.41,
    "words_per_sec": 2.36,
    "segment_count": 4
  },
  "spectral_centroid": {
    "mean": 1779.96
  },
  "timeseries": {
    "frame_sec": 0.5,
    "pitch": [
      454.39,
      315.38,
      197.9,
      460.27,
      404.7,
      572.46,
      273.18,
      260.16,
      215.37,
      580.92,
      307.68,
      375.79,
      278.18,
      284.09,
      420.08,
      390.7,
      307.1,
      475.28,
      505.44,
      688.37
    ],
    "energy": [
      0.067872,
      0.050615,
      0.028327,
      0.029413,
      0.034038,
      0.143451,
      0.077526,
      0.051065,
      0.016625,
      0.017658,
      0.013183,
      0.011599,
      0.013009,
      0.034518,
      0.094086,
      0.074802,
      0.066079,
      0.128888,
      0.096221,
      0.135475
    ],
    "spectral_centroid": [
      1850.64,
      2093.4,
      2125.24,
      1709.33,
      1724.16,
      1326.57,
      1830.6,
      1433.87,
      1925.37,
      1815.2,
      1833.04,
      1740.03,
      1947.11,
      2178.4,
      1346.4,
      1358.22,
      1788.79,
      1528.67,
      2065.75,
      2207.96
    ]
  }
}