{
  "id": "4bf26aa7-f1fb-4d58-be49-7f57027edce5",
  "duration": 13.248,
  "pitch": {
    "mean": 473.82,
    "max": 2083.41,
    "std": 406.4,
    "max_mean_ratio": 4.4
  },
  "energy": {
    "mean": 0.061126,
    "max": 0.23954,
    "std": 0.047801,
    "rate_of_change": 0.017824
  },
  "speech_rate": {
    "chars_per_sec": 10.96,
    "words_per_sec": 2.31,
    "segment_count": 7
  },
  "spectral_centroid": {
    "mean": 1943.95
  },
  "timeseries": {
    "frame_sec": 0.5,
    "pitch": [
      463.4,
      620.62,
      111.24,
      177.44,
      105.68,
      731.58,
      548.16,
      415.98,
      451.23,
      797.5,
      575.03,
      515.23,
      848.4,
      113.34,
      196.47,
      217.65,
      674.35,
      475.09,
      554.16,
      738.75,
      334.88,
      853.97,
      248.05,
      621.47,
      811.19,
      139.39,
      204.19
    ],
    "energy": [
      0.076609,
      0.048161,
      0.007874,
      0.008585,
      0.008575,
      0.059694,
      0.058253,
      0.07673,
      0.084329,
      0.074936,
      0.069022,
      0.073058,
      0.0421,
      0.007903,
      0.004804,
      0.029039,
      0.085991,
      0.084937,
      0.067304,
      0.104517,
      0.051998,
      0.099476,
      0.040243,
      0.137133,
      0.139443,
      0.007477,
      0.004607
    ],
    "spectral_centroid": [
      1685.11,
      1716.6,
      1589.55,
      1455.58,
      1663.5,
      1748.15,
      2236.99,
      2344.44,
      1916.67,
      1605.8,
      2176.48,
      2282.31,
      1846.4,
      1502.85,
      1789.87,
      1727.53,
      2156.86,
      2216.39,
      2100.42,
      1918.02,
      2654.58,
      2053.8,
      1863.47,
      2412.42,
      1980.65,
      1911.55,
      1807.22
    ]
  }
}