{
  "id": "4c6062f4-4232-4350-84c0-d05432ba72f5",
  "duration": 9.109,
  "pitch": {
    "mean": 403.12,
    "max": 2057.1,
    "std": 368.06,
    "max_mean_ratio": 5.1
  },
  "energy": {
    "mean": 0.048226,
    "max": 0.139343,
    "std": 0.028909,
    "rate_of_change": 0.01425
  },
  "speech_rate": {
    "chars_per_sec": 9.36,
    "words_per_sec": 1.54,
    "segment_count": 6
  },
  "spectral_centroid": {
    "mean": 2108.63
  },
  "timeseries": {
    "frame_sec": 0.5,
    "pitch": [
      407.91,
      497.73,
      248.64,
      595.24,
      362.98,
      360.42,
      623.24,
      325.56,
      598.97,
      106.61,
      100.55,
      104.06,
      97.4,
      119.89,
      732.57,
      661.08,
      528.19,
      731.17,
      331.34
    ],
    "energy": [
      0.044475,
      0.041059,
      0.046663,
      0.073142,
      0.034342,
      0.030405,
      0.042355,
      0.038068,
      0.045713,
      0.013561,
      0.026238,
      0.044065,
      0.017487,
      0.050864,
      0.102895,
      0.077086,
      0.058915,
      0.045309,
      0.054684
    ],
    "spectral_centroid": [
      2138.69,
      1946.28,
      2491.78,
      2140.97,
      1856.57,
      2630.88,
      1924.9,
      2596.55,
      1982.57,
      2076.96,
      1663.78,
      1422.49,
      2215.41,
      1894.38,
      1971.65,
      2307.89,
      2284.58,
      2367.21,
      2096.31
    ]
  }
}