{
  "id": "4ca48836-478e-44b5-8e68-d49cb8169330",
  "duration": 11.136,
  "pitch": {
    "mean": 443.54,
    "max": 2048.62,
    "std": 348.07,
    "max_mean_ratio": 4.62
  },
  "energy": {
    "mean": 0.021013,
    "max": 0.07598,
    "std": 0.01601,
    "rate_of_change": 0.006419
  },
  "speech_rate": {
    "chars_per_sec": 14.54,
    "words_per_sec": 3.09,
    "segment_count": 2
  },
  "spectral_centroid": {
    "mean": 1879.15
  },
  "timeseries": {
    "frame_sec": 0.5,
    "pitch": [
      405.64,
      464.57,
      640.65,
      489.67,
      576.67,
      330.93,
      310.81,
      247.49,
      591.22,
      355.21,
      580.82,
      597.95,
      370.49,
      371.16,
      296.12,
      548.78,
      175.36,
      412.63,
      243.54,
      601.54,
      703.33,
      494.39,
      657.98
    ],
    "energy": [
      0.017391,
      0.026815,
      0.032218,
      0.011209,
      0.00754,
      0.015347,
      0.008983,
      0.014179,
      0.023844,
      0.011288,
      0.02146,
      0.020157,
      0.014088,
      0.015002,
      0.01124,
      0.03041,
      0.007008,
      0.008664,
      0.021605,
      0.02292,
      0.053144,
      0.046114,
      0.01955
    ],
    "spectral_centroid": [
      2276.23,
      1596.16,
      1950.3,
      2251.61,
      1790.06,
      1866.77,
      1619.43,
      1882.47,
      1546.81,
      1843.41,
      1554.81,
      1858.01,
      1624.15,
      2143.87,
      2065.04,
      1728.71,
      1749.08,
      2122.19,
      1864.65,
      2117.72,
      1956.51,
      1798.0,
      2249.99
    ]
  }
}