{
  "id": "4cfb0047-f4f4-4a70-bfe4-7b48fa6737d7",
  "duration": 9.984,
  "pitch": {
    "mean": 310.59,
    "max": 1821.08,
    "std": 285.5,
    "max_mean_ratio": 5.86
  },
  "energy": {
    "mean": 0.053331,
    "max": 0.163337,
    "std": 0.033377,
    "rate_of_change": 0.015708
  },
  "speech_rate": {
    "chars_per_sec": 8.52,
    "words_per_sec": 1.5,
    "segment_count": 2
  },
  "spectral_centroid": {
    "mean": 2057.1
  },
  "timeseries": {
    "frame_sec": 0.5,
    "pitch": [
      130.47,
      297.64,
      267.9,
      109.5,
      215.23,
      317.97,
      410.89,
      642.7,
      240.67,
      764.4,
      223.47,
      282.26,
      432.32,
      344.58,
      341.9,
      178.01,
      242.0,
      288.27,
      272.81,
      181.8
    ],
    "energy": [
      0.022383,
      0.051244,
      0.051872,
      0.019284,
      0.031217,
      0.07696,
      0.071792,
      0.073358,
      0.015469,
      0.012433,
      0.033708,
      0.056359,
      0.097685,
      0.083934,
      0.088527,
      0.016942,
      0.071887,
      0.035788,
      0.04698,
      0.062574
    ],
    "spectral_centroid": [
      2333.25,
      1694.9,
      2480.68,
      2190.0,
      2477.25,
      1774.58,
      1999.56,
      1955.84,
      2106.15,
      2616.84,
      2192.41,
      1953.31,
      1765.63,
      2248.75,
      1957.73,
      2058.08,
      1536.8,
      1963.3,
      1874.97,
      1831.08
    ]
  }
}