{
  "id": "4d4d9a19-d4b6-4966-8631-7642376e8ad9",
  "duration": 14.485,
  "pitch": {
    "mean": 355.55,
    "max": 1778.7,
    "std": 254.21,
    "max_mean_ratio": 5.0
  },
  "energy": {
    "mean": 0.096978,
    "max": 0.324965,
    "std": 0.069989,
    "rate_of_change": 0.021753
  },
  "speech_rate": {
    "chars_per_sec": 7.55,
    "words_per_sec": 1.42,
    "segment_count": 8
  },
  "spectral_centroid": {
    "mean": 1804.23
  },
  "timeseries": {
    "frame_sec": 0.5,
    "pitch": [
      381.6,
      462.51,
      170.49,
      418.11,
      419.28,
      137.1,
      195.31,
      164.76,
      170.64,
      245.09,
      377.25,
      540.51,
      122.23,
      561.1,
      453.94,
      274.48,
      308.23,
      149.77,
      298.22,
      518.08,
      246.41,
      500.12,
      309.62,
      260.23,
      557.08,
      525.74,
      492.63,
      398.83,
      552.57
    ],
    "energy": [
      0.067053,
      0.085394,
      0.04052,
      0.089475,
      0.068907,
      0.03383,
      0.03431,
      0.038162,
      0.049364,
      0.061974,
      0.119374,
      0.142236,
      0.035583,
      0.153224,
      0.070531,
      0.100107,
      0.075658,
      0.034767,
      0.097542,
      0.120544,
      0.060223,
      0.046872,
      0.041161,
      0.037489,
      0.207627,
      0.204032,
      0.249303,
      0.146806,
      0.1644
    ],
    "spectral_centroid": [
      1738.32,
      2082.45,
      1657.4,
      1790.82,
      1964.43,
      1676.47,
      1753.43,
      1602.25,
      1745.86,
      1585.56,
      1585.57,
      1458.89,
      1651.9,
      1889.25,
      1685.64,
      2362.52,
      1643.1,
      2035.81,
      1626.61,
      1698.56,
      1676.12,
      1772.47,
      1497.14,
      1803.93,
      1677.98,
      2196.55,
      1856.19,
      2605.23,
      2050.52
    ]
  }
}