{
  "id": "4df50cf6-c509-4483-a49f-a04524c5f2e8",
  "duration": 14.976,
  "pitch": {
    "mean": 574.15,
    "max": 2016.09,
    "std": 447.37,
    "max_mean_ratio": 3.51
  },
  "energy": {
    "mean": 0.077779,
    "max": 0.353554,
    "std": 0.062853,
    "rate_of_change": 0.023116
  },
  "speech_rate": {
    "chars_per_sec": 12.03,
    "words_per_sec": 2.27,
    "segment_count": 10
  },
  "spectral_centroid": {
    "mean": 1970.77
  },
  "timeseries": {
    "frame_sec": 0.5,
    "pitch": [
      447.67,
      547.09,
      617.44,
      412.64,
      1337.98,
      579.88,
      691.72,
      1183.69,
      634.39,
      769.18,
      449.42,
      142.77,
      253.72,
      605.2,
      603.5,
      395.85,
      379.19,
      321.34,
      654.6,
      426.54,
      588.11,
      400.68,
      188.15,
      676.85,
      1323.52,
      556.43,
      567.59,
      336.48,
      503.03,
      594.55
    ],
    "energy": [
      0.045621,
      0.080027,
      0.174649,
      0.097849,
      0.141146,
      0.106918,
      0.131126,
      0.11141,
      0.065269,
      0.133854,
      0.0539,
      0.023895,
      0.030278,
      0.104854,
      0.056871,
      0.014894,
      0.055894,
      0.044419,
      0.067596,
      0.064714,
      0.068694,
      0.070708,
      0.016916,
      0.061733,
      0.092903,
      0.067456,
      0.077695,
      0.052377,
      0.043228,
      0.067566
    ],
    "spectral_centroid": [
      1540.52,
      1696.84,
      1869.38,
      1998.43,
      1880.03,
      2948.8,
      2164.84,
      2680.98,
      2151.81,
      1823.55,
      2010.92,
      1710.45,
      1632.63,
      2164.41,
      2130.79,
      1768.14,
      1816.44,
      1997.59,
      2542.41,
      2083.67,
      1770.57,
      1859.06,
      1823.27,
      1601.14,
      1698.48,
      1869.94,
      1902.39,
      2392.96,
      1984.32,
      1655.93
    ]
  }
}