{
  "id": "4eb4b88b-c329-4068-9485-fa9cd2993b06",
  "duration": 12.949,
  "pitch": {
    "mean": 430.66,
    "max": 1689.7,
    "std": 267.21,
    "max_mean_ratio": 3.92
  },
  "energy": {
    "mean": 0.039669,
    "max": 0.132174,
    "std": 0.025802,
    "rate_of_change": 0.009569
  },
  "speech_rate": {
    "chars_per_sec": 18.11,
    "words_per_sec": 3.21,
    "segment_count": 3
  },
  "spectral_centroid": {
    "mean": 1761.41
  },
  "timeseries": {
    "frame_sec": 0.5,
    "pitch": [
      386.46,
      357.32,
      394.13,
      402.49,
      493.85,
      242.61,
      400.18,
      406.63,
      540.09,
      435.28,
      543.39,
      306.02,
      301.53,
      493.6,
      547.5,
      519.67,
      326.06,
      526.27,
      492.13,
      584.96,
      626.03,
      212.65,
      361.32,
      332.63,
      483.64,
      288.82
    ],
    "energy": [
      0.017468,
      0.030907,
      0.039193,
      0.028197,
      0.059279,
      0.026728,
      0.077067,
      0.032044,
      0.059468,
      0.033834,
      0.069007,
      0.058345,
      0.035418,
      0.044399,
      0.030985,
      0.047853,
      0.036662,
      0.043905,
      0.038501,
      0.010832,
      0.015603,
      0.018023,
      0.030624,
      0.038945,
      0.050302,
      0.011856
    ],
    "spectral_centroid": [
      1732.36,
      1421.26,
      1710.51,
      1833.57,
      1794.99,
      1787.46,
      1161.27,
      1982.21,
      1239.55,
      1634.4,
      1373.06,
      1751.86,
      1989.46,
      1831.73,
      1764.92,
      1576.53,
      1676.33,
      1968.23,
      1712.89,
      2037.74,
      1820.77,
      1992.42,
      2129.61,
      2124.79,
      1613.78,
      2167.39
    ]
  }
}