{
  "id": "4ef99c85-d8c9-45f8-ba10-e11c30671d69",
  "duration": 12.523,
  "pitch": {
    "mean": 388.3,
    "max": 2060.16,
    "std": 430.1,
    "max_mean_ratio": 5.31
  },
  "energy": {
    "mean": 0.056903,
    "max": 0.121174,
    "std": 0.023581,
    "rate_of_change": 0.008312
  },
  "speech_rate": {
    "chars_per_sec": 4.95,
    "words_per_sec": 0.96,
    "segment_count": 1
  },
  "spectral_centroid": {
    "mean": 2420.26
  },
  "timeseries": {
    "frame_sec": 0.5,
    "pitch": [
      260.85,
      162.47,
      327.7,
      404.32,
      223.61,
      550.48,
      767.68,
      569.17,
      760.71,
      593.8,
      146.75,
      132.93,
      333.04,
      665.21,
      234.47,
      111.49,
      447.78,
      632.97,
      409.87,
      157.67,
      465.79,
      161.03,
      247.0,
      440.52,
      721.06,
      195.11
    ],
    "energy": [
      0.077461,
      0.056604,
      0.038553,
      0.041974,
      0.048907,
      0.060894,
      0.044015,
      0.044167,
      0.041227,
      0.039285,
      0.061313,
      0.054346,
      0.03201,
      0.033731,
      0.076622,
      0.089256,
      0.043505,
      0.041926,
      0.032817,
      0.028664,
      0.080074,
      0.088231,
      0.080817,
      0.074161,
      0.053481,
      0.019561
    ],
    "spectral_centroid": [
      1980.4,
      2049.87,
      2325.69,
      2985.37,
      3240.67,
      2303.03,
      2298.9,
      3122.92,
      2875.87,
      2702.41,
      2914.63,
      2194.34,
      2422.61,
      2311.47,
      2075.47,
      1826.1,
      1971.55,
      2206.63,
      2434.45,
      2054.03,
      2324.57,
      2369.14,
      2560.96,
      2361.67,
      2567.62,
      2541.16
    ]
  }
}