{
  "id": "4f6261cd-6d0e-457b-b43b-9e788703dbab",
  "duration": 11.797,
  "pitch": {
    "mean": 587.79,
    "max": 1593.05,
    "std": 303.33,
    "max_mean_ratio": 2.71
  },
  "energy": {
    "mean": 0.058051,
    "max": 0.211305,
    "std": 0.04452,
    "rate_of_change": 0.017026
  },
  "speech_rate": {
    "chars_per_sec": 18.03,
    "words_per_sec": 3.35,
    "segment_count": 3
  },
  "spectral_centroid": {
    "mean": 1844.35
  },
  "timeseries": {
    "frame_sec": 0.5,
    "pitch": [
      755.39,
      284.22,
      505.85,
      583.7,
      369.16,
      536.16,
      420.89,
      428.41,
      512.3,
      367.22,
      547.89,
      826.07,
      839.0,
      828.14,
      921.61,
      656.18,
      481.83,
      380.38,
      618.85,
      643.1,
      612.57,
      440.01,
      758.08,
      789.64
    ],
    "energy": [
      0.048645,
      0.023492,
      0.02581,
      0.05194,
      0.029124,
      0.029336,
      0.021879,
      0.031043,
      0.019151,
      0.035039,
      0.046478,
      0.086627,
      0.148527,
      0.1009,
      0.071967,
      0.037025,
      0.037719,
      0.033897,
      0.046784,
      0.053525,
      0.059361,
      0.054128,
      0.131665,
      0.15084
    ],
    "spectral_centroid": [
      1604.05,
      2140.87,
      2121.35,
      2022.63,
      2076.9,
      1690.99,
      1896.49,
      1775.72,
      1649.64,
      1902.73,
      2135.3,
      1854.89,
      1725.95,
      1901.48,
      1763.56,
      1739.27,
      1844.05,
      1781.77,
      1666.23,
      1597.54,
      1887.75,
      1999.96,
      1647.85,
      1835.51
    ]
  }
}