{
  "id": "4fe2d82f-758a-4e9f-85cc-f1d8d5368fa4",
  "duration": 6.741,
  "pitch": {
    "mean": 519.69,
    "max": 2012.86,
    "std": 443.75,
    "max_mean_ratio": 3.87
  },
  "energy": {
    "mean": 0.067114,
    "max": 0.320467,
    "std": 0.059873,
    "rate_of_change": 0.045576
  },
  "speech_rate": {
    "chars_per_sec": 19.32,
    "words_per_sec": 3.59,
    "segment_count": 3
  },
  "spectral_centroid": {
    "mean": 2199.43
  },
  "timeseries": {
    "frame_sec": 0.5,
    "pitch": [
      666.44,
      641.03,
      513.05,
      742.59,
      234.5,
      212.41,
      595.0,
      632.84,
      734.36,
      754.37,
      483.59,
      326.3,
      134.48,
      429.19
    ],
    "energy": [
      0.077247,
      0.075886,
      0.073289,
      0.174802,
      0.021263,
      0.017215,
      0.045087,
      0.066317,
      0.091811,
      0.082391,
      0.080089,
      0.023803,
      0.02445,
      0.021804
    ],
    "spectral_centroid": [
      1844.3,
      2138.43,
      2742.02,
      1947.43,
      2074.79,
      2052.27,
      2099.07,
      2181.72,
      2223.69,
      2204.94,
      2139.37,
      2174.63,
      2515.57,
      2658.19
    ]
  }
}