{
  "id": "50106f43-6902-4cf4-b872-d4d805b2e235",
  "duration": 29.12,
  "pitch": {
    "mean": 465.37,
    "max": 2059.37,
    "std": 318.25,
    "max_mean_ratio": 4.43
  },
  "energy": {
    "mean": 0.056423,
    "max": 0.216865,
    "std": 0.037275,
    "rate_of_change": 0.007227
  },
  "speech_rate": {
    "chars_per_sec": 14.91,
    "words_per_sec": 2.96,
    "segment_count": 7
  },
  "spectral_centroid": {
    "mean": 2209.21
  },
  "timeseries": {
    "frame_sec": 0.5,
    "pitch": [
      706.33,
      380.14,
      409.1,
      369.38,
      559.0,
      321.77,
      350.09,
      421.72,
      512.42,
      416.45,
      422.8,
      440.84,
      449.21,
      363.4,
      369.05,
      338.55,
      392.36,
      351.96,
      373.01,
      331.71,
      483.29,
      212.11,
      439.04,
      412.7,
      453.91,
      332.92,
      305.41,
      260.54,
      619.49,
      378.33,
      218.46,
      172.9,
      429.47,
      447.31,
      824.82,
      610.29,
      418.9,
      748.41,
      611.37,
      706.3,
      549.37,
      271.08,
      357.25,
      547.73,
      634.16,
      481.96,
      671.58,
      772.1,
      591.39,
      550.4,
      567.12,
      607.63,
      516.25,
      497.96,
      402.8,
      500.26,
      656.11,
      492.98,
      934.45
    ],
    "energy": [
      0.033487,
      0.042834,
      0.047558,
      0.035472,
      0.032954,
      0.017787,
      0.016097,
      0.074042,
      0.077582,
      0.067453,
      0.052887,
      0.065801,
      0.057531,
      0.04704,
      0.051062,
      0.047208,
      0.057569,
      0.050006,
      0.037477,
      0.054257,
      0.049201,
      0.044881,
      0.056842,
      0.053045,
      0.048721,
      0.062246,
      0.0161,
      0.021121,
      0.044305,
      0.051275,
      0.015787,
      0.022301,
      0.072679,
      0.049527,
      0.158733,
      0.075444,
      0.08682,
      0.09304,
      0.032492,
      0.036043,
      0.031137,
      0.034045,
      0.032255,
      0.055981,
      0.097281,
      0.021485,
      0.070732,
      0.063122,
      0.0746,
      0.101035,
      0.105893,
      0.040192,
      0.070142,
      0.063165,
      0.039217,
      0.055546,
      0.052604,
      0.037955,
      0.047299
    ],
    "spectral_centroid": [
      2449.17,
      2550.05,
      2125.83,
      2404.09,
      1912.73,
      2001.42,
      2051.49,
      1666.85,
      1850.46,
      2000.37,
      2387.55,
      1501.98,
      1780.39,
      2855.31,
      2129.04,
      2727.12,
      2088.99,
      1989.27,
      1806.15,
      2002.58,
      1526.34,
      2884.5,
      1938.94,
      2486.42,
      2064.06,
      2308.93,
      2069.16,
      1851.74,
      1889.51,
      2460.75,
      1735.86,
      2600.98,
      2634.88,
      2467.56,
      1816.63,
      1938.51,
      1974.46,
      2161.65,
      1777.13,
      1796.52,
      2510.38,
      3428.76,
      2761.77,
      1991.81,
      1702.76,
      3132.21,
      2921.04,
      2500.58,
      2733.22,
      2540.16,
      1990.58,
      2614.38,
      2165.07,
      1882.66,
      1988.04,
      2201.04,
      1924.67,
      2361.25,
      1613.69
    ]
  }
}