{
  "id": "501eb749-a164-46a8-924d-28a5dca15f65",
  "duration": 12.416,
  "pitch": {
    "mean": 596.79,
    "max": 1424.82,
    "std": 229.27,
    "max_mean_ratio": 2.39
  },
  "energy": {
    "mean": 0.067015,
    "max": 0.191499,
    "std": 0.039972,
    "rate_of_change": 0.014599
  },
  "speech_rate": {
    "chars_per_sec": 7.27,
    "words_per_sec": 1.4,
    "segment_count": 2
  },
  "spectral_centroid": {
    "mean": 1828.26
  },
  "timeseries": {
    "frame_sec": 0.5,
    "pitch": [
      515.73,
      570.8,
      488.62,
      330.22,
      644.36,
      535.13,
      566.21,
      602.3,
      486.15,
      743.9,
      509.52,
      562.17,
      591.89,
      469.1,
      417.5,
      693.13,
      666.6,
      703.79,
      644.2,
      680.43,
      511.47,
      813.35,
      694.76,
      914.52,
      644.04
    ],
    "energy": [
      0.041393,
      0.049314,
      0.064371,
      0.040743,
      0.103549,
      0.051791,
      0.029254,
      0.063972,
      0.034794,
      0.036669,
      0.064087,
      0.105552,
      0.087398,
      0.059212,
      0.0504,
      0.083965,
      0.052457,
      0.110388,
      0.089119,
      0.083156,
      0.060901,
      0.052751,
      0.073808,
      0.041468,
      0.060129
    ],
    "spectral_centroid": [
      2391.54,
      1741.39,
      1808.15,
      1694.12,
      1597.39,
      1739.94,
      1770.33,
      1798.34,
      2092.96,
      1509.11,
      1704.95,
      1614.74,
      1851.49,
      1574.18,
      1646.56,
      2123.54,
      1771.06,
      2133.28,
      1580.33,
      1960.91,
      2045.46,
      1919.05,
      1893.69,
      1934.8,
      1715.85
    ]
  }
}