{
  "id": "5050a2b9-4583-4e03-aa4f-6854be56c17d",
  "duration": 8.128,
  "pitch": {
    "mean": 449.53,
    "max": 1216.5,
    "std": 252.55,
    "max_mean_ratio": 2.71
  },
  "energy": {
    "mean": 0.045761,
    "max": 0.162239,
    "std": 0.031556,
    "rate_of_change": 0.019016
  },
  "speech_rate": {
    "chars_per_sec": 15.08,
    "words_per_sec": 3.14,
    "segment_count": 2
  },
  "spectral_centroid": {
    "mean": 1919.24
  },
  "timeseries": {
    "frame_sec": 0.5,
    "pitch": [
      560.17,
      512.79,
      548.95,
      333.47,
      355.99,
      324.24,
      404.3,
      294.19,
      503.75,
      505.5,
      480.19,
      305.21,
      370.3,
      494.17,
      297.41,
      719.83,
      697.39
    ],
    "energy": [
      0.061448,
      0.074012,
      0.086051,
      0.035418,
      0.033589,
      0.02292,
      0.027648,
      0.033257,
      0.029885,
      0.036084,
      0.046303,
      0.038525,
      0.041048,
      0.047439,
      0.034781,
      0.052702,
      0.053845
    ],
    "spectral_centroid": [
      1701.79,
      1417.24,
      1775.8,
      2659.1,
      2942.51,
      2140.31,
      1687.86,
      1534.59,
      1628.71,
      1790.09,
      1684.21,
      2166.26,
      1742.06,
      2136.68,
      1919.32,
      1703.49,
      2158.15
    ]
  }
}