{
  "id": "5056eb2c-4482-498c-b73d-7d03589aa910",
  "duration": 7.104,
  "pitch": {
    "mean": 421.18,
    "max": 2084.27,
    "std": 417.54,
    "max_mean_ratio": 4.95
  },
  "energy": {
    "mean": 0.074497,
    "max": 0.269913,
    "std": 0.062801,
    "rate_of_change": 0.037333
  },
  "speech_rate": {
    "chars_per_sec": 8.14,
    "words_per_sec": 1.33,
    "segment_count": 3
  },
  "spectral_centroid": {
    "mean": 2015.46
  },
  "timeseries": {
    "frame_sec": 0.5,
    "pitch": [
      1031.3,
      179.26,
      528.76,
      371.23,
      189.57,
      301.41,
      479.55,
      710.82,
      428.32,
      366.38,
      387.41,
      388.13,
      222.21,
      240.77,
      134.2
    ],
    "energy": [
      0.028555,
      0.018193,
      0.016121,
      0.013205,
      0.057447,
      0.112804,
      0.17785,
      0.108763,
      0.086179,
      0.117314,
      0.104278,
      0.016221,
      0.050543,
      0.102572,
      0.011541
    ],
    "spectral_centroid": [
      2211.45,
      2031.24,
      2331.07,
      2214.2,
      1906.3,
      1674.87,
      1694.27,
      2072.13,
      2322.02,
      1601.12,
      2232.21,
      2182.17,
      1692.0,
      2171.15,
      1641.27
    ]
  }
}