{
  "id": "50824c12-39f8-43ce-a809-0072c3f80ca9",
  "duration": 4.245,
  "pitch": {
    "mean": 533.4,
    "max": 2069.89,
    "std": 331.89,
    "max_mean_ratio": 3.88
  },
  "energy": {
    "mean": 0.083308,
    "max": 0.179191,
    "std": 0.038653,
    "rate_of_change": 0.04126
  },
  "speech_rate": {
    "chars_per_sec": 18.57,
    "words_per_sec": 3.1,
    "segment_count": 2
  },
  "spectral_centroid": {
    "mean": 1914.9
  },
  "timeseries": {
    "frame_sec": 0.5,
    "pitch": [
      631.56,
      497.67,
      463.74,
      524.77,
      618.06,
      525.03,
      657.17,
      502.1,
      701.61
    ],
    "energy": [
      0.09294,
      0.071507,
      0.083581,
      0.047993,
      0.086328,
      0.078439,
      0.095459,
      0.075378,
      0.094819
    ],
    "spectral_centroid": [
      1911.61,
      1912.54,
      2273.5,
      1985.93,
      2159.58,
      1807.8,
      1633.05,
      1769.65,
      1752.31
    ]
  }
}