{
  "id": "5090ef32-2133-440f-a2aa-534dcb203c36",
  "duration": 12.416,
  "pitch": {
    "mean": 403.16,
    "max": 1437.08,
    "std": 215.33,
    "max_mean_ratio": 3.56
  },
  "energy": {
    "mean": 0.045927,
    "max": 0.218771,
    "std": 0.032868,
    "rate_of_change": 0.017149
  },
  "speech_rate": {
    "chars_per_sec": 12.5,
    "words_per_sec": 2.42,
    "segment_count": 1
  },
  "spectral_centroid": {
    "mean": 2009.22
  },
  "timeseries": {
    "frame_sec": 0.5,
    "pitch": [
      436.75,
      384.6,
      456.52,
      392.21,
      335.16,
      486.23,
      429.65,
      369.79,
      311.69,
      507.96,
      153.8,
      554.87,
      509.5,
      380.94,
      524.67,
      505.66,
      313.51,
      397.41,
      269.73,
      516.11,
      453.47,
      465.04,
      232.89,
      389.27,
      370.81
    ],
    "energy": [
      0.073734,
      0.075094,
      0.091334,
      0.044834,
      0.03538,
      0.080331,
      0.056587,
      0.035452,
      0.049882,
      0.03188,
      0.009477,
      0.029202,
      0.038804,
      0.03712,
      0.040071,
      0.046621,
      0.037008,
      0.030664,
      0.016954,
      0.057386,
      0.048578,
      0.050184,
      0.019452,
      0.035815,
      0.02614
    ],
    "spectral_centroid": [
      1678.62,
      2049.13,
      2047.26,
      1936.17,
      2150.11,
      2110.2,
      2556.08,
      1904.08,
      2699.42,
      2040.52,
      2416.71,
      1650.94,
      1771.09,
      1782.07,
      1717.54,
      2098.38,
      1746.75,
      1511.24,
      2546.27,
      2179.37,
      1878.51,
      1711.31,
      1934.65,
      2073.19,
      1970.53
    ]
  }
}