{
  "id": "50b9204e-53b5-4ed6-bdd4-ec143c3defe4",
  "duration": 12.885,
  "pitch": {
    "mean": 511.71,
    "max": 2016.28,
    "std": 334.15,
    "max_mean_ratio": 3.94
  },
  "energy": {
    "mean": 0.087036,
    "max": 0.235252,
    "std": 0.044635,
    "rate_of_change": 0.017838
  },
  "speech_rate": {
    "chars_per_sec": 14.9,
    "words_per_sec": 2.62,
    "segment_count": 2
  },
  "spectral_centroid": {
    "mean": 1998.19
  },
  "timeseries": {
    "frame_sec": 0.5,
    "pitch": [
      304.21,
      238.54,
      202.06,
      655.95,
      439.95,
      464.25,
      510.28,
      959.36,
      485.18,
      577.49,
      422.28,
      452.35,
      609.89,
      335.15,
      492.75,
      438.23,
      728.03,
      314.92,
      459.66,
      585.49,
      619.7,
      647.34,
      503.41,
      578.28,
      455.14,
      715.65
    ],
    "energy": [
      0.048026,
      0.036761,
      0.021858,
      0.07977,
      0.051088,
      0.069742,
      0.065659,
      0.060267,
      0.077268,
      0.07991,
      0.110831,
      0.119976,
      0.118182,
      0.049037,
      0.12072,
      0.091423,
      0.077198,
      0.04281,
      0.085064,
      0.102603,
      0.142949,
      0.118681,
      0.093881,
      0.129265,
      0.086811,
      0.080549
    ],
    "spectral_centroid": [
      1787.62,
      1859.53,
      1936.02,
      1869.96,
      2542.78,
      1873.44,
      2483.73,
      2233.24,
      2012.1,
      1675.5,
      2195.36,
      2076.99,
      2297.81,
      1433.62,
      1818.86,
      1689.84,
      1780.36,
      2073.37,
      2134.4,
      1689.34,
      1958.04,
      2609.32,
      2329.83,
      1722.78,
      1744.25,
      2262.9
    ]
  }
}