{
  "id": "511554d0-bfb6-421a-94f7-dd9e09b99819",
  "duration": 4.352,
  "pitch": {
    "mean": 342.63,
    "max": 1735.3,
    "std": 343.27,
    "max_mean_ratio": 5.06
  },
  "energy": {
    "mean": 0.055305,
    "max": 0.126647,
    "std": 0.018811,
    "rate_of_change": 0.023678
  },
  "speech_rate": {
    "chars_per_sec": 18.2,
    "words_per_sec": 3.0,
    "segment_count": 2
  },
  "spectral_centroid": {
    "mean": 1855.62
  },
  "timeseries": {
    "frame_sec": 0.5,
    "pitch": [
      545.49,
      198.58,
      261.43,
      189.54,
      346.04,
      547.1,
      415.64,
      341.05,
      162.95
    ],
    "energy": [
      0.079867,
      0.046432,
      0.060416,
      0.043116,
      0.044539,
      0.05306,
      0.050047,
      0.049597,
      0.051185
    ],
    "spectral_centroid": [
      1653.44,
      1682.91,
      1859.52,
      1887.51,
      2165.71,
      2014.25,
      1744.43,
      1588.04,
      2221.18
    ]
  }
}