{
  "id": "51347f75-982b-46c2-b1b6-961be9be6965",
  "duration": 4.992,
  "pitch": {
    "mean": 364.46,
    "max": 850.63,
    "std": 194.09,
    "max_mean_ratio": 2.33
  },
  "energy": {
    "mean": 0.052485,
    "max": 0.106944,
    "std": 0.025682,
    "rate_of_change": 0.020307
  },
  "speech_rate": {
    "chars_per_sec": 8.76,
    "words_per_sec": 1.71,
    "segment_count": 2
  },
  "spectral_centroid": {
    "mean": 1810.23
  },
  "timeseries": {
    "frame_sec": 0.5,
    "pitch": [
      303.94,
      424.46,
      520.84,
      316.68,
      486.95,
      331.83,
      405.79,
      459.2,
      276.79,
      312.8
    ],
    "energy": [
      0.022228,
      0.064059,
      0.059859,
      0.039123,
      0.042921,
      0.019987,
      0.061001,
      0.07142,
      0.058638,
      0.063182
    ],
    "spectral_centroid": [
      2354.57,
      1443.52,
      1618.44,
      1968.18,
      1281.21,
      1951.77,
      2269.65,
      1328.6,
      1740.55,
      2139.21
    ]
  }
}