{
  "id": "51625f3c-1113-4e3e-a39e-b78fc49131c4",
  "duration": 7.488,
  "pitch": {
    "mean": 613.07,
    "max": 2060.68,
    "std": 462.09,
    "max_mean_ratio": 3.36
  },
  "energy": {
    "mean": 0.106562,
    "max": 0.31786,
    "std": 0.075373,
    "rate_of_change": 0.040736
  },
  "speech_rate": {
    "chars_per_sec": 14.57,
    "words_per_sec": 2.81,
    "segment_count": 4
  },
  "spectral_centroid": {
    "mean": 2079.09
  },
  "timeseries": {
    "frame_sec": 0.5,
    "pitch": [
      461.01,
      900.21,
      738.22,
      843.02,
      759.61,
      715.56,
      244.56,
      656.13,
      557.76,
      516.22,
      611.0,
      711.58,
      321.19,
      400.42,
      671.0
    ],
    "energy": [
      0.070218,
      0.150167,
      0.116119,
      0.158101,
      0.1139,
      0.078683,
      0.024195,
      0.127019,
      0.072761,
      0.01601,
      0.100175,
      0.133221,
      0.072642,
      0.117919,
      0.163829
    ],
    "spectral_centroid": [
      2041.24,
      1727.35,
      1900.03,
      1830.5,
      1813.05,
      2129.68,
      2120.06,
      2197.31,
      2388.55,
      2052.59,
      2343.43,
      2122.6,
      2062.25,
      2190.22,
      2216.26
    ]
  }
}