{
  "id": "52009d08-575d-4ba4-a1cb-208b7c10c19a",
  "duration": 15.04,
  "pitch": {
    "mean": 395.85,
    "max": 2068.96,
    "std": 348.14,
    "max_mean_ratio": 5.23
  },
  "energy": {
    "mean": 0.052139,
    "max": 0.191728,
    "std": 0.038163,
    "rate_of_change": 0.011908
  },
  "speech_rate": {
    "chars_per_sec": 8.14,
    "words_per_sec": 1.59,
    "segment_count": 7
  },
  "spectral_centroid": {
    "mean": 1755.92
  },
  "timeseries": {
    "frame_sec": 0.5,
    "pitch": [
      425.38,
      298.83,
      361.27,
      543.14,
      404.2,
      241.77,
      299.85,
      374.27,
      221.48,
      433.58,
      379.19,
      325.41,
      450.82,
      668.29,
      345.22,
      448.04,
      340.2,
      462.16,
      362.93,
      300.29,
      486.42,
      243.85,
      209.84,
      194.71,
      181.43,
      203.33,
      407.28,
      807.25,
      926.26,
      399.87,
      712.63
    ],
    "energy": [
      0.069584,
      0.058601,
      0.058012,
      0.073838,
      0.04218,
      0.050284,
      0.023403,
      0.029382,
      0.046378,
      0.051124,
      0.051365,
      0.065512,
      0.094032,
      0.100145,
      0.027793,
      0.074226,
      0.043741,
      0.041284,
      0.071599,
      0.015383,
      0.017016,
      0.01625,
      0.013779,
      0.014721,
      0.035054,
      0.052953,
      0.080387,
      0.081367,
      0.085264,
      0.018807,
      0.029115
    ],
    "spectral_centroid": [
      1636.79,
      1685.57,
      1952.97,
      1717.1,
      1839.69,
      1638.94,
      2311.33,
      1856.44,
      1523.49,
      1652.25,
      1374.55,
      1789.64,
      1646.94,
      1407.76,
      1552.61,
      1593.5,
      1671.38,
      1633.96,
      1839.94,
      1913.4,
      1861.63,
      1677.27,
      1862.91,
      1854.06,
      1739.05,
      1796.35,
      1839.18,
      1911.67,
      1897.04,
      2020.63,
      1554.05
    ]
  }
}