{
  "id": "5245817c-4903-4eee-9521-093f6f03d898",
  "duration": 7.253,
  "pitch": {
    "mean": 237.94,
    "max": 1234.98,
    "std": 205.66,
    "max_mean_ratio": 5.19
  },
  "energy": {
    "mean": 0.038004,
    "max": 0.104846,
    "std": 0.028037,
    "rate_of_change": 0.013758
  },
  "speech_rate": {
    "chars_per_sec": 8.26,
    "words_per_sec": 1.56,
    "segment_count": 2
  },
  "spectral_centroid": {
    "mean": 1749.27
  },
  "timeseries": {
    "frame_sec": 0.5,
    "pitch": [
      219.77,
      186.95,
      175.18,
      225.43,
      189.44,
      285.85,
      138.12,
      278.85,
      213.28,
      307.76,
      110.77,
      396.1,
      340.23,
      301.6,
      266.89
    ],
    "energy": [
      0.01754,
      0.011599,
      0.062096,
      0.067437,
      0.062121,
      0.017679,
      0.012735,
      0.012683,
      0.022269,
      0.019312,
      0.015963,
      0.026199,
      0.071834,
      0.077288,
      0.064878
    ],
    "spectral_centroid": [
      1673.88,
      1699.87,
      1139.34,
      1356.44,
      1340.0,
      1624.74,
      1976.53,
      1911.95,
      1591.01,
      1750.57,
      1839.45,
      1902.78,
      1930.4,
      2281.51,
      2461.44
    ]
  }
}