{
  "id": "5260c249-06c9-4f1b-ace2-2921181374c5",
  "duration": 7.168,
  "pitch": {
    "mean": 467.47,
    "max": 1536.85,
    "std": 212.92,
    "max_mean_ratio": 3.29
  },
  "energy": {
    "mean": 0.064928,
    "max": 0.207633,
    "std": 0.048206,
    "rate_of_change": 0.028491
  },
  "speech_rate": {
    "chars_per_sec": 18.63,
    "words_per_sec": 4.06,
    "segment_count": 2
  },
  "spectral_centroid": {
    "mean": 1808.58
  },
  "timeseries": {
    "frame_sec": 0.5,
    "pitch": [
      434.12,
      343.65,
      552.25,
      388.39,
      531.64,
      381.03,
      596.01,
      297.61,
      363.92,
      443.3,
      582.31,
      525.01,
      523.98,
      646.62,
      687.92
    ],
    "energy": [
      0.020559,
      0.023431,
      0.02603,
      0.024849,
      0.051047,
      0.054645,
      0.033028,
      0.033978,
      0.101829,
      0.106634,
      0.136819,
      0.114342,
      0.080558,
      0.052761,
      0.082604
    ],
    "spectral_centroid": [
      1872.63,
      1602.54,
      1753.81,
      1953.74,
      1597.58,
      1824.6,
      1854.25,
      2184.56,
      1787.52,
      1712.94,
      1790.3,
      1604.63,
      1760.71,
      1972.93,
      1801.06
    ]
  }
}