{
  "id": "52b93b1e-ca89-49c3-8c32-cc2b0e90e895",
  "duration": 10.176,
  "pitch": {
    "mean": 408.19,
    "max": 2016.02,
    "std": 405.86,
    "max_mean_ratio": 4.94
  },
  "energy": {
    "mean": 0.056923,
    "max": 0.230986,
    "std": 0.054445,
    "rate_of_change": 0.021751
  },
  "speech_rate": {
    "chars_per_sec": 7.68,
    "words_per_sec": 1.57,
    "segment_count": 4
  },
  "spectral_centroid": {
    "mean": 2058.55
  },
  "timeseries": {
    "frame_sec": 0.5,
    "pitch": [
      157.49,
      658.4,
      694.89,
      633.9,
      804.25,
      501.86,
      467.87,
      116.29,
      133.72,
      322.37,
      534.76,
      916.1,
      163.73,
      327.22,
      467.55,
      420.73,
      159.63,
      198.29,
      182.09,
      484.82,
      149.98
    ],
    "energy": [
      0.014165,
      0.089288,
      0.123559,
      0.065335,
      0.051985,
      0.055012,
      0.080688,
      0.023179,
      0.017682,
      0.020448,
      0.13113,
      0.093348,
      0.013243,
      0.012832,
      0.083013,
      0.072989,
      0.019255,
      0.020596,
      0.02932,
      0.081686,
      0.021331
    ],
    "spectral_centroid": [
      2269.97,
      2170.43,
      1917.27,
      1904.74,
      1756.43,
      1916.79,
      1895.21,
      1915.98,
      1903.72,
      2163.72,
      1995.16,
      2167.89,
      1963.35,
      2230.95,
      2402.73,
      2242.23,
      2151.98,
      2051.35,
      2214.1,
      2021.2,
      2024.52
    ]
  }
}