{
  "id": "52e19589-6f0b-4405-b4c5-842f905d0614",
  "duration": 8.085,
  "pitch": {
    "mean": 457.45,
    "max": 1723.9,
    "std": 393.95,
    "max_mean_ratio": 3.77
  },
  "energy": {
    "mean": 0.015622,
    "max": 0.055871,
    "std": 0.009397,
    "rate_of_change": 0.006297
  },
  "speech_rate": {
    "chars_per_sec": 19.76,
    "words_per_sec": 3.76,
    "segment_count": 4
  },
  "spectral_centroid": {
    "mean": 1982.27
  },
  "timeseries": {
    "frame_sec": 0.5,
    "pitch": [
      752.08,
      539.59,
      622.28,
      721.64,
      260.45,
      636.94,
      261.22,
      480.34,
      520.9,
      325.95,
      236.16,
      329.82,
      274.51,
      450.19,
      567.73,
      216.68,
      746.46
    ],
    "energy": [
      0.017536,
      0.016545,
      0.025094,
      0.022158,
      0.009078,
      0.026393,
      0.00965,
      0.00908,
      0.019089,
      0.009731,
      0.008285,
      0.009752,
      0.013668,
      0.014956,
      0.013363,
      0.008455,
      0.040741
    ],
    "spectral_centroid": [
      1564.01,
      1840.06,
      1852.42,
      2124.2,
      2100.04,
      2352.29,
      2180.16,
      1711.04,
      1940.87,
      2066.07,
      1941.43,
      1808.44,
      2192.78,
      2199.14,
      1865.21,
      1991.97,
      1953.64
    ]
  }
}