{
  "id": "52f9620d-8c36-4b91-b468-cc6848667683",
  "duration": 7.765,
  "pitch": {
    "mean": 493.06,
    "max": 1343.22,
    "std": 284.59,
    "max_mean_ratio": 2.72
  },
  "energy": {
    "mean": 0.039266,
    "max": 0.133186,
    "std": 0.025979,
    "rate_of_change": 0.016335
  },
  "speech_rate": {
    "chars_per_sec": 16.52,
    "words_per_sec": 3.45,
    "segment_count": 2
  },
  "spectral_centroid": {
    "mean": 1887.14
  },
  "timeseries": {
    "frame_sec": 0.5,
    "pitch": [
      643.33,
      702.52,
      249.45,
      426.17,
      526.58,
      546.6,
      309.62,
      333.96,
      352.97,
      474.95,
      934.25,
      662.11,
      482.17,
      309.39,
      500.16,
      279.29
    ],
    "energy": [
      0.023741,
      0.050572,
      0.020303,
      0.023701,
      0.040371,
      0.023318,
      0.017861,
      0.029477,
      0.031491,
      0.031854,
      0.078464,
      0.074043,
      0.039848,
      0.043567,
      0.040281,
      0.027416
    ],
    "spectral_centroid": [
      1521.09,
      1952.21,
      2200.11,
      1821.06,
      1910.11,
      1479.29,
      1735.36,
      2603.94,
      2406.04,
      1597.51,
      1828.39,
      1752.65,
      1696.21,
      1704.07,
      1928.15,
      2069.03
    ]
  }
}