{
  "id": "52fd9d22-f662-4116-bf84-7fa92bb73e2a",
  "duration": 9.323,
  "pitch": {
    "mean": 376.69,
    "max": 1513.54,
    "std": 284.11,
    "max_mean_ratio": 4.02
  },
  "energy": {
    "mean": 0.061133,
    "max": 0.182309,
    "std": 0.041344,
    "rate_of_change": 0.018391
  },
  "speech_rate": {
    "chars_per_sec": 15.8,
    "words_per_sec": 2.5,
    "segment_count": 3
  },
  "spectral_centroid": {
    "mean": 1801.51
  },
  "timeseries": {
    "frame_sec": 0.5,
    "pitch": [
      164.43,
      236.1,
      476.77,
      354.68,
      127.6,
      172.7,
      104.45,
      256.17,
      715.85,
      602.61,
      449.68,
      506.64,
      116.77,
      157.51,
      420.78,
      772.08,
      479.51,
      539.42,
      558.06
    ],
    "energy": [
      0.015055,
      0.032421,
      0.057856,
      0.04006,
      0.025021,
      0.017382,
      0.016573,
      0.048311,
      0.121206,
      0.069759,
      0.06212,
      0.058584,
      0.031432,
      0.035528,
      0.110419,
      0.092748,
      0.096982,
      0.104165,
      0.079807
    ],
    "spectral_centroid": [
      1829.49,
      2035.48,
      1542.51,
      1763.56,
      1416.93,
      1609.93,
      1502.48,
      1500.71,
      2084.06,
      1958.38,
      1870.17,
      1649.58,
      1769.27,
      1866.08,
      2123.37,
      2021.86,
      1981.3,
      1728.5,
      2145.08
    ]
  }
}