{
  "id": "52fe277e-15f5-42e6-8e5d-88ec906241d6",
  "duration": 5.525,
  "pitch": {
    "mean": 527.23,
    "max": 1881.23,
    "std": 401.15,
    "max_mean_ratio": 3.57
  },
  "energy": {
    "mean": 0.097385,
    "max": 0.252374,
    "std": 0.061433,
    "rate_of_change": 0.044009
  },
  "speech_rate": {
    "chars_per_sec": 18.03,
    "words_per_sec": 3.83,
    "segment_count": 3
  },
  "spectral_centroid": {
    "mean": 2221.49
  },
  "timeseries": {
    "frame_sec": 0.5,
    "pitch": [
      874.9,
      956.84,
      635.37,
      372.68,
      611.68,
      337.46,
      141.76,
      497.49,
      667.58,
      496.3,
      215.67,
      418.5
    ],
    "energy": [
      0.058506,
      0.186698,
      0.125485,
      0.082524,
      0.126264,
      0.060505,
      0.029535,
      0.080407,
      0.163689,
      0.08338,
      0.029468,
      0.068744
    ],
    "spectral_centroid": [
      2312.52,
      2018.61,
      2123.15,
      1801.0,
      1821.7,
      2919.15,
      2441.8,
      2195.18,
      2166.71,
      2122.15,
      2504.8,
      2510.58
    ]
  }
}