{
  "id": "5322f411-ad0a-4b76-bacb-83291104691a",
  "duration": 12.139,
  "pitch": {
    "mean": 379.34,
    "max": 908.99,
    "std": 252.84,
    "max_mean_ratio": 2.4
  },
  "energy": {
    "mean": 0.071396,
    "max": 0.236983,
    "std": 0.047576,
    "rate_of_change": 0.018818
  },
  "speech_rate": {
    "chars_per_sec": 10.48,
    "words_per_sec": 2.06,
    "segment_count": 10
  },
  "spectral_centroid": {
    "mean": 1958.66
  },
  "timeseries": {
    "frame_sec": 0.5,
    "pitch": [
      322.0,
      499.3,
      233.11,
      374.48,
      256.7,
      114.26,
      102.12,
      140.54,
      342.47,
      246.24,
      454.01,
      526.0,
      253.03,
      184.23,
      856.83,
      710.93,
      482.4,
      542.29,
      600.21,
      396.74,
      398.65,
      333.84,
      432.9,
      497.73,
      372.26
    ],
    "energy": [
      0.046442,
      0.078648,
      0.034237,
      0.083592,
      0.049217,
      0.036666,
      0.025715,
      0.027717,
      0.043783,
      0.03582,
      0.082055,
      0.065174,
      0.040895,
      0.070672,
      0.193904,
      0.125,
      0.06783,
      0.084539,
      0.099584,
      0.067849,
      0.055719,
      0.078788,
      0.055763,
      0.089779,
      0.05854
    ],
    "spectral_centroid": [
      1930.97,
      2033.38,
      2030.79,
      1615.0,
      1792.7,
      2210.55,
      1762.05,
      2310.0,
      1771.33,
      2289.11,
      1789.71,
      1721.43,
      1837.49,
      1845.77,
      1786.52,
      1765.9,
      2006.61,
      2110.11,
      2087.17,
      1982.68,
      2035.91,
      2439.39,
      1651.46,
      1962.4,
      2580.77
    ]
  }
}