{
  "id": "536b0e4f-e21d-49ed-9fc7-243379429c9a",
  "duration": 4.651,
  "pitch": {
    "mean": 411.47,
    "max": 1760.55,
    "std": 363.39,
    "max_mean_ratio": 4.28
  },
  "energy": {
    "mean": 0.033833,
    "max": 0.093448,
    "std": 0.024139,
    "rate_of_change": 0.018894
  },
  "speech_rate": {
    "chars_per_sec": 14.0,
    "words_per_sec": 3.0,
    "segment_count": 2
  },
  "spectral_centroid": {
    "mean": 1936.79
  },
  "timeseries": {
    "frame_sec": 0.5,
    "pitch": [
      153.96,
      273.34,
      475.47,
      301.28,
      333.12,
      804.01,
      252.87,
      573.02,
      428.55,
      313.93
    ],
    "energy": [
      0.008828,
      0.020366,
      0.046424,
      0.036401,
      0.030425,
      0.013314,
      0.058776,
      0.059225,
      0.02405,
      0.008773
    ],
    "spectral_centroid": [
      1944.38,
      2066.99,
      1745.63,
      2388.57,
      1878.47,
      2229.59,
      1970.26,
      1691.38,
      1552.1,
      1716.07
    ]
  }
}