{
  "id": "53ad8bef-6b0b-4c42-bd67-59bbb9c2b99c",
  "duration": 7.829,
  "pitch": {
    "mean": 425.1,
    "max": 1756.53,
    "std": 246.2,
    "max_mean_ratio": 4.13
  },
  "energy": {
    "mean": 0.071877,
    "max": 0.126008,
    "std": 0.029023,
    "rate_of_change": 0.014778
  },
  "speech_rate": {
    "chars_per_sec": 15.53,
    "words_per_sec": 2.71,
    "segment_count": 3
  },
  "spectral_centroid": {
    "mean": 1859.32
  },
  "timeseries": {
    "frame_sec": 0.5,
    "pitch": [
      516.77,
      352.67,
      557.07,
      392.47,
      439.58,
      474.06,
      241.17,
      370.77,
      317.81,
      449.77,
      368.95,
      264.69,
      458.24,
      307.4,
      785.27,
      595.92
    ],
    "energy": [
      0.072471,
      0.035171,
      0.080948,
      0.07968,
      0.072599,
      0.066388,
      0.052697,
      0.084191,
      0.046367,
      0.066305,
      0.08203,
      0.062,
      0.074435,
      0.063586,
      0.093176,
      0.071019
    ],
    "spectral_centroid": [
      1599.27,
      2187.09,
      1240.42,
      1606.45,
      1821.81,
      2003.63,
      2325.43,
      1654.69,
      1950.47,
      1536.45,
      1522.77,
      1691.67,
      1940.11,
      2867.54,
      1821.66,
      2116.38
    ]
  }
}