{
  "id": "53bd2750-a090-4891-ac7f-8d900ed86849",
  "duration": 8.832,
  "pitch": {
    "mean": 450.78,
    "max": 1795.57,
    "std": 261.99,
    "max_mean_ratio": 3.98
  },
  "energy": {
    "mean": 0.007416,
    "max": 0.067373,
    "std": 0.013498,
    "rate_of_change": 0.007588
  },
  "speech_rate": {
    "chars_per_sec": 2.22,
    "words_per_sec": 0.42,
    "segment_count": 1
  },
  "spectral_centroid": {
    "mean": 1953.43
  },
  "timeseries": {
    "frame_sec": 0.5,
    "pitch": [
      376.98,
      440.47,
      333.11,
      368.22,
      275.22,
      297.11,
      338.4,
      398.46,
      523.99,
      308.48,
      427.39,
      589.62,
      563.69,
      808.46,
      611.18,
      374.24,
      589.79,
      502.03
    ],
    "energy": [
      0.002568,
      0.0011,
      0.001233,
      0.001253,
      0.000898,
      0.000797,
      0.001223,
      0.001068,
      0.001016,
      0.001117,
      0.001225,
      0.004104,
      0.037497,
      0.029771,
      0.014691,
      0.014622,
      0.008823,
      0.001829
    ],
    "spectral_centroid": [
      1789.64,
      1699.21,
      1906.77,
      2068.89,
      2311.04,
      2173.45,
      1889.24,
      2187.95,
      1934.74,
      2180.01,
      1824.94,
      2167.13,
      1877.96,
      2052.48,
      2317.87,
      1243.96,
      1700.7,
      1741.35
    ]
  }
}