{
  "id": "53ce46ab-934f-48db-8699-59192d364c08",
  "duration": 5.12,
  "pitch": {
    "mean": 374.59,
    "max": 1046.29,
    "std": 245.48,
    "max_mean_ratio": 2.79
  },
  "energy": {
    "mean": 0.092954,
    "max": 0.212404,
    "std": 0.041948,
    "rate_of_change": 0.035763
  },
  "speech_rate": {
    "chars_per_sec": 8.82,
    "words_per_sec": 1.57,
    "segment_count": 4
  },
  "spectral_centroid": {
    "mean": 1697.45
  },
  "timeseries": {
    "frame_sec": 0.5,
    "pitch": [
      496.26,
      297.53,
      204.44,
      173.71,
      340.24,
      475.36,
      711.32,
      486.92,
      463.83,
      157.43,
      637.09
    ],
    "energy": [
      0.095916,
      0.055623,
      0.049203,
      0.050849,
      0.091408,
      0.097557,
      0.065126,
      0.146125,
      0.161345,
      0.081173,
      0.084764
    ],
    "spectral_centroid": [
      1464.98,
      1840.41,
      1434.39,
      1505.66,
      1737.43,
      1642.12,
      1781.94,
      1595.25,
      1856.49,
      2111.76,
      1806.47
    ]
  }
}