{
  "id": "53e5cc4d-703c-4e7a-bbd9-d3e5f5744ac4",
  "duration": 26.219,
  "pitch": {
    "mean": 394.91,
    "max": 2019.88,
    "std": 270.18,
    "max_mean_ratio": 5.11
  },
  "energy": {
    "mean": 0.072606,
    "max": 0.259632,
    "std": 0.052286,
    "rate_of_change": 0.009582
  },
  "speech_rate": {
    "chars_per_sec": 12.79,
    "words_per_sec": 2.49,
    "segment_count": 12
  },
  "spectral_centroid": {
    "mean": 2032.21
  },
  "timeseries": {
    "frame_sec": 0.5,
    "pitch": [
      330.53,
      454.42,
      395.9,
      450.55,
      744.05,
      606.83,
      561.93,
      157.19,
      189.79,
      253.62,
      474.53,
      333.64,
      311.72,
      116.8,
      126.43,
      123.58,
      132.19,
      295.71,
      494.26,
      395.11,
      238.94,
      331.27,
      223.95,
      333.23,
      550.59,
      502.78,
      534.28,
      257.15,
      128.38,
      149.74,
      459.68,
      277.08,
      137.74,
      270.5,
      630.99,
      619.57,
      587.05,
      174.08,
      197.4,
      487.89,
      565.92,
      501.4,
      526.6,
      449.83,
      682.91,
      841.17,
      583.3,
      593.31,
      550.56,
      367.69,
      364.74,
      438.71,
      536.95
    ],
    "energy": [
      0.079457,
      0.083248,
      0.077823,
      0.076468,
      0.144067,
      0.13008,
      0.083136,
      0.018555,
      0.020876,
      0.034054,
      0.073529,
      0.063932,
      0.026307,
      0.041637,
      0.026374,
      0.0153,
      0.015715,
      0.037722,
      0.094115,
      0.06378,
      0.054208,
      0.053543,
      0.060501,
      0.063596,
      0.085801,
      0.090357,
      0.074187,
      0.0317,
      0.032977,
      0.021206,
      0.092875,
      0.06768,
      0.026847,
      0.062145,
      0.077665,
      0.11393,
      0.095645,
      0.01921,
      0.039456,
      0.066628,
      0.075436,
      0.070728,
      0.06572,
      0.096761,
      0.198759,
      0.170268,
      0.06522,
      0.135504,
      0.089512,
      0.054939,
      0.063775,
      0.081694,
      0.078658
    ],
    "spectral_centroid": [
      2057.69,
      1951.23,
      1856.91,
      1937.69,
      1976.21,
      1976.23,
      1949.59,
      2352.32,
      2083.4,
      1903.0,
      1931.11,
      2510.79,
      2371.74,
      2064.61,
      1528.37,
      2649.67,
      3056.02,
      2804.28,
      1709.41,
      1616.42,
      2002.1,
      1711.52,
      1703.74,
      2131.04,
      2081.51,
      1650.5,
      1693.08,
      2047.59,
      2378.26,
      1885.64,
      2500.02,
      1901.54,
      1806.6,
      1549.32,
      1773.36,
      1869.85,
      2018.24,
      1570.02,
      1979.83,
      1580.7,
      1711.65,
      1877.36,
      1809.41,
      2334.82,
      2170.96,
      2096.09,
      1926.43,
      2054.43,
      2397.18,
      2811.22,
      2309.79,
      1900.13,
      1985.28
    ]
  }
}