{
  "id": "542ddcea-b76a-43a3-81da-ede8fb707c6c",
  "duration": 9.493,
  "pitch": {
    "mean": 347.84,
    "max": 2045.62,
    "std": 293.05,
    "max_mean_ratio": 5.88
  },
  "energy": {
    "mean": 0.052466,
    "max": 0.149674,
    "std": 0.042678,
    "rate_of_change": 0.015347
  },
  "speech_rate": {
    "chars_per_sec": 9.93,
    "words_per_sec": 1.91,
    "segment_count": 3
  },
  "spectral_centroid": {
    "mean": 1979.24
  },
  "timeseries": {
    "frame_sec": 0.5,
    "pitch": [
      232.2,
      506.31,
      544.53,
      306.67,
      397.63,
      594.25,
      249.93,
      190.79,
      164.42,
      166.68,
      108.33,
      297.5,
      334.77,
      565.8,
      376.77,
      503.56,
      397.81,
      358.12,
      168.0
    ],
    "energy": [
      0.021693,
      0.092929,
      0.091963,
      0.045243,
      0.058828,
      0.058549,
      0.012404,
      0.01076,
      0.01192,
      0.010093,
      0.006387,
      0.072958,
      0.063389,
      0.08803,
      0.069955,
      0.063259,
      0.076651,
      0.077055,
      0.009782
    ],
    "spectral_centroid": [
      2023.36,
      2009.36,
      1985.53,
      1785.87,
      1938.69,
      2042.16,
      1727.0,
      1913.45,
      1820.61,
      1461.32,
      1792.8,
      1780.87,
      2488.0,
      1985.82,
      2217.83,
      2257.83,
      1875.74,
      2531.19,
      1951.22
    ]
  }
}