{
  "id": "548124c5-331c-41cf-8eb7-472cf5a29b01",
  "duration": 8.107,
  "pitch": {
    "mean": 439.84,
    "max": 2040.34,
    "std": 326.95,
    "max_mean_ratio": 4.64
  },
  "energy": {
    "mean": 0.06269,
    "max": 0.120897,
    "std": 0.02682,
    "rate_of_change": 0.01449
  },
  "speech_rate": {
    "chars_per_sec": 21.45,
    "words_per_sec": 4.31,
    "segment_count": 4
  },
  "spectral_centroid": {
    "mean": 1814.5
  },
  "timeseries": {
    "frame_sec": 0.5,
    "pitch": [
      320.8,
      269.57,
      399.76,
      275.26,
      322.7,
      518.2,
      280.94,
      352.78,
      475.5,
      622.47,
      444.2,
      339.35,
      408.29,
      622.8,
      947.89,
      483.55,
      391.21
    ],
    "energy": [
      0.03843,
      0.051127,
      0.068764,
      0.062543,
      0.050269,
      0.067276,
      0.070255,
      0.051582,
      0.060556,
      0.079548,
      0.078806,
      0.032522,
      0.038174,
      0.055505,
      0.086295,
      0.058031,
      0.079639
    ],
    "spectral_centroid": [
      2268.15,
      2309.73,
      1796.25,
      1687.07,
      1875.43,
      1353.71,
      1414.68,
      1848.54,
      1585.59,
      1530.56,
      1011.92,
      2303.23,
      2475.68,
      2147.52,
      1653.98,
      1953.83,
      993.13
    ]
  }
}