{
  "id": "549a54a5-7b9e-40a4-a4e8-7295f263c58b",
  "duration": 11.499,
  "pitch": {
    "mean": 399.58,
    "max": 1713.35,
    "std": 326.96,
    "max_mean_ratio": 4.29
  },
  "energy": {
    "mean": 0.081094,
    "max": 0.199512,
    "std": 0.052278,
    "rate_of_change": 0.016556
  },
  "speech_rate": {
    "chars_per_sec": 6.34,
    "words_per_sec": 1.52,
    "segment_count": 6
  },
  "spectral_centroid": {
    "mean": 1919.36
  },
  "timeseries": {
    "frame_sec": 0.5,
    "pitch": [
      212.8,
      175.64,
      608.6,
      904.41,
      837.38,
      379.35,
      306.11,
      297.52,
      300.02,
      153.54,
      95.65,
      159.61,
      230.0,
      280.24,
      325.94,
      470.78,
      417.24,
      268.1,
      606.48,
      402.55,
      509.14,
      869.53,
      327.25
    ],
    "energy": [
      0.019527,
      0.033658,
      0.143053,
      0.078398,
      0.057446,
      0.119308,
      0.108776,
      0.086104,
      0.04682,
      0.01612,
      0.010236,
      0.056441,
      0.095374,
      0.096696,
      0.106711,
      0.10229,
      0.098835,
      0.081423,
      0.084206,
      0.11295,
      0.082466,
      0.102913,
      0.046605
    ],
    "spectral_centroid": [
      2118.96,
      2033.12,
      1766.51,
      1840.23,
      2118.45,
      1225.92,
      1161.16,
      1546.54,
      1994.41,
      2003.7,
      2461.9,
      1576.35,
      1309.36,
      1873.81,
      1769.45,
      2232.78,
      1918.56,
      2137.43,
      1980.2,
      1788.96,
      1855.2,
      2562.16,
      2709.11
    ]
  }
}