{
  "id": "54fb99e7-1c8e-466c-823f-a041a824e3af",
  "duration": 6.272,
  "pitch": {
    "mean": 395.94,
    "max": 850.46,
    "std": 199.95,
    "max_mean_ratio": 2.15
  },
  "energy": {
    "mean": 0.063938,
    "max": 0.137366,
    "std": 0.031729,
    "rate_of_change": 0.02103
  },
  "speech_rate": {
    "chars_per_sec": 16.93,
    "words_per_sec": 3.04,
    "segment_count": 5
  },
  "spectral_centroid": {
    "mean": 1997.49
  },
  "timeseries": {
    "frame_sec": 0.5,
    "pitch": [
      419.18,
      487.98,
      420.51,
      374.0,
      292.04,
      347.16,
      362.1,
      484.08,
      344.93,
      361.65,
      366.45,
      463.43,
      364.56
    ],
    "energy": [
      0.057329,
      0.079618,
      0.057772,
      0.061939,
      0.060236,
      0.063647,
      0.041077,
      0.090106,
      0.064371,
      0.032529,
      0.056597,
      0.072888,
      0.063008
    ],
    "spectral_centroid": [
      2689.53,
      1612.56,
      1590.01,
      2877.07,
      2793.17,
      2221.02,
      1799.75,
      1572.79,
      2057.17,
      1500.18,
      1596.95,
      1575.84,
      2228.51
    ]
  }
}