{
  "id": "5524446f-e2c2-437d-b2fa-a5e99b5d5ff6",
  "duration": 11.008,
  "pitch": {
    "mean": 308.85,
    "max": 1654.82,
    "std": 271.39,
    "max_mean_ratio": 5.36
  },
  "energy": {
    "mean": 0.049431,
    "max": 0.162399,
    "std": 0.030266,
    "rate_of_change": 0.01395
  },
  "speech_rate": {
    "chars_per_sec": 13.14,
    "words_per_sec": 3.09,
    "segment_count": 2
  },
  "spectral_centroid": {
    "mean": 2052.34
  },
  "timeseries": {
    "frame_sec": 0.5,
    "pitch": [
      504.59,
      322.02,
      192.19,
      105.9,
      707.81,
      330.54,
      515.5,
      316.35,
      304.52,
      174.34,
      337.22,
      573.86,
      346.4,
      132.33,
      143.13,
      138.18,
      182.8,
      97.88,
      161.5,
      557.05,
      347.72,
      382.28,
      322.61
    ],
    "energy": [
      0.090493,
      0.052414,
      0.036953,
      0.018566,
      0.094305,
      0.068616,
      0.073878,
      0.045424,
      0.057378,
      0.028664,
      0.051513,
      0.060145,
      0.037125,
      0.02022,
      0.017042,
      0.018782,
      0.022353,
      0.019716,
      0.033,
      0.067445,
      0.058294,
      0.067812,
      0.002399
    ],
    "spectral_centroid": [
      1808.87,
      2428.58,
      2934.42,
      1899.34,
      1857.53,
      1668.17,
      1716.36,
      1817.11,
      1643.77,
      2113.63,
      2054.0,
      1771.5,
      1857.46,
      1868.54,
      2282.72,
      2403.61,
      1989.29,
      2487.55,
      1962.4,
      2261.62,
      2538.21,
      1711.47,
      2215.78
    ]
  }
}