{
  "id": "552435aa-a1da-45d3-95cc-b5f583d0f166",
  "duration": 7.381,
  "pitch": {
    "mean": 510.37,
    "max": 2040.74,
    "std": 522.98,
    "max_mean_ratio": 4.0
  },
  "energy": {
    "mean": 0.035619,
    "max": 0.108234,
    "std": 0.017863,
    "rate_of_change": 0.013629
  },
  "speech_rate": {
    "chars_per_sec": 2.51,
    "words_per_sec": 0.57,
    "segment_count": 1
  },
  "spectral_centroid": {
    "mean": 2281.76
  },
  "timeseries": {
    "frame_sec": 0.5,
    "pitch": [
      384.13,
      140.99,
      436.32,
      357.67,
      702.51,
      227.13,
      463.77,
      133.33,
      937.42,
      1241.87,
      782.82,
      582.96,
      351.2,
      491.77,
      414.34
    ],
    "energy": [
      0.045326,
      0.032955,
      0.025608,
      0.041439,
      0.045353,
      0.036792,
      0.057634,
      0.026397,
      0.032648,
      0.03604,
      0.035476,
      0.039155,
      0.025031,
      0.018659,
      0.009292
    ],
    "spectral_centroid": [
      1974.75,
      2472.68,
      1843.2,
      1987.88,
      2954.17,
      2263.86,
      1909.54,
      2457.9,
      2634.9,
      2269.46,
      1877.86,
      2585.54,
      2404.21,
      2198.38,
      2435.85
    ]
  }
}