{
  "id": "552738d7-aad1-494a-9420-cfe2e7a06621",
  "duration": 12.949,
  "pitch": {
    "mean": 522.82,
    "max": 2040.55,
    "std": 418.53,
    "max_mean_ratio": 3.9
  },
  "energy": {
    "mean": 0.096471,
    "max": 0.460621,
    "std": 0.095917,
    "rate_of_change": 0.034887
  },
  "speech_rate": {
    "chars_per_sec": 15.74,
    "words_per_sec": 2.88,
    "segment_count": 3
  },
  "spectral_centroid": {
    "mean": 1951.63
  },
  "timeseries": {
    "frame_sec": 0.5,
    "pitch": [
      968.18,
      886.96,
      712.84,
      493.16,
      541.38,
      352.06,
      322.85,
      293.25,
      446.9,
      310.29,
      255.97,
      240.05,
      637.72,
      817.47,
      872.15,
      566.23,
      493.3,
      934.04,
      549.76,
      253.91,
      358.03,
      479.67,
      300.99,
      1072.68,
      182.13,
      194.04
    ],
    "energy": [
      0.155656,
      0.132952,
      0.088577,
      0.110751,
      0.097586,
      0.069462,
      0.017332,
      0.015659,
      0.02435,
      0.017418,
      0.02062,
      0.024907,
      0.041092,
      0.182007,
      0.146227,
      0.136522,
      0.072542,
      0.196077,
      0.155685,
      0.020071,
      0.142709,
      0.248674,
      0.050471,
      0.187356,
      0.030274,
      0.017132
    ],
    "spectral_centroid": [
      2100.82,
      2295.26,
      1819.41,
      1702.18,
      1761.46,
      1642.29,
      2038.98,
      1914.11,
      2327.39,
      1866.91,
      1793.01,
      1703.57,
      2029.89,
      1562.6,
      1990.37,
      1911.56,
      2388.64,
      1470.65,
      1668.6,
      2165.15,
      2214.37,
      2494.33,
      1757.59,
      2176.16,
      2052.04,
      1830.59
    ]
  }
}