{
  "id": "555a4938-1149-4799-8131-a095c82949dc",
  "duration": 8.021,
  "pitch": {
    "mean": 376.55,
    "max": 2047.9,
    "std": 350.23,
    "max_mean_ratio": 5.44
  },
  "energy": {
    "mean": 0.065901,
    "max": 0.25492,
    "std": 0.045029,
    "rate_of_change": 0.030308
  },
  "speech_rate": {
    "chars_per_sec": 16.34,
    "words_per_sec": 2.7,
    "segment_count": 2
  },
  "spectral_centroid": {
    "mean": 1907.48
  },
  "timeseries": {
    "frame_sec": 0.5,
    "pitch": [
      134.74,
      228.12,
      498.58,
      286.14,
      226.84,
      673.8,
      325.31,
      284.56,
      320.42,
      522.76,
      464.91,
      571.07,
      398.45,
      633.35,
      163.59,
      317.66,
      168.56
    ],
    "energy": [
      0.023951,
      0.047042,
      0.057867,
      0.055372,
      0.050454,
      0.067075,
      0.048407,
      0.064665,
      0.059638,
      0.14188,
      0.107668,
      0.125358,
      0.059994,
      0.077008,
      0.013884,
      0.016592,
      0.005735
    ],
    "spectral_centroid": [
      2172.26,
      1731.84,
      1875.64,
      1579.98,
      1628.89,
      1778.02,
      1653.64,
      1899.05,
      2335.64,
      1871.4,
      2165.68,
      1733.11,
      1764.83,
      1904.73,
      2356.9,
      2187.97,
      1986.66
    ]
  }
}