{
  "id": "55927182-2167-4e17-bda1-17a752804d12",
  "duration": 10.56,
  "pitch": {
    "mean": 491.29,
    "max": 1838.56,
    "std": 391.03,
    "max_mean_ratio": 3.74
  },
  "energy": {
    "mean": 0.031666,
    "max": 0.192863,
    "std": 0.034717,
    "rate_of_change": 0.018087
  },
  "speech_rate": {
    "chars_per_sec": 20.07,
    "words_per_sec": 3.69,
    "segment_count": 3
  },
  "spectral_centroid": {
    "mean": 1821.29
  },
  "timeseries": {
    "frame_sec": 0.5,
    "pitch": [
      1110.8,
      1213.33,
      462.81,
      414.47,
      418.56,
      389.71,
      333.79,
      258.4,
      385.01,
      299.47,
      320.48,
      427.8,
      305.95,
      586.99,
      831.03,
      322.96,
      463.54,
      577.93,
      629.25,
      403.28,
      514.03,
      345.32
    ],
    "energy": [
      0.003071,
      0.003145,
      0.020912,
      0.041994,
      0.024902,
      0.01617,
      0.019442,
      0.008337,
      0.009285,
      0.015003,
      0.027163,
      0.049449,
      0.008971,
      0.003066,
      0.015842,
      0.052779,
      0.098959,
      0.048404,
      0.066154,
      0.031282,
      0.073368,
      0.023961
    ],
    "spectral_centroid": [
      2407.66,
      2342.91,
      2379.26,
      1358.31,
      1308.91,
      1859.32,
      1627.17,
      2137.93,
      2254.42,
      2016.27,
      1454.75,
      1268.72,
      1937.18,
      2209.03,
      1802.06,
      1801.23,
      1530.27,
      1807.1,
      1309.54,
      1738.88,
      1701.86,
      1491.84
    ]
  }
}