{
  "id": "559e7296-e747-4aeb-a6d5-444dd51a396f",
  "duration": 15.893,
  "pitch": {
    "mean": 501.24,
    "max": 2077.98,
    "std": 420.65,
    "max_mean_ratio": 4.15
  },
  "energy": {
    "mean": 0.187861,
    "max": 0.61766,
    "std": 0.136801,
    "rate_of_change": 0.036465
  },
  "speech_rate": {
    "chars_per_sec": 9.57,
    "words_per_sec": 1.57,
    "segment_count": 6
  },
  "spectral_centroid": {
    "mean": 1832.77
  },
  "timeseries": {
    "frame_sec": 0.5,
    "pitch": [
      477.93,
      992.81,
      308.53,
      346.91,
      384.38,
      279.39,
      713.44,
      530.01,
      442.42,
      453.44,
      357.81,
      572.36,
      700.14,
      838.98,
      462.86,
      733.28,
      306.2,
      598.01,
      480.91,
      471.8,
      397.14,
      229.41,
      387.43,
      496.58,
      479.41,
      315.03,
      292.98,
      488.79,
      557.61,
      1168.89,
      415.52,
      595.71
    ],
    "energy": [
      0.329889,
      0.330645,
      0.047026,
      0.0471,
      0.06842,
      0.049871,
      0.246837,
      0.291919,
      0.212699,
      0.248456,
      0.243072,
      0.253735,
      0.204729,
      0.087658,
      0.09864,
      0.091824,
      0.13327,
      0.272368,
      0.274426,
      0.109264,
      0.06666,
      0.082468,
      0.053243,
      0.075398,
      0.081664,
      0.07803,
      0.068192,
      0.181963,
      0.250922,
      0.470247,
      0.381711,
      0.315738
    ],
    "spectral_centroid": [
      2055.03,
      1996.3,
      1459.61,
      1651.48,
      2039.2,
      1838.97,
      1571.41,
      1399.73,
      1416.79,
      1677.93,
      1501.94,
      2364.72,
      2115.85,
      2019.09,
      2107.47,
      2209.15,
      1365.19,
      1843.07,
      1532.97,
      1747.4,
      1423.1,
      1702.54,
      1754.27,
      1648.99,
      1934.37,
      1506.17,
      1509.62,
      2073.48,
      1748.46,
      2388.6,
      2938.32,
      2232.47
    ]
  }
}