{
  "id": "55b7ec76-f752-492c-9569-4441ad5b5443",
  "duration": 9.195,
  "pitch": {
    "mean": 396.11,
    "max": 1676.35,
    "std": 259.19,
    "max_mean_ratio": 4.23
  },
  "energy": {
    "mean": 0.073377,
    "max": 0.116701,
    "std": 0.024368,
    "rate_of_change": 0.011229
  },
  "speech_rate": {
    "chars_per_sec": 20.48,
    "words_per_sec": 4.47,
    "segment_count": 2
  },
  "spectral_centroid": {
    "mean": 1886.55
  },
  "timeseries": {
    "frame_sec": 0.5,
    "pitch": [
      432.25,
      541.39,
      449.46,
      376.34,
      450.68,
      222.24,
      373.77,
      349.38,
      314.07,
      266.62,
      654.73,
      255.26,
      364.43,
      379.21,
      300.59,
      337.19,
      573.14,
      442.13,
      441.49
    ],
    "energy": [
      0.070969,
      0.07778,
      0.073665,
      0.07835,
      0.066162,
      0.031428,
      0.069947,
      0.076261,
      0.081183,
      0.085446,
      0.06597,
      0.05126,
      0.067399,
      0.059039,
      0.060098,
      0.077033,
      0.079165,
      0.086499,
      0.06856
    ],
    "spectral_centroid": [
      2320.14,
      1590.5,
      1753.75,
      1807.26,
      2116.23,
      2466.9,
      2178.19,
      2213.01,
      1299.06,
      1235.55,
      1685.41,
      1975.33,
      1993.84,
      2271.49,
      1680.62,
      1788.06,
      1708.1,
      1692.82,
      2268.99
    ]
  }
}