{
  "id": "55dd14a2-157c-4e01-a0ff-f57de4a312ec",
  "duration": 7.381,
  "pitch": {
    "mean": 462.57,
    "max": 2042.39,
    "std": 337.86,
    "max_mean_ratio": 4.42
  },
  "energy": {
    "mean": 0.086689,
    "max": 0.270298,
    "std": 0.076905,
    "rate_of_change": 0.035857
  },
  "speech_rate": {
    "chars_per_sec": 8.4,
    "words_per_sec": 1.36,
    "segment_count": 4
  },
  "spectral_centroid": {
    "mean": 2108.15
  },
  "timeseries": {
    "frame_sec": 0.5,
    "pitch": [
      410.97,
      114.6,
      433.78,
      471.54,
      121.19,
      119.1,
      474.18,
      732.29,
      573.11,
      548.68,
      402.67,
      630.6,
      714.95,
      484.78,
      909.53
    ],
    "energy": [
      0.035969,
      0.020514,
      0.076758,
      0.067126,
      0.009008,
      0.008983,
      0.050077,
      0.187018,
      0.157444,
      0.057196,
      0.023737,
      0.144992,
      0.176923,
      0.081839,
      0.170619
    ],
    "spectral_centroid": [
      1933.55,
      1876.88,
      1764.01,
      2122.63,
      2349.37,
      2332.13,
      1742.59,
      1925.93,
      2297.92,
      2420.47,
      2348.17,
      2062.37,
      2077.46,
      2296.06,
      2172.74
    ]
  }
}