{
  "id": "55e92dc4-98fb-4311-8a8c-75b296f2010e",
  "duration": 10.155,
  "pitch": {
    "mean": 384.29,
    "max": 2047.89,
    "std": 331.6,
    "max_mean_ratio": 5.33
  },
  "energy": {
    "mean": 0.01908,
    "max": 0.090237,
    "std": 0.018258,
    "rate_of_change": 0.008428
  },
  "speech_rate": {
    "chars_per_sec": 15.17,
    "words_per_sec": 3.14,
    "segment_count": 2
  },
  "spectral_centroid": {
    "mean": 1814.28
  },
  "timeseries": {
    "frame_sec": 0.5,
    "pitch": [
      292.24,
      298.09,
      250.8,
      637.88,
      145.8,
      365.47,
      251.99,
      407.88,
      358.39,
      428.96,
      384.18,
      407.79,
      401.87,
      338.21,
      240.04,
      240.45,
      504.84,
      387.03,
      602.13,
      821.84,
      605.39
    ],
    "energy": [
      0.008041,
      0.009708,
      0.006748,
      0.014852,
      0.00536,
      0.009335,
      0.009977,
      0.014162,
      0.014492,
      0.016713,
      0.011748,
      0.014981,
      0.018407,
      0.016758,
      0.011263,
      0.012082,
      0.025768,
      0.022481,
      0.043033,
      0.078613,
      0.015237
    ],
    "spectral_centroid": [
      1729.66,
      1857.07,
      1576.98,
      1388.54,
      1777.67,
      2326.37,
      1827.24,
      1864.43,
      1574.9,
      1522.65,
      1808.31,
      1793.51,
      2051.78,
      1628.58,
      1614.91,
      2247.6,
      1926.19,
      2558.2,
      1847.62,
      1521.5,
      1232.47
    ]
  }
}