{
  "id": "55ea941c-d9c6-4458-9427-f20ab2af88c6",
  "duration": 12.373,
  "pitch": {
    "mean": 509.32,
    "max": 1982.48,
    "std": 334.84,
    "max_mean_ratio": 3.89
  },
  "energy": {
    "mean": 0.075923,
    "max": 0.139759,
    "std": 0.027649,
    "rate_of_change": 0.010092
  },
  "speech_rate": {
    "chars_per_sec": 17.17,
    "words_per_sec": 3.52,
    "segment_count": 3
  },
  "spectral_centroid": {
    "mean": 2076.0
  },
  "timeseries": {
    "frame_sec": 0.5,
    "pitch": [
      404.85,
      586.91,
      598.51,
      398.69,
      584.26,
      422.99,
      596.51,
      575.48,
      941.67,
      517.15,
      433.3,
      450.57,
      764.24,
      327.29,
      454.72,
      217.49,
      664.55,
      538.26,
      367.93,
      469.99,
      472.97,
      534.15,
      423.81,
      567.21,
      525.95
    ],
    "energy": [
      0.075708,
      0.092716,
      0.076578,
      0.085256,
      0.073755,
      0.065928,
      0.050619,
      0.083303,
      0.067479,
      0.077398,
      0.073812,
      0.059318,
      0.0576,
      0.065446,
      0.046992,
      0.029189,
      0.071744,
      0.072962,
      0.080226,
      0.07878,
      0.081822,
      0.080571,
      0.079623,
      0.104985,
      0.088693
    ],
    "spectral_centroid": [
      2449.65,
      2378.39,
      1931.09,
      2256.07,
      2047.43,
      2749.84,
      2168.88,
      1882.09,
      2186.39,
      1971.73,
      2334.0,
      3157.93,
      2281.85,
      3009.79,
      1615.15,
      1837.27,
      1739.26,
      1736.39,
      1699.52,
      1536.33,
      1808.59,
      1732.73,
      1690.73,
      1838.55,
      1813.26
    ]
  }
}