{
  "id": "55f4f0eb-4809-4c29-a4a1-6879a9fb0391",
  "duration": 6.229,
  "pitch": {
    "mean": 453.77,
    "max": 2084.33,
    "std": 421.74,
    "max_mean_ratio": 4.59
  },
  "energy": {
    "mean": 0.080254,
    "max": 0.28357,
    "std": 0.060872,
    "rate_of_change": 0.043956
  },
  "speech_rate": {
    "chars_per_sec": 14.68,
    "words_per_sec": 2.58,
    "segment_count": 3
  },
  "spectral_centroid": {
    "mean": 1925.18
  },
  "timeseries": {
    "frame_sec": 0.5,
    "pitch": [
      234.4,
      205.15,
      251.41,
      247.42,
      648.75,
      503.48,
      439.4,
      1107.64,
      594.17,
      496.98,
      310.01,
      399.43,
      366.92
    ],
    "energy": [
      0.01536,
      0.036137,
      0.070385,
      0.041543,
      0.071161,
      0.033219,
      0.071118,
      0.089446,
      0.132875,
      0.128376,
      0.115489,
      0.116287,
      0.083872
    ],
    "spectral_centroid": [
      2142.87,
      1657.81,
      1465.74,
      2154.12,
      1843.5,
      1812.89,
      2125.77,
      2277.47,
      1753.66,
      1762.61,
      2344.22,
      1717.53,
      2245.86
    ]
  }
}