{
  "id": "5636f14c-4ce1-483c-8f87-12f9a1b0ffb5",
  "duration": 11.541,
  "pitch": {
    "mean": 460.36,
    "max": 1125.8,
    "std": 240.95,
    "max_mean_ratio": 2.45
  },
  "energy": {
    "mean": 0.073775,
    "max": 0.300308,
    "std": 0.053719,
    "rate_of_change": 0.025426
  },
  "speech_rate": {
    "chars_per_sec": 13.34,
    "words_per_sec": 2.43,
    "segment_count": 4
  },
  "spectral_centroid": {
    "mean": 1908.03
  },
  "timeseries": {
    "frame_sec": 0.5,
    "pitch": [
      281.75,
      429.47,
      432.6,
      642.75,
      323.82,
      472.76,
      572.69,
      527.22,
      325.32,
      448.49,
      301.38,
      241.09,
      679.44,
      270.5,
      342.83,
      652.86,
      473.89,
      416.21,
      415.59,
      448.3,
      249.5,
      644.74,
      870.23,
      1110.59
    ],
    "energy": [
      0.012532,
      0.064193,
      0.062359,
      0.076831,
      0.048559,
      0.072007,
      0.054344,
      0.056019,
      0.07043,
      0.06261,
      0.037127,
      0.037019,
      0.07912,
      0.034349,
      0.05787,
      0.076028,
      0.039495,
      0.037346,
      0.070248,
      0.066623,
      0.074464,
      0.190607,
      0.227454,
      0.124431
    ],
    "spectral_centroid": [
      2370.29,
      1997.19,
      1698.9,
      1649.82,
      1548.73,
      1782.89,
      1730.47,
      1689.47,
      1971.18,
      1665.59,
      1891.2,
      2120.29,
      1537.26,
      1829.55,
      2491.09,
      1813.19,
      1805.48,
      1947.1,
      2169.68,
      1953.6,
      2309.28,
      2005.53,
      1834.93,
      1687.62
    ]
  }
}