{
  "id": "5654d716-9537-4f95-a414-36c73bf78409",
  "duration": 8.512,
  "pitch": {
    "mean": 475.11,
    "max": 1489.06,
    "std": 289.1,
    "max_mean_ratio": 3.13
  },
  "energy": {
    "mean": 0.065946,
    "max": 0.178004,
    "std": 0.042623,
    "rate_of_change": 0.019868
  },
  "speech_rate": {
    "chars_per_sec": 18.07,
    "words_per_sec": 3.96,
    "segment_count": 1
  },
  "spectral_centroid": {
    "mean": 1558.89
  },
  "timeseries": {
    "frame_sec": 0.5,
    "pitch": [
      522.12,
      545.08,
      322.15,
      463.43,
      247.2,
      362.7,
      546.88,
      529.87,
      487.38,
      353.23,
      402.57,
      343.94,
      405.71,
      616.66,
      822.8,
      769.68,
      307.46,
      625.65
    ],
    "energy": [
      0.074173,
      0.054449,
      0.039587,
      0.035923,
      0.05682,
      0.041821,
      0.054714,
      0.056636,
      0.044018,
      0.042335,
      0.020814,
      0.047821,
      0.067737,
      0.103309,
      0.135587,
      0.139078,
      0.051098,
      0.046808
    ],
    "spectral_centroid": [
      1291.57,
      1756.15,
      1706.12,
      2097.97,
      1368.1,
      1378.1,
      1444.3,
      1649.51,
      1233.96,
      1414.48,
      1518.75,
      1650.86,
      1698.81,
      1626.5,
      1407.12,
      1501.02,
      1784.67,
      1362.67
    ]
  }
}