{
  "id": "56582cac-8f61-4754-bc47-96969fc34af7",
  "duration": 10.859,
  "pitch": {
    "mean": 391.24,
    "max": 1927.27,
    "std": 229.61,
    "max_mean_ratio": 4.93
  },
  "energy": {
    "mean": 0.06484,
    "max": 0.131769,
    "std": 0.028757,
    "rate_of_change": 0.010848
  },
  "speech_rate": {
    "chars_per_sec": 17.34,
    "words_per_sec": 3.51,
    "segment_count": 2
  },
  "spectral_centroid": {
    "mean": 2074.59
  },
  "timeseries": {
    "frame_sec": 0.5,
    "pitch": [
      236.1,
      243.46,
      521.86,
      232.15,
      637.38,
      398.97,
      584.82,
      300.01,
      323.0,
      371.05,
      478.74,
      532.93,
      307.6,
      376.32,
      364.46,
      368.04,
      461.86,
      242.11,
      348.67,
      228.57,
      449.58,
      619.33
    ],
    "energy": [
      0.042685,
      0.023439,
      0.064735,
      0.038479,
      0.073786,
      0.053614,
      0.098266,
      0.069525,
      0.058364,
      0.069555,
      0.081531,
      0.065628,
      0.047307,
      0.056071,
      0.076772,
      0.063758,
      0.068918,
      0.041999,
      0.064172,
      0.057037,
      0.066733,
      0.076192
    ],
    "spectral_centroid": [
      2323.33,
      2222.45,
      1829.67,
      2985.54,
      1955.67,
      1655.0,
      1667.68,
      2669.93,
      1923.67,
      1736.34,
      1941.85,
      1576.58,
      1728.13,
      2329.72,
      1631.08,
      2161.34,
      1740.41,
      2911.37,
      2094.98,
      2131.65,
      2347.52,
      1945.66
    ]
  }
}