{
  "id": "568bdf56-52f6-45cb-a586-3ef802a79db8",
  "duration": 47.168,
  "pitch": {
    "mean": 534.45,
    "max": 2085.47,
    "std": 458.98,
    "max_mean_ratio": 3.9
  },
  "energy": {
    "mean": 0.057244,
    "max": 0.252536,
    "std": 0.049302,
    "rate_of_change": 0.005121
  },
  "speech_rate": {
    "chars_per_sec": 7.51,
    "words_per_sec": 1.39,
    "segment_count": 19
  },
  "spectral_centroid": {
    "mean": 1969.96
  },
  "timeseries": {
    "frame_sec": 0.5,
    "pitch": [
      661.22,
      181.2,
      272.33,
      622.57,
      562.42,
      566.4,
      199.08,
      195.51,
      367.41,
      272.12,
      218.79,
      656.41,
      174.67,
      368.58,
      584.25,
      472.34,
      417.45,
      604.36,
      336.75,
      561.03,
      700.58,
      681.15,
      694.68,
      511.25,
      680.17,
      372.28,
      522.92,
      965.02,
      918.51,
      592.78,
      824.09,
      997.25,
      891.22,
      437.41,
      406.98,
      762.09,
      176.83,
      414.42,
      299.15,
      558.75,
      258.52,
      878.77,
      868.01,
      420.94,
      382.0,
      784.92,
      823.68,
      224.2,
      233.13,
      725.87,
      765.08,
      872.02,
      182.57,
      341.76,
      342.44,
      731.32,
      781.33,
      1124.61,
      1245.17,
      1190.35,
      1119.95,
      880.45,
      526.69,
      728.6,
      1254.91,
      779.63,
      467.15,
      697.84,
      192.26,
      230.05,
      210.61,
      121.34,
      141.81,
      132.9,
      727.84,
      376.59,
      660.24,
      553.45,
      672.84,
      641.49,
      126.01,
      665.66,
      150.81,
      229.41,
      129.36,
      131.22,
      135.14,
      143.96,
      267.49,
      554.39,
      595.44,
      853.01,
      749.5,
      646.64,
      509.62
    ],
    "energy": [
      0.080362,
      0.019584,
      0.035826,
      0.123725,
      0.047813,
      0.021741,
      0.018296,
      0.020774,
      0.032654,
      0.020168,
      0.027003,
      0.057732,
      0.016591,
      0.041426,
      0.047535,
      0.012955,
      0.016284,
      0.021196,
      0.038028,
      0.055133,
      0.026948,
      0.025981,
      0.058685,
      0.044276,
      0.0657,
      0.044583,
      0.041721,
      0.145526,
      0.079978,
      0.036857,
      0.125922,
      0.149994,
      0.139089,
      0.059898,
      0.053276,
      0.112296,
      0.026206,
      0.061253,
      0.076266,
      0.090634,
      0.041452,
      0.149654,
      0.077154,
      0.020077,
      0.023067,
      0.018769,
      0.018343,
      0.018826,
      0.018324,
      0.030774,
      0.157532,
      0.097238,
      0.034333,
      0.04082,
      0.040691,
      0.10131,
      0.082136,
      0.174955,
      0.167539,
      0.1045,
      0.081859,
      0.059645,
      0.061513,
      0.070448,
      0.070062,
      0.064883,
      0.0257,
      0.024068,
      0.032074,
      0.026875,
      0.026204,
      0.025037,
      0.022604,
      0.024852,
      0.056329,
      0.047121,
      0.052446,
      0.046157,
      0.075132,
      0.069204,
      0.025879,
      0.02666,
      0.024212,
      0.020539,
      0.016406,
      0.02123,
      0.020679,
      0.030146,
      0.027703,
      0.053217,
      0.094382,
      0.052606,
      0.072946,
      0.062641,
      0.048083
    ],
    "spectral_centroid": [
      1912.69,
      1779.41,
      2023.07,
      1709.64,
      2202.95,
      2548.28,
      2238.45,
      2310.98,
      2143.68,
      2003.57,
      1991.01,
      2167.08,
      1985.1,
      2306.65,
      2198.17,
      1851.73,
      2173.88,
      2225.59,
      1949.21,
      1982.46,
      1767.3,
      1784.18,
      2165.45,
      1918.63,
      1747.69,
      1875.48,
      1713.21,
      1769.6,
      1787.89,
      1868.27,
      1805.54,
      1896.14,
      1775.27,
      1861.83,
      1590.26,
      1856.2,
      1587.87,
      1569.63,
      1709.77,
      1819.07,
      1733.93,
      1993.24,
      1893.64,
      2245.41,
      2238.96,
      1948.04,
      1952.6,
      2510.66,
      2530.77,
      1976.1,
      1790.4,
      1859.47,
      2123.26,
      1734.01,
      1975.91,
      1897.54,
      2047.45,
      1907.86,
      1930.93,
      2005.26,
      2294.95,
      2337.09,
      2329.22,
      2234.22,
      2134.23,
      1975.74,
      2132.71,
      2150.14,
      1878.07,
      2035.98,
      2012.18,
      1958.08,
      2026.84,
      1950.33,
      1916.58,
      2036.11,
      1907.61,
      1823.68,
      1783.88,
      1775.39,
      1694.29,
      1884.22,
      1683.23,
      1823.11,
      1930.48,
      1823.08,
      1748.68,
      2045.74,
      2089.47,
      2058.43,
      1811.4,
      1902.59,
      2032.17,
      2167.18,
      2054.09
    ]
  }
}