{
  "id": "56e883af-fda0-4259-9d29-4c3f215b7d86",
  "duration": 12.139,
  "pitch": {
    "mean": 477.76,
    "max": 2088.67,
    "std": 302.17,
    "max_mean_ratio": 4.37
  },
  "energy": {
    "mean": 0.04093,
    "max": 0.155438,
    "std": 0.030966,
    "rate_of_change": 0.012422
  },
  "speech_rate": {
    "chars_per_sec": 17.07,
    "words_per_sec": 3.71,
    "segment_count": 2
  },
  "spectral_centroid": {
    "mean": 1736.83
  },
  "timeseries": {
    "frame_sec": 0.5,
    "pitch": [
      487.17,
      675.42,
      224.55,
      398.55,
      506.78,
      511.3,
      389.01,
      486.06,
      424.15,
      584.8,
      463.93,
      486.83,
      564.37,
      521.57,
      514.86,
      347.7,
      502.48,
      403.51,
      492.99,
      594.43,
      441.72,
      510.45,
      420.17,
      471.39,
      204.41
    ],
    "energy": [
      0.006721,
      0.018665,
      0.009828,
      0.043035,
      0.052825,
      0.023626,
      0.027943,
      0.026056,
      0.020465,
      0.038589,
      0.018656,
      0.01902,
      0.04857,
      0.025558,
      0.073563,
      0.020188,
      0.121307,
      0.053044,
      0.044965,
      0.053457,
      0.048022,
      0.053124,
      0.055988,
      0.044532,
      0.02342
    ],
    "spectral_centroid": [
      1967.2,
      1681.49,
      1626.75,
      1798.79,
      2096.49,
      1693.17,
      2062.36,
      1945.09,
      2161.86,
      2001.89,
      1620.24,
      1809.86,
      1585.06,
      1749.38,
      1206.39,
      1650.59,
      1037.72,
      1274.96,
      1674.42,
      1924.13,
      1912.86,
      1693.99,
      1628.59,
      1738.44,
      2024.31
    ]
  }
}