{
  "id": "56fbb64e-a973-493c-beee-2000a2e11718",
  "duration": 11.776,
  "pitch": {
    "mean": 435.9,
    "max": 1724.03,
    "std": 330.08,
    "max_mean_ratio": 3.96
  },
  "energy": {
    "mean": 0.049037,
    "max": 0.14722,
    "std": 0.028648,
    "rate_of_change": 0.011608
  },
  "speech_rate": {
    "chars_per_sec": 15.66,
    "words_per_sec": 2.75,
    "segment_count": 6
  },
  "spectral_centroid": {
    "mean": 1944.86
  },
  "timeseries": {
    "frame_sec": 0.5,
    "pitch": [
      558.52,
      121.07,
      333.66,
      303.61,
      381.77,
      295.1,
      364.71,
      118.1,
      311.46,
      357.85,
      391.85,
      279.7,
      121.44,
      189.02,
      344.46,
      448.91,
      564.22,
      777.95,
      1077.74,
      428.36,
      575.02,
      723.95,
      546.55,
      594.86
    ],
    "energy": [
      0.063822,
      0.015731,
      0.023637,
      0.033146,
      0.035768,
      0.030566,
      0.053392,
      0.014874,
      0.036701,
      0.03239,
      0.037344,
      0.034702,
      0.028352,
      0.035286,
      0.047352,
      0.052511,
      0.065918,
      0.109848,
      0.086486,
      0.050257,
      0.074216,
      0.058463,
      0.055903,
      0.052836
    ],
    "spectral_centroid": [
      2050.49,
      1738.31,
      1852.71,
      1532.11,
      1622.19,
      2174.56,
      1646.69,
      1539.55,
      2052.53,
      1882.4,
      1452.8,
      2142.38,
      2013.95,
      1776.27,
      1870.85,
      1737.63,
      1700.74,
      1914.34,
      2313.58,
      1958.97,
      2368.02,
      2578.09,
      2738.14,
      2003.32
    ]
  }
}