{
  "id": "56fe6c1d-980c-45ee-ad5d-822e161e1c3b",
  "duration": 10.795,
  "pitch": {
    "mean": 454.98,
    "max": 1837.65,
    "std": 271.26,
    "max_mean_ratio": 4.04
  },
  "energy": {
    "mean": 0.044259,
    "max": 0.270058,
    "std": 0.045329,
    "rate_of_change": 0.024522
  },
  "speech_rate": {
    "chars_per_sec": 12.45,
    "words_per_sec": 2.38,
    "segment_count": 4
  },
  "spectral_centroid": {
    "mean": 1842.95
  },
  "timeseries": {
    "frame_sec": 0.5,
    "pitch": [
      295.68,
      634.06,
      549.29,
      264.54,
      479.25,
      574.99,
      574.39,
      380.41,
      660.71,
      514.38,
      501.59,
      397.96,
      202.84,
      213.51,
      388.19,
      618.67,
      468.85,
      146.04,
      491.12,
      634.57,
      401.88,
      463.88
    ],
    "energy": [
      0.025106,
      0.07255,
      0.064568,
      0.032388,
      0.045726,
      0.035108,
      0.035688,
      0.042007,
      0.028663,
      0.047724,
      0.043884,
      0.022155,
      0.016334,
      0.007093,
      0.02326,
      0.195204,
      0.067742,
      0.010665,
      0.03301,
      0.028229,
      0.024672,
      0.030127
    ],
    "spectral_centroid": [
      1632.52,
      1721.22,
      2031.05,
      2095.7,
      1830.68,
      1809.6,
      2104.34,
      1709.39,
      1728.44,
      1986.64,
      1562.15,
      2178.05,
      1517.58,
      1687.3,
      2006.37,
      1401.1,
      1321.56,
      2486.72,
      2284.78,
      1989.18,
      1652.62,
      1756.94
    ]
  }
}