{
  "id": "573dc6bf-5d33-4ad6-a930-5d09a76a09d1",
  "duration": 16.661,
  "pitch": {
    "mean": 430.13,
    "max": 1954.18,
    "std": 396.93,
    "max_mean_ratio": 4.54
  },
  "energy": {
    "mean": 0.01496,
    "max": 0.068564,
    "std": 0.012206,
    "rate_of_change": 0.004055
  },
  "speech_rate": {
    "chars_per_sec": 13.46,
    "words_per_sec": 2.48,
    "segment_count": 8
  },
  "spectral_centroid": {
    "mean": 2021.37
  },
  "timeseries": {
    "frame_sec": 0.5,
    "pitch": [
      488.66,
      356.38,
      470.17,
      528.31,
      490.92,
      591.27,
      360.52,
      120.04,
      370.86,
      274.06,
      218.25,
      510.65,
      640.05,
      619.95,
      418.89,
      334.53,
      110.06,
      408.66,
      598.65,
      225.95,
      785.05,
      743.44,
      730.88,
      412.12,
      579.61,
      351.56,
      811.08,
      476.78,
      284.51,
      297.56,
      145.19,
      97.36,
      147.63,
      430.48
    ],
    "energy": [
      0.021381,
      0.012993,
      0.022841,
      0.007535,
      0.011807,
      0.021937,
      0.011826,
      0.007742,
      0.014302,
      0.013401,
      0.012007,
      0.018032,
      0.034185,
      0.018443,
      0.016939,
      0.018857,
      0.007403,
      0.019021,
      0.025485,
      0.007578,
      0.006378,
      0.006697,
      0.013109,
      0.01962,
      0.038963,
      0.026949,
      0.01216,
      0.01533,
      0.005485,
      0.002048,
      0.002363,
      0.002069,
      0.001988,
      0.00275
    ],
    "spectral_centroid": [
      1767.16,
      2044.23,
      1639.98,
      2198.33,
      2434.43,
      1900.57,
      2383.84,
      2478.33,
      2170.99,
      2071.67,
      1944.73,
      1910.25,
      1591.46,
      2212.58,
      1989.65,
      2039.92,
      2237.92,
      2319.25,
      1981.37,
      2009.85,
      2053.4,
      1901.82,
      1841.82,
      2426.87,
      2185.22,
      2011.58,
      2098.0,
      2221.78,
      2038.98,
      2083.42,
      1619.27,
      1527.25,
      1540.84,
      1294.16
    ]
  }
}