{
  "id": "57532f97-d712-4c68-a596-ec246bab8f1a",
  "duration": 22.528,
  "pitch": {
    "mean": 450.31,
    "max": 1690.76,
    "std": 355.91,
    "max_mean_ratio": 3.75
  },
  "energy": {
    "mean": 0.032254,
    "max": 0.124737,
    "std": 0.024491,
    "rate_of_change": 0.005343
  },
  "speech_rate": {
    "chars_per_sec": 17.13,
    "words_per_sec": 2.96,
    "segment_count": 4
  },
  "spectral_centroid": {
    "mean": 1900.7
  },
  "timeseries": {
    "frame_sec": 0.5,
    "pitch": [
      438.78,
      498.08,
      387.55,
      492.58,
      245.35,
      643.47,
      369.07,
      368.89,
      218.6,
      363.53,
      244.7,
      604.93,
      474.84,
      400.95,
      683.61,
      295.88,
      458.59,
      336.4,
      987.38,
      480.14,
      369.11,
      615.32,
      778.1,
      624.6,
      508.71,
      350.74,
      293.65,
      452.39,
      306.4,
      321.68,
      823.13,
      515.44,
      242.06,
      611.48,
      435.57,
      452.22,
      281.82,
      222.33,
      554.06,
      494.98,
      369.23,
      547.02,
      616.89,
      485.3,
      164.68,
      266.82
    ],
    "energy": [
      0.030056,
      0.031812,
      0.029831,
      0.029493,
      0.015863,
      0.007246,
      0.009734,
      0.00942,
      0.009597,
      0.01381,
      0.011107,
      0.047217,
      0.049269,
      0.069565,
      0.016475,
      0.020553,
      0.034882,
      0.026113,
      0.012676,
      0.03018,
      0.021331,
      0.007959,
      0.053673,
      0.061533,
      0.049708,
      0.01013,
      0.042816,
      0.042864,
      0.044009,
      0.035444,
      0.013175,
      0.020099,
      0.009105,
      0.020496,
      0.035049,
      0.029835,
      0.022397,
      0.029617,
      0.069759,
      0.07032,
      0.045843,
      0.062741,
      0.037964,
      0.0302,
      0.013854,
      0.005371
    ],
    "spectral_centroid": [
      1289.37,
      1761.45,
      1875.48,
      1552.99,
      2027.43,
      2381.94,
      1877.99,
      1864.52,
      1876.35,
      2258.5,
      1800.6,
      1773.67,
      1520.64,
      2357.47,
      1915.7,
      1645.21,
      1734.69,
      1964.7,
      2353.98,
      1986.96,
      1473.71,
      2053.81,
      1853.25,
      1673.25,
      1524.64,
      1862.37,
      1356.81,
      1958.94,
      1982.83,
      2083.86,
      2165.73,
      1628.66,
      2065.21,
      1678.37,
      2183.51,
      2280.61,
      2136.5,
      1903.49,
      1987.75,
      2485.82,
      2062.83,
      1693.22,
      2075.32,
      1756.35,
      1761.12,
      1921.76
    ]
  }
}