{
  "id": "5777a9d1-a952-4eae-be0b-0c98a3d2a0cf",
  "duration": 12.267,
  "pitch": {
    "mean": 413.73,
    "max": 1994.12,
    "std": 247.16,
    "max_mean_ratio": 4.82
  },
  "energy": {
    "mean": 0.246022,
    "max": 0.751344,
    "std": 0.196549,
    "rate_of_change": 0.059578
  },
  "speech_rate": {
    "chars_per_sec": 18.3,
    "words_per_sec": 3.35,
    "segment_count": 3
  },
  "spectral_centroid": {
    "mean": 2078.09
  },
  "timeseries": {
    "frame_sec": 0.5,
    "pitch": [
      417.58,
      602.06,
      261.95,
      394.27,
      227.69,
      429.64,
      214.6,
      471.42,
      406.68,
      315.07,
      331.2,
      480.23,
      233.22,
      439.96,
      328.8,
      404.78,
      400.93,
      322.51,
      225.77,
      543.06,
      606.54,
      669.75,
      680.0,
      446.53,
      312.31
    ],
    "energy": [
      0.130766,
      0.210942,
      0.084475,
      0.129964,
      0.078668,
      0.170335,
      0.033663,
      0.283584,
      0.135145,
      0.137923,
      0.147528,
      0.163466,
      0.140865,
      0.130812,
      0.149461,
      0.174039,
      0.138975,
      0.137457,
      0.132435,
      0.440989,
      0.574252,
      0.541708,
      0.524445,
      0.692051,
      0.460194
    ],
    "spectral_centroid": [
      1651.07,
      1540.25,
      2338.95,
      2607.67,
      2136.75,
      1719.06,
      3192.54,
      2238.45,
      1670.51,
      2234.59,
      2259.34,
      1530.71,
      2198.27,
      1740.97,
      1970.61,
      2164.1,
      1858.68,
      1454.01,
      2873.6,
      1912.55,
      2043.05,
      2605.05,
      2250.24,
      2045.63,
      1169.88
    ]
  }
}