{
  "id": "5792e335-aa7f-4260-806b-e7c1b14724bb",
  "duration": 11.157,
  "pitch": {
    "mean": 400.57,
    "max": 1838.41,
    "std": 286.13,
    "max_mean_ratio": 4.59
  },
  "energy": {
    "mean": 0.016469,
    "max": 0.058466,
    "std": 0.010615,
    "rate_of_change": 0.004951
  },
  "speech_rate": {
    "chars_per_sec": 19.11,
    "words_per_sec": 3.89,
    "segment_count": 3
  },
  "spectral_centroid": {
    "mean": 1863.26
  },
  "timeseries": {
    "frame_sec": 0.5,
    "pitch": [
      505.49,
      565.78,
      358.33,
      567.45,
      369.21,
      440.66,
      404.51,
      505.13,
      422.43,
      386.9,
      310.47,
      238.13,
      216.11,
      405.59,
      512.88,
      115.26,
      280.09,
      447.14,
      176.22,
      656.84,
      439.46,
      448.86,
      354.84
    ],
    "energy": [
      0.019357,
      0.032778,
      0.022085,
      0.022851,
      0.013455,
      0.02211,
      0.009108,
      0.010481,
      0.011263,
      0.007739,
      0.010329,
      0.012954,
      0.017531,
      0.014515,
      0.015157,
      0.006668,
      0.003851,
      0.004887,
      0.009033,
      0.032614,
      0.029713,
      0.018349,
      0.013414
    ],
    "spectral_centroid": [
      1702.61,
      1395.37,
      1886.12,
      1597.86,
      2578.12,
      1670.68,
      1549.84,
      1913.46,
      1474.96,
      2651.19,
      2270.57,
      1681.83,
      1690.18,
      1950.65,
      1939.48,
      1775.61,
      1951.69,
      1975.33,
      1508.37,
      1681.27,
      1901.17,
      2120.66,
      2005.67
    ]
  }
}