{
  "id": "580600da-0edc-49d7-b237-fe9856d5e59a",
  "duration": 13.547,
  "pitch": {
    "mean": 360.28,
    "max": 1876.15,
    "std": 337.36,
    "max_mean_ratio": 5.21
  },
  "energy": {
    "mean": 0.018954,
    "max": 0.058576,
    "std": 0.012883,
    "rate_of_change": 0.004035
  },
  "speech_rate": {
    "chars_per_sec": 10.64,
    "words_per_sec": 1.86,
    "segment_count": 6
  },
  "spectral_centroid": {
    "mean": 2098.14
  },
  "timeseries": {
    "frame_sec": 0.5,
    "pitch": [
      543.54,
      184.06,
      459.08,
      154.02,
      114.89,
      380.91,
      578.21,
      270.94,
      138.85,
      89.88,
      408.66,
      465.02,
      349.9,
      686.49,
      584.91,
      344.17,
      220.5,
      241.93,
      483.13,
      574.03,
      162.86,
      156.37,
      249.03,
      141.1,
      622.13,
      531.2,
      392.18,
      1252.83
    ],
    "energy": [
      0.008913,
      0.009668,
      0.011098,
      0.013538,
      0.008975,
      0.018243,
      0.026552,
      0.014157,
      0.005856,
      0.004894,
      0.012401,
      0.027784,
      0.023042,
      0.036487,
      0.031728,
      0.019643,
      0.010904,
      0.01287,
      0.026209,
      0.029758,
      0.01019,
      0.00833,
      0.010973,
      0.01269,
      0.035267,
      0.034846,
      0.024714,
      0.010323
    ],
    "spectral_centroid": [
      2187.07,
      2297.94,
      2243.52,
      2606.54,
      2324.7,
      1960.7,
      1993.33,
      2364.05,
      2103.35,
      2265.11,
      2224.86,
      1831.44,
      1894.38,
      1761.17,
      1589.66,
      2475.81,
      2189.38,
      1803.34,
      1885.07,
      1668.71,
      2164.23,
      2363.37,
      2289.61,
      2170.77,
      2076.78,
      1982.21,
      1936.95,
      1868.83
    ]
  }
}