{
  "id": "581ca5a8-755a-414f-8dd7-02dabf4cb828",
  "duration": 6.528,
  "pitch": {
    "mean": 466.09,
    "max": 1780.96,
    "std": 424.85,
    "max_mean_ratio": 3.82
  },
  "energy": {
    "mean": 0.045623,
    "max": 0.125432,
    "std": 0.026536,
    "rate_of_change": 0.017495
  },
  "speech_rate": {
    "chars_per_sec": 0.77,
    "words_per_sec": 0.15,
    "segment_count": 1
  },
  "spectral_centroid": {
    "mean": 1855.99
  },
  "timeseries": {
    "frame_sec": 0.5,
    "pitch": [
      430.89,
      415.73,
      734.1,
      317.07,
      268.17,
      699.89,
      527.78,
      462.33,
      413.45,
      246.71,
      731.52,
      116.51,
      599.39,
      85.82
    ],
    "energy": [
      0.047672,
      0.029017,
      0.018088,
      0.033378,
      0.042443,
      0.085047,
      0.049398,
      0.028044,
      0.040961,
      0.040676,
      0.061272,
      0.035628,
      0.06111,
      0.008539
    ],
    "spectral_centroid": [
      1571.42,
      2040.31,
      2178.84,
      1866.39,
      1695.21,
      1603.7,
      1740.03,
      1649.02,
      1941.09,
      1669.73,
      1947.05,
      2227.09,
      1990.21,
      1909.17
    ]
  }
}