{
  "id": "58361b5c-9705-4d7a-b27e-7364e9364f93",
  "duration": 5.717,
  "pitch": {
    "mean": 284.15,
    "max": 1833.25,
    "std": 369.87,
    "max_mean_ratio": 6.45
  },
  "energy": {
    "mean": 0.04927,
    "max": 0.115847,
    "std": 0.029268,
    "rate_of_change": 0.018575
  },
  "speech_rate": {
    "chars_per_sec": 12.03,
    "words_per_sec": 1.9,
    "segment_count": 3
  },
  "spectral_centroid": {
    "mean": 1653.69
  },
  "timeseries": {
    "frame_sec": 0.5,
    "pitch": [
      162.47,
      150.26,
      111.11,
      104.49,
      201.24,
      171.39,
      206.19,
      120.22,
      1109.45,
      371.99,
      548.22,
      166.48
    ],
    "energy": [
      0.049346,
      0.065016,
      0.06922,
      0.016652,
      0.069424,
      0.074142,
      0.054095,
      0.021661,
      0.037297,
      0.01705,
      0.043187,
      0.053036
    ],
    "spectral_centroid": [
      1538.76,
      1676.59,
      1401.35,
      1824.17,
      1447.78,
      1410.69,
      1536.41,
      1913.31,
      1976.61,
      1893.43,
      1764.89,
      1350.61
    ]
  }
}