{
  "id": "58db4ea1-7576-4047-9747-9e040f1e3c48",
  "duration": 9.835,
  "pitch": {
    "mean": 325.35,
    "max": 956.03,
    "std": 200.31,
    "max_mean_ratio": 2.94
  },
  "energy": {
    "mean": 0.012829,
    "max": 0.058375,
    "std": 0.008931,
    "rate_of_change": 0.005589
  },
  "speech_rate": {
    "chars_per_sec": 24.43,
    "words_per_sec": 4.91,
    "segment_count": 6
  },
  "spectral_centroid": {
    "mean": 1904.83
  },
  "timeseries": {
    "frame_sec": 0.5,
    "pitch": [
      359.58,
      351.24,
      419.78,
      210.61,
      423.99,
      370.92,
      276.08,
      478.29,
      283.84,
      157.16,
      131.04,
      249.19,
      258.55,
      460.64,
      243.2,
      426.51,
      252.32,
      328.38,
      308.94,
      465.03
    ],
    "energy": [
      0.023816,
      0.01363,
      0.016397,
      0.005791,
      0.006591,
      0.010617,
      0.00818,
      0.009569,
      0.009879,
      0.005465,
      0.005578,
      0.010591,
      0.011177,
      0.008884,
      0.010607,
      0.016495,
      0.01262,
      0.018011,
      0.017483,
      0.029648
    ],
    "spectral_centroid": [
      1520.5,
      1825.08,
      1560.73,
      2002.19,
      2129.66,
      2155.01,
      1981.01,
      1733.95,
      1985.48,
      1843.54,
      2262.49,
      1459.84,
      1915.45,
      1668.27,
      2241.87,
      1709.66,
      2323.94,
      2156.4,
      2069.01,
      1273.65
    ]
  }
}