{
  "id": "593cd7d2-0e2d-4c40-96d4-64f7f303dd65",
  "duration": 14.336,
  "pitch": {
    "mean": 419.8,
    "max": 1839.43,
    "std": 345.29,
    "max_mean_ratio": 4.38
  },
  "energy": {
    "mean": 0.075508,
    "max": 0.114901,
    "std": 0.02602,
    "rate_of_change": 0.007157
  },
  "speech_rate": {
    "chars_per_sec": 20.6,
    "words_per_sec": 4.54,
    "segment_count": 4
  },
  "spectral_centroid": {
    "mean": 1932.11
  },
  "timeseries": {
    "frame_sec": 0.5,
    "pitch": [
      416.6,
      295.42,
      380.16,
      349.79,
      755.45,
      467.89,
      622.09,
      296.56,
      316.24,
      278.79,
      426.84,
      547.47,
      513.78,
      346.7,
      357.36,
      422.3,
      411.81,
      737.91,
      341.77,
      146.9,
      250.53,
      479.79,
      572.45,
      435.2,
      534.07,
      334.24,
      425.32,
      528.45,
      506.09
    ],
    "energy": [
      0.085037,
      0.076744,
      0.080246,
      0.085834,
      0.052467,
      0.089017,
      0.086054,
      0.084135,
      0.081206,
      0.070979,
      0.073301,
      0.082324,
      0.048349,
      0.086252,
      0.067989,
      0.083941,
      0.08523,
      0.040139,
      0.056012,
      0.032567,
      0.052583,
      0.068828,
      0.076249,
      0.073177,
      0.07286,
      0.080055,
      0.079578,
      0.069352,
      0.07486
    ],
    "spectral_centroid": [
      1822.44,
      2230.0,
      1991.11,
      1557.2,
      2270.52,
      1790.9,
      1680.66,
      1790.53,
      1626.61,
      1935.93,
      1642.84,
      2058.09,
      2137.43,
      1838.61,
      2143.18,
      1524.7,
      1549.8,
      2173.78,
      2090.89,
      1656.37,
      1794.83,
      2297.8,
      1908.16,
      2180.52,
      1920.65,
      1948.66,
      2169.77,
      2117.54,
      2302.29
    ]
  }
}