{
  "id": "594607b1-675a-4ebc-8cb6-d3fedf93676c",
  "duration": 8.021,
  "pitch": {
    "mean": 464.14,
    "max": 1232.32,
    "std": 234.91,
    "max_mean_ratio": 2.66
  },
  "energy": {
    "mean": 0.034673,
    "max": 0.112392,
    "std": 0.024538,
    "rate_of_change": 0.013245
  },
  "speech_rate": {
    "chars_per_sec": 21.69,
    "words_per_sec": 4.22,
    "segment_count": 1
  },
  "spectral_centroid": {
    "mean": 1672.71
  },
  "timeseries": {
    "frame_sec": 0.5,
    "pitch": [
      561.66,
      312.57,
      433.79,
      383.13,
      534.27,
      398.05,
      316.3,
      399.77,
      378.17,
      388.41,
      597.41,
      628.65,
      521.41,
      534.09,
      461.08,
      510.11,
      495.08
    ],
    "energy": [
      0.027424,
      0.022455,
      0.028806,
      0.015711,
      0.017751,
      0.018385,
      0.01911,
      0.02011,
      0.015961,
      0.02348,
      0.058135,
      0.052129,
      0.07216,
      0.068291,
      0.049087,
      0.024211,
      0.017311
    ],
    "spectral_centroid": [
      1680.2,
      1500.11,
      1825.35,
      1472.61,
      1418.13,
      1664.44,
      1737.67,
      1725.01,
      1517.71,
      1604.06,
      1883.13,
      1455.05,
      1730.38,
      2165.01,
      1678.97,
      1743.57,
      1501.97
    ]
  }
}