{
  "id": "595e6090-2246-4d22-bd84-ba232c24f15c",
  "duration": 10.709,
  "pitch": {
    "mean": 350.26,
    "max": 1713.1,
    "std": 241.26,
    "max_mean_ratio": 4.89
  },
  "energy": {
    "mean": 0.015592,
    "max": 0.046697,
    "std": 0.009848,
    "rate_of_change": 0.004216
  },
  "speech_rate": {
    "chars_per_sec": 16.7,
    "words_per_sec": 3.1,
    "segment_count": 2
  },
  "spectral_centroid": {
    "mean": 1787.51
  },
  "timeseries": {
    "frame_sec": 0.5,
    "pitch": [
      463.8,
      255.02,
      325.98,
      351.67,
      341.05,
      276.94,
      372.17,
      458.17,
      368.15,
      414.66,
      410.43,
      367.24,
      435.99,
      349.61,
      163.34,
      450.93,
      156.16,
      169.34,
      295.52,
      416.9,
      450.76,
      435.62
    ],
    "energy": [
      0.01206,
      0.006932,
      0.006131,
      0.018224,
      0.014677,
      0.009432,
      0.012581,
      0.027808,
      0.02072,
      0.007277,
      0.026738,
      0.022828,
      0.024896,
      0.012098,
      0.009141,
      0.020925,
      0.005704,
      0.007199,
      0.014399,
      0.015972,
      0.018331,
      0.014
    ],
    "spectral_centroid": [
      1761.07,
      2095.44,
      1585.88,
      1671.09,
      1891.93,
      1748.81,
      1625.99,
      1505.65,
      1678.52,
      2013.05,
      1764.07,
      1652.88,
      1758.17,
      1594.93,
      1762.15,
      1569.62,
      1931.42,
      1854.55,
      2054.9,
      2452.75,
      1605.59,
      1545.58
    ]
  }
}