{
  "id": "5a16f9b7-16e8-4bfc-9828-acca7cbe627b",
  "duration": 11.541,
  "pitch": {
    "mean": 409.8,
    "max": 1798.83,
    "std": 245.13,
    "max_mean_ratio": 4.39
  },
  "energy": {
    "mean": 0.068651,
    "max": 0.203028,
    "std": 0.040538,
    "rate_of_change": 0.016752
  },
  "speech_rate": {
    "chars_per_sec": 14.41,
    "words_per_sec": 2.52,
    "segment_count": 8
  },
  "spectral_centroid": {
    "mean": 2266.07
  },
  "timeseries": {
    "frame_sec": 0.5,
    "pitch": [
      423.3,
      325.69,
      320.46,
      493.62,
      459.8,
      275.16,
      342.3,
      465.8,
      494.7,
      290.94,
      431.76,
      291.57,
      377.58,
      598.17,
      354.93,
      391.44,
      425.91,
      176.05,
      468.79,
      418.13,
      466.03,
      398.22,
      396.42,
      383.24
    ],
    "energy": [
      0.083644,
      0.041347,
      0.041276,
      0.056825,
      0.012393,
      0.038569,
      0.071173,
      0.065617,
      0.051496,
      0.058419,
      0.082441,
      0.062049,
      0.086661,
      0.084553,
      0.06666,
      0.058619,
      0.068809,
      0.01759,
      0.097618,
      0.094003,
      0.042787,
      0.090119,
      0.125142,
      0.052565
    ],
    "spectral_centroid": [
      2542.41,
      2459.87,
      2007.11,
      2776.09,
      2302.4,
      1843.51,
      2360.35,
      2431.87,
      2149.92,
      2059.7,
      2494.06,
      1795.43,
      1950.47,
      2279.37,
      2055.36,
      2527.02,
      2860.93,
      2545.14,
      2150.32,
      2338.78,
      2053.57,
      1827.86,
      2168.15,
      3029.18
    ]
  }
}