{
  "id": "5a6901ae-1da5-45ad-b761-b3cec7a4e267",
  "duration": 8.32,
  "pitch": {
    "mean": 317.19,
    "max": 1565.49,
    "std": 255.41,
    "max_mean_ratio": 4.94
  },
  "energy": {
    "mean": 0.05339,
    "max": 0.171845,
    "std": 0.022192,
    "rate_of_change": 0.017931
  },
  "speech_rate": {
    "chars_per_sec": 9.09,
    "words_per_sec": 1.72,
    "segment_count": 4
  },
  "spectral_centroid": {
    "mean": 1946.55
  },
  "timeseries": {
    "frame_sec": 0.5,
    "pitch": [
      131.76,
      126.85,
      124.15,
      337.64,
      176.07,
      343.27,
      236.67,
      313.15,
      309.28,
      134.7,
      342.18,
      705.61,
      518.96,
      543.08,
      471.51,
      475.55,
      238.39
    ],
    "energy": [
      0.064914,
      0.046682,
      0.039703,
      0.042101,
      0.038132,
      0.034885,
      0.032579,
      0.035668,
      0.044862,
      0.050556,
      0.055369,
      0.092842,
      0.050798,
      0.064922,
      0.05654,
      0.061325,
      0.061392
    ],
    "spectral_centroid": [
      1674.96,
      1851.09,
      1726.07,
      1720.57,
      1891.05,
      1767.57,
      1749.31,
      1747.91,
      1687.37,
      1668.61,
      2187.16,
      2116.73,
      1944.96,
      2224.62,
      2403.78,
      2487.22,
      2258.42
    ]
  }
}