{
  "id": "5a77177d-b6c0-48be-b00e-c156e23b0c4c",
  "duration": 9.963,
  "pitch": {
    "mean": 418.56,
    "max": 1583.9,
    "std": 219.64,
    "max_mean_ratio": 3.78
  },
  "energy": {
    "mean": 0.081017,
    "max": 0.264943,
    "std": 0.04795,
    "rate_of_change": 0.02583
  },
  "speech_rate": {
    "chars_per_sec": 18.53,
    "words_per_sec": 3.05,
    "segment_count": 6
  },
  "spectral_centroid": {
    "mean": 1812.52
  },
  "timeseries": {
    "frame_sec": 0.5,
    "pitch": [
      435.71,
      582.8,
      365.3,
      372.41,
      222.75,
      343.79,
      554.44,
      306.14,
      585.15,
      461.37,
      381.7,
      369.14,
      381.21,
      449.07,
      541.97,
      403.82,
      349.36,
      680.14,
      313.5,
      281.65
    ],
    "energy": [
      0.047423,
      0.061417,
      0.050769,
      0.060389,
      0.063087,
      0.039962,
      0.1038,
      0.051765,
      0.086101,
      0.068811,
      0.059539,
      0.053322,
      0.058987,
      0.047988,
      0.123449,
      0.164306,
      0.126533,
      0.133144,
      0.077591,
      0.065111
    ],
    "spectral_centroid": [
      1835.21,
      1780.42,
      1798.52,
      1990.28,
      1565.36,
      1799.45,
      1496.05,
      2275.07,
      1666.16,
      1877.55,
      1812.58,
      1769.43,
      1994.5,
      1912.14,
      1682.96,
      1892.95,
      1882.39,
      1801.06,
      1827.91,
      1724.68
    ]
  }
}