{
  "id": "5ab745ed-c714-4bd9-b7e2-1722052aed7a",
  "duration": 10.901,
  "pitch": {
    "mean": 513.67,
    "max": 1548.57,
    "std": 243.61,
    "max_mean_ratio": 3.01
  },
  "energy": {
    "mean": 0.039494,
    "max": 0.11246,
    "std": 0.019962,
    "rate_of_change": 0.009795
  },
  "speech_rate": {
    "chars_per_sec": 22.63,
    "words_per_sec": 4.45,
    "segment_count": 3
  },
  "spectral_centroid": {
    "mean": 1828.85
  },
  "timeseries": {
    "frame_sec": 0.5,
    "pitch": [
      461.96,
      623.29,
      458.24,
      506.97,
      482.37,
      481.7,
      521.21,
      594.09,
      477.37,
      460.81,
      555.25,
      367.29,
      472.37,
      446.1,
      396.72,
      349.31,
      565.7,
      444.39,
      494.35,
      683.48,
      754.4,
      821.94
    ],
    "energy": [
      0.043099,
      0.038133,
      0.032356,
      0.042734,
      0.035265,
      0.026028,
      0.041191,
      0.038477,
      0.040417,
      0.033372,
      0.012344,
      0.019492,
      0.050549,
      0.048555,
      0.026095,
      0.026895,
      0.035346,
      0.067252,
      0.066731,
      0.036744,
      0.035098,
      0.028659
    ],
    "spectral_centroid": [
      1747.66,
      2289.78,
      2106.58,
      1595.15,
      1852.46,
      2039.47,
      2138.25,
      1639.36,
      1616.33,
      1543.07,
      1849.62,
      1309.66,
      1504.31,
      1588.29,
      1816.79,
      1753.39,
      2041.98,
      1519.29,
      1924.43,
      1894.7,
      1999.65,
      2586.08
    ]
  }
}