{
  "id": "5ab8533a-f0cc-444a-94b1-68e2464ed5ad",
  "duration": 11.755,
  "pitch": {
    "mean": 391.57,
    "max": 1839.81,
    "std": 250.9,
    "max_mean_ratio": 4.7
  },
  "energy": {
    "mean": 0.056648,
    "max": 0.163528,
    "std": 0.028869,
    "rate_of_change": 0.013023
  },
  "speech_rate": {
    "chars_per_sec": 11.84,
    "words_per_sec": 1.87,
    "segment_count": 7
  },
  "spectral_centroid": {
    "mean": 1751.51
  },
  "timeseries": {
    "frame_sec": 0.5,
    "pitch": [
      208.0,
      380.63,
      330.05,
      582.87,
      510.78,
      328.13,
      390.98,
      593.93,
      236.24,
      440.29,
      275.31,
      347.41,
      331.44,
      555.77,
      411.42,
      441.46,
      352.09,
      482.46,
      124.08,
      179.12,
      514.55,
      355.61,
      658.62,
      525.23
    ],
    "energy": [
      0.063967,
      0.080641,
      0.055826,
      0.057073,
      0.053676,
      0.060063,
      0.063242,
      0.060241,
      0.015793,
      0.055471,
      0.034276,
      0.052007,
      0.035271,
      0.055344,
      0.047468,
      0.036926,
      0.037988,
      0.039449,
      0.025676,
      0.036902,
      0.067151,
      0.092974,
      0.116539,
      0.056505
    ],
    "spectral_centroid": [
      1564.78,
      1468.31,
      1695.75,
      1605.73,
      1653.8,
      1355.58,
      1649.41,
      1528.01,
      1876.16,
      1361.31,
      1773.69,
      1607.58,
      1519.01,
      2002.23,
      1722.73,
      1711.4,
      1637.08,
      1881.44,
      1879.93,
      1801.32,
      1991.86,
      2318.27,
      2289.37,
      2471.92
    ]
  }
}