{
  "id": "5ac06388-7976-4585-962a-fd2f2cf6f2a8",
  "duration": 17.365,
  "pitch": {
    "mean": 411.59,
    "max": 2083.7,
    "std": 536.3,
    "max_mean_ratio": 5.06
  },
  "energy": {
    "mean": 0.005273,
    "max": 0.010319,
    "std": 0.002255,
    "rate_of_change": 0.000522
  },
  "speech_rate": {
    "chars_per_sec": 0.0,
    "words_per_sec": 0.0,
    "segment_count": 0
  },
  "spectral_centroid": {
    "mean": 2275.31
  },
  "timeseries": {
    "frame_sec": 0.5,
    "pitch": [
      297.55,
      515.67,
      186.35,
      126.37,
      167.34,
      340.47,
      396.87,
      629.22,
      713.43,
      191.27,
      149.05,
      877.23,
      404.74,
      444.47,
      174.54,
      869.53,
      289.83,
      286.78,
      113.43,
      409.57,
      140.76,
      660.36,
      121.03,
      115.16,
      143.34,
      273.2,
      103.2,
      93.62,
      1521.05,
      1749.85,
      724.84,
      583.63,
      335.26,
      219.84,
      148.36
    ],
    "energy": [
      0.003892,
      0.003611,
      0.003352,
      0.006623,
      0.003496,
      0.004335,
      0.007422,
      0.008934,
      0.004283,
      0.003024,
      0.003312,
      0.005988,
      0.006196,
      0.005216,
      0.006304,
      0.007015,
      0.004114,
      0.005909,
      0.00625,
      0.002988,
      0.00343,
      0.002393,
      0.004401,
      0.005795,
      0.006722,
      0.004363,
      0.006797,
      0.005771,
      0.008506,
      0.005995,
      0.005338,
      0.006656,
      0.004575,
      0.001956,
      0.001314
    ],
    "spectral_centroid": [
      2482.99,
      2162.69,
      2352.18,
      1654.52,
      2290.59,
      2061.19,
      2195.43,
      1843.5,
      2189.45,
      2134.21,
      2650.42,
      2589.92,
      2719.0,
      2210.3,
      2316.06,
      2478.99,
      2613.46,
      2243.31,
      2123.3,
      2441.79,
      2443.97,
      2661.02,
      2356.81,
      1990.73,
      2117.03,
      1996.19,
      1880.55,
      2101.44,
      2796.56,
      2449.62,
      2136.55,
      2256.41,
      2294.05,
      2164.56,
      2211.18
    ]
  }
}