{
  "id": "5ac838bc-e5db-4c02-8b36-da9f9fd912bf",
  "duration": 12.117,
  "pitch": {
    "mean": 433.83,
    "max": 2051.29,
    "std": 321.77,
    "max_mean_ratio": 4.73
  },
  "energy": {
    "mean": 0.057828,
    "max": 0.175457,
    "std": 0.03394,
    "rate_of_change": 0.014079
  },
  "speech_rate": {
    "chars_per_sec": 16.75,
    "words_per_sec": 3.14,
    "segment_count": 4
  },
  "spectral_centroid": {
    "mean": 1906.53
  },
  "timeseries": {
    "frame_sec": 0.5,
    "pitch": [
      595.87,
      393.01,
      784.77,
      482.43,
      654.62,
      327.12,
      325.36,
      197.04,
      154.44,
      480.94,
      376.77,
      519.78,
      574.01,
      326.79,
      412.35,
      421.11,
      469.75,
      500.26,
      470.12,
      389.29,
      396.26,
      326.05,
      334.61,
      395.29,
      649.68
    ],
    "energy": [
      0.06759,
      0.043441,
      0.066128,
      0.057244,
      0.063436,
      0.057464,
      0.034072,
      0.007141,
      0.011636,
      0.008399,
      0.061242,
      0.093676,
      0.07596,
      0.009354,
      0.079683,
      0.0651,
      0.065417,
      0.069878,
      0.069745,
      0.058619,
      0.056173,
      0.047279,
      0.068052,
      0.086076,
      0.06639
    ],
    "spectral_centroid": [
      1667.54,
      2124.5,
      1787.16,
      2133.21,
      1895.12,
      2030.83,
      2220.9,
      1793.46,
      1759.01,
      1912.17,
      2769.81,
      1687.42,
      2047.8,
      1716.26,
      1487.05,
      2343.44,
      1867.49,
      1580.53,
      1592.82,
      1712.83,
      1524.89,
      1546.28,
      2753.36,
      1856.25,
      1508.24
    ]
  }
}