{
  "id": "5b3de0b8-6e38-4f73-b787-c1e1feb0e553",
  "duration": 7.317,
  "pitch": {
    "mean": 252.98,
    "max": 1359.95,
    "std": 246.9,
    "max_mean_ratio": 5.38
  },
  "energy": {
    "mean": 0.038311,
    "max": 0.125986,
    "std": 0.022545,
    "rate_of_change": 0.015786
  },
  "speech_rate": {
    "chars_per_sec": 5.75,
    "words_per_sec": 1.1,
    "segment_count": 2
  },
  "spectral_centroid": {
    "mean": 2072.69
  },
  "timeseries": {
    "frame_sec": 0.5,
    "pitch": [
      121.46,
      91.1,
      137.32,
      193.94,
      678.15,
      307.0,
      110.1,
      119.46,
      128.05,
      122.7,
      113.29,
      336.56,
      695.32,
      463.15,
      256.16
    ],
    "energy": [
      0.02411,
      0.021433,
      0.028491,
      0.029747,
      0.068928,
      0.039236,
      0.018436,
      0.034641,
      0.033911,
      0.032036,
      0.019223,
      0.039037,
      0.071813,
      0.053825,
      0.033237
    ],
    "spectral_centroid": [
      1878.34,
      1771.01,
      2186.19,
      1808.86,
      1934.26,
      2256.98,
      1854.75,
      2839.55,
      2363.98,
      2040.53,
      1819.45,
      1816.86,
      2143.03,
      2307.3,
      2038.74
    ]
  }
}