{
  "id": "5b8d5ee6-74bd-4737-9d73-94525ffc7a42",
  "duration": 14.144,
  "pitch": {
    "mean": 326.51,
    "max": 1839.17,
    "std": 210.45,
    "max_mean_ratio": 5.63
  },
  "energy": {
    "mean": 0.046974,
    "max": 0.099572,
    "std": 0.020122,
    "rate_of_change": 0.006161
  },
  "speech_rate": {
    "chars_per_sec": 14.74,
    "words_per_sec": 2.71,
    "segment_count": 8
  },
  "spectral_centroid": {
    "mean": 1744.72
  },
  "timeseries": {
    "frame_sec": 0.5,
    "pitch": [
      239.75,
      405.23,
      358.59,
      300.8,
      345.57,
      347.14,
      437.49,
      204.38,
      114.49,
      122.75,
      273.55,
      372.16,
      394.55,
      447.87,
      393.75,
      205.44,
      379.38,
      429.72,
      479.33,
      415.09,
      387.79,
      223.04,
      268.22,
      416.51,
      367.01,
      203.48,
      317.94,
      363.85,
      472.1
    ],
    "energy": [
      0.036855,
      0.060775,
      0.037709,
      0.046702,
      0.039481,
      0.04267,
      0.043045,
      0.023651,
      0.017585,
      0.019889,
      0.025171,
      0.048129,
      0.050134,
      0.047509,
      0.029445,
      0.023205,
      0.078036,
      0.047937,
      0.05006,
      0.059775,
      0.054457,
      0.047023,
      0.064396,
      0.064425,
      0.063994,
      0.045285,
      0.048928,
      0.040533,
      0.056594
    ],
    "spectral_centroid": [
      1794.4,
      1703.43,
      1613.89,
      1466.65,
      1599.33,
      1640.97,
      1672.42,
      1782.64,
      1783.86,
      1896.95,
      2046.28,
      1553.4,
      1547.96,
      1622.85,
      1623.23,
      2056.89,
      1914.8,
      1761.55,
      1756.12,
      1440.57,
      1600.71,
      1492.34,
      1564.31,
      1716.98,
      2088.38,
      2186.01,
      1853.95,
      1926.86,
      1845.65
    ]
  }
}