{
  "id": "5bb67f79-957b-4f6a-861b-2013ff38321d",
  "duration": 7.467,
  "pitch": {
    "mean": 472.6,
    "max": 2074.98,
    "std": 374.99,
    "max_mean_ratio": 4.39
  },
  "energy": {
    "mean": 0.077068,
    "max": 0.282298,
    "std": 0.06992,
    "rate_of_change": 0.037274
  },
  "speech_rate": {
    "chars_per_sec": 12.2,
    "words_per_sec": 2.55,
    "segment_count": 4
  },
  "spectral_centroid": {
    "mean": 1893.04
  },
  "timeseries": {
    "frame_sec": 0.5,
    "pitch": [
      391.98,
      320.96,
      905.06,
      310.3,
      282.96,
      437.44,
      416.99,
      417.42,
      648.68,
      707.54,
      797.11,
      620.38,
      286.53,
      233.3,
      299.66
    ],
    "energy": [
      0.076491,
      0.069622,
      0.075661,
      0.021761,
      0.057136,
      0.112559,
      0.080352,
      0.06299,
      0.147812,
      0.158664,
      0.177777,
      0.018047,
      0.012269,
      0.005603,
      0.037371
    ],
    "spectral_centroid": [
      1485.62,
      1582.53,
      1929.91,
      2687.14,
      1944.24,
      1798.63,
      1795.74,
      2086.63,
      1459.2,
      1547.19,
      1756.27,
      2391.14,
      2203.3,
      2107.81,
      1649.8
    ]
  }
}