{
  "id": "5c5f47e2-f4ef-4b51-a6a3-fd6bbc86787d",
  "duration": 18.731,
  "pitch": {
    "mean": 386.81,
    "max": 2086.25,
    "std": 398.92,
    "max_mean_ratio": 5.39
  },
  "energy": {
    "mean": 0.041325,
    "max": 0.123525,
    "std": 0.02404,
    "rate_of_change": 0.006156
  },
  "speech_rate": {
    "chars_per_sec": 16.03,
    "words_per_sec": 3.21,
    "segment_count": 7
  },
  "spectral_centroid": {
    "mean": 1918.71
  },
  "timeseries": {
    "frame_sec": 0.5,
    "pitch": [
      430.87,
      499.27,
      529.4,
      316.49,
      358.62,
      208.59,
      248.35,
      160.27,
      188.94,
      494.26,
      338.22,
      239.99,
      225.58,
      366.09,
      170.47,
      436.14,
      575.87,
      233.7,
      125.12,
      170.23,
      364.6,
      435.34,
      544.21,
      411.52,
      311.12,
      442.56,
      318.37,
      274.03,
      193.91,
      507.77,
      698.38,
      487.84,
      448.75,
      424.6,
      752.06,
      703.15,
      714.4,
      1053.02
    ],
    "energy": [
      0.048734,
      0.052213,
      0.058252,
      0.045344,
      0.041172,
      0.052368,
      0.032265,
      0.02523,
      0.026256,
      0.060499,
      0.037003,
      0.03729,
      0.018615,
      0.015103,
      0.022075,
      0.037046,
      0.021151,
      0.029063,
      0.012462,
      0.013551,
      0.043979,
      0.042042,
      0.015934,
      0.022284,
      0.03091,
      0.034927,
      0.014091,
      0.020097,
      0.033477,
      0.054305,
      0.082267,
      0.098284,
      0.057095,
      0.03183,
      0.059424,
      0.061939,
      0.060982,
      0.051374
    ],
    "spectral_centroid": [
      2015.84,
      2345.78,
      1854.29,
      1775.65,
      2160.46,
      1713.75,
      1574.59,
      1678.37,
      1666.58,
      1673.01,
      1909.43,
      1747.62,
      2015.22,
      2065.6,
      2132.56,
      1530.84,
      1976.46,
      1776.45,
      1873.99,
      1852.63,
      1971.64,
      2296.11,
      2014.12,
      1866.81,
      1790.74,
      1567.89,
      2095.63,
      2627.07,
      1888.23,
      1717.74,
      1904.23,
      1591.94,
      2043.82,
      2553.74,
      1833.29,
      2035.91,
      1953.93,
      1694.28
    ]
  }
}