{
  "id": "5c828c96-a4d6-4688-a667-17f61dffd927",
  "duration": 8.917,
  "pitch": {
    "mean": 312.68,
    "max": 1587.12,
    "std": 238.01,
    "max_mean_ratio": 5.08
  },
  "energy": {
    "mean": 0.065227,
    "max": 0.208462,
    "std": 0.044399,
    "rate_of_change": 0.022279
  },
  "speech_rate": {
    "chars_per_sec": 10.63,
    "words_per_sec": 2.22,
    "segment_count": 4
  },
  "spectral_centroid": {
    "mean": 1522.89
  },
  "timeseries": {
    "frame_sec": 0.5,
    "pitch": [
      152.79,
      358.53,
      168.37,
      151.59,
      521.73,
      265.23,
      276.76,
      408.76,
      322.83,
      370.11,
      542.05,
      427.23,
      429.06,
      398.31,
      177.86,
      167.42,
      394.15,
      341.89
    ],
    "energy": [
      0.030328,
      0.024124,
      0.01777,
      0.037843,
      0.032369,
      0.06106,
      0.04604,
      0.036593,
      0.061089,
      0.064831,
      0.159922,
      0.092863,
      0.08321,
      0.074686,
      0.053378,
      0.063065,
      0.105909,
      0.077273
    ],
    "spectral_centroid": [
      1340.2,
      2095.51,
      1468.07,
      1331.68,
      1708.48,
      1286.26,
      1353.73,
      1409.76,
      1490.67,
      1689.03,
      1730.74,
      1719.44,
      1482.59,
      1895.4,
      1498.75,
      1338.08,
      1327.78,
      1315.67
    ]
  }
}