{
  "id": "5c89e70e-5f83-481c-87f5-6a92667704e9",
  "duration": 16.768,
  "pitch": {
    "mean": 382.56,
    "max": 1498.51,
    "std": 294.12,
    "max_mean_ratio": 3.92
  },
  "energy": {
    "mean": 0.053637,
    "max": 0.221301,
    "std": 0.039907,
    "rate_of_change": 0.012665
  },
  "speech_rate": {
    "chars_per_sec": 12.21,
    "words_per_sec": 2.17,
    "segment_count": 9
  },
  "spectral_centroid": {
    "mean": 1943.13
  },
  "timeseries": {
    "frame_sec": 0.5,
    "pitch": [
      542.38,
      450.95,
      552.8,
      124.46,
      113.01,
      165.63,
      378.33,
      112.94,
      163.05,
      128.32,
      148.49,
      616.3,
      300.59,
      527.05,
      368.46,
      225.09,
      206.23,
      429.33,
      414.89,
      412.06,
      356.43,
      421.52,
      496.68,
      399.05,
      417.76,
      355.61,
      136.8,
      841.17,
      741.41,
      780.54,
      211.01,
      372.94,
      601.74,
      488.14
    ],
    "energy": [
      0.071884,
      0.076039,
      0.07828,
      0.017501,
      0.013862,
      0.018086,
      0.052281,
      0.010218,
      0.01597,
      0.045507,
      0.027395,
      0.054837,
      0.02779,
      0.03138,
      0.026128,
      0.029917,
      0.031595,
      0.055717,
      0.05495,
      0.060166,
      0.053831,
      0.058962,
      0.051482,
      0.046625,
      0.065868,
      0.034693,
      0.039263,
      0.171809,
      0.085523,
      0.119318,
      0.024884,
      0.046193,
      0.090553,
      0.068798
    ],
    "spectral_centroid": [
      2250.22,
      1797.37,
      2156.66,
      1646.29,
      2059.82,
      2136.35,
      1846.15,
      1998.83,
      1978.95,
      1673.4,
      1738.63,
      1729.3,
      1839.13,
      1913.53,
      1919.63,
      1639.95,
      1925.26,
      1828.24,
      1893.06,
      2310.04,
      1660.0,
      1998.04,
      1863.89,
      1763.91,
      1795.1,
      1885.09,
      2172.57,
      1946.3,
      1811.3,
      2362.6,
      2146.39,
      2171.97,
      1804.93,
      2547.82
    ]
  }
}