{
  "id": "5c91bd9d-3df2-4be8-a6d7-d4dd407d7090",
  "duration": 5.269,
  "pitch": {
    "mean": 523.79,
    "max": 1630.66,
    "std": 452.55,
    "max_mean_ratio": 3.11
  },
  "energy": {
    "mean": 0.097828,
    "max": 0.308393,
    "std": 0.085888,
    "rate_of_change": 0.056976
  },
  "speech_rate": {
    "chars_per_sec": 12.5,
    "words_per_sec": 2.12,
    "segment_count": 4
  },
  "spectral_centroid": {
    "mean": 1978.88
  },
  "timeseries": {
    "frame_sec": 0.5,
    "pitch": [
      254.54,
      234.3,
      587.28,
      369.41,
      167.07,
      455.21,
      349.02,
      888.08,
      441.57,
      1259.13,
      1063.96
    ],
    "energy": [
      0.072007,
      0.067407,
      0.047729,
      0.076931,
      0.015201,
      0.010215,
      0.070119,
      0.257872,
      0.073146,
      0.218509,
      0.136581
    ],
    "spectral_centroid": [
      1444.74,
      1762.07,
      1692.1,
      1439.05,
      2166.52,
      2139.93,
      1878.56,
      2243.34,
      2644.15,
      2195.33,
      2148.49
    ]
  }
}