{
  "id": "5cec6692-f658-4555-b7be-285ba6b356da",
  "duration": 8.32,
  "pitch": {
    "mean": 478.15,
    "max": 1956.65,
    "std": 199.98,
    "max_mean_ratio": 4.09
  },
  "energy": {
    "mean": 0.065281,
    "max": 0.133961,
    "std": 0.02893,
    "rate_of_change": 0.015799
  },
  "speech_rate": {
    "chars_per_sec": 15.18,
    "words_per_sec": 2.65,
    "segment_count": 4
  },
  "spectral_centroid": {
    "mean": 1983.77
  },
  "timeseries": {
    "frame_sec": 0.5,
    "pitch": [
      559.85,
      467.7,
      430.07,
      468.63,
      465.21,
      523.72,
      619.45,
      409.93,
      382.83,
      386.73,
      552.74,
      541.46,
      391.52,
      403.19,
      532.97,
      555.67,
      703.56
    ],
    "energy": [
      0.073112,
      0.053388,
      0.050624,
      0.050065,
      0.048483,
      0.044671,
      0.058748,
      0.05678,
      0.064975,
      0.047661,
      0.080075,
      0.050523,
      0.039225,
      0.065547,
      0.09013,
      0.098393,
      0.104394
    ],
    "spectral_centroid": [
      1571.56,
      1647.08,
      1889.6,
      1712.29,
      1793.86,
      1766.25,
      2127.92,
      2422.64,
      2251.71,
      2162.6,
      1791.86,
      2005.85,
      1598.65,
      2052.86,
      2491.8,
      1991.24,
      2644.24
    ]
  }
}