{
  "id": "5cf60685-65cd-40a6-8d87-7afebab5b8f0",
  "duration": 10.56,
  "pitch": {
    "mean": 574.05,
    "max": 2013.52,
    "std": 383.86,
    "max_mean_ratio": 3.51
  },
  "energy": {
    "mean": 0.08815,
    "max": 0.355048,
    "std": 0.069638,
    "rate_of_change": 0.032638
  },
  "speech_rate": {
    "chars_per_sec": 17.86,
    "words_per_sec": 3.21,
    "segment_count": 5
  },
  "spectral_centroid": {
    "mean": 2129.23
  },
  "timeseries": {
    "frame_sec": 0.5,
    "pitch": [
      350.97,
      671.53,
      516.49,
      460.18,
      543.14,
      614.83,
      505.89,
      666.77,
      549.54,
      558.63,
      1096.11,
      200.55,
      628.14,
      441.83,
      472.49,
      906.46,
      559.18,
      270.59,
      725.88,
      591.17,
      447.92,
      428.57
    ],
    "energy": [
      0.071917,
      0.135817,
      0.075511,
      0.053832,
      0.075819,
      0.054057,
      0.033633,
      0.070958,
      0.087138,
      0.073159,
      0.056732,
      0.026085,
      0.178667,
      0.023025,
      0.07463,
      0.13942,
      0.16501,
      0.063971,
      0.137262,
      0.132811,
      0.04175,
      0.056168
    ],
    "spectral_centroid": [
      1671.81,
      2348.81,
      2184.03,
      2196.65,
      1986.88,
      2095.52,
      1635.7,
      2212.58,
      2757.84,
      2054.11,
      2130.58,
      2149.64,
      2054.3,
      1863.32,
      2230.61,
      1836.78,
      1679.76,
      2383.79,
      2163.19,
      2725.64,
      2372.13,
      2431.08
    ]
  }
}