{
  "id": "5d24ecf1-66df-4f6a-a4d2-800d7808916a",
  "duration": 12.459,
  "pitch": {
    "mean": 307.16,
    "max": 2071.54,
    "std": 257.5,
    "max_mean_ratio": 6.74
  },
  "energy": {
    "mean": 0.037903,
    "max": 0.15123,
    "std": 0.024748,
    "rate_of_change": 0.011902
  },
  "speech_rate": {
    "chars_per_sec": 4.43,
    "words_per_sec": 0.89,
    "segment_count": 6
  },
  "spectral_centroid": {
    "mean": 1837.28
  },
  "timeseries": {
    "frame_sec": 0.5,
    "pitch": [
      128.89,
      252.26,
      472.13,
      543.13,
      206.74,
      269.48,
      529.32,
      392.06,
      297.78,
      218.59,
      306.04,
      150.54,
      131.24,
      148.18,
      382.68,
      504.0,
      340.47,
      178.92,
      343.82,
      407.0,
      233.3,
      313.46,
      272.87,
      114.7,
      366.5
    ],
    "energy": [
      0.036042,
      0.061564,
      0.055416,
      0.010161,
      0.013484,
      0.024738,
      0.064635,
      0.051841,
      0.050854,
      0.017425,
      0.011264,
      0.027879,
      0.043604,
      0.026757,
      0.012618,
      0.031732,
      0.056152,
      0.046587,
      0.021023,
      0.018631,
      0.023697,
      0.043045,
      0.045108,
      0.045942,
      0.068119
    ],
    "spectral_centroid": [
      1983.91,
      2002.39,
      1456.18,
      1942.15,
      2271.28,
      1716.38,
      1604.3,
      1605.85,
      1866.3,
      2059.66,
      2242.99,
      1990.32,
      1757.03,
      1582.24,
      2351.42,
      1820.37,
      1828.28,
      1493.05,
      1410.23,
      1611.92,
      1407.05,
      1933.37,
      2054.3,
      2004.74,
      1993.65
    ]
  }
}