{
  "id": "5d725665-40a7-4257-88fd-7388c36206c0",
  "duration": 13.376,
  "pitch": {
    "mean": 612.68,
    "max": 2075.72,
    "std": 393.88,
    "max_mean_ratio": 3.39
  },
  "energy": {
    "mean": 0.075232,
    "max": 0.263763,
    "std": 0.050036,
    "rate_of_change": 0.019121
  },
  "speech_rate": {
    "chars_per_sec": 20.42,
    "words_per_sec": 3.53,
    "segment_count": 4
  },
  "spectral_centroid": {
    "mean": 1917.24
  },
  "timeseries": {
    "frame_sec": 0.5,
    "pitch": [
      616.96,
      377.08,
      557.46,
      598.33,
      824.31,
      486.21,
      417.92,
      744.55,
      188.23,
      640.82,
      676.88,
      615.9,
      857.89,
      445.3,
      493.85,
      599.4,
      614.75,
      746.0,
      894.99,
      1055.04,
      648.26,
      705.6,
      402.36,
      396.74,
      799.42,
      555.43,
      447.33
    ],
    "energy": [
      0.109798,
      0.059718,
      0.058346,
      0.113516,
      0.156455,
      0.064365,
      0.044718,
      0.034223,
      0.010071,
      0.040382,
      0.092792,
      0.073426,
      0.082299,
      0.059344,
      0.055851,
      0.107412,
      0.09238,
      0.04346,
      0.065548,
      0.127189,
      0.054016,
      0.089661,
      0.062725,
      0.060202,
      0.089951,
      0.047939,
      0.044023
    ],
    "spectral_centroid": [
      1425.83,
      1829.88,
      1707.28,
      1735.51,
      1615.25,
      2521.29,
      2020.61,
      1939.94,
      1836.49,
      2291.86,
      1838.07,
      2038.49,
      2290.54,
      2379.46,
      1781.57,
      1545.05,
      1750.58,
      1848.38,
      2109.97,
      1606.81,
      1853.89,
      1615.9,
      2044.45,
      2267.71,
      1929.29,
      1827.76,
      2110.54
    ]
  }
}