{
  "id": "5d9cc697-0e24-4977-bb8c-1c1766f2e592",
  "duration": 8.064,
  "pitch": {
    "mean": 326.41,
    "max": 1238.87,
    "std": 212.61,
    "max_mean_ratio": 3.8
  },
  "energy": {
    "mean": 0.032319,
    "max": 0.0997,
    "std": 0.024016,
    "rate_of_change": 0.011931
  },
  "speech_rate": {
    "chars_per_sec": 9.14,
    "words_per_sec": 1.52,
    "segment_count": 5
  },
  "spectral_centroid": {
    "mean": 1936.89
  },
  "timeseries": {
    "frame_sec": 0.5,
    "pitch": [
      345.56,
      532.25,
      245.77,
      179.64,
      526.53,
      314.89,
      415.9,
      389.5,
      406.58,
      400.17,
      210.41,
      124.11,
      242.25,
      223.02,
      341.01,
      347.06,
      606.3
    ],
    "energy": [
      0.025266,
      0.035996,
      0.006274,
      0.009529,
      0.05184,
      0.009065,
      0.03466,
      0.039128,
      0.054817,
      0.035963,
      0.011168,
      0.019648,
      0.031653,
      0.016288,
      0.040831,
      0.062826,
      0.063356
    ],
    "spectral_centroid": [
      1657.85,
      1938.67,
      1916.99,
      2022.9,
      1646.72,
      1788.22,
      1613.05,
      1870.17,
      2346.62,
      1641.12,
      2145.55,
      1863.85,
      1824.79,
      2097.66,
      2251.41,
      2345.99,
      1356.73
    ]
  }
}