{
  "id": "5db1eeb2-911b-4f13-a8ea-917ae47996c7",
  "duration": 8.811,
  "pitch": {
    "mean": 636.59,
    "max": 1984.13,
    "std": 430.24,
    "max_mean_ratio": 3.12
  },
  "energy": {
    "mean": 0.056364,
    "max": 0.225336,
    "std": 0.04526,
    "rate_of_change": 0.025351
  },
  "speech_rate": {
    "chars_per_sec": 13.5,
    "words_per_sec": 2.75,
    "segment_count": 2
  },
  "spectral_centroid": {
    "mean": 1961.36
  },
  "timeseries": {
    "frame_sec": 0.5,
    "pitch": [
      393.5,
      718.35,
      846.19,
      517.08,
      539.85,
      366.77,
      475.25,
      435.53,
      458.98,
      481.66,
      363.94,
      448.66,
      796.3,
      1036.23,
      845.96,
      1089.39,
      769.23,
      611.94
    ],
    "energy": [
      0.018022,
      0.005942,
      0.031978,
      0.106486,
      0.064646,
      0.037405,
      0.049415,
      0.040243,
      0.040643,
      0.034331,
      0.029138,
      0.022189,
      0.045698,
      0.149344,
      0.119755,
      0.067866,
      0.054638,
      0.042981
    ],
    "spectral_centroid": [
      1698.45,
      2117.8,
      1862.69,
      1488.96,
      2029.71,
      1917.11,
      1833.0,
      2142.22,
      2076.18,
      1718.83,
      2112.76,
      2026.44,
      1859.98,
      1773.07,
      1950.05,
      2269.09,
      2023.2,
      2693.13
    ]
  }
}