{
  "id": "5dbd23f8-dac6-419a-b438-e5fd6a22bded",
  "duration": 7.979,
  "pitch": {
    "mean": 454.88,
    "max": 1859.0,
    "std": 239.25,
    "max_mean_ratio": 4.09
  },
  "energy": {
    "mean": 0.142497,
    "max": 0.35209,
    "std": 0.07865,
    "rate_of_change": 0.042408
  },
  "speech_rate": {
    "chars_per_sec": 14.45,
    "words_per_sec": 2.26,
    "segment_count": 4
  },
  "spectral_centroid": {
    "mean": 1981.42
  },
  "timeseries": {
    "frame_sec": 0.5,
    "pitch": [
      594.31,
      311.21,
      390.92,
      506.99,
      429.27,
      472.31,
      462.06,
      502.81,
      514.7,
      585.04,
      322.47,
      539.95,
      425.84,
      127.74,
      637.15,
      522.63
    ],
    "energy": [
      0.152371,
      0.029379,
      0.102535,
      0.177098,
      0.147244,
      0.167291,
      0.085754,
      0.139925,
      0.186462,
      0.205939,
      0.06018,
      0.158334,
      0.125063,
      0.053439,
      0.179943,
      0.197515
    ],
    "spectral_centroid": [
      1515.81,
      1886.51,
      1561.39,
      1532.36,
      2102.19,
      1699.11,
      2309.09,
      2431.64,
      1919.79,
      1605.97,
      1902.46,
      2195.02,
      2279.98,
      1960.52,
      2517.59,
      2175.21
    ]
  }
}