{
  "id": "5dd51164-cdff-4ffd-b7b9-727eef6e1fe4",
  "duration": 16.341,
  "pitch": {
    "mean": 365.72,
    "max": 1234.09,
    "std": 221.56,
    "max_mean_ratio": 3.37
  },
  "energy": {
    "mean": 0.050221,
    "max": 0.209605,
    "std": 0.032994,
    "rate_of_change": 0.012302
  },
  "speech_rate": {
    "chars_per_sec": 13.85,
    "words_per_sec": 2.61,
    "segment_count": 9
  },
  "spectral_centroid": {
    "mean": 1844.45
  },
  "timeseries": {
    "frame_sec": 0.5,
    "pitch": [
      474.4,
      325.83,
      141.09,
      105.72,
      125.39,
      437.4,
      369.81,
      270.51,
      311.66,
      182.95,
      368.71,
      417.97,
      422.74,
      399.88,
      447.35,
      204.89,
      406.12,
      294.47,
      238.44,
      368.28,
      467.59,
      310.99,
      506.55,
      558.83,
      452.23,
      411.85,
      319.19,
      261.28,
      368.17,
      531.69,
      513.47,
      578.91,
      500.33
    ],
    "energy": [
      0.065963,
      0.033423,
      0.027116,
      0.05838,
      0.02155,
      0.045159,
      0.04452,
      0.031451,
      0.04024,
      0.020361,
      0.042872,
      0.038689,
      0.034627,
      0.033238,
      0.041318,
      0.022939,
      0.053582,
      0.031622,
      0.035675,
      0.039074,
      0.036303,
      0.042989,
      0.05224,
      0.034857,
      0.045926,
      0.040568,
      0.050672,
      0.054836,
      0.086378,
      0.141675,
      0.109329,
      0.071581,
      0.053313
    ],
    "spectral_centroid": [
      1700.8,
      1850.32,
      1746.82,
      1260.86,
      1843.8,
      2036.32,
      1863.66,
      1661.39,
      1873.33,
      2236.71,
      1892.9,
      1680.63,
      1769.47,
      1922.74,
      2025.98,
      1760.68,
      1913.01,
      1887.12,
      1972.97,
      1649.77,
      1803.65,
      1797.16,
      1914.92,
      1871.81,
      1684.28,
      1636.91,
      2043.62,
      1966.94,
      1717.2,
      1708.46,
      1983.39,
      2045.24,
      2188.09
    ]
  }
}