{
  "id": "5e0ad664-997d-495f-bd4d-79d6d8769711",
  "duration": 10.389,
  "pitch": {
    "mean": 318.08,
    "max": 1047.67,
    "std": 271.29,
    "max_mean_ratio": 3.29
  },
  "energy": {
    "mean": 0.109865,
    "max": 0.283329,
    "std": 0.077542,
    "rate_of_change": 0.0262
  },
  "speech_rate": {
    "chars_per_sec": 11.17,
    "words_per_sec": 1.91,
    "segment_count": 2
  },
  "spectral_centroid": {
    "mean": 1670.01
  },
  "timeseries": {
    "frame_sec": 0.5,
    "pitch": [
      86.89,
      81.77,
      85.49,
      379.67,
      271.7,
      81.25,
      351.29,
      298.28,
      422.34,
      278.52,
      84.89,
      84.61,
      81.85,
      328.7,
      349.05,
      654.02,
      725.75,
      574.31,
      441.19,
      526.68,
      338.63
    ],
    "energy": [
      0.038209,
      0.041804,
      0.032926,
      0.11356,
      0.099096,
      0.04837,
      0.164605,
      0.126547,
      0.187306,
      0.125211,
      0.044159,
      0.039386,
      0.045902,
      0.082254,
      0.128437,
      0.176561,
      0.216405,
      0.156014,
      0.14948,
      0.130917,
      0.056492
    ],
    "spectral_centroid": [
      1516.07,
      1280.8,
      1353.49,
      1321.01,
      1269.77,
      1558.55,
      1534.83,
      1477.56,
      1644.81,
      1907.02,
      1472.94,
      2414.61,
      1597.46,
      1797.95,
      2057.12,
      1976.93,
      1510.39,
      1754.75,
      1827.95,
      1858.82,
      1791.82
    ]
  }
}