{
  "id": "5e457e95-88f4-42ed-a293-0cf2f9cedf51",
  "duration": 16.832,
  "pitch": {
    "mean": 462.1,
    "max": 1780.4,
    "std": 293.08,
    "max_mean_ratio": 3.85
  },
  "energy": {
    "mean": 0.075439,
    "max": 0.196262,
    "std": 0.05151,
    "rate_of_change": 0.010968
  },
  "speech_rate": {
    "chars_per_sec": 20.85,
    "words_per_sec": 4.23,
    "segment_count": 6
  },
  "spectral_centroid": {
    "mean": 1939.54
  },
  "timeseries": {
    "frame_sec": 0.5,
    "pitch": [
      493.55,
      367.64,
      437.36,
      513.5,
      218.48,
      249.14,
      293.86,
      487.16,
      617.12,
      507.41,
      569.91,
      394.59,
      441.45,
      378.95,
      473.6,
      250.1,
      530.27,
      530.45,
      358.92,
      455.03,
      525.86,
      453.99,
      461.53,
      442.16,
      359.34,
      463.3,
      535.42,
      671.85,
      761.8,
      553.65,
      317.09,
      290.0,
      734.91,
      462.47
    ],
    "energy": [
      0.090711,
      0.102509,
      0.099798,
      0.110554,
      0.020891,
      0.015606,
      0.020475,
      0.013462,
      0.017732,
      0.045443,
      0.039617,
      0.042326,
      0.063734,
      0.058377,
      0.098888,
      0.029671,
      0.07608,
      0.108217,
      0.062442,
      0.082693,
      0.052313,
      0.021241,
      0.096441,
      0.090664,
      0.105826,
      0.12659,
      0.104162,
      0.122488,
      0.147736,
      0.092913,
      0.073047,
      0.076419,
      0.084062,
      0.052116
    ],
    "spectral_centroid": [
      1699.7,
      1998.79,
      1835.31,
      1821.41,
      2120.87,
      2024.06,
      1862.48,
      2124.92,
      2078.13,
      2046.59,
      2297.84,
      2133.83,
      1637.7,
      1858.24,
      1540.58,
      1854.12,
      1705.84,
      1872.58,
      1915.52,
      2029.61,
      1824.95,
      1868.97,
      1764.01,
      2021.47,
      2212.89,
      2086.05,
      1695.62,
      1933.99,
      1535.46,
      1733.13,
      2250.26,
      2379.7,
      2314.87,
      1687.72
    ]
  }
}