{
  "id": "5f08ec43-f4ce-499c-b0f4-d3f3942c974c",
  "duration": 11.157,
  "pitch": {
    "mean": 264.91,
    "max": 1286.18,
    "std": 203.89,
    "max_mean_ratio": 4.86
  },
  "energy": {
    "mean": 0.040761,
    "max": 0.16672,
    "std": 0.044304,
    "rate_of_change": 0.014773
  },
  "speech_rate": {
    "chars_per_sec": 7.37,
    "words_per_sec": 1.28,
    "segment_count": 4
  },
  "spectral_centroid": {
    "mean": 1663.33
  },
  "timeseries": {
    "frame_sec": 0.5,
    "pitch": [
      382.73,
      235.21,
      223.62,
      98.0,
      100.53,
      110.88,
      144.45,
      106.79,
      124.19,
      417.51,
      529.0,
      391.54,
      450.18,
      275.15,
      538.96,
      164.01,
      178.31,
      380.84,
      351.72,
      170.01,
      233.03,
      340.01,
      178.27
    ],
    "energy": [
      0.064179,
      0.018656,
      0.008078,
      0.008529,
      0.005876,
      0.009382,
      0.013053,
      0.010957,
      0.010655,
      0.083281,
      0.10526,
      0.085663,
      0.087392,
      0.017051,
      0.105781,
      0.007454,
      0.018667,
      0.083201,
      0.084503,
      0.023864,
      0.005669,
      0.003268,
      0.002198
    ],
    "spectral_centroid": [
      1903.66,
      1898.3,
      1533.82,
      1487.21,
      1565.02,
      1486.32,
      1685.36,
      1669.74,
      1571.78,
      1540.53,
      1183.4,
      1648.46,
      1635.94,
      1519.86,
      1425.46,
      1532.28,
      2040.67,
      1419.86,
      1734.95,
      2009.01,
      2032.43,
      1977.3,
      2014.36
    ]
  }
}