{
  "id": "5f525f34-8a98-416a-a6eb-1197be30a48e",
  "duration": 14.507,
  "pitch": {
    "mean": 503.51,
    "max": 2059.64,
    "std": 380.39,
    "max_mean_ratio": 4.09
  },
  "energy": {
    "mean": 0.064051,
    "max": 0.173202,
    "std": 0.039594,
    "rate_of_change": 0.011159
  },
  "speech_rate": {
    "chars_per_sec": 11.66,
    "words_per_sec": 2.14,
    "segment_count": 9
  },
  "spectral_centroid": {
    "mean": 1944.7
  },
  "timeseries": {
    "frame_sec": 0.5,
    "pitch": [
      407.86,
      1120.32,
      159.57,
      146.92,
      571.52,
      167.48,
      116.41,
      147.18,
      528.82,
      280.24,
      366.92,
      336.44,
      556.02,
      473.38,
      732.52,
      581.49,
      585.71,
      829.0,
      489.32,
      326.26,
      189.8,
      597.65,
      504.91,
      888.24,
      578.52,
      716.68,
      855.61,
      499.67,
      642.93,
      700.82
    ],
    "energy": [
      0.049241,
      0.073261,
      0.018479,
      0.02274,
      0.06578,
      0.016246,
      0.018672,
      0.052262,
      0.060211,
      0.02877,
      0.029564,
      0.035625,
      0.063145,
      0.077874,
      0.105698,
      0.058693,
      0.125821,
      0.090371,
      0.081815,
      0.05452,
      0.028872,
      0.096555,
      0.065932,
      0.066666,
      0.101218,
      0.095296,
      0.089947,
      0.031946,
      0.069521,
      0.020593
    ],
    "spectral_centroid": [
      2012.12,
      2195.75,
      1694.67,
      1590.29,
      2102.3,
      2060.1,
      1763.69,
      1683.2,
      2255.85,
      2157.09,
      1879.16,
      2277.66,
      2117.95,
      1768.44,
      1716.44,
      1876.15,
      1591.94,
      1969.52,
      1767.68,
      1546.9,
      1736.99,
      2107.42,
      2044.66,
      2331.78,
      1943.72,
      1964.84,
      2313.43,
      1888.92,
      2004.61,
      1684.85
    ]
  }
}