{
  "id": "5f5656ff-9d0e-468b-af3c-2b9ff9d12444",
  "duration": 13.888,
  "pitch": {
    "mean": 320.49,
    "max": 2079.05,
    "std": 319.53,
    "max_mean_ratio": 6.49
  },
  "energy": {
    "mean": 0.092566,
    "max": 0.293623,
    "std": 0.07116,
    "rate_of_change": 0.021043
  },
  "speech_rate": {
    "chars_per_sec": 7.88,
    "words_per_sec": 1.65,
    "segment_count": 5
  },
  "spectral_centroid": {
    "mean": 1846.69
  },
  "timeseries": {
    "frame_sec": 0.5,
    "pitch": [
      89.04,
      136.68,
      81.56,
      85.73,
      94.22,
      304.47,
      501.04,
      374.24,
      187.48,
      156.23,
      423.69,
      411.23,
      87.41,
      91.63,
      189.08,
      174.0,
      854.39,
      713.78,
      631.91,
      327.74,
      280.89,
      235.51,
      656.02,
      275.98,
      108.64,
      110.94,
      696.93,
      643.68
    ],
    "energy": [
      0.062188,
      0.050902,
      0.045696,
      0.034754,
      0.044361,
      0.115619,
      0.16697,
      0.147505,
      0.08223,
      0.08634,
      0.165193,
      0.135096,
      0.04957,
      0.059124,
      0.09305,
      0.055886,
      0.207682,
      0.206483,
      0.145136,
      0.049727,
      0.025677,
      0.020431,
      0.163683,
      0.025812,
      0.054643,
      0.044908,
      0.057915,
      0.045986
    ],
    "spectral_centroid": [
      1834.33,
      1441.29,
      1269.1,
      1619.66,
      1400.63,
      1605.97,
      1776.66,
      2074.32,
      1822.59,
      1775.17,
      1784.81,
      2091.08,
      2220.82,
      1839.46,
      2280.7,
      2118.08,
      2487.41,
      2310.45,
      2176.05,
      1816.85,
      1176.47,
      1659.82,
      1249.21,
      1980.73,
      2100.52,
      1787.47,
      1883.63,
      2054.88
    ]
  }
}