{
  "id": "5fb485b0-3de4-4ca0-9d61-992c8ba71dde",
  "duration": 12.373,
  "pitch": {
    "mean": 611.45,
    "max": 2060.31,
    "std": 505.28,
    "max_mean_ratio": 3.37
  },
  "energy": {
    "mean": 0.083479,
    "max": 0.332096,
    "std": 0.065239,
    "rate_of_change": 0.026081
  },
  "speech_rate": {
    "chars_per_sec": 16.91,
    "words_per_sec": 2.99,
    "segment_count": 6
  },
  "spectral_centroid": {
    "mean": 2014.44
  },
  "timeseries": {
    "frame_sec": 0.5,
    "pitch": [
      468.12,
      853.42,
      527.43,
      604.14,
      483.85,
      551.33,
      677.95,
      930.55,
      233.73,
      212.23,
      211.08,
      782.46,
      1023.18,
      517.0,
      565.83,
      515.86,
      821.19,
      579.18,
      468.08,
      757.02,
      446.32,
      545.34,
      761.56,
      665.75,
      1018.29
    ],
    "energy": [
      0.082897,
      0.145485,
      0.127901,
      0.097164,
      0.061001,
      0.042972,
      0.109533,
      0.045747,
      0.021129,
      0.014201,
      0.013731,
      0.072675,
      0.095342,
      0.065347,
      0.078834,
      0.080163,
      0.091023,
      0.067265,
      0.075682,
      0.135739,
      0.042053,
      0.056116,
      0.08541,
      0.156161,
      0.127833
    ],
    "spectral_centroid": [
      2299.71,
      1906.56,
      1944.23,
      1974.1,
      1640.29,
      2492.98,
      2032.14,
      2091.28,
      2386.54,
      1954.87,
      1729.36,
      2015.2,
      2139.84,
      1952.07,
      1820.0,
      2024.5,
      1968.4,
      2135.55,
      2061.15,
      1924.38,
      1834.91,
      2388.42,
      1774.54,
      2066.09,
      1696.6
    ]
  }
}