{
  "id": "5fee5655-f0da-4b7d-bdab-dca720101a4b",
  "duration": 15.531,
  "pitch": {
    "mean": 414.13,
    "max": 2026.24,
    "std": 360.48,
    "max_mean_ratio": 4.89
  },
  "energy": {
    "mean": 0.043923,
    "max": 0.160457,
    "std": 0.029211,
    "rate_of_change": 0.009859
  },
  "speech_rate": {
    "chars_per_sec": 14.76,
    "words_per_sec": 2.58,
    "segment_count": 9
  },
  "spectral_centroid": {
    "mean": 2129.93
  },
  "timeseries": {
    "frame_sec": 0.5,
    "pitch": [
      435.83,
      456.43,
      506.41,
      271.66,
      343.61,
      169.06,
      467.84,
      263.13,
      336.3,
      448.32,
      451.92,
      181.55,
      392.08,
      122.72,
      115.34,
      335.53,
      343.38,
      869.18,
      358.18,
      405.26,
      506.9,
      428.41,
      669.86,
      652.48,
      335.39,
      593.12,
      229.41,
      296.59,
      662.27,
      591.13,
      540.92,
      123.48
    ],
    "energy": [
      0.033895,
      0.033859,
      0.044223,
      0.018923,
      0.023431,
      0.048126,
      0.051383,
      0.015397,
      0.032337,
      0.036163,
      0.031989,
      0.019174,
      0.032225,
      0.021505,
      0.019523,
      0.028293,
      0.055079,
      0.060299,
      0.030944,
      0.036192,
      0.033369,
      0.039839,
      0.044824,
      0.050329,
      0.014939,
      0.046238,
      0.059069,
      0.058528,
      0.120228,
      0.103193,
      0.059101,
      0.027628
    ],
    "spectral_centroid": [
      1928.01,
      1958.89,
      2158.67,
      1666.7,
      2229.11,
      1754.54,
      2327.22,
      2055.52,
      2427.96,
      2182.31,
      2668.17,
      2696.11,
      2056.79,
      1609.92,
      1595.8,
      2147.84,
      1974.73,
      2410.04,
      2084.79,
      2192.86,
      2282.33,
      2605.66,
      2084.26,
      2227.4,
      2379.04,
      2246.11,
      2269.92,
      2320.04,
      1813.72,
      1574.55,
      2103.72,
      2061.37
    ]
  }
}