{
  "id": "600207f9-e3eb-4bea-a4bf-c91419252ffe",
  "duration": 16.171,
  "pitch": {
    "mean": 335.41,
    "max": 1880.98,
    "std": 269.62,
    "max_mean_ratio": 5.61
  },
  "energy": {
    "mean": 0.044688,
    "max": 0.169945,
    "std": 0.021823,
    "rate_of_change": 0.00978
  },
  "speech_rate": {
    "chars_per_sec": 17.44,
    "words_per_sec": 3.2,
    "segment_count": 7
  },
  "spectral_centroid": {
    "mean": 1987.46
  },
  "timeseries": {
    "frame_sec": 0.5,
    "pitch": [
      533.14,
      366.54,
      276.49,
      576.67,
      200.45,
      305.11,
      388.23,
      332.9,
      458.8,
      145.3,
      463.12,
      262.06,
      480.4,
      314.01,
      158.21,
      220.19,
      468.85,
      485.59,
      451.08,
      258.12,
      309.98,
      288.43,
      312.94,
      114.09,
      383.21,
      448.18,
      173.81,
      240.91,
      199.63,
      209.52,
      436.61,
      434.25,
      146.74
    ],
    "energy": [
      0.058057,
      0.053219,
      0.047286,
      0.079218,
      0.024097,
      0.043009,
      0.049263,
      0.04161,
      0.039184,
      0.031438,
      0.034846,
      0.046306,
      0.048051,
      0.044814,
      0.032235,
      0.048961,
      0.055667,
      0.05321,
      0.056284,
      0.051515,
      0.057107,
      0.044629,
      0.035897,
      0.024159,
      0.031427,
      0.029447,
      0.025055,
      0.028764,
      0.027616,
      0.051637,
      0.051483,
      0.036549,
      0.023389
    ],
    "spectral_centroid": [
      2049.0,
      2035.11,
      2120.62,
      1750.22,
      1891.71,
      2244.81,
      2037.08,
      2130.94,
      2317.95,
      2177.97,
      2131.12,
      1726.35,
      1639.26,
      1856.74,
      2142.69,
      2079.13,
      1780.59,
      1975.79,
      1973.99,
      1825.33,
      2040.68,
      1961.31,
      1900.27,
      1871.02,
      1846.13,
      1842.88,
      1870.61,
      2119.98,
      2277.25,
      2221.02,
      1899.08,
      1807.41,
      1913.82
    ]
  }
}