{
  "id": "603f2bbd-4f02-49cb-a9e7-5030cfc1be84",
  "duration": 12.779,
  "pitch": {
    "mean": 337.21,
    "max": 1616.48,
    "std": 265.58,
    "max_mean_ratio": 4.79
  },
  "energy": {
    "mean": 0.056121,
    "max": 0.15782,
    "std": 0.040525,
    "rate_of_change": 0.011772
  },
  "speech_rate": {
    "chars_per_sec": 10.19,
    "words_per_sec": 1.57,
    "segment_count": 6
  },
  "spectral_centroid": {
    "mean": 1911.41
  },
  "timeseries": {
    "frame_sec": 0.5,
    "pitch": [
      124.06,
      127.42,
      397.15,
      627.91,
      641.01,
      356.07,
      511.27,
      510.15,
      122.93,
      123.38,
      402.94,
      483.48,
      483.67,
      129.72,
      132.78,
      106.74,
      475.95,
      476.54,
      147.01,
      112.1,
      107.74,
      374.43,
      338.49,
      552.37,
      500.14,
      562.7
    ],
    "energy": [
      0.03404,
      0.025862,
      0.050999,
      0.096603,
      0.088578,
      0.066431,
      0.085198,
      0.084187,
      0.009556,
      0.015091,
      0.060442,
      0.069051,
      0.075971,
      0.012498,
      0.020539,
      0.013219,
      0.074529,
      0.089243,
      0.012509,
      0.020453,
      0.026959,
      0.078102,
      0.056327,
      0.084637,
      0.082776,
      0.086139
    ],
    "spectral_centroid": [
      1650.05,
      1958.82,
      2177.9,
      2074.13,
      1756.79,
      2294.18,
      2209.56,
      1946.94,
      1763.33,
      1750.42,
      2127.61,
      1831.54,
      1874.88,
      1910.62,
      1625.55,
      1961.29,
      1631.58,
      1685.89,
      1572.99,
      1958.68,
      1777.33,
      1994.82,
      2037.47,
      2153.38,
      1951.24,
      2020.01
    ]
  }
}