{
  "id": "6041b519-f2d1-48e7-ac23-d62e9ebb0577",
  "duration": 4.288,
  "pitch": {
    "mean": 451.87,
    "max": 1541.79,
    "std": 366.4,
    "max_mean_ratio": 3.41
  },
  "energy": {
    "mean": 0.086765,
    "max": 0.219893,
    "std": 0.054302,
    "rate_of_change": 0.046673
  },
  "speech_rate": {
    "chars_per_sec": 9.12,
    "words_per_sec": 2.03,
    "segment_count": 1
  },
  "spectral_centroid": {
    "mean": 1847.97
  },
  "timeseries": {
    "frame_sec": 0.5,
    "pitch": [
      353.48,
      141.64,
      551.63,
      192.36,
      607.44,
      289.97,
      629.28,
      982.21,
      427.56
    ],
    "energy": [
      0.040966,
      0.028893,
      0.128738,
      0.02874,
      0.088809,
      0.067096,
      0.111845,
      0.164971,
      0.09277
    ],
    "spectral_centroid": [
      1711.86,
      2420.18,
      1836.24,
      1820.3,
      1652.46,
      1800.54,
      1835.78,
      1876.69,
      1626.11
    ]
  }
}