{
  "id": "6042aa99-11d0-4cdd-b850-af82a38276c9",
  "duration": 8.299,
  "pitch": {
    "mean": 420.28,
    "max": 1414.88,
    "std": 230.16,
    "max_mean_ratio": 3.37
  },
  "energy": {
    "mean": 0.07736,
    "max": 0.212037,
    "std": 0.044618,
    "rate_of_change": 0.024897
  },
  "speech_rate": {
    "chars_per_sec": 15.1,
    "words_per_sec": 2.54,
    "segment_count": 2
  },
  "spectral_centroid": {
    "mean": 1844.28
  },
  "timeseries": {
    "frame_sec": 0.5,
    "pitch": [
      591.43,
      608.5,
      376.68,
      433.26,
      539.5,
      544.81,
      407.11,
      437.28,
      472.21,
      505.23,
      499.99,
      237.34,
      291.15,
      159.56,
      369.88,
      375.08,
      371.02
    ],
    "energy": [
      0.095095,
      0.078612,
      0.066733,
      0.092565,
      0.076504,
      0.121261,
      0.065472,
      0.102382,
      0.084796,
      0.077674,
      0.05655,
      0.008563,
      0.010769,
      0.026869,
      0.120898,
      0.083075,
      0.105823
    ],
    "spectral_centroid": [
      1717.6,
      1830.36,
      1927.13,
      1756.18,
      1584.72,
      1578.49,
      2104.94,
      1723.84,
      1922.99,
      1815.9,
      1657.03,
      2298.36,
      2273.2,
      1979.83,
      1760.43,
      1798.07,
      1495.93
    ]
  }
}