{
  "id": "60a3060b-38e6-4414-bbf1-e703cb4211cd",
  "duration": 15.744,
  "pitch": {
    "mean": 543.18,
    "max": 2038.31,
    "std": 336.81,
    "max_mean_ratio": 3.75
  },
  "energy": {
    "mean": 0.175589,
    "max": 0.518369,
    "std": 0.120535,
    "rate_of_change": 0.032515
  },
  "speech_rate": {
    "chars_per_sec": 15.11,
    "words_per_sec": 2.97,
    "segment_count": 8
  },
  "spectral_centroid": {
    "mean": 2201.21
  },
  "timeseries": {
    "frame_sec": 0.5,
    "pitch": [
      317.55,
      291.18,
      400.84,
      332.17,
      421.83,
      478.96,
      490.44,
      456.98,
      470.79,
      524.16,
      306.7,
      284.32,
      495.18,
      405.9,
      850.8,
      613.52,
      340.87,
      501.35,
      462.05,
      585.31,
      579.75,
      738.13,
      625.63,
      728.37,
      864.81,
      542.68,
      774.61,
      889.42,
      614.34,
      893.88,
      491.5,
      494.15
    ],
    "energy": [
      0.084821,
      0.093384,
      0.126503,
      0.153512,
      0.151939,
      0.139503,
      0.150413,
      0.099284,
      0.119235,
      0.207253,
      0.007807,
      0.107339,
      0.178733,
      0.202501,
      0.277171,
      0.057768,
      0.115075,
      0.1379,
      0.138528,
      0.018807,
      0.299798,
      0.266824,
      0.217801,
      0.295698,
      0.357552,
      0.132382,
      0.197579,
      0.214557,
      0.269388,
      0.351777,
      0.086966,
      0.042263
    ],
    "spectral_centroid": [
      2121.49,
      2327.74,
      2035.65,
      2447.77,
      2075.99,
      1861.16,
      1915.48,
      2153.18,
      2079.89,
      2044.12,
      2376.65,
      2484.76,
      1896.39,
      1806.07,
      1866.25,
      2280.58,
      2130.71,
      2455.85,
      1888.76,
      2137.98,
      2300.18,
      2235.21,
      2150.81,
      2320.45,
      2548.38,
      2285.14,
      2204.83,
      2241.44,
      2696.62,
      2334.61,
      2370.99,
      2417.53
    ]
  }
}