{
  "id": "60ff1bae-48da-450f-b997-c14f2b8bcf79",
  "duration": 11.477,
  "pitch": {
    "mean": 432.18,
    "max": 1985.93,
    "std": 360.91,
    "max_mean_ratio": 4.6
  },
  "energy": {
    "mean": 0.04704,
    "max": 0.203423,
    "std": 0.041169,
    "rate_of_change": 0.017249
  },
  "speech_rate": {
    "chars_per_sec": 10.19,
    "words_per_sec": 1.83,
    "segment_count": 5
  },
  "spectral_centroid": {
    "mean": 2227.82
  },
  "timeseries": {
    "frame_sec": 0.5,
    "pitch": [
      365.41,
      172.46,
      378.5,
      292.88,
      196.17,
      319.75,
      441.3,
      362.68,
      346.14,
      334.85,
      497.83,
      609.46,
      498.5,
      384.53,
      422.94,
      899.36,
      181.8,
      532.58,
      460.84,
      352.43,
      533.8,
      375.19,
      640.19
    ],
    "energy": [
      0.012006,
      0.010694,
      0.013783,
      0.02416,
      0.012535,
      0.024895,
      0.030824,
      0.023632,
      0.031108,
      0.024751,
      0.071937,
      0.101487,
      0.073178,
      0.031134,
      0.055698,
      0.031354,
      0.027837,
      0.06943,
      0.068546,
      0.08613,
      0.101619,
      0.050121,
      0.048242
    ],
    "spectral_centroid": [
      2188.85,
      2031.45,
      2168.08,
      2155.17,
      2790.98,
      1806.98,
      1661.13,
      2561.37,
      2455.76,
      2215.88,
      2125.0,
      2114.52,
      2313.89,
      2550.03,
      2063.79,
      2038.53,
      2548.26,
      2131.76,
      2212.55,
      2447.66,
      1975.91,
      2807.03,
      1815.8
    ]
  }
}