{
  "id": "61299e57-08a8-43eb-94e8-a633a6b0abc2",
  "duration": 11.712,
  "pitch": {
    "mean": 460.31,
    "max": 1838.81,
    "std": 275.8,
    "max_mean_ratio": 3.99
  },
  "energy": {
    "mean": 0.062384,
    "max": 0.596367,
    "std": 0.081893,
    "rate_of_change": 0.050294
  },
  "speech_rate": {
    "chars_per_sec": 23.16,
    "words_per_sec": 4.7,
    "segment_count": 1
  },
  "spectral_centroid": {
    "mean": 1820.73
  },
  "timeseries": {
    "frame_sec": 0.5,
    "pitch": [
      435.21,
      427.45,
      246.18,
      291.98,
      523.09,
      405.27,
      308.12,
      573.47,
      622.23,
      306.2,
      327.72,
      345.89,
      436.36,
      402.05,
      389.24,
      489.28,
      352.24,
      474.94,
      657.31,
      496.59,
      388.5,
      755.72,
      613.95,
      813.99
    ],
    "energy": [
      0.031644,
      0.022101,
      0.021373,
      0.027106,
      0.033042,
      0.023222,
      0.025465,
      0.051169,
      0.05578,
      0.038578,
      0.009226,
      0.020724,
      0.021463,
      0.027875,
      0.034911,
      0.041858,
      0.028741,
      0.096118,
      0.307497,
      0.079768,
      0.107909,
      0.155208,
      0.100676,
      0.082427
    ],
    "spectral_centroid": [
      1978.03,
      1870.13,
      1776.53,
      1996.78,
      1834.22,
      1870.15,
      1961.87,
      1868.42,
      1985.56,
      1786.26,
      1784.8,
      1909.95,
      1582.26,
      1881.12,
      1575.98,
      1517.44,
      2121.04,
      1876.32,
      1692.84,
      1993.16,
      1641.87,
      1563.46,
      1941.54,
      1472.26
    ]
  }
}