{
  "id": "613b4486-2859-46c7-906f-842a4ed4e438",
  "duration": 13.888,
  "pitch": {
    "mean": 512.97,
    "max": 2088.86,
    "std": 509.57,
    "max_mean_ratio": 4.07
  },
  "energy": {
    "mean": 0.058092,
    "max": 0.124338,
    "std": 0.021781,
    "rate_of_change": 0.007387
  },
  "speech_rate": {
    "chars_per_sec": 22.08,
    "words_per_sec": 3.87,
    "segment_count": 4
  },
  "spectral_centroid": {
    "mean": 2330.44
  },
  "timeseries": {
    "frame_sec": 0.5,
    "pitch": [
      1062.9,
      129.68,
      560.98,
      538.21,
      544.62,
      539.16,
      734.81,
      516.85,
      435.07,
      815.84,
      224.57,
      292.51,
      459.69,
      481.78,
      1133.87,
      847.73,
      590.12,
      333.28,
      379.68,
      501.36,
      597.08,
      518.68,
      677.84,
      535.56,
      432.64,
      161.72,
      185.93,
      181.13
    ],
    "energy": [
      0.036503,
      0.10437,
      0.065421,
      0.055473,
      0.050949,
      0.043171,
      0.045819,
      0.067256,
      0.053821,
      0.044066,
      0.094741,
      0.053506,
      0.039718,
      0.049212,
      0.047823,
      0.040542,
      0.054133,
      0.061818,
      0.061234,
      0.040638,
      0.059737,
      0.04175,
      0.050406,
      0.049881,
      0.025885,
      0.078176,
      0.08479,
      0.062313
    ],
    "spectral_centroid": [
      2558.71,
      2027.66,
      2007.0,
      2377.19,
      2613.85,
      2498.74,
      2500.68,
      1999.55,
      1974.77,
      2309.67,
      2064.89,
      2051.76,
      2426.13,
      2712.52,
      2559.55,
      2424.68,
      2316.36,
      2274.87,
      2058.74,
      2440.88,
      2396.26,
      2153.28,
      2233.23,
      2483.15,
      2266.4,
      2509.66,
      2556.01,
      2422.21
    ]
  }
}