{
  "id": "6188ea33-b88a-4fac-b874-61036299df7b",
  "duration": 11.392,
  "pitch": {
    "mean": 382.24,
    "max": 1868.18,
    "std": 273.53,
    "max_mean_ratio": 4.89
  },
  "energy": {
    "mean": 0.024036,
    "max": 0.179871,
    "std": 0.023985,
    "rate_of_change": 0.015497
  },
  "speech_rate": {
    "chars_per_sec": 18.35,
    "words_per_sec": 3.46,
    "segment_count": 2
  },
  "spectral_centroid": {
    "mean": 2099.71
  },
  "timeseries": {
    "frame_sec": 0.5,
    "pitch": [
      403.64,
      294.33,
      248.19,
      317.42,
      321.34,
      300.84,
      286.97,
      357.81,
      282.78,
      327.95,
      255.69,
      591.85,
      373.05,
      468.76,
      527.48,
      361.03,
      322.2,
      324.64,
      497.9,
      417.91,
      552.62,
      480.56,
      550.88
    ],
    "energy": [
      0.012854,
      0.014376,
      0.010016,
      0.018078,
      0.015352,
      0.014911,
      0.011641,
      0.011875,
      0.00981,
      0.014201,
      0.010044,
      0.011263,
      0.028869,
      0.022893,
      0.034834,
      0.070404,
      0.023405,
      0.019525,
      0.036038,
      0.024301,
      0.039682,
      0.033822,
      0.04139
    ],
    "spectral_centroid": [
      1537.74,
      1825.96,
      2209.67,
      1611.81,
      1757.22,
      1845.25,
      1951.27,
      1920.78,
      1739.63,
      2148.0,
      2557.6,
      2282.34,
      2551.45,
      2320.13,
      1708.26,
      2722.97,
      1904.07,
      2853.52,
      2655.86,
      2123.4,
      1756.43,
      2229.66,
      1868.47
    ]
  }
}