{
  "id": "62606543-2dc1-4232-83b5-b865ea1577e3",
  "duration": 13.696,
  "pitch": {
    "mean": 459.44,
    "max": 2081.7,
    "std": 321.86,
    "max_mean_ratio": 4.53
  },
  "energy": {
    "mean": 0.06886,
    "max": 0.231313,
    "std": 0.041509,
    "rate_of_change": 0.01577
  },
  "speech_rate": {
    "chars_per_sec": 14.14,
    "words_per_sec": 2.27,
    "segment_count": 8
  },
  "spectral_centroid": {
    "mean": 1616.9
  },
  "timeseries": {
    "frame_sec": 0.5,
    "pitch": [
      332.28,
      339.84,
      333.18,
      546.77,
      743.96,
      658.2,
      353.74,
      138.47,
      288.31,
      538.16,
      441.72,
      441.19,
      519.68,
      390.62,
      626.72,
      405.27,
      408.64,
      503.82,
      190.75,
      552.14,
      679.56,
      296.01,
      579.26,
      444.44,
      326.39,
      629.15,
      661.8,
      582.26
    ],
    "energy": [
      0.052552,
      0.065567,
      0.049627,
      0.076457,
      0.109097,
      0.027678,
      0.024113,
      0.050751,
      0.049293,
      0.071313,
      0.068355,
      0.075633,
      0.072956,
      0.064605,
      0.082318,
      0.088865,
      0.028613,
      0.054019,
      0.046571,
      0.103771,
      0.077307,
      0.05373,
      0.01769,
      0.024305,
      0.061223,
      0.130004,
      0.131684,
      0.09222
    ],
    "spectral_centroid": [
      1658.15,
      1346.0,
      1444.32,
      1494.37,
      1622.45,
      1907.94,
      1595.15,
      1412.43,
      1744.24,
      1393.87,
      1418.92,
      1486.03,
      1316.4,
      1343.5,
      1528.07,
      1714.7,
      1965.99,
      1680.99,
      1986.24,
      1501.95,
      1576.17,
      1780.62,
      1597.69,
      1523.28,
      1919.39,
      1789.12,
      1862.32,
      1796.2
    ]
  }
}