{
  "id": "62ab910c-a9f4-4e1a-9d68-23061c2c71dd",
  "duration": 23.637,
  "pitch": {
    "mean": 425.91,
    "max": 2085.42,
    "std": 386.1,
    "max_mean_ratio": 4.9
  },
  "energy": {
    "mean": 0.033058,
    "max": 0.148278,
    "std": 0.024,
    "rate_of_change": 0.006022
  },
  "speech_rate": {
    "chars_per_sec": 11.47,
    "words_per_sec": 2.03,
    "segment_count": 10
  },
  "spectral_centroid": {
    "mean": 2005.22
  },
  "timeseries": {
    "frame_sec": 0.5,
    "pitch": [
      619.89,
      221.53,
      110.06,
      401.98,
      313.24,
      469.38,
      434.59,
      520.81,
      431.12,
      343.07,
      165.62,
      659.47,
      163.62,
      570.55,
      491.16,
      508.21,
      369.14,
      440.81,
      393.13,
      252.15,
      464.73,
      420.8,
      262.55,
      514.78,
      324.27,
      476.4,
      501.5,
      318.65,
      316.79,
      579.23,
      417.83,
      356.55,
      129.78,
      434.92,
      358.63,
      438.41,
      209.07,
      304.02,
      397.15,
      298.44,
      462.74,
      307.45,
      252.72,
      1267.03,
      1120.85,
      908.54,
      598.61,
      461.27
    ],
    "energy": [
      0.012179,
      0.014258,
      0.017264,
      0.050869,
      0.025119,
      0.033676,
      0.041135,
      0.048046,
      0.033922,
      0.040244,
      0.009811,
      0.008375,
      0.016665,
      0.040991,
      0.035524,
      0.032415,
      0.022637,
      0.027016,
      0.058789,
      0.021885,
      0.02612,
      0.046763,
      0.008641,
      0.009942,
      0.010904,
      0.030851,
      0.040141,
      0.023648,
      0.020241,
      0.083787,
      0.065999,
      0.009565,
      0.011916,
      0.038296,
      0.028204,
      0.041705,
      0.017915,
      0.034378,
      0.04699,
      0.024868,
      0.048821,
      0.027344,
      0.018129,
      0.020896,
      0.050162,
      0.034962,
      0.055664,
      0.035824
    ],
    "spectral_centroid": [
      2251.64,
      1754.0,
      2303.14,
      2667.6,
      2428.85,
      2240.04,
      1916.39,
      1960.32,
      2005.93,
      2062.89,
      2109.05,
      2154.69,
      2173.66,
      1654.05,
      1681.58,
      1671.96,
      1939.69,
      1841.73,
      1635.48,
      2334.45,
      1895.78,
      1991.97,
      2464.7,
      1983.32,
      1905.43,
      1713.87,
      1518.64,
      1928.77,
      1924.25,
      1752.64,
      2082.65,
      2090.07,
      2051.05,
      1801.44,
      1812.36,
      1784.41,
      1953.06,
      1747.84,
      1947.24,
      1961.04,
      1804.8,
      2227.79,
      2364.18,
      2889.13,
      2249.03,
      2000.83,
      1756.37,
      1594.79
    ]
  }
}