{
  "id": "63242f3f-7289-4486-a575-ba2f74c93881",
  "duration": 10.901,
  "pitch": {
    "mean": 487.37,
    "max": 2060.89,
    "std": 388.26,
    "max_mean_ratio": 4.23
  },
  "energy": {
    "mean": 0.067725,
    "max": 0.139189,
    "std": 0.031605,
    "rate_of_change": 0.011494
  },
  "speech_rate": {
    "chars_per_sec": 18.75,
    "words_per_sec": 3.86,
    "segment_count": 3
  },
  "spectral_centroid": {
    "mean": 2038.43
  },
  "timeseries": {
    "frame_sec": 0.5,
    "pitch": [
      510.23,
      522.57,
      619.54,
      476.17,
      408.48,
      447.49,
      540.94,
      470.65,
      747.12,
      418.43,
      626.64,
      700.76,
      413.33,
      384.57,
      148.89,
      413.95,
      339.7,
      531.47,
      402.09,
      556.16,
      412.93,
      523.52
    ],
    "energy": [
      0.048019,
      0.051081,
      0.074208,
      0.074064,
      0.054962,
      0.081768,
      0.073708,
      0.044159,
      0.04694,
      0.075307,
      0.064736,
      0.054152,
      0.061946,
      0.078612,
      0.024719,
      0.066471,
      0.065459,
      0.069488,
      0.084397,
      0.084762,
      0.076104,
      0.077018
    ],
    "spectral_centroid": [
      2277.44,
      1900.31,
      1957.94,
      1682.43,
      2078.69,
      1997.13,
      2070.99,
      2116.79,
      1770.95,
      2102.99,
      1870.27,
      1863.06,
      2370.62,
      2214.87,
      2307.82,
      1582.43,
      2427.95,
      2037.72,
      1773.28,
      2003.25,
      1857.45,
      2877.12
    ]
  }
}