{
  "id": "63589622-378b-4892-83ec-828a04135f71",
  "duration": 14.379,
  "pitch": {
    "mean": 495.27,
    "max": 1574.2,
    "std": 281.97,
    "max_mean_ratio": 3.18
  },
  "energy": {
    "mean": 0.068563,
    "max": 0.196001,
    "std": 0.03531,
    "rate_of_change": 0.01276
  },
  "speech_rate": {
    "chars_per_sec": 12.73,
    "words_per_sec": 2.14,
    "segment_count": 6
  },
  "spectral_centroid": {
    "mean": 2067.83
  },
  "timeseries": {
    "frame_sec": 0.5,
    "pitch": [
      378.44,
      177.71,
      489.67,
      704.95,
      472.23,
      623.63,
      835.99,
      647.05,
      177.12,
      393.56,
      337.1,
      433.1,
      442.07,
      362.39,
      415.06,
      497.82,
      364.38,
      341.16,
      648.68,
      825.33,
      634.65,
      730.24,
      450.0,
      677.59,
      513.05,
      425.74,
      492.77,
      441.93,
      525.94
    ],
    "energy": [
      0.074104,
      0.047015,
      0.062133,
      0.090317,
      0.059068,
      0.102433,
      0.090791,
      0.023249,
      0.030289,
      0.049964,
      0.057242,
      0.017434,
      0.063289,
      0.042705,
      0.050001,
      0.049147,
      0.064016,
      0.045668,
      0.118379,
      0.109299,
      0.095621,
      0.103009,
      0.076448,
      0.071227,
      0.057707,
      0.069742,
      0.055153,
      0.059285,
      0.064839
    ],
    "spectral_centroid": [
      1797.74,
      2000.25,
      2138.46,
      2188.85,
      2900.27,
      2736.8,
      1916.17,
      2017.38,
      2704.12,
      2069.38,
      2384.36,
      2037.75,
      1814.29,
      1760.38,
      2034.04,
      1524.65,
      1840.95,
      1584.55,
      2352.58,
      2351.78,
      2089.66,
      1859.52,
      2435.57,
      2080.61,
      1922.94,
      1770.64,
      1974.74,
      1737.7,
      1761.9
    ]
  }
}