{
  "id": "63952f26-dba3-4d8b-8a05-38dd8310acb5",
  "duration": 13.141,
  "pitch": {
    "mean": 394.65,
    "max": 2051.47,
    "std": 305.19,
    "max_mean_ratio": 5.2
  },
  "energy": {
    "mean": 0.027771,
    "max": 0.044923,
    "std": 0.006886,
    "rate_of_change": 0.002618
  },
  "speech_rate": {
    "chars_per_sec": 23.92,
    "words_per_sec": 4.61,
    "segment_count": 8
  },
  "spectral_centroid": {
    "mean": 1897.56
  },
  "timeseries": {
    "frame_sec": 0.5,
    "pitch": [
      628.73,
      464.89,
      263.45,
      270.71,
      199.14,
      445.69,
      360.25,
      490.99,
      367.7,
      606.82,
      362.42,
      410.84,
      384.82,
      221.13,
      480.47,
      397.93,
      247.1,
      261.54,
      259.76,
      548.89,
      446.03,
      329.01,
      294.27,
      444.53,
      493.75,
      484.18,
      527.62
    ],
    "energy": [
      0.025572,
      0.01665,
      0.029074,
      0.026934,
      0.022676,
      0.026325,
      0.025182,
      0.024074,
      0.026289,
      0.026114,
      0.027617,
      0.024962,
      0.02455,
      0.023702,
      0.027674,
      0.020824,
      0.024294,
      0.025197,
      0.024942,
      0.035002,
      0.031525,
      0.026181,
      0.020549,
      0.039709,
      0.033631,
      0.031345,
      0.029144
    ],
    "spectral_centroid": [
      1957.31,
      2034.68,
      2005.52,
      2147.19,
      2024.74,
      1916.27,
      1480.54,
      1783.23,
      1943.11,
      1377.91,
      1363.47,
      2005.86,
      1736.3,
      1730.99,
      1669.22,
      1989.48,
      1691.2,
      1658.2,
      2360.53,
      2006.06,
      2345.72,
      2155.75,
      1933.85,
      2079.29,
      1915.51,
      1925.01,
      1947.32
    ]
  }
}