{
  "id": "63a2e629-1c77-4198-90a4-453fdc7d5ea5",
  "duration": 11.84,
  "pitch": {
    "mean": 422.58,
    "max": 1691.05,
    "std": 232.55,
    "max_mean_ratio": 4.0
  },
  "energy": {
    "mean": 0.028241,
    "max": 0.116031,
    "std": 0.025897,
    "rate_of_change": 0.009413
  },
  "speech_rate": {
    "chars_per_sec": 12.24,
    "words_per_sec": 2.49,
    "segment_count": 2
  },
  "spectral_centroid": {
    "mean": 1847.19
  },
  "timeseries": {
    "frame_sec": 0.5,
    "pitch": [
      477.93,
      477.47,
      302.28,
      545.29,
      522.57,
      555.39,
      307.02,
      364.97,
      443.48,
      358.66,
      403.14,
      185.03,
      533.37,
      324.34,
      460.6,
      328.75,
      600.93,
      497.22,
      374.94,
      457.67,
      486.34,
      419.34,
      442.6,
      265.86
    ],
    "energy": [
      0.010311,
      0.019198,
      0.012586,
      0.014146,
      0.011858,
      0.01355,
      0.005986,
      0.01346,
      0.01084,
      0.01052,
      0.010053,
      0.004959,
      0.054666,
      0.022677,
      0.076229,
      0.02698,
      0.051915,
      0.049546,
      0.044435,
      0.047257,
      0.031248,
      0.04043,
      0.03746,
      0.017107
    ],
    "spectral_centroid": [
      1481.5,
      2223.39,
      2504.58,
      2207.65,
      2099.42,
      1840.97,
      1942.5,
      2029.67,
      1729.01,
      1997.15,
      1732.91,
      1612.45,
      1785.43,
      1616.25,
      1590.96,
      1882.16,
      1752.49,
      1735.37,
      1908.19,
      1808.38,
      1551.02,
      1668.94,
      1848.97,
      1888.71
    ]
  }
}