{
  "id": "63c5100a-90fb-4249-809b-2f0ec52462a5",
  "duration": 13.269,
  "pitch": {
    "mean": 439.84,
    "max": 1966.14,
    "std": 341.82,
    "max_mean_ratio": 4.47
  },
  "energy": {
    "mean": 0.058808,
    "max": 0.206293,
    "std": 0.037834,
    "rate_of_change": 0.014952
  },
  "speech_rate": {
    "chars_per_sec": 13.35,
    "words_per_sec": 2.28,
    "segment_count": 7
  },
  "spectral_centroid": {
    "mean": 2085.48
  },
  "timeseries": {
    "frame_sec": 0.5,
    "pitch": [
      503.48,
      394.07,
      398.67,
      397.91,
      595.33,
      145.4,
      430.43,
      155.45,
      452.89,
      326.83,
      463.35,
      561.45,
      342.77,
      161.92,
      97.44,
      398.64,
      631.41,
      289.14,
      530.04,
      469.95,
      394.1,
      622.59,
      603.36,
      406.4,
      647.42,
      790.99,
      475.13
    ],
    "energy": [
      0.067043,
      0.057681,
      0.048532,
      0.070367,
      0.058849,
      0.03348,
      0.029269,
      0.033888,
      0.056675,
      0.032376,
      0.091285,
      0.074665,
      0.038627,
      0.019471,
      0.011031,
      0.054232,
      0.06343,
      0.02501,
      0.093309,
      0.053964,
      0.05289,
      0.08061,
      0.146708,
      0.053308,
      0.06353,
      0.045011,
      0.061904
    ],
    "spectral_centroid": [
      2292.5,
      2266.48,
      1795.07,
      1884.76,
      1938.22,
      2121.86,
      2397.24,
      2749.07,
      2273.66,
      2271.55,
      1868.16,
      2094.35,
      1992.86,
      1602.35,
      2067.2,
      2175.0,
      2078.96,
      1760.79,
      2004.13,
      2018.37,
      1866.26,
      2106.36,
      2315.95,
      1984.51,
      2087.35,
      2088.94,
      2234.58
    ]
  }
}