{
  "id": "6408a94f-fa26-49d2-b790-58c42041a2e3",
  "duration": 13.397,
  "pitch": {
    "mean": 528.0,
    "max": 2089.45,
    "std": 444.4,
    "max_mean_ratio": 3.96
  },
  "energy": {
    "mean": 0.048987,
    "max": 0.129815,
    "std": 0.023509,
    "rate_of_change": 0.008784
  },
  "speech_rate": {
    "chars_per_sec": 17.37,
    "words_per_sec": 2.96,
    "segment_count": 4
  },
  "spectral_centroid": {
    "mean": 1916.61
  },
  "timeseries": {
    "frame_sec": 0.5,
    "pitch": [
      482.43,
      920.39,
      360.43,
      836.58,
      259.72,
      525.84,
      493.65,
      784.64,
      535.56,
      521.28,
      619.1,
      408.55,
      499.07,
      438.2,
      636.84,
      506.79,
      449.48,
      580.21,
      525.3,
      417.64,
      275.81,
      715.77,
      191.47,
      339.52,
      945.09,
      696.59,
      349.23
    ],
    "energy": [
      0.041658,
      0.041696,
      0.036077,
      0.03923,
      0.027947,
      0.041928,
      0.048321,
      0.082441,
      0.057632,
      0.045437,
      0.060086,
      0.040948,
      0.042562,
      0.027823,
      0.059585,
      0.041401,
      0.037259,
      0.071615,
      0.021691,
      0.047603,
      0.04371,
      0.049978,
      0.019429,
      0.046346,
      0.081315,
      0.069469,
      0.040826
    ],
    "spectral_centroid": [
      1807.33,
      2177.69,
      1994.37,
      1652.36,
      1688.01,
      1650.31,
      2109.58,
      1697.68,
      1914.29,
      2505.63,
      1872.39,
      2132.91,
      1382.87,
      1855.26,
      2201.24,
      2013.14,
      1689.96,
      1490.17,
      2201.4,
      1807.39,
      1734.85,
      1729.02,
      2112.46,
      2500.61,
      1953.29,
      2185.81,
      1701.75
    ]
  }
}