{
  "id": "6426f028-620f-4c74-ab3d-4b908be5395a",
  "duration": 9.088,
  "pitch": {
    "mean": 482.78,
    "max": 2080.05,
    "std": 408.87,
    "max_mean_ratio": 4.31
  },
  "energy": {
    "mean": 0.058079,
    "max": 0.26298,
    "std": 0.041558,
    "rate_of_change": 0.027431
  },
  "speech_rate": {
    "chars_per_sec": 11.81,
    "words_per_sec": 1.88,
    "segment_count": 5
  },
  "spectral_centroid": {
    "mean": 1852.93
  },
  "timeseries": {
    "frame_sec": 0.5,
    "pitch": [
      490.16,
      363.27,
      401.89,
      428.55,
      295.93,
      304.51,
      720.71,
      619.33,
      522.58,
      479.41,
      621.57,
      421.98,
      742.84,
      473.12,
      770.45,
      250.9,
      688.09,
      440.54,
      504.78
    ],
    "energy": [
      0.060087,
      0.043464,
      0.025939,
      0.042762,
      0.031094,
      0.040722,
      0.028927,
      0.063845,
      0.058636,
      0.045874,
      0.020354,
      0.023915,
      0.092498,
      0.084537,
      0.104676,
      0.056236,
      0.10351,
      0.0705,
      0.103764
    ],
    "spectral_centroid": [
      1571.91,
      1812.67,
      1831.53,
      1580.57,
      1734.8,
      1806.54,
      1948.11,
      1527.32,
      1875.35,
      1600.11,
      2040.67,
      2233.26,
      2068.18,
      2163.31,
      2067.35,
      1931.51,
      1777.6,
      1748.47,
      1860.95
    ]
  }
}