{
  "id": "643a4adf-a3d0-49f3-80ce-e88f069f3f2c",
  "duration": 9.984,
  "pitch": {
    "mean": 577.77,
    "max": 1939.94,
    "std": 349.72,
    "max_mean_ratio": 3.36
  },
  "energy": {
    "mean": 0.033291,
    "max": 0.094292,
    "std": 0.015833,
    "rate_of_change": 0.008262
  },
  "speech_rate": {
    "chars_per_sec": 18.71,
    "words_per_sec": 3.68,
    "segment_count": 2
  },
  "spectral_centroid": {
    "mean": 1807.89
  },
  "timeseries": {
    "frame_sec": 0.5,
    "pitch": [
      421.67,
      556.73,
      465.42,
      722.76,
      589.01,
      531.07,
      497.03,
      887.37,
      658.79,
      628.75,
      558.8,
      488.05,
      588.54,
      610.58,
      445.05,
      701.36,
      619.05,
      443.37,
      649.55,
      309.21
    ],
    "energy": [
      0.018691,
      0.026181,
      0.025099,
      0.022681,
      0.025873,
      0.02282,
      0.04474,
      0.046767,
      0.02942,
      0.032306,
      0.027089,
      0.035186,
      0.050591,
      0.02861,
      0.035119,
      0.049708,
      0.030235,
      0.026499,
      0.02044,
      0.039849
    ],
    "spectral_centroid": [
      1728.0,
      1771.57,
      1604.91,
      1716.23,
      1705.2,
      1572.91,
      1494.25,
      1664.5,
      1763.26,
      2447.12,
      2083.3,
      1853.42,
      1732.45,
      2423.44,
      1782.84,
      1780.01,
      1466.61,
      2098.91,
      1536.25,
      1842.85
    ]
  }
}