{
  "id": "64665991-19e2-49c1-8962-65f37bee81e3",
  "duration": 19.264,
  "pitch": {
    "mean": 601.64,
    "max": 2040.47,
    "std": 447.57,
    "max_mean_ratio": 3.39
  },
  "energy": {
    "mean": 0.065123,
    "max": 0.280557,
    "std": 0.059906,
    "rate_of_change": 0.014281
  },
  "speech_rate": {
    "chars_per_sec": 10.0,
    "words_per_sec": 1.72,
    "segment_count": 11
  },
  "spectral_centroid": {
    "mean": 2241.27
  },
  "timeseries": {
    "frame_sec": 0.5,
    "pitch": [
      377.15,
      500.05,
      470.21,
      689.65,
      519.36,
      669.3,
      460.1,
      548.56,
      649.6,
      410.18,
      257.46,
      1186.32,
      875.2,
      336.07,
      547.11,
      471.6,
      694.56,
      527.03,
      737.31,
      202.93,
      214.71,
      559.33,
      708.09,
      751.37,
      724.68,
      786.62,
      1131.36,
      258.81,
      372.13,
      359.41,
      493.91,
      924.65,
      924.77,
      489.04,
      903.7,
      511.71,
      638.69,
      928.15,
      829.18
    ],
    "energy": [
      0.012967,
      0.015994,
      0.046451,
      0.059378,
      0.063449,
      0.075265,
      0.023999,
      0.11003,
      0.067577,
      0.01711,
      0.025964,
      0.09649,
      0.024108,
      0.028603,
      0.029568,
      0.01793,
      0.046234,
      0.082376,
      0.083799,
      0.016739,
      0.011296,
      0.075617,
      0.048658,
      0.062026,
      0.033946,
      0.061442,
      0.016202,
      0.05497,
      0.028116,
      0.009625,
      0.06793,
      0.177197,
      0.190528,
      0.12633,
      0.142757,
      0.09986,
      0.100945,
      0.14132,
      0.022746
    ],
    "spectral_centroid": [
      2858.51,
      1995.98,
      2002.69,
      3288.58,
      2408.26,
      2304.49,
      2183.74,
      2205.47,
      2403.83,
      2292.72,
      2495.61,
      2346.85,
      2180.87,
      2582.29,
      2178.7,
      2194.77,
      1922.78,
      2193.84,
      2337.64,
      1693.25,
      1814.41,
      2342.42,
      2108.58,
      2091.47,
      1463.29,
      1792.44,
      2519.31,
      2595.52,
      1923.23,
      1728.39,
      2365.79,
      2473.17,
      2193.0,
      2314.55,
      2314.45,
      2197.29,
      2452.39,
      2286.21,
      2263.43
    ]
  }
}