{
  "id": "64b211ac-4760-41db-af32-a9f0757f288a",
  "duration": 11.392,
  "pitch": {
    "mean": 395.56,
    "max": 1345.53,
    "std": 187.49,
    "max_mean_ratio": 3.4
  },
  "energy": {
    "mean": 0.044204,
    "max": 0.14685,
    "std": 0.020254,
    "rate_of_change": 0.011715
  },
  "speech_rate": {
    "chars_per_sec": 21.21,
    "words_per_sec": 4.07,
    "segment_count": 4
  },
  "spectral_centroid": {
    "mean": 1558.69
  },
  "timeseries": {
    "frame_sec": 0.5,
    "pitch": [
      337.61,
      365.24,
      350.86,
      327.79,
      338.52,
      361.69,
      341.83,
      396.99,
      414.19,
      351.67,
      440.42,
      518.63,
      297.73,
      361.8,
      350.81,
      285.6,
      430.8,
      305.62,
      302.84,
      443.3,
      591.68,
      699.2,
      518.14
    ],
    "energy": [
      0.035945,
      0.040815,
      0.037706,
      0.03964,
      0.028682,
      0.039727,
      0.032119,
      0.04822,
      0.03971,
      0.032182,
      0.036952,
      0.051157,
      0.041342,
      0.05316,
      0.032881,
      0.035639,
      0.037215,
      0.044005,
      0.043239,
      0.027311,
      0.074948,
      0.071496,
      0.046164
    ],
    "spectral_centroid": [
      1338.12,
      1379.12,
      1790.24,
      1329.95,
      1621.35,
      1701.71,
      1637.04,
      2104.3,
      1621.93,
      1614.68,
      1604.25,
      1342.16,
      1233.81,
      1095.53,
      1837.46,
      1453.4,
      1869.0,
      1696.01,
      1462.78,
      1595.43,
      1495.29,
      1521.13,
      1540.79
    ]
  }
}