{
  "id": "64c7339b-3e35-4440-92fa-984ad09d8ea7",
  "duration": 10.155,
  "pitch": {
    "mean": 475.14,
    "max": 1807.85,
    "std": 328.59,
    "max_mean_ratio": 3.8
  },
  "energy": {
    "mean": 0.042105,
    "max": 0.104251,
    "std": 0.018991,
    "rate_of_change": 0.009139
  },
  "speech_rate": {
    "chars_per_sec": 14.66,
    "words_per_sec": 2.28,
    "segment_count": 3
  },
  "spectral_centroid": {
    "mean": 1757.93
  },
  "timeseries": {
    "frame_sec": 0.5,
    "pitch": [
      657.74,
      707.96,
      341.81,
      361.93,
      181.44,
      258.21,
      607.11,
      481.07,
      268.44,
      387.23,
      483.23,
      568.27,
      566.28,
      521.65,
      478.02,
      351.03,
      186.82,
      460.27,
      610.33,
      724.22,
      465.52
    ],
    "energy": [
      0.033793,
      0.02463,
      0.028592,
      0.025313,
      0.027065,
      0.029184,
      0.038412,
      0.02571,
      0.032623,
      0.070901,
      0.047944,
      0.055488,
      0.037405,
      0.036662,
      0.043963,
      0.044487,
      0.036902,
      0.037403,
      0.074053,
      0.064097,
      0.028143
    ],
    "spectral_centroid": [
      2182.69,
      2472.96,
      2168.7,
      1703.67,
      1574.15,
      1486.01,
      1514.09,
      1647.37,
      1567.24,
      1531.81,
      1563.85,
      1583.19,
      1757.31,
      1577.82,
      1669.18,
      1476.51,
      1853.13,
      1746.64,
      1927.3,
      1987.43,
      2314.45
    ]
  }
}