{
  "id": "64c9c572-9d38-4ed1-88fd-0f4c55c52798",
  "duration": 13.504,
  "pitch": {
    "mean": 348.84,
    "max": 1573.07,
    "std": 266.39,
    "max_mean_ratio": 4.51
  },
  "energy": {
    "mean": 0.058127,
    "max": 0.207583,
    "std": 0.048931,
    "rate_of_change": 0.014858
  },
  "speech_rate": {
    "chars_per_sec": 9.57,
    "words_per_sec": 1.63,
    "segment_count": 4
  },
  "spectral_centroid": {
    "mean": 2099.01
  },
  "timeseries": {
    "frame_sec": 0.5,
    "pitch": [
      332.19,
      500.5,
      546.59,
      496.19,
      361.29,
      392.75,
      366.79,
      248.54,
      312.16,
      536.62,
      352.41,
      137.02,
      332.86,
      383.66,
      281.65,
      506.88,
      269.37,
      361.6,
      103.59,
      168.55,
      285.5,
      292.79,
      332.9,
      346.36,
      573.22,
      529.4,
      255.69,
      577.75
    ],
    "energy": [
      0.062956,
      0.058271,
      0.048442,
      0.066461,
      0.066954,
      0.073784,
      0.089642,
      0.0382,
      0.078,
      0.098997,
      0.012472,
      0.021508,
      0.02856,
      0.060149,
      0.042212,
      0.014555,
      0.01546,
      0.016468,
      0.009554,
      0.01289,
      0.014618,
      0.022547,
      0.112291,
      0.09618,
      0.153562,
      0.08845,
      0.088602,
      0.016627
    ],
    "spectral_centroid": [
      1943.16,
      2101.52,
      1906.1,
      2199.09,
      2015.64,
      1805.03,
      2123.95,
      1848.31,
      1919.48,
      1584.27,
      2172.28,
      2369.81,
      2235.38,
      1646.52,
      2112.02,
      2230.99,
      2100.76,
      2073.93,
      2302.5,
      2700.66,
      2636.51,
      2639.49,
      1921.37,
      2352.36,
      1819.83,
      1723.07,
      2208.01,
      2209.17
    ]
  }
}