{
  "id": "64fb2b1f-d7c9-46a1-93b6-593577d3460e",
  "duration": 9.771,
  "pitch": {
    "mean": 442.88,
    "max": 1765.86,
    "std": 326.24,
    "max_mean_ratio": 3.99
  },
  "energy": {
    "mean": 0.055411,
    "max": 0.209121,
    "std": 0.041266,
    "rate_of_change": 0.020717
  },
  "speech_rate": {
    "chars_per_sec": 10.17,
    "words_per_sec": 1.78,
    "segment_count": 5
  },
  "spectral_centroid": {
    "mean": 1709.87
  },
  "timeseries": {
    "frame_sec": 0.5,
    "pitch": [
      478.89,
      149.18,
      326.7,
      258.29,
      337.23,
      183.08,
      415.98,
      1085.09,
      490.5,
      409.81,
      333.42,
      527.53,
      469.01,
      589.43,
      617.65,
      354.39,
      249.17,
      848.29,
      368.35,
      328.4
    ],
    "energy": [
      0.053754,
      0.015472,
      0.02234,
      0.035129,
      0.042963,
      0.018064,
      0.071483,
      0.02977,
      0.062844,
      0.054222,
      0.050379,
      0.103967,
      0.08999,
      0.071249,
      0.076283,
      0.032342,
      0.008522,
      0.060335,
      0.080348,
      0.088647
    ],
    "spectral_centroid": [
      1493.75,
      1888.92,
      1906.85,
      1616.56,
      1855.95,
      1772.9,
      1571.66,
      1679.55,
      1362.63,
      1729.06,
      1571.47,
      1312.17,
      1575.14,
      1560.22,
      1493.64,
      2056.37,
      2209.24,
      1758.3,
      1935.26,
      2022.72
    ]
  }
}