{
  "id": "657ab5f8-891a-452a-8e5f-0c10224ad070",
  "duration": 10.88,
  "pitch": {
    "mean": 461.34,
    "max": 2055.96,
    "std": 372.61,
    "max_mean_ratio": 4.46
  },
  "energy": {
    "mean": 0.296976,
    "max": 0.57749,
    "std": 0.139919,
    "rate_of_change": 0.049818
  },
  "speech_rate": {
    "chars_per_sec": 13.24,
    "words_per_sec": 2.48,
    "segment_count": 8
  },
  "spectral_centroid": {
    "mean": 2240.61
  },
  "timeseries": {
    "frame_sec": 0.5,
    "pitch": [
      267.2,
      206.79,
      355.1,
      577.99,
      658.47,
      692.41,
      200.35,
      389.67,
      638.32,
      556.81,
      448.48,
      231.79,
      726.34,
      509.33,
      503.71,
      596.7,
      435.15,
      672.39,
      536.46,
      607.98,
      493.13,
      499.25
    ],
    "energy": [
      0.070819,
      0.117088,
      0.341475,
      0.36832,
      0.373946,
      0.191859,
      0.071788,
      0.269273,
      0.317206,
      0.341055,
      0.310938,
      0.230049,
      0.347881,
      0.290473,
      0.315602,
      0.336026,
      0.187043,
      0.407936,
      0.343542,
      0.361542,
      0.356524,
      0.302438
    ],
    "spectral_centroid": [
      1938.61,
      2397.96,
      2066.17,
      2270.92,
      1993.85,
      1888.59,
      1877.73,
      2455.98,
      2661.04,
      2456.18,
      1816.04,
      1892.58,
      2293.77,
      2719.41,
      1959.76,
      2233.31,
      2293.66,
      2178.88,
      2370.0,
      2120.99,
      2995.41,
      2455.24
    ]
  }
}