{
  "id": "65bfcad6-9d05-49f1-96b5-ea32ebdca83f",
  "duration": 10.923,
  "pitch": {
    "mean": 275.28,
    "max": 1161.17,
    "std": 199.18,
    "max_mean_ratio": 4.22
  },
  "energy": {
    "mean": 0.067875,
    "max": 0.184859,
    "std": 0.050117,
    "rate_of_change": 0.016461
  },
  "speech_rate": {
    "chars_per_sec": 10.2,
    "words_per_sec": 2.0,
    "segment_count": 5
  },
  "spectral_centroid": {
    "mean": 1533.64
  },
  "timeseries": {
    "frame_sec": 0.5,
    "pitch": [
      207.46,
      209.71,
      325.35,
      321.72,
      196.7,
      186.97,
      377.63,
      149.97,
      113.95,
      157.49,
      296.48,
      305.51,
      298.53,
      265.35,
      194.68,
      578.95,
      467.82,
      287.88,
      478.58,
      284.42,
      176.56,
      270.39
    ],
    "energy": [
      0.021746,
      0.046768,
      0.122477,
      0.041868,
      0.030397,
      0.050432,
      0.091978,
      0.028068,
      0.029401,
      0.059438,
      0.128885,
      0.03351,
      0.065148,
      0.121501,
      0.088496,
      0.071158,
      0.067565,
      0.096937,
      0.149906,
      0.047888,
      0.008748,
      0.013616
    ],
    "spectral_centroid": [
      1318.12,
      1167.31,
      1323.64,
      1478.72,
      1396.23,
      1021.9,
      1269.45,
      1365.99,
      1244.26,
      1416.58,
      1839.66,
      1524.15,
      1332.87,
      1383.09,
      1433.03,
      1446.43,
      1727.8,
      1703.76,
      1901.4,
      2364.96,
      2748.37,
      1437.85
    ]
  }
}