{
  "id": "65fac39c-ffc6-45bd-9723-fe769c1ee8d0",
  "duration": 9.899,
  "pitch": {
    "mean": 397.97,
    "max": 1904.03,
    "std": 283.11,
    "max_mean_ratio": 4.78
  },
  "energy": {
    "mean": 0.08825,
    "max": 0.322593,
    "std": 0.068157,
    "rate_of_change": 0.032015
  },
  "speech_rate": {
    "chars_per_sec": 9.32,
    "words_per_sec": 1.59,
    "segment_count": 5
  },
  "spectral_centroid": {
    "mean": 2109.23
  },
  "timeseries": {
    "frame_sec": 0.5,
    "pitch": [
      671.78,
      204.71,
      459.73,
      402.29,
      294.6,
      306.58,
      604.35,
      340.44,
      444.76,
      385.23,
      567.85,
      134.75,
      149.72,
      471.95,
      597.11,
      553.02,
      419.11,
      607.99,
      212.4,
      156.17
    ],
    "energy": [
      0.116898,
      0.011597,
      0.100353,
      0.117217,
      0.018921,
      0.148804,
      0.161341,
      0.084321,
      0.101353,
      0.085862,
      0.094112,
      0.010761,
      0.027752,
      0.110564,
      0.14467,
      0.091378,
      0.083448,
      0.121519,
      0.023512,
      0.024304
    ],
    "spectral_centroid": [
      2225.03,
      2270.74,
      2766.38,
      2267.35,
      2285.99,
      2351.94,
      1979.11,
      2180.53,
      1586.53,
      1913.1,
      2034.15,
      1803.54,
      1969.21,
      1860.41,
      2070.42,
      2261.65,
      1943.59,
      2591.38,
      1806.71,
      2069.05
    ]
  }
}