{
  "id": "66799215-86e6-4ddc-b8f9-464a688464e7",
  "duration": 10.027,
  "pitch": {
    "mean": 567.43,
    "max": 2009.52,
    "std": 438.39,
    "max_mean_ratio": 3.54
  },
  "energy": {
    "mean": 0.111787,
    "max": 0.402904,
    "std": 0.091012,
    "rate_of_change": 0.039614
  },
  "speech_rate": {
    "chars_per_sec": 11.82,
    "words_per_sec": 2.71,
    "segment_count": 6
  },
  "spectral_centroid": {
    "mean": 2002.96
  },
  "timeseries": {
    "frame_sec": 0.5,
    "pitch": [
      615.6,
      550.79,
      440.99,
      326.56,
      129.46,
      584.4,
      468.73,
      332.22,
      776.0,
      762.83,
      609.4,
      685.4,
      423.21,
      918.38,
      320.36,
      927.87,
      451.78,
      866.89,
      706.35,
      432.03,
      232.52
    ],
    "energy": [
      0.131985,
      0.075969,
      0.01716,
      0.015708,
      0.031712,
      0.152061,
      0.204908,
      0.012066,
      0.019605,
      0.179922,
      0.111566,
      0.144895,
      0.111254,
      0.107214,
      0.082437,
      0.182547,
      0.092503,
      0.234944,
      0.132658,
      0.091061,
      0.008717
    ],
    "spectral_centroid": [
      1955.96,
      1856.48,
      2009.14,
      1822.01,
      2114.53,
      2457.3,
      2185.63,
      1709.76,
      1607.97,
      2163.88,
      1915.85,
      2417.1,
      2302.71,
      1807.08,
      2328.64,
      1703.89,
      1989.38,
      1934.03,
      1847.98,
      1879.25,
      2128.74
    ]
  }
}