{
  "id": "667b3973-549b-491d-94a7-24ef7780f289",
  "duration": 10.176,
  "pitch": {
    "mean": 401.66,
    "max": 1278.56,
    "std": 228.46,
    "max_mean_ratio": 3.18
  },
  "energy": {
    "mean": 0.216115,
    "max": 0.577955,
    "std": 0.12308,
    "rate_of_change": 0.05477
  },
  "speech_rate": {
    "chars_per_sec": 16.62,
    "words_per_sec": 3.4,
    "segment_count": 4
  },
  "spectral_centroid": {
    "mean": 2062.23
  },
  "timeseries": {
    "frame_sec": 0.5,
    "pitch": [
      391.82,
      419.11,
      553.9,
      432.45,
      510.81,
      276.96,
      223.4,
      397.3,
      371.82,
      457.74,
      498.62,
      385.04,
      429.95,
      488.88,
      506.67,
      509.77,
      317.32,
      379.05,
      260.76,
      179.17,
      188.73
    ],
    "energy": [
      0.196856,
      0.220927,
      0.252231,
      0.198795,
      0.184584,
      0.096025,
      0.122192,
      0.330235,
      0.178026,
      0.223972,
      0.210647,
      0.189099,
      0.145601,
      0.170209,
      0.195118,
      0.259176,
      0.443096,
      0.369232,
      0.165864,
      0.051622,
      0.039013
    ],
    "spectral_centroid": [
      2000.41,
      2103.55,
      1861.81,
      2328.01,
      2567.15,
      2397.51,
      2040.84,
      2654.77,
      1831.21,
      2239.13,
      1840.22,
      2623.72,
      1696.54,
      2075.24,
      2244.49,
      2310.84,
      1289.04,
      1148.4,
      1618.99,
      2449.74,
      1914.29
    ]
  }
}