{
  "id": "667da190-250b-4330-b237-a3a9c09269f5",
  "duration": 10.645,
  "pitch": {
    "mean": 336.18,
    "max": 992.97,
    "std": 227.57,
    "max_mean_ratio": 2.95
  },
  "energy": {
    "mean": 0.095343,
    "max": 0.249643,
    "std": 0.056684,
    "rate_of_change": 0.021266
  },
  "speech_rate": {
    "chars_per_sec": 11.11,
    "words_per_sec": 1.79,
    "segment_count": 4
  },
  "spectral_centroid": {
    "mean": 1868.1
  },
  "timeseries": {
    "frame_sec": 0.5,
    "pitch": [
      245.69,
      178.25,
      181.65,
      341.79,
      446.19,
      538.95,
      439.09,
      369.39,
      304.51,
      364.2,
      347.49,
      256.83,
      200.12,
      243.18,
      538.37,
      230.22,
      390.34,
      510.4,
      282.34,
      328.32,
      332.83,
      583.89
    ],
    "energy": [
      0.05262,
      0.043118,
      0.036179,
      0.075184,
      0.085541,
      0.137288,
      0.141684,
      0.067302,
      0.039765,
      0.088049,
      0.106771,
      0.069902,
      0.057342,
      0.114098,
      0.16977,
      0.080441,
      0.104628,
      0.162198,
      0.05249,
      0.10146,
      0.11755,
      0.091402
    ],
    "spectral_centroid": [
      1779.68,
      1771.67,
      1719.48,
      1926.1,
      1714.43,
      2519.6,
      2063.74,
      1716.94,
      1882.01,
      2299.78,
      2012.08,
      1745.05,
      1789.62,
      1725.43,
      1813.26,
      1941.49,
      1912.66,
      1593.31,
      2010.49,
      1697.4,
      1687.85,
      1720.76
    ]
  }
}