{
  "id": "66885ac9-60c6-48cb-b278-5bb1c37322db",
  "duration": 9.835,
  "pitch": {
    "mean": 480.98,
    "max": 1753.57,
    "std": 328.31,
    "max_mean_ratio": 3.65
  },
  "energy": {
    "mean": 0.025215,
    "max": 0.134921,
    "std": 0.020708,
    "rate_of_change": 0.01345
  },
  "speech_rate": {
    "chars_per_sec": 23.65,
    "words_per_sec": 4.43,
    "segment_count": 3
  },
  "spectral_centroid": {
    "mean": 1930.19
  },
  "timeseries": {
    "frame_sec": 0.5,
    "pitch": [
      308.62,
      541.26,
      526.96,
      524.48,
      326.06,
      361.47,
      253.02,
      519.92,
      411.62,
      334.16,
      464.35,
      380.33,
      613.65,
      978.11,
      518.97,
      557.44,
      534.02,
      355.37,
      450.51,
      386.58
    ],
    "energy": [
      0.012858,
      0.020655,
      0.022824,
      0.020366,
      0.012105,
      0.017841,
      0.010394,
      0.022978,
      0.020093,
      0.015259,
      0.020116,
      0.025075,
      0.031992,
      0.036976,
      0.078114,
      0.029395,
      0.022576,
      0.019866,
      0.021535,
      0.015714
    ],
    "spectral_centroid": [
      2065.59,
      1742.31,
      1624.25,
      1899.32,
      2030.15,
      2060.1,
      1912.83,
      2010.98,
      1946.54,
      1907.31,
      1929.89,
      1976.8,
      1806.64,
      1903.4,
      1661.54,
      1959.43,
      1936.08,
      2136.46,
      2210.35,
      1926.99
    ]
  }
}