{
  "id": "670429c9-3b55-48f4-bba0-a72eea35af53",
  "duration": 9.323,
  "pitch": {
    "mean": 402.67,
    "max": 1874.82,
    "std": 370.94,
    "max_mean_ratio": 4.66
  },
  "energy": {
    "mean": 0.042822,
    "max": 0.120206,
    "std": 0.030711,
    "rate_of_change": 0.012271
  },
  "speech_rate": {
    "chars_per_sec": 9.78,
    "words_per_sec": 2.26,
    "segment_count": 2
  },
  "spectral_centroid": {
    "mean": 2234.75
  },
  "timeseries": {
    "frame_sec": 0.5,
    "pitch": [
      391.22,
      430.91,
      386.7,
      364.55,
      509.19,
      563.61,
      504.79,
      255.61,
      525.7,
      650.33,
      466.34,
      644.51,
      263.42,
      113.23,
      130.13,
      369.24,
      446.61,
      238.71,
      382.96
    ],
    "energy": [
      0.062915,
      0.055106,
      0.053243,
      0.05208,
      0.041159,
      0.062953,
      0.067821,
      0.066945,
      0.036498,
      0.010565,
      0.01004,
      0.007476,
      0.008643,
      0.022285,
      0.01125,
      0.0372,
      0.057013,
      0.061825,
      0.063759
    ],
    "spectral_centroid": [
      2779.53,
      2023.94,
      2105.66,
      2201.31,
      1828.06,
      1501.14,
      1771.81,
      1714.97,
      1965.53,
      2557.97,
      2725.22,
      3003.07,
      2823.63,
      2085.72,
      2626.8,
      2171.15,
      1710.16,
      2308.79,
      2786.05
    ]
  }
}