{
  "id": "67befa73-a553-4ec5-bf3d-11646e2891d9",
  "duration": 15.915,
  "pitch": {
    "mean": 542.06,
    "max": 1835.53,
    "std": 343.51,
    "max_mean_ratio": 3.39
  },
  "energy": {
    "mean": 0.082519,
    "max": 0.208527,
    "std": 0.044642,
    "rate_of_change": 0.012512
  },
  "speech_rate": {
    "chars_per_sec": 17.37,
    "words_per_sec": 3.47,
    "segment_count": 11
  },
  "spectral_centroid": {
    "mean": 1775.79
  },
  "timeseries": {
    "frame_sec": 0.5,
    "pitch": [
      669.86,
      425.65,
      556.72,
      449.16,
      547.7,
      120.42,
      174.61,
      278.55,
      464.87,
      377.36,
      453.71,
      438.7,
      478.22,
      397.91,
      474.77,
      683.97,
      596.01,
      790.61,
      631.85,
      283.39,
      487.25,
      729.17,
      1019.45,
      786.33,
      569.43,
      759.88,
      618.69,
      891.45,
      387.26,
      727.48,
      630.02,
      389.09
    ],
    "energy": [
      0.095544,
      0.099767,
      0.08896,
      0.067864,
      0.072161,
      0.026695,
      0.017577,
      0.049584,
      0.08668,
      0.07415,
      0.074787,
      0.089426,
      0.073082,
      0.08154,
      0.085608,
      0.091004,
      0.101208,
      0.110947,
      0.068796,
      0.078146,
      0.115064,
      0.166704,
      0.107737,
      0.139113,
      0.075879,
      0.0835,
      0.080161,
      0.102774,
      0.016812,
      0.035895,
      0.02381,
      0.039336
    ],
    "spectral_centroid": [
      1792.43,
      1725.04,
      1633.93,
      1795.44,
      1451.57,
      1445.41,
      1620.16,
      1340.54,
      1630.74,
      1429.54,
      1799.53,
      1547.63,
      1869.91,
      1860.27,
      1911.03,
      1916.86,
      1586.0,
      2184.16,
      1955.39,
      2105.13,
      1850.46,
      1804.27,
      1941.89,
      1812.25,
      1929.76,
      1767.38,
      1858.69,
      1877.51,
      1835.21,
      2013.97,
      1721.24,
      1745.75
    ]
  }
}