{
  "id": "67f73abb-8214-44f3-af4d-7f6f384234be",
  "duration": 9.493,
  "pitch": {
    "mean": 379.24,
    "max": 1739.28,
    "std": 244.64,
    "max_mean_ratio": 4.59
  },
  "energy": {
    "mean": 0.047886,
    "max": 0.135216,
    "std": 0.037228,
    "rate_of_change": 0.013851
  },
  "speech_rate": {
    "chars_per_sec": 8.97,
    "words_per_sec": 1.48,
    "segment_count": 4
  },
  "spectral_centroid": {
    "mean": 1945.1
  },
  "timeseries": {
    "frame_sec": 0.5,
    "pitch": [
      430.1,
      398.45,
      448.95,
      381.84,
      313.7,
      449.83,
      537.92,
      356.38,
      161.54,
      148.45,
      160.44,
      226.3,
      274.74,
      294.03,
      421.01,
      479.69,
      800.94,
      421.47,
      433.44
    ],
    "energy": [
      0.071235,
      0.075897,
      0.065738,
      0.041561,
      0.031626,
      0.065162,
      0.074141,
      0.016135,
      0.005296,
      0.006849,
      0.004933,
      0.007193,
      0.004999,
      0.0218,
      0.067907,
      0.067934,
      0.095575,
      0.061561,
      0.088336
    ],
    "spectral_centroid": [
      2210.14,
      2291.82,
      1560.55,
      2033.42,
      1795.63,
      1748.47,
      1747.12,
      1819.81,
      1702.0,
      1769.06,
      1781.93,
      1864.64,
      1669.33,
      2007.92,
      2135.28,
      2101.58,
      1816.94,
      2351.33,
      2540.84
    ]
  }
}