{
  "id": "681bd140-50f6-4192-aee2-dd34c70e17e0",
  "duration": 8.448,
  "pitch": {
    "mean": 386.44,
    "max": 2068.32,
    "std": 279.26,
    "max_mean_ratio": 5.35
  },
  "energy": {
    "mean": 0.059179,
    "max": 0.213368,
    "std": 0.039087,
    "rate_of_change": 0.024797
  },
  "speech_rate": {
    "chars_per_sec": 11.97,
    "words_per_sec": 2.37,
    "segment_count": 3
  },
  "spectral_centroid": {
    "mean": 1891.0
  },
  "timeseries": {
    "frame_sec": 0.5,
    "pitch": [
      448.33,
      622.89,
      476.42,
      414.42,
      392.02,
      326.69,
      323.48,
      215.6,
      122.29,
      476.3,
      388.03,
      375.01,
      519.88,
      495.06,
      358.79,
      297.42,
      480.63
    ],
    "energy": [
      0.055771,
      0.069604,
      0.059924,
      0.06391,
      0.056406,
      0.046337,
      0.021007,
      0.004674,
      0.005786,
      0.072947,
      0.068338,
      0.061926,
      0.060817,
      0.076281,
      0.063927,
      0.077438,
      0.09941
    ],
    "spectral_centroid": [
      1582.95,
      2113.02,
      1509.22,
      2144.18,
      1430.96,
      2270.11,
      1617.48,
      1343.54,
      1805.74,
      2046.82,
      1878.91,
      1984.33,
      1704.76,
      1876.51,
      2351.06,
      2764.32,
      1592.44
    ]
  }
}