{
  "id": "6832e41c-5f89-4231-863e-c15b41fb8bf7",
  "duration": 12.181,
  "pitch": {
    "mean": 355.09,
    "max": 836.25,
    "std": 185.67,
    "max_mean_ratio": 2.36
  },
  "energy": {
    "mean": 0.057308,
    "max": 0.19177,
    "std": 0.032273,
    "rate_of_change": 0.015265
  },
  "speech_rate": {
    "chars_per_sec": 17.13,
    "words_per_sec": 3.21,
    "segment_count": 7
  },
  "spectral_centroid": {
    "mean": 1945.54
  },
  "timeseries": {
    "frame_sec": 0.5,
    "pitch": [
      410.58,
      427.37,
      456.69,
      169.58,
      285.97,
      376.08,
      440.59,
      278.0,
      316.87,
      407.67,
      339.46,
      338.27,
      391.58,
      503.36,
      465.65,
      202.09,
      331.56,
      402.99,
      370.18,
      267.28,
      296.82,
      148.82,
      450.88,
      401.74,
      175.59
    ],
    "energy": [
      0.074189,
      0.06445,
      0.065038,
      0.009594,
      0.035932,
      0.069235,
      0.054934,
      0.014846,
      0.055113,
      0.062032,
      0.054534,
      0.043719,
      0.021385,
      0.071085,
      0.028951,
      0.0899,
      0.065381,
      0.057658,
      0.049833,
      0.035889,
      0.050501,
      0.031466,
      0.130977,
      0.077351,
      0.052183
    ],
    "spectral_centroid": [
      2318.75,
      2338.87,
      1790.92,
      1659.81,
      1721.16,
      2605.12,
      1936.04,
      1928.64,
      2149.72,
      2055.97,
      2084.97,
      1531.68,
      1678.52,
      2349.7,
      1687.7,
      1839.66,
      1966.83,
      1921.95,
      1699.12,
      1712.45,
      1737.19,
      2039.12,
      1685.14,
      2318.86,
      2127.78
    ]
  }
}