{
  "id": "683e6b59-6d27-4152-97a6-9bd1ef502a33",
  "duration": 9.92,
  "pitch": {
    "mean": 423.21,
    "max": 1973.9,
    "std": 321.05,
    "max_mean_ratio": 4.66
  },
  "energy": {
    "mean": 0.052935,
    "max": 0.120636,
    "std": 0.026866,
    "rate_of_change": 0.010916
  },
  "speech_rate": {
    "chars_per_sec": 16.11,
    "words_per_sec": 3.24,
    "segment_count": 2
  },
  "spectral_centroid": {
    "mean": 1952.57
  },
  "timeseries": {
    "frame_sec": 0.5,
    "pitch": [
      321.9,
      460.01,
      782.65,
      513.08,
      113.95,
      272.71,
      454.46,
      556.92,
      874.47,
      382.33,
      401.58,
      297.53,
      297.84,
      360.76,
      446.45,
      377.06,
      387.83,
      503.54,
      528.51,
      330.25
    ],
    "energy": [
      0.054666,
      0.044709,
      0.014299,
      0.021803,
      0.028426,
      0.038462,
      0.032098,
      0.056732,
      0.070573,
      0.034545,
      0.06796,
      0.059171,
      0.058321,
      0.06652,
      0.059512,
      0.034113,
      0.072625,
      0.088087,
      0.081285,
      0.030564
    ],
    "spectral_centroid": [
      1755.16,
      1750.9,
      2226.67,
      2277.27,
      2403.56,
      2189.33,
      1805.78,
      1827.44,
      1884.15,
      2041.91,
      1695.92,
      1736.39,
      2024.58,
      1470.38,
      1934.59,
      2238.7,
      1873.78,
      2004.65,
      2043.64,
      1856.72
    ]
  }
}