{
  "id": "6852a10f-a304-48ab-9ae0-06a449c0445c",
  "duration": 7.637,
  "pitch": {
    "mean": 424.29,
    "max": 1599.94,
    "std": 296.06,
    "max_mean_ratio": 3.77
  },
  "energy": {
    "mean": 0.077133,
    "max": 0.218093,
    "std": 0.0489,
    "rate_of_change": 0.027762
  },
  "speech_rate": {
    "chars_per_sec": 13.2,
    "words_per_sec": 2.67,
    "segment_count": 6
  },
  "spectral_centroid": {
    "mean": 2172.71
  },
  "timeseries": {
    "frame_sec": 0.5,
    "pitch": [
      523.42,
      317.13,
      587.53,
      318.69,
      334.4,
      466.7,
      446.86,
      448.26,
      113.86,
      102.98,
      583.44,
      525.21,
      648.72,
      432.95,
      371.77,
      733.01
    ],
    "energy": [
      0.100654,
      0.057015,
      0.114834,
      0.073834,
      0.058688,
      0.068582,
      0.059864,
      0.063281,
      0.011153,
      0.023414,
      0.120915,
      0.09939,
      0.128784,
      0.052531,
      0.058984,
      0.124452
    ],
    "spectral_centroid": [
      1748.12,
      2480.18,
      1790.08,
      2023.52,
      2479.79,
      2884.06,
      2111.93,
      2509.08,
      2159.44,
      2047.48,
      2049.07,
      1985.22,
      2185.1,
      2054.14,
      2220.32,
      2018.32
    ]
  }
}