{
  "id": "687ca5ac-e6a2-4e81-8e92-086bcf311288",
  "duration": 8.256,
  "pitch": {
    "mean": 367.25,
    "max": 1499.77,
    "std": 232.14,
    "max_mean_ratio": 4.08
  },
  "energy": {
    "mean": 0.051115,
    "max": 0.111765,
    "std": 0.024492,
    "rate_of_change": 0.012746
  },
  "speech_rate": {
    "chars_per_sec": 21.72,
    "words_per_sec": 4.0,
    "segment_count": 5
  },
  "spectral_centroid": {
    "mean": 1856.15
  },
  "timeseries": {
    "frame_sec": 0.5,
    "pitch": [
      344.54,
      279.85,
      144.5,
      362.49,
      409.09,
      334.45,
      332.53,
      310.58,
      519.64,
      475.69,
      315.28,
      418.71,
      369.38,
      359.06,
      295.79,
      494.59,
      398.29
    ],
    "energy": [
      0.064144,
      0.031861,
      0.015745,
      0.034221,
      0.053162,
      0.037267,
      0.05343,
      0.04435,
      0.050738,
      0.070291,
      0.055423,
      0.05177,
      0.050655,
      0.052173,
      0.051829,
      0.060547,
      0.04742
    ],
    "spectral_centroid": [
      2405.49,
      2000.68,
      2144.92,
      1761.0,
      1811.47,
      1544.61,
      2133.05,
      1581.75,
      1402.07,
      1826.27,
      1525.51,
      1579.09,
      1721.3,
      2222.78,
      1854.1,
      1950.6,
      2282.17
    ]
  }
}