{
  "id": "68a1dc2a-9ad7-4ed4-90ae-eac3a17f6e13",
  "duration": 18.261,
  "pitch": {
    "mean": 429.36,
    "max": 2081.14,
    "std": 337.93,
    "max_mean_ratio": 4.85
  },
  "energy": {
    "mean": 0.050171,
    "max": 0.194319,
    "std": 0.035111,
    "rate_of_change": 0.010011
  },
  "speech_rate": {
    "chars_per_sec": 13.32,
    "words_per_sec": 2.3,
    "segment_count": 5
  },
  "spectral_centroid": {
    "mean": 1984.87
  },
  "timeseries": {
    "frame_sec": 0.5,
    "pitch": [
      483.57,
      186.83,
      373.25,
      228.4,
      322.43,
      436.6,
      862.04,
      458.16,
      406.83,
      376.73,
      863.36,
      517.45,
      720.67,
      510.5,
      384.28,
      180.45,
      352.55,
      570.1,
      371.4,
      292.8,
      165.09,
      201.23,
      283.17,
      403.85,
      411.67,
      481.41,
      594.94,
      506.86,
      612.46,
      745.86,
      598.77,
      331.38,
      199.11,
      257.73,
      337.98,
      316.87,
      318.03
    ],
    "energy": [
      0.024807,
      0.023336,
      0.043823,
      0.018373,
      0.035082,
      0.050601,
      0.077577,
      0.054314,
      0.04705,
      0.026494,
      0.020725,
      0.021207,
      0.053962,
      0.044464,
      0.049021,
      0.034866,
      0.037559,
      0.073061,
      0.055851,
      0.034385,
      0.017465,
      0.014628,
      0.014308,
      0.040269,
      0.03962,
      0.046209,
      0.081592,
      0.096371,
      0.10397,
      0.122245,
      0.136529,
      0.026207,
      0.029452,
      0.050105,
      0.040626,
      0.047778,
      0.035879
    ],
    "spectral_centroid": [
      2489.32,
      2050.86,
      2005.12,
      2560.62,
      1869.73,
      1900.28,
      1980.81,
      1892.92,
      1724.47,
      1827.08,
      1795.7,
      1812.14,
      2198.32,
      1853.78,
      1794.17,
      2279.19,
      1982.81,
      2012.09,
      2206.67,
      1912.41,
      1744.68,
      1670.52,
      2059.14,
      1784.7,
      2131.69,
      1928.81,
      1946.85,
      1956.18,
      1637.41,
      1870.41,
      1902.5,
      1880.0,
      1865.23,
      2153.99,
      2601.41,
      1956.65,
      2182.83
    ]
  }
}