{
  "id": "68a308e2-b44d-417c-bacb-5a31a51c72d5",
  "duration": 11.072,
  "pitch": {
    "mean": 174.21,
    "max": 934.38,
    "std": 171.26,
    "max_mean_ratio": 5.36
  },
  "energy": {
    "mean": 0.021903,
    "max": 0.06118,
    "std": 0.012117,
    "rate_of_change": 0.005231
  },
  "speech_rate": {
    "chars_per_sec": 0.47,
    "words_per_sec": 0.1,
    "segment_count": 1
  },
  "spectral_centroid": {
    "mean": 2048.25
  },
  "timeseries": {
    "frame_sec": 0.5,
    "pitch": [
      155.71,
      202.84,
      284.21,
      268.55,
      159.73,
      129.18,
      148.56,
      126.21,
      134.65,
      112.19,
      109.27,
      129.07,
      111.09,
      152.05,
      133.05,
      97.71,
      188.76,
      147.86,
      196.66,
      350.02,
      526.29,
      149.35,
      75.22
    ],
    "energy": [
      0.011471,
      0.013254,
      0.00955,
      0.007066,
      0.013179,
      0.018949,
      0.019323,
      0.015066,
      0.013139,
      0.016196,
      0.020028,
      0.015863,
      0.018305,
      0.029453,
      0.02758,
      0.020552,
      0.026809,
      0.050816,
      0.04188,
      0.036154,
      0.024084,
      0.015126,
      0.01027
    ],
    "spectral_centroid": [
      2140.52,
      2038.72,
      2162.14,
      2130.26,
      1905.13,
      2237.16,
      2083.39,
      1923.36,
      1879.08,
      1922.59,
      1824.5,
      2267.89,
      1751.81,
      2021.11,
      1839.69,
      2148.3,
      1899.35,
      1715.7,
      1897.3,
      2416.62,
      2187.55,
      2446.94,
      2497.75
    ]
  }
}