{
  "id": "68aa41ce-4f9c-4c5e-8e55-431f9edfaacc",
  "duration": 15.531,
  "pitch": {
    "mean": 523.47,
    "max": 2067.16,
    "std": 378.89,
    "max_mean_ratio": 3.95
  },
  "energy": {
    "mean": 0.082419,
    "max": 0.284711,
    "std": 0.064725,
    "rate_of_change": 0.018099
  },
  "speech_rate": {
    "chars_per_sec": 13.68,
    "words_per_sec": 2.45,
    "segment_count": 7
  },
  "spectral_centroid": {
    "mean": 2055.14
  },
  "timeseries": {
    "frame_sec": 0.5,
    "pitch": [
      447.95,
      386.29,
      465.67,
      825.59,
      563.78,
      447.37,
      455.58,
      419.56,
      382.22,
      514.21,
      557.73,
      590.34,
      395.22,
      498.08,
      135.54,
      169.18,
      398.95,
      404.17,
      525.35,
      1235.2,
      1296.8,
      885.5,
      629.54,
      724.17,
      1029.24,
      652.48,
      148.58,
      411.04,
      390.73,
      117.64,
      111.11,
      86.98
    ],
    "energy": [
      0.068036,
      0.057743,
      0.041492,
      0.018536,
      0.078172,
      0.087132,
      0.071271,
      0.037388,
      0.073206,
      0.095289,
      0.142779,
      0.117969,
      0.068476,
      0.104302,
      0.032779,
      0.032357,
      0.084034,
      0.068634,
      0.13129,
      0.192612,
      0.154513,
      0.173414,
      0.172502,
      0.154671,
      0.087361,
      0.013161,
      0.008605,
      0.004698,
      0.004042,
      0.035058,
      0.042262,
      0.017572
    ],
    "spectral_centroid": [
      2170.06,
      2069.18,
      1681.36,
      1702.87,
      1917.48,
      1592.59,
      1830.16,
      1975.6,
      1783.0,
      1719.04,
      1998.16,
      1913.69,
      1855.06,
      1696.95,
      1852.99,
      1497.06,
      1847.68,
      2208.16,
      1993.14,
      2271.28,
      2378.31,
      2464.93,
      2191.69,
      2495.03,
      2430.66,
      2411.95,
      2105.25,
      2571.43,
      2629.01,
      2370.89,
      2061.2,
      1866.32
    ]
  }
}