{
  "id": "68b14caf-1282-46f8-a72f-c7edd389e3d6",
  "duration": 9.536,
  "pitch": {
    "mean": 413.28,
    "max": 1735.54,
    "std": 297.82,
    "max_mean_ratio": 4.2
  },
  "energy": {
    "mean": 0.045194,
    "max": 0.135882,
    "std": 0.025601,
    "rate_of_change": 0.013312
  },
  "speech_rate": {
    "chars_per_sec": 17.7,
    "words_per_sec": 3.21,
    "segment_count": 3
  },
  "spectral_centroid": {
    "mean": 2095.0
  },
  "timeseries": {
    "frame_sec": 0.5,
    "pitch": [
      487.03,
      774.71,
      305.9,
      141.39,
      714.83,
      423.66,
      589.68,
      379.15,
      370.42,
      546.5,
      198.62,
      196.5,
      125.38,
      396.93,
      514.49,
      469.95,
      434.59,
      492.42,
      426.8,
      110.91
    ],
    "energy": [
      0.03739,
      0.043489,
      0.034814,
      0.01113,
      0.038482,
      0.054243,
      0.043419,
      0.067409,
      0.070536,
      0.042147,
      0.020665,
      0.019817,
      0.018148,
      0.060833,
      0.052236,
      0.055201,
      0.056339,
      0.057732,
      0.042796,
      0.010788
    ],
    "spectral_centroid": [
      2705.73,
      1878.75,
      2726.38,
      1892.42,
      1976.97,
      2235.79,
      2404.34,
      2019.69,
      2313.21,
      1988.36,
      1803.65,
      1991.19,
      3408.26,
      2121.61,
      1731.35,
      1650.8,
      1677.21,
      1151.6,
      1996.54,
      2566.26
    ]
  }
}