{
  "id": "68b218ba-42cb-47e5-b58f-93a7116d81c0",
  "duration": 12.843,
  "pitch": {
    "mean": 422.7,
    "max": 2089.15,
    "std": 481.61,
    "max_mean_ratio": 4.94
  },
  "energy": {
    "mean": 0.209116,
    "max": 0.595667,
    "std": 0.131951,
    "rate_of_change": 0.042929
  },
  "speech_rate": {
    "chars_per_sec": 10.26,
    "words_per_sec": 1.9,
    "segment_count": 3
  },
  "spectral_centroid": {
    "mean": 1932.69
  },
  "timeseries": {
    "frame_sec": 0.5,
    "pitch": [
      532.36,
      393.26,
      341.45,
      168.13,
      336.62,
      141.04,
      111.56,
      179.22,
      176.46,
      160.86,
      440.28,
      97.37,
      97.96,
      149.92,
      662.31,
      843.39,
      458.28,
      954.31,
      770.31,
      941.69,
      861.12,
      700.65,
      387.45,
      598.83,
      420.94,
      156.35
    ],
    "energy": [
      0.234101,
      0.2211,
      0.201744,
      0.211868,
      0.215082,
      0.128966,
      0.109357,
      0.093591,
      0.0789,
      0.085056,
      0.061796,
      0.081738,
      0.078238,
      0.07701,
      0.357594,
      0.263415,
      0.411882,
      0.445459,
      0.143784,
      0.240381,
      0.285044,
      0.267208,
      0.311191,
      0.266681,
      0.202988,
      0.070473
    ],
    "spectral_centroid": [
      1593.35,
      1519.46,
      1232.72,
      2238.43,
      1379.65,
      1324.27,
      1510.25,
      1633.94,
      1532.35,
      2197.26,
      1709.02,
      1886.91,
      1519.86,
      2505.15,
      2674.25,
      2103.71,
      2963.21,
      2382.65,
      2095.52,
      1987.32,
      1768.94,
      2169.12,
      2107.34,
      2065.1,
      2081.48,
      2100.51
    ]
  }
}