{
  "id": "68b6910d-68ba-4dfc-b0de-ed8af77bdfe2",
  "duration": 10.496,
  "pitch": {
    "mean": 416.91,
    "max": 1540.35,
    "std": 286.16,
    "max_mean_ratio": 3.69
  },
  "energy": {
    "mean": 0.055729,
    "max": 0.225711,
    "std": 0.049625,
    "rate_of_change": 0.020835
  },
  "speech_rate": {
    "chars_per_sec": 8.16,
    "words_per_sec": 1.38,
    "segment_count": 4
  },
  "spectral_centroid": {
    "mean": 2029.21
  },
  "timeseries": {
    "frame_sec": 0.5,
    "pitch": [
      509.33,
      308.94,
      397.36,
      546.07,
      399.22,
      224.22,
      220.94,
      336.1,
      306.79,
      308.71,
      360.93,
      127.85,
      217.62,
      495.92,
      203.2,
      353.59,
      621.81,
      823.15,
      841.64,
      775.63,
      328.18
    ],
    "energy": [
      0.106327,
      0.089586,
      0.089007,
      0.068043,
      0.035755,
      0.022265,
      0.009815,
      0.016772,
      0.039402,
      0.041036,
      0.050898,
      0.009417,
      0.012818,
      0.029214,
      0.011417,
      0.036329,
      0.127121,
      0.12754,
      0.129438,
      0.017411,
      0.044412
    ],
    "spectral_centroid": [
      1539.35,
      1609.75,
      2143.62,
      1482.75,
      2083.19,
      2075.52,
      2191.8,
      1909.55,
      1586.6,
      1700.17,
      2160.96,
      2847.76,
      3201.64,
      1994.42,
      2795.24,
      2151.25,
      1721.72,
      1743.46,
      1556.7,
      2216.08,
      1901.57
    ]
  }
}