{
  "id": "68bbe60a-3d4c-4568-9ea3-85dcc0cc3b7a",
  "duration": 12.075,
  "pitch": {
    "mean": 379.8,
    "max": 1557.42,
    "std": 237.51,
    "max_mean_ratio": 4.1
  },
  "energy": {
    "mean": 0.079123,
    "max": 0.156171,
    "std": 0.032101,
    "rate_of_change": 0.011593
  },
  "speech_rate": {
    "chars_per_sec": 16.13,
    "words_per_sec": 2.56,
    "segment_count": 5
  },
  "spectral_centroid": {
    "mean": 1863.12
  },
  "timeseries": {
    "frame_sec": 0.5,
    "pitch": [
      422.3,
      368.77,
      515.6,
      372.76,
      225.51,
      468.96,
      345.54,
      279.61,
      281.41,
      393.97,
      273.95,
      309.0,
      386.36,
      472.36,
      151.71,
      365.74,
      352.19,
      374.08,
      350.96,
      540.04,
      501.23,
      463.31,
      428.89,
      517.01,
      238.39
    ],
    "energy": [
      0.074571,
      0.070043,
      0.078875,
      0.072275,
      0.049207,
      0.098797,
      0.100098,
      0.049873,
      0.021465,
      0.06868,
      0.054382,
      0.065997,
      0.082272,
      0.07123,
      0.050016,
      0.080044,
      0.064581,
      0.095241,
      0.080536,
      0.108379,
      0.089874,
      0.10292,
      0.097985,
      0.09337,
      0.067797
    ],
    "spectral_centroid": [
      1774.17,
      1466.39,
      1790.25,
      1961.16,
      1394.74,
      1556.58,
      1452.6,
      2189.96,
      1860.55,
      1579.95,
      2293.23,
      2099.88,
      1724.47,
      1765.38,
      1826.93,
      1440.66,
      1759.84,
      1916.28,
      2653.69,
      2383.03,
      1771.02,
      1931.8,
      2022.87,
      2026.05,
      1390.66
    ]
  }
}