{
  "id": "6915d4be-103d-4c0f-8001-e11ffef1d8ce",
  "duration": 9.195,
  "pitch": {
    "mean": 335.32,
    "max": 1719.96,
    "std": 249.92,
    "max_mean_ratio": 5.13
  },
  "energy": {
    "mean": 0.074761,
    "max": 0.267047,
    "std": 0.062186,
    "rate_of_change": 0.028126
  },
  "speech_rate": {
    "chars_per_sec": 11.09,
    "words_per_sec": 2.11,
    "segment_count": 2
  },
  "spectral_centroid": {
    "mean": 2051.26
  },
  "timeseries": {
    "frame_sec": 0.5,
    "pitch": [
      311.83,
      231.17,
      399.76,
      353.73,
      382.36,
      348.86,
      119.8,
      127.27,
      280.39,
      458.2,
      556.28,
      415.71,
      340.95,
      175.73,
      157.07,
      335.8,
      365.84,
      510.14,
      505.06
    ],
    "energy": [
      0.039512,
      0.08938,
      0.111176,
      0.115232,
      0.11049,
      0.088426,
      0.014461,
      0.013624,
      0.030135,
      0.052171,
      0.106327,
      0.090152,
      0.025047,
      0.033307,
      0.042123,
      0.076462,
      0.100453,
      0.136753,
      0.055624
    ],
    "spectral_centroid": [
      1695.27,
      2440.73,
      2070.94,
      2145.78,
      2117.59,
      2016.13,
      2310.21,
      2307.78,
      2161.18,
      2048.8,
      2076.86,
      1577.05,
      2143.42,
      1814.17,
      2212.34,
      1939.94,
      1743.49,
      2225.92,
      1934.64
    ]
  }
}