{
  "id": "691c722c-49f3-472b-9e1a-91cb89ee39ce",
  "duration": 13.525,
  "pitch": {
    "mean": 375.09,
    "max": 2073.24,
    "std": 290.33,
    "max_mean_ratio": 5.53
  },
  "energy": {
    "mean": 0.058972,
    "max": 0.17295,
    "std": 0.036435,
    "rate_of_change": 0.012507
  },
  "speech_rate": {
    "chars_per_sec": 16.37,
    "words_per_sec": 3.11,
    "segment_count": 6
  },
  "spectral_centroid": {
    "mean": 1897.17
  },
  "timeseries": {
    "frame_sec": 0.5,
    "pitch": [
      245.1,
      557.51,
      399.43,
      406.83,
      335.29,
      285.21,
      287.68,
      479.37,
      437.28,
      301.14,
      229.88,
      532.92,
      352.4,
      279.32,
      135.48,
      226.32,
      357.67,
      359.66,
      243.46,
      323.61,
      425.0,
      388.02,
      334.38,
      492.62,
      342.52,
      977.52,
      353.94,
      93.28
    ],
    "energy": [
      0.042015,
      0.101736,
      0.079143,
      0.042039,
      0.055379,
      0.05217,
      0.042074,
      0.065561,
      0.070422,
      0.053434,
      0.019847,
      0.072015,
      0.068721,
      0.036926,
      0.00783,
      0.005291,
      0.035009,
      0.075063,
      0.029106,
      0.058402,
      0.077356,
      0.045977,
      0.070617,
      0.068106,
      0.076368,
      0.087351,
      0.077742,
      0.005841
    ],
    "spectral_centroid": [
      2261.22,
      1559.65,
      2077.9,
      1735.65,
      2201.97,
      2020.63,
      1776.81,
      1621.08,
      1857.9,
      1669.11,
      2166.92,
      1648.13,
      1685.65,
      1820.88,
      1718.31,
      2076.13,
      2137.13,
      1820.16,
      1918.65,
      2024.98,
      1972.6,
      1777.62,
      1870.33,
      1899.34,
      2131.43,
      2160.33,
      1613.84,
      4177.95
    ]
  }
}