{
  "id": "6933407c-df59-4898-85e2-6269184329a3",
  "duration": 13.589,
  "pitch": {
    "mean": 403.42,
    "max": 2069.49,
    "std": 269.0,
    "max_mean_ratio": 5.13
  },
  "energy": {
    "mean": 0.049222,
    "max": 0.131317,
    "std": 0.035059,
    "rate_of_change": 0.009531
  },
  "speech_rate": {
    "chars_per_sec": 14.21,
    "words_per_sec": 2.65,
    "segment_count": 4
  },
  "spectral_centroid": {
    "mean": 1940.36
  },
  "timeseries": {
    "frame_sec": 0.5,
    "pitch": [
      393.14,
      360.15,
      440.52,
      597.81,
      230.98,
      263.11,
      361.25,
      360.51,
      100.13,
      492.92,
      333.67,
      610.65,
      238.75,
      484.42,
      486.54,
      568.36,
      567.78,
      374.33,
      162.23,
      207.78,
      396.27,
      378.2,
      522.78,
      372.14,
      375.22,
      449.54,
      542.3,
      349.96
    ],
    "energy": [
      0.085414,
      0.044776,
      0.043678,
      0.056515,
      0.032059,
      0.041073,
      0.048352,
      0.038689,
      0.007046,
      0.069532,
      0.054345,
      0.06599,
      0.030223,
      0.06947,
      0.064664,
      0.067994,
      0.010232,
      0.004155,
      0.006819,
      0.00735,
      0.005433,
      0.064803,
      0.078498,
      0.072753,
      0.076958,
      0.064384,
      0.058198,
      0.06275
    ],
    "spectral_centroid": [
      1619.35,
      1276.65,
      1406.96,
      1364.61,
      1977.76,
      3025.19,
      2236.95,
      1461.86,
      2082.1,
      1864.87,
      2245.83,
      1839.96,
      2104.4,
      2258.09,
      1557.19,
      2417.3,
      1864.85,
      2242.61,
      1786.75,
      1797.13,
      1819.7,
      2125.03,
      1784.85,
      1763.17,
      2361.39,
      2404.59,
      1957.78,
      2009.4
    ]
  }
}