{
  "id": "695b090f-c41a-45fa-9d0a-8511ea3904c3",
  "duration": 14.229,
  "pitch": {
    "mean": 563.17,
    "max": 2015.19,
    "std": 466.78,
    "max_mean_ratio": 3.58
  },
  "energy": {
    "mean": 0.056987,
    "max": 0.244699,
    "std": 0.044999,
    "rate_of_change": 0.016588
  },
  "speech_rate": {
    "chars_per_sec": 10.45,
    "words_per_sec": 2.09,
    "segment_count": 7
  },
  "spectral_centroid": {
    "mean": 1985.71
  },
  "timeseries": {
    "frame_sec": 0.5,
    "pitch": [
      425.19,
      197.74,
      220.46,
      534.71,
      535.75,
      490.72,
      553.89,
      456.07,
      693.2,
      487.25,
      407.89,
      593.33,
      309.83,
      510.75,
      974.93,
      852.52,
      862.06,
      867.83,
      523.69,
      484.43,
      283.35,
      392.18,
      913.41,
      845.46,
      954.91,
      303.01,
      698.27,
      811.04,
      199.55
    ],
    "energy": [
      0.035526,
      0.023133,
      0.032563,
      0.059318,
      0.039813,
      0.048386,
      0.033146,
      0.016019,
      0.032148,
      0.09659,
      0.064051,
      0.043778,
      0.013668,
      0.012855,
      0.013935,
      0.063099,
      0.08357,
      0.077495,
      0.033192,
      0.057171,
      0.055951,
      0.063126,
      0.089098,
      0.092653,
      0.136486,
      0.024149,
      0.087737,
      0.105114,
      0.014722
    ],
    "spectral_centroid": [
      2006.22,
      2155.14,
      2084.85,
      2016.45,
      1899.73,
      1820.9,
      1681.01,
      2018.45,
      1884.88,
      2505.9,
      2000.69,
      2077.89,
      1738.23,
      1795.93,
      1932.63,
      2063.64,
      1822.07,
      1722.59,
      2047.73,
      2098.88,
      2125.23,
      2108.31,
      1701.59,
      2088.61,
      1819.43,
      2255.7,
      2247.85,
      2182.56,
      1159.07
    ]
  }
}