{
  "id": "69796625-37e4-48ee-83bb-a016509ede29",
  "duration": 8.533,
  "pitch": {
    "mean": 348.48,
    "max": 857.9,
    "std": 211.51,
    "max_mean_ratio": 2.46
  },
  "energy": {
    "mean": 0.046725,
    "max": 0.181051,
    "std": 0.038439,
    "rate_of_change": 0.020584
  },
  "speech_rate": {
    "chars_per_sec": 15.85,
    "words_per_sec": 3.29,
    "segment_count": 6
  },
  "spectral_centroid": {
    "mean": 1725.17
  },
  "timeseries": {
    "frame_sec": 0.5,
    "pitch": [
      320.18,
      373.52,
      257.39,
      318.27,
      222.0,
      417.5,
      419.93,
      362.22,
      308.21,
      232.68,
      453.33,
      531.67,
      443.24,
      572.79,
      379.51,
      144.4,
      320.27,
      283.61
    ],
    "energy": [
      0.042799,
      0.029615,
      0.026779,
      0.018588,
      0.011645,
      0.040819,
      0.049128,
      0.039962,
      0.03449,
      0.010481,
      0.070512,
      0.124875,
      0.072989,
      0.094842,
      0.027809,
      0.024452,
      0.038657,
      0.010424
    ],
    "spectral_centroid": [
      1570.19,
      1609.61,
      1477.9,
      1675.46,
      1643.77,
      1798.6,
      1407.88,
      1536.79,
      1748.68,
      1729.34,
      1611.09,
      1527.25,
      1934.57,
      1605.16,
      2165.44,
      2443.39,
      1720.52,
      2443.41
    ]
  }
}