{
  "id": "69796f74-897d-49e5-ae63-0678596d249f",
  "duration": 15.701,
  "pitch": {
    "mean": 375.66,
    "max": 1659.44,
    "std": 281.4,
    "max_mean_ratio": 4.42
  },
  "energy": {
    "mean": 0.025003,
    "max": 0.126909,
    "std": 0.021396,
    "rate_of_change": 0.00783
  },
  "speech_rate": {
    "chars_per_sec": 17.98,
    "words_per_sec": 3.68,
    "segment_count": 7
  },
  "spectral_centroid": {
    "mean": 1956.65
  },
  "timeseries": {
    "frame_sec": 0.5,
    "pitch": [
      319.17,
      570.01,
      459.63,
      330.25,
      159.76,
      410.61,
      364.77,
      372.65,
      322.74,
      131.0,
      290.76,
      388.14,
      265.82,
      178.22,
      171.23,
      466.48,
      478.03,
      346.15,
      430.14,
      381.86,
      367.07,
      759.53,
      635.76,
      275.02,
      270.66,
      194.44,
      461.47,
      294.11,
      661.52,
      412.62,
      561.27,
      582.57
    ],
    "energy": [
      0.015707,
      0.027476,
      0.018174,
      0.016823,
      0.01091,
      0.018956,
      0.023105,
      0.019655,
      0.011669,
      0.011359,
      0.01086,
      0.024824,
      0.008356,
      0.008118,
      0.012025,
      0.031984,
      0.01713,
      0.00977,
      0.020958,
      0.015205,
      0.031412,
      0.080942,
      0.078322,
      0.023215,
      0.01504,
      0.013056,
      0.024848,
      0.010452,
      0.045781,
      0.038402,
      0.040636,
      0.035472
    ],
    "spectral_centroid": [
      2032.49,
      1811.73,
      2002.52,
      1670.19,
      1927.78,
      2233.65,
      1922.26,
      1901.86,
      1931.56,
      1957.07,
      1884.36,
      1780.66,
      2041.83,
      2125.66,
      2350.48,
      1798.77,
      2085.02,
      2082.47,
      1989.02,
      1935.56,
      1699.46,
      1629.78,
      1574.41,
      2816.78,
      2123.89,
      2279.91,
      2155.0,
      1834.66,
      1680.99,
      1909.96,
      1694.74,
      1607.22
    ]
  }
}