{
  "id": "6980ea4b-5803-4358-b822-43ca440b812f",
  "duration": 8.021,
  "pitch": {
    "mean": 443.42,
    "max": 2077.69,
    "std": 415.66,
    "max_mean_ratio": 4.69
  },
  "energy": {
    "mean": 0.053791,
    "max": 0.177192,
    "std": 0.038993,
    "rate_of_change": 0.020377
  },
  "speech_rate": {
    "chars_per_sec": 9.77,
    "words_per_sec": 1.5,
    "segment_count": 7
  },
  "spectral_centroid": {
    "mean": 2146.53
  },
  "timeseries": {
    "frame_sec": 0.5,
    "pitch": [
      585.8,
      127.48,
      128.78,
      495.86,
      285.38,
      205.36,
      115.85,
      141.15,
      106.33,
      537.26,
      572.92,
      1198.27,
      526.72,
      593.38,
      715.07,
      810.97,
      1408.64
    ],
    "energy": [
      0.047518,
      0.01754,
      0.022214,
      0.060622,
      0.042243,
      0.020577,
      0.022852,
      0.020958,
      0.019071,
      0.06559,
      0.097801,
      0.092739,
      0.069743,
      0.056354,
      0.099946,
      0.066315,
      0.032484
    ],
    "spectral_centroid": [
      2341.4,
      2286.26,
      2573.2,
      1756.03,
      1932.87,
      2392.33,
      2728.73,
      1842.46,
      1908.5,
      1852.34,
      2251.06,
      2205.84,
      2112.37,
      1988.43,
      1912.0,
      2163.53,
      2601.31
    ]
  }
}