{
  "id": "69aab478-33f7-4da7-8771-d8743fcb1774",
  "duration": 16.213,
  "pitch": {
    "mean": 522.43,
    "max": 1640.14,
    "std": 324.91,
    "max_mean_ratio": 3.14
  },
  "energy": {
    "mean": 0.072095,
    "max": 0.230285,
    "std": 0.052785,
    "rate_of_change": 0.013735
  },
  "speech_rate": {
    "chars_per_sec": 8.83,
    "words_per_sec": 1.32,
    "segment_count": 2
  },
  "spectral_centroid": {
    "mean": 2051.96
  },
  "timeseries": {
    "frame_sec": 0.5,
    "pitch": [
      533.05,
      416.8,
      513.93,
      253.58,
      156.04,
      136.38,
      237.0,
      408.5,
      215.48,
      432.98,
      288.32,
      442.06,
      549.62,
      557.6,
      505.66,
      390.84,
      643.9,
      541.12,
      324.09,
      585.49,
      380.25,
      645.38,
      739.74,
      863.98,
      1093.36,
      778.28,
      797.39,
      527.45,
      687.59,
      679.39,
      800.76,
      723.65,
      495.1
    ],
    "energy": [
      0.046935,
      0.045349,
      0.090402,
      0.011787,
      0.011793,
      0.015165,
      0.030352,
      0.046514,
      0.019981,
      0.041528,
      0.026928,
      0.064637,
      0.045819,
      0.068119,
      0.047694,
      0.057766,
      0.077149,
      0.104024,
      0.013592,
      0.016416,
      0.064165,
      0.10554,
      0.13986,
      0.133568,
      0.119584,
      0.115981,
      0.146033,
      0.067289,
      0.154131,
      0.075366,
      0.104482,
      0.096596,
      0.076551
    ],
    "spectral_centroid": [
      1808.21,
      2263.5,
      1848.03,
      2475.31,
      2065.34,
      2843.88,
      2466.61,
      2407.45,
      2007.7,
      1497.48,
      1677.2,
      1546.42,
      1942.96,
      1829.41,
      1636.38,
      1737.85,
      2086.31,
      2095.3,
      2433.11,
      2588.72,
      2141.46,
      1727.71,
      2052.6,
      2348.64,
      2188.79,
      1812.86,
      1820.68,
      2596.99,
      2120.38,
      1988.92,
      1861.77,
      1660.57,
      1728.62
    ]
  }
}