{
  "id": "69c62a83-9ee0-459f-aa0d-d94bcc322f46",
  "duration": 16.725,
  "pitch": {
    "mean": 571.69,
    "max": 2074.96,
    "std": 504.21,
    "max_mean_ratio": 3.63
  },
  "energy": {
    "mean": 0.060669,
    "max": 0.201745,
    "std": 0.043977,
    "rate_of_change": 0.011418
  },
  "speech_rate": {
    "chars_per_sec": 9.92,
    "words_per_sec": 1.86,
    "segment_count": 7
  },
  "spectral_centroid": {
    "mean": 1954.75
  },
  "timeseries": {
    "frame_sec": 0.5,
    "pitch": [
      538.73,
      598.59,
      636.81,
      691.05,
      466.66,
      451.4,
      669.83,
      916.24,
      560.39,
      487.23,
      448.28,
      314.88,
      442.44,
      713.31,
      828.17,
      309.68,
      408.52,
      504.03,
      556.27,
      907.46,
      229.76,
      397.74,
      330.56,
      473.02,
      651.26,
      521.07,
      143.36,
      573.02,
      626.88,
      870.1,
      831.33,
      669.05,
      248.27,
      1157.26
    ],
    "energy": [
      0.055898,
      0.062094,
      0.016496,
      0.074826,
      0.065997,
      0.054869,
      0.071436,
      0.06718,
      0.027067,
      0.048975,
      0.082087,
      0.041633,
      0.101367,
      0.071987,
      0.051616,
      0.020562,
      0.030024,
      0.074118,
      0.111255,
      0.074471,
      0.018508,
      0.032354,
      0.022355,
      0.013107,
      0.015562,
      0.02086,
      0.030184,
      0.108321,
      0.137629,
      0.155969,
      0.081012,
      0.021679,
      0.037541,
      0.082366
    ],
    "spectral_centroid": [
      1582.19,
      1806.2,
      1550.68,
      2176.77,
      1554.06,
      1522.09,
      1736.08,
      1544.76,
      1770.16,
      1828.9,
      2410.33,
      2424.2,
      2070.65,
      2189.63,
      2162.68,
      2319.0,
      2127.41,
      1886.37,
      1589.33,
      1821.22,
      1787.26,
      1772.32,
      1882.89,
      1977.98,
      1999.99,
      2481.27,
      2124.29,
      1665.71,
      1821.15,
      2476.43,
      2246.08,
      2462.48,
      1902.07,
      1868.93
    ]
  }
}