{
  "id": "69d22a87-a581-4b4a-bd5f-3213f0d4c233",
  "duration": 10.475,
  "pitch": {
    "mean": 607.69,
    "max": 1596.89,
    "std": 268.02,
    "max_mean_ratio": 2.63
  },
  "energy": {
    "mean": 0.059117,
    "max": 0.169231,
    "std": 0.03491,
    "rate_of_change": 0.015158
  },
  "speech_rate": {
    "chars_per_sec": 15.49,
    "words_per_sec": 3.06,
    "segment_count": 2
  },
  "spectral_centroid": {
    "mean": 1735.75
  },
  "timeseries": {
    "frame_sec": 0.5,
    "pitch": [
      431.61,
      486.03,
      396.96,
      464.18,
      511.94,
      568.48,
      699.67,
      735.61,
      608.42,
      540.86,
      688.33,
      475.19,
      598.45,
      807.37,
      839.32,
      795.92,
      553.69,
      542.04,
      712.88,
      649.85,
      556.39
    ],
    "energy": [
      0.034296,
      0.035731,
      0.03646,
      0.028026,
      0.05755,
      0.055307,
      0.043179,
      0.06923,
      0.036904,
      0.022235,
      0.108699,
      0.052075,
      0.069879,
      0.076461,
      0.08009,
      0.063224,
      0.050373,
      0.043187,
      0.084815,
      0.045338,
      0.095533
    ],
    "spectral_centroid": [
      1762.9,
      1711.6,
      1405.27,
      1810.61,
      2310.27,
      1643.59,
      1679.06,
      1571.4,
      1495.88,
      1445.34,
      1711.44,
      1792.46,
      2013.03,
      2713.34,
      1755.76,
      1573.54,
      1732.09,
      1787.56,
      1679.52,
      1399.53,
      1402.46
    ]
  }
}