{
  "id": "69d6e317-a8fc-48e2-858b-7f6bd80e736d",
  "duration": 23.445,
  "pitch": {
    "mean": 417.65,
    "max": 1527.73,
    "std": 263.81,
    "max_mean_ratio": 3.66
  },
  "energy": {
    "mean": 0.053302,
    "max": 0.143556,
    "std": 0.028774,
    "rate_of_change": 0.005658
  },
  "speech_rate": {
    "chars_per_sec": 4.6,
    "words_per_sec": 0.77,
    "segment_count": 4
  },
  "spectral_centroid": {
    "mean": 1948.69
  },
  "timeseries": {
    "frame_sec": 0.5,
    "pitch": [
      455.48,
      274.52,
      350.18,
      378.46,
      401.16,
      328.14,
      514.63,
      565.7,
      514.32,
      544.96,
      112.51,
      540.53,
      556.2,
      535.55,
      456.05,
      378.89,
      216.85,
      133.57,
      244.5,
      502.37,
      415.47,
      453.57,
      384.82,
      365.64,
      360.85,
      461.26,
      606.07,
      248.49,
      125.59,
      346.02,
      429.09,
      312.88,
      383.73,
      299.75,
      240.6,
      320.61,
      704.97,
      580.87,
      475.3,
      821.31,
      788.27,
      223.74,
      369.73,
      322.36,
      358.45,
      362.49,
      524.41
    ],
    "energy": [
      0.069391,
      0.031417,
      0.034691,
      0.042745,
      0.037286,
      0.041215,
      0.068583,
      0.085675,
      0.062223,
      0.082391,
      0.036372,
      0.085998,
      0.042647,
      0.069115,
      0.044288,
      0.019351,
      0.048603,
      0.016468,
      0.02508,
      0.053482,
      0.068345,
      0.049368,
      0.053253,
      0.039255,
      0.044721,
      0.050053,
      0.053878,
      0.019955,
      0.027886,
      0.042551,
      0.042732,
      0.03895,
      0.051771,
      0.061461,
      0.049194,
      0.06084,
      0.089047,
      0.06071,
      0.085231,
      0.107586,
      0.040917,
      0.030648,
      0.044771,
      0.045934,
      0.035594,
      0.027042,
      0.072964
    ],
    "spectral_centroid": [
      1682.57,
      1806.83,
      2528.41,
      2557.6,
      2753.78,
      2254.86,
      1892.98,
      1729.9,
      1507.86,
      1461.17,
      1572.63,
      1657.89,
      1926.07,
      1766.08,
      1913.96,
      2019.83,
      1919.65,
      1702.72,
      1648.85,
      1661.85,
      1639.15,
      1947.54,
      2065.0,
      1722.85,
      1708.68,
      1805.93,
      1699.62,
      1634.6,
      1738.44,
      1640.61,
      2143.07,
      1494.04,
      1720.92,
      1906.57,
      1709.06,
      2174.64,
      2399.83,
      2388.54,
      2880.59,
      2296.17,
      1814.81,
      2517.15,
      2295.14,
      2363.4,
      2120.89,
      1784.4,
      1825.51
    ]
  }
}