{
  "id": "6a10198f-6842-49ec-ba02-1e2806c5f543",
  "duration": 9.749,
  "pitch": {
    "mean": 402.61,
    "max": 1683.56,
    "std": 358.87,
    "max_mean_ratio": 4.18
  },
  "energy": {
    "mean": 0.119875,
    "max": 0.252961,
    "std": 0.059371,
    "rate_of_change": 0.023447
  },
  "speech_rate": {
    "chars_per_sec": 14.92,
    "words_per_sec": 2.88,
    "segment_count": 6
  },
  "spectral_centroid": {
    "mean": 1788.73
  },
  "timeseries": {
    "frame_sec": 0.5,
    "pitch": [
      331.99,
      519.75,
      285.39,
      335.79,
      279.51,
      94.13,
      85.39,
      592.91,
      470.37,
      447.23,
      141.05,
      751.14,
      303.39,
      368.74,
      441.8,
      659.51,
      572.58,
      563.39,
      399.4,
      587.32
    ],
    "energy": [
      0.109912,
      0.143138,
      0.09672,
      0.106501,
      0.105146,
      0.050398,
      0.059256,
      0.053191,
      0.140033,
      0.162254,
      0.056148,
      0.166031,
      0.083402,
      0.11142,
      0.151455,
      0.154694,
      0.16405,
      0.157567,
      0.102017,
      0.112558
    ],
    "spectral_centroid": [
      1672.65,
      1691.74,
      2263.78,
      1805.98,
      1822.98,
      1068.66,
      1508.27,
      1814.52,
      2195.82,
      1743.61,
      1538.45,
      1879.27,
      1662.79,
      1682.67,
      2019.97,
      1741.01,
      1802.21,
      2000.63,
      1895.9,
      2069.59
    ]
  }
}