{
  "id": "6a364f8b-1628-4066-a6b8-411628e67006",
  "duration": 8.427,
  "pitch": {
    "mean": 553.02,
    "max": 2084.93,
    "std": 641.31,
    "max_mean_ratio": 3.77
  },
  "energy": {
    "mean": 0.069027,
    "max": 0.157915,
    "std": 0.032486,
    "rate_of_change": 0.016054
  },
  "speech_rate": {
    "chars_per_sec": 0.71,
    "words_per_sec": 0.12,
    "segment_count": 1
  },
  "spectral_centroid": {
    "mean": 2266.51
  },
  "timeseries": {
    "frame_sec": 0.5,
    "pitch": [
      609.28,
      215.66,
      400.47,
      130.76,
      492.14,
      400.57,
      1216.69,
      120.8,
      88.44,
      559.81,
      808.99,
      450.18,
      120.59,
      1550.5,
      764.71,
      119.17,
      1047.94
    ],
    "energy": [
      0.031735,
      0.078199,
      0.091237,
      0.073101,
      0.041719,
      0.039035,
      0.037047,
      0.093227,
      0.076706,
      0.049436,
      0.028277,
      0.033559,
      0.097653,
      0.11222,
      0.095264,
      0.054339,
      0.098998
    ],
    "spectral_centroid": [
      1981.73,
      2366.02,
      2381.69,
      2377.42,
      1930.41,
      2044.43,
      2295.44,
      2317.95,
      2179.87,
      2128.93,
      2135.27,
      2421.44,
      2774.22,
      2727.67,
      2268.32,
      1930.96,
      2216.06
    ]
  }
}