{
  "id": "6a3cb503-d308-4a3b-9ba0-9c3094fbb7c9",
  "duration": 10.197,
  "pitch": {
    "mean": 529.08,
    "max": 1838.17,
    "std": 390.37,
    "max_mean_ratio": 3.47
  },
  "energy": {
    "mean": 0.015091,
    "max": 0.058175,
    "std": 0.010456,
    "rate_of_change": 0.005473
  },
  "speech_rate": {
    "chars_per_sec": 25.0,
    "words_per_sec": 4.74,
    "segment_count": 7
  },
  "spectral_centroid": {
    "mean": 1785.67
  },
  "timeseries": {
    "frame_sec": 0.5,
    "pitch": [
      612.55,
      571.61,
      823.38,
      721.12,
      375.55,
      334.77,
      462.27,
      367.64,
      427.69,
      302.22,
      561.23,
      489.09,
      980.75,
      382.38,
      463.51,
      553.83,
      494.38,
      487.79,
      608.04,
      316.48,
      721.12
    ],
    "energy": [
      0.009513,
      0.008727,
      0.005279,
      0.007424,
      0.016913,
      0.00579,
      0.004661,
      0.008842,
      0.016685,
      0.012558,
      0.022275,
      0.012821,
      0.004732,
      0.011344,
      0.020834,
      0.016949,
      0.022918,
      0.020367,
      0.039261,
      0.01855,
      0.021201
    ],
    "spectral_centroid": [
      1570.82,
      2086.58,
      2030.65,
      2016.09,
      1521.95,
      1807.07,
      1817.03,
      1988.52,
      1616.21,
      1869.8,
      1768.7,
      2273.23,
      1986.6,
      1604.47,
      1586.9,
      1901.76,
      1699.61,
      1302.0,
      1538.22,
      1864.13,
      1600.03
    ]
  }
}