{
  "id": "6a3c51f2-cab3-4312-9c0c-be793527b690",
  "duration": 10.411,
  "pitch": {
    "mean": 229.88,
    "max": 864.82,
    "std": 206.93,
    "max_mean_ratio": 3.76
  },
  "energy": {
    "mean": 0.056092,
    "max": 0.177019,
    "std": 0.030612,
    "rate_of_change": 0.014951
  },
  "speech_rate": {
    "chars_per_sec": 12.85,
    "words_per_sec": 2.39,
    "segment_count": 10
  },
  "spectral_centroid": {
    "mean": 1938.86
  },
  "timeseries": {
    "frame_sec": 0.5,
    "pitch": [
      329.18,
      500.83,
      219.94,
      133.32,
      144.27,
      153.33,
      302.21,
      193.7,
      189.38,
      211.4,
      140.24,
      112.91,
      125.29,
      266.94,
      133.99,
      116.81,
      221.67,
      357.46,
      366.16,
      512.43,
      254.14
    ],
    "energy": [
      0.043361,
      0.052129,
      0.054782,
      0.043817,
      0.03258,
      0.040975,
      0.03952,
      0.044293,
      0.042551,
      0.041681,
      0.0409,
      0.032157,
      0.040017,
      0.048484,
      0.037561,
      0.048531,
      0.064695,
      0.085357,
      0.117757,
      0.127191,
      0.046718
    ],
    "spectral_centroid": [
      1897.9,
      1945.04,
      2053.36,
      2173.81,
      2147.1,
      2153.88,
      1826.08,
      1802.09,
      1746.57,
      2095.53,
      1878.14,
      1780.46,
      1828.55,
      1524.48,
      1915.92,
      1863.09,
      1779.21,
      1967.66,
      1991.5,
      2129.59,
      2171.16
    ]
  }
}