{
  "id": "6a5e79e4-81e9-4273-b915-129020fcbac8",
  "duration": 15.659,
  "pitch": {
    "mean": 418.5,
    "max": 1289.74,
    "std": 272.73,
    "max_mean_ratio": 3.08
  },
  "energy": {
    "mean": 0.059634,
    "max": 0.1835,
    "std": 0.036126,
    "rate_of_change": 0.011322
  },
  "speech_rate": {
    "chars_per_sec": 11.2,
    "words_per_sec": 1.98,
    "segment_count": 5
  },
  "spectral_centroid": {
    "mean": 1796.13
  },
  "timeseries": {
    "frame_sec": 0.5,
    "pitch": [
      493.21,
      360.84,
      178.63,
      528.36,
      410.77,
      633.93,
      579.73,
      381.09,
      463.94,
      470.4,
      498.32,
      511.32,
      362.65,
      318.76,
      140.09,
      154.26,
      635.47,
      456.29,
      121.08,
      432.41,
      358.26,
      589.23,
      598.54,
      551.25,
      504.43,
      108.52,
      110.66,
      258.94,
      634.95,
      467.79,
      440.43,
      364.05
    ],
    "energy": [
      0.066866,
      0.047174,
      0.021448,
      0.075711,
      0.049799,
      0.103782,
      0.056869,
      0.051918,
      0.060794,
      0.059313,
      0.070021,
      0.103955,
      0.062398,
      0.030851,
      0.01692,
      0.014432,
      0.062777,
      0.037504,
      0.017307,
      0.053135,
      0.041993,
      0.084673,
      0.089579,
      0.076249,
      0.089307,
      0.022012,
      0.036703,
      0.061732,
      0.083848,
      0.065798,
      0.061707,
      0.017622
    ],
    "spectral_centroid": [
      1586.55,
      1627.21,
      1672.34,
      1867.62,
      1744.18,
      1716.07,
      1624.18,
      2141.72,
      1713.3,
      1840.55,
      1910.05,
      1638.85,
      1721.43,
      1609.29,
      1600.65,
      2188.22,
      1891.11,
      1524.39,
      1886.04,
      1649.0,
      1573.67,
      1790.23,
      1783.32,
      1761.39,
      1987.1,
      1743.23,
      1648.21,
      2062.7,
      1722.62,
      1968.39,
      2256.91,
      2377.16
    ]
  }
}