{
  "id": "6a652e27-11a3-4ef5-9876-dc74dabe6a09",
  "duration": 7.787,
  "pitch": {
    "mean": 415.29,
    "max": 1042.66,
    "std": 205.85,
    "max_mean_ratio": 2.51
  },
  "energy": {
    "mean": 0.106269,
    "max": 0.2834,
    "std": 0.053998,
    "rate_of_change": 0.034705
  },
  "speech_rate": {
    "chars_per_sec": 11.73,
    "words_per_sec": 2.06,
    "segment_count": 2
  },
  "spectral_centroid": {
    "mean": 1445.23
  },
  "timeseries": {
    "frame_sec": 0.5,
    "pitch": [
      286.49,
      492.46,
      512.73,
      378.09,
      314.98,
      331.03,
      491.53,
      492.97,
      434.66,
      428.27,
      415.15,
      435.06,
      107.87,
      484.59,
      563.56,
      505.04
    ],
    "energy": [
      0.061923,
      0.130542,
      0.114988,
      0.111246,
      0.085907,
      0.113089,
      0.116316,
      0.105099,
      0.093812,
      0.040471,
      0.114241,
      0.101487,
      0.0361,
      0.143356,
      0.152637,
      0.098327
    ],
    "spectral_centroid": [
      1404.04,
      1242.72,
      1405.43,
      1495.18,
      1208.87,
      1216.06,
      1351.06,
      1204.98,
      1773.07,
      1302.96,
      1393.82,
      1500.45,
      2099.38,
      1524.11,
      1525.03,
      1570.07
    ]
  }
}