{
  "id": "6a6a8043-b8c1-4a43-b786-d822867c28fa",
  "duration": 10.112,
  "pitch": {
    "mean": 450.24,
    "max": 2085.15,
    "std": 425.34,
    "max_mean_ratio": 4.63
  },
  "energy": {
    "mean": 0.062817,
    "max": 0.240227,
    "std": 0.05088,
    "rate_of_change": 0.02273
  },
  "speech_rate": {
    "chars_per_sec": 13.16,
    "words_per_sec": 2.13,
    "segment_count": 9
  },
  "spectral_centroid": {
    "mean": 2281.98
  },
  "timeseries": {
    "frame_sec": 0.5,
    "pitch": [
      92.43,
      157.43,
      386.02,
      487.29,
      445.12,
      142.51,
      327.76,
      684.24,
      604.35,
      708.99,
      519.7,
      429.91,
      148.48,
      383.29,
      561.56,
      255.03,
      328.79,
      678.03,
      787.12,
      898.27,
      465.32
    ],
    "energy": [
      0.013533,
      0.014178,
      0.067868,
      0.065504,
      0.07006,
      0.020583,
      0.051768,
      0.085455,
      0.040699,
      0.069409,
      0.066921,
      0.063455,
      0.023981,
      0.051145,
      0.038372,
      0.019279,
      0.024422,
      0.124084,
      0.142343,
      0.146901,
      0.07181
    ],
    "spectral_centroid": [
      1827.23,
      2137.28,
      2195.5,
      2160.73,
      2220.11,
      2306.1,
      2825.86,
      2956.49,
      2627.79,
      2854.08,
      2455.07,
      2302.17,
      2151.29,
      2437.67,
      1757.89,
      1738.53,
      2117.48,
      2127.15,
      2251.19,
      2142.38,
      2075.18
    ]
  }
}