{
  "id": "6a838b86-0efe-4da8-8cbe-d8974d632231",
  "duration": 7.637,
  "pitch": {
    "mean": 310.71,
    "max": 1692.22,
    "std": 284.82,
    "max_mean_ratio": 5.45
  },
  "energy": {
    "mean": 0.090652,
    "max": 0.349614,
    "std": 0.083077,
    "rate_of_change": 0.044975
  },
  "speech_rate": {
    "chars_per_sec": 11.55,
    "words_per_sec": 1.97,
    "segment_count": 7
  },
  "spectral_centroid": {
    "mean": 1825.93
  },
  "timeseries": {
    "frame_sec": 0.5,
    "pitch": [
      289.77,
      345.16,
      234.71,
      268.34,
      580.16,
      378.53,
      330.62,
      97.45,
      114.31,
      310.85,
      344.91,
      552.66,
      498.08,
      265.25,
      371.78,
      336.09
    ],
    "energy": [
      0.099289,
      0.069174,
      0.074063,
      0.088917,
      0.041942,
      0.148406,
      0.118411,
      0.008097,
      0.013951,
      0.121797,
      0.079576,
      0.155224,
      0.021915,
      0.092377,
      0.167594,
      0.059829
    ],
    "spectral_centroid": [
      1523.51,
      1486.38,
      1944.78,
      1972.89,
      1588.11,
      1821.03,
      1842.62,
      1891.4,
      1927.86,
      1655.07,
      2063.66,
      1978.34,
      2384.52,
      1706.96,
      1507.49,
      2077.72
    ]
  }
}