{
  "id": "6b316ab2-e6c2-4d14-ab60-faf8130da790",
  "duration": 10.731,
  "pitch": {
    "mean": 439.06,
    "max": 1654.78,
    "std": 371.26,
    "max_mean_ratio": 3.77
  },
  "energy": {
    "mean": 0.07977,
    "max": 0.166618,
    "std": 0.043657,
    "rate_of_change": 0.015034
  },
  "speech_rate": {
    "chars_per_sec": 10.63,
    "words_per_sec": 1.87,
    "segment_count": 7
  },
  "spectral_centroid": {
    "mean": 2032.72
  },
  "timeseries": {
    "frame_sec": 0.5,
    "pitch": [
      286.65,
      165.6,
      377.99,
      339.37,
      405.07,
      214.83,
      143.94,
      173.57,
      549.42,
      243.48,
      179.35,
      561.84,
      339.43,
      371.77,
      736.26,
      775.06,
      1216.91,
      852.92,
      279.89,
      391.69,
      622.08,
      432.14
    ],
    "energy": [
      0.055514,
      0.048093,
      0.069602,
      0.064182,
      0.075399,
      0.018154,
      0.022283,
      0.039243,
      0.079213,
      0.086679,
      0.038563,
      0.088229,
      0.100347,
      0.101706,
      0.134141,
      0.097164,
      0.124501,
      0.138867,
      0.087777,
      0.071268,
      0.075603,
      0.054183
    ],
    "spectral_centroid": [
      1970.19,
      1716.9,
      2097.17,
      2222.15,
      2350.79,
      1889.66,
      1959.17,
      1790.42,
      2117.41,
      1698.01,
      2761.65,
      2326.25,
      2144.72,
      2384.18,
      1818.12,
      2333.54,
      2135.78,
      1732.35,
      1682.69,
      1764.57,
      1532.3,
      2454.08
    ]
  }
}