{
  "id": "6b818c8c-c6a1-4c09-a886-7510767d80ca",
  "duration": 11.221,
  "pitch": {
    "mean": 342.78,
    "max": 1025.27,
    "std": 240.34,
    "max_mean_ratio": 2.99
  },
  "energy": {
    "mean": 0.054942,
    "max": 0.143218,
    "std": 0.030589,
    "rate_of_change": 0.012051
  },
  "speech_rate": {
    "chars_per_sec": 14.26,
    "words_per_sec": 2.58,
    "segment_count": 2
  },
  "spectral_centroid": {
    "mean": 1942.09
  },
  "timeseries": {
    "frame_sec": 0.5,
    "pitch": [
      391.88,
      391.37,
      290.69,
      110.78,
      269.45,
      333.0,
      643.55,
      434.2,
      312.08,
      214.25,
      262.77,
      179.99,
      313.04,
      395.94,
      342.68,
      333.15,
      215.08,
      296.44,
      270.24,
      535.6,
      680.91,
      303.73,
      212.24
    ],
    "energy": [
      0.039059,
      0.036779,
      0.039536,
      0.020671,
      0.036726,
      0.059636,
      0.093061,
      0.068025,
      0.033863,
      0.061939,
      0.043421,
      0.035751,
      0.049809,
      0.073134,
      0.055373,
      0.059896,
      0.048655,
      0.035419,
      0.049457,
      0.08879,
      0.106829,
      0.035859,
      0.022268
    ],
    "spectral_centroid": [
      2133.4,
      1884.18,
      1876.95,
      2335.4,
      2110.28,
      1862.17,
      2110.77,
      2006.14,
      1483.62,
      1481.22,
      1613.14,
      1825.9,
      1697.25,
      2225.3,
      2158.97,
      1907.35,
      1500.99,
      1932.99,
      2105.68,
      1911.9,
      2402.97,
      2151.8,
      1997.56
    ]
  }
}