{
  "id": "6b92262f-f4c1-4ac8-9d9f-a42815670839",
  "duration": 11.264,
  "pitch": {
    "mean": 495.79,
    "max": 2046.97,
    "std": 456.01,
    "max_mean_ratio": 4.13
  },
  "energy": {
    "mean": 0.075488,
    "max": 0.430603,
    "std": 0.072858,
    "rate_of_change": 0.037511
  },
  "speech_rate": {
    "chars_per_sec": 16.63,
    "words_per_sec": 2.97,
    "segment_count": 3
  },
  "spectral_centroid": {
    "mean": 2170.45
  },
  "timeseries": {
    "frame_sec": 0.5,
    "pitch": [
      586.99,
      452.51,
      528.79,
      445.13,
      646.79,
      692.27,
      177.13,
      134.21,
      209.11,
      184.81,
      265.5,
      626.82,
      626.37,
      461.26,
      678.77,
      418.31,
      579.33,
      498.37,
      697.31,
      868.94,
      612.15,
      599.31,
      370.28
    ],
    "energy": [
      0.084867,
      0.043489,
      0.050371,
      0.046869,
      0.051695,
      0.030679,
      0.019186,
      0.019579,
      0.012418,
      0.012871,
      0.018978,
      0.194175,
      0.107287,
      0.048374,
      0.127735,
      0.054022,
      0.07965,
      0.061011,
      0.114225,
      0.113439,
      0.179896,
      0.088357,
      0.109542
    ],
    "spectral_centroid": [
      1832.54,
      2499.04,
      2176.92,
      2179.4,
      2323.94,
      2310.34,
      2205.35,
      2191.12,
      2142.36,
      2340.67,
      2522.19,
      1597.4,
      2074.5,
      1655.76,
      2063.77,
      2196.73,
      2218.74,
      2259.66,
      1977.23,
      2192.76,
      2533.04,
      2164.32,
      2114.8
    ]
  }
}