{
  "id": "6bf8bcf1-544a-4e6f-8970-ea952e1cc24c",
  "duration": 5.952,
  "pitch": {
    "mean": 488.5,
    "max": 1761.05,
    "std": 323.26,
    "max_mean_ratio": 3.6
  },
  "energy": {
    "mean": 0.048064,
    "max": 0.157521,
    "std": 0.033178,
    "rate_of_change": 0.02468
  },
  "speech_rate": {
    "chars_per_sec": 12.84,
    "words_per_sec": 1.86,
    "segment_count": 2
  },
  "spectral_centroid": {
    "mean": 1931.51
  },
  "timeseries": {
    "frame_sec": 0.5,
    "pitch": [
      616.33,
      305.77,
      217.97,
      453.57,
      515.26,
      582.38,
      446.53,
      510.03,
      509.74,
      466.97,
      711.73,
      540.21
    ],
    "energy": [
      0.014171,
      0.019632,
      0.018264,
      0.04837,
      0.073121,
      0.043874,
      0.03817,
      0.039952,
      0.046742,
      0.055823,
      0.074747,
      0.073044
    ],
    "spectral_centroid": [
      2081.37,
      2115.81,
      1975.75,
      1837.22,
      1616.68,
      1767.24,
      1874.22,
      1857.76,
      1767.93,
      2151.69,
      2056.81,
      2029.38
    ]
  }
}