{
  "id": "6c09ff52-3852-42e7-8ed1-6d5647709920",
  "duration": 14.037,
  "pitch": {
    "mean": 492.64,
    "max": 1973.23,
    "std": 408.36,
    "max_mean_ratio": 4.01
  },
  "energy": {
    "mean": 0.066018,
    "max": 0.230732,
    "std": 0.048266,
    "rate_of_change": 0.01594
  },
  "speech_rate": {
    "chars_per_sec": 8.42,
    "words_per_sec": 1.67,
    "segment_count": 4
  },
  "spectral_centroid": {
    "mean": 1881.05
  },
  "timeseries": {
    "frame_sec": 0.5,
    "pitch": [
      93.2,
      127.88,
      522.88,
      521.63,
      550.53,
      534.38,
      463.16,
      101.87,
      99.31,
      121.42,
      178.34,
      577.87,
      587.42,
      382.2,
      136.38,
      129.28,
      319.75,
      484.83,
      452.73,
      826.8,
      766.64,
      819.11,
      574.68,
      950.96,
      637.62,
      1005.69,
      843.17,
      887.16,
      156.17
    ],
    "energy": [
      0.013538,
      0.018067,
      0.092195,
      0.074798,
      0.071082,
      0.062053,
      0.039405,
      0.014178,
      0.016106,
      0.018449,
      0.023362,
      0.079835,
      0.097822,
      0.055735,
      0.016919,
      0.019038,
      0.054942,
      0.081223,
      0.0963,
      0.078532,
      0.129418,
      0.0909,
      0.127648,
      0.082477,
      0.116232,
      0.077369,
      0.100324,
      0.019003,
      0.008744
    ],
    "spectral_centroid": [
      1611.77,
      1471.25,
      1650.06,
      1881.9,
      2128.87,
      1706.78,
      2195.48,
      1751.16,
      1954.78,
      1697.16,
      1498.6,
      2166.7,
      1753.3,
      1770.99,
      1696.4,
      2015.96,
      1844.25,
      1895.09,
      2216.19,
      2124.82,
      1788.55,
      1807.53,
      2026.57,
      2084.64,
      1919.61,
      2216.7,
      1947.71,
      1962.82,
      1847.17
    ]
  }
}