{
  "id": "6c4c2f4d-a109-43a2-bf74-2ceb137b9c41",
  "duration": 14.805,
  "pitch": {
    "mean": 530.99,
    "max": 2089.59,
    "std": 509.69,
    "max_mean_ratio": 3.94
  },
  "energy": {
    "mean": 0.222303,
    "max": 0.617618,
    "std": 0.166293,
    "rate_of_change": 0.039814
  },
  "speech_rate": {
    "chars_per_sec": 10.82,
    "words_per_sec": 2.12,
    "segment_count": 7
  },
  "spectral_centroid": {
    "mean": 2086.64
  },
  "timeseries": {
    "frame_sec": 0.5,
    "pitch": [
      330.5,
      148.53,
      329.92,
      570.72,
      403.54,
      443.23,
      477.78,
      419.04,
      553.72,
      604.08,
      310.26,
      734.17,
      383.26,
      174.21,
      311.43,
      421.92,
      408.79,
      599.58,
      412.04,
      453.79,
      418.9,
      421.89,
      452.2,
      191.96,
      687.73,
      966.92,
      1527.14,
      753.42,
      630.63,
      702.02
    ],
    "energy": [
      0.059616,
      0.052368,
      0.241329,
      0.262878,
      0.046552,
      0.047326,
      0.210002,
      0.266774,
      0.270409,
      0.048313,
      0.071112,
      0.306135,
      0.075931,
      0.107531,
      0.312668,
      0.161265,
      0.284419,
      0.283674,
      0.327898,
      0.249988,
      0.236363,
      0.061684,
      0.073676,
      0.078613,
      0.237445,
      0.465569,
      0.424212,
      0.432521,
      0.345506,
      0.446638
    ],
    "spectral_centroid": [
      2039.7,
      1893.42,
      2146.33,
      1892.22,
      1806.67,
      1874.58,
      2215.83,
      1517.47,
      1601.92,
      2307.19,
      1948.17,
      1891.19,
      1886.94,
      1978.21,
      2129.47,
      2233.73,
      1967.66,
      2671.18,
      2270.98,
      2563.93,
      1911.63,
      1931.08,
      1972.53,
      1738.51,
      2269.13,
      2766.57,
      2435.07,
      2023.81,
      2821.84,
      1558.15
    ]
  }
}