{
  "id": "6c9173fa-0bf7-4a3d-a8a9-edb3730867b4",
  "duration": 18.176,
  "pitch": {
    "mean": 370.73,
    "max": 2083.58,
    "std": 284.93,
    "max_mean_ratio": 5.62
  },
  "energy": {
    "mean": 0.056425,
    "max": 0.190083,
    "std": 0.038532,
    "rate_of_change": 0.010085
  },
  "speech_rate": {
    "chars_per_sec": 7.05,
    "words_per_sec": 1.16,
    "segment_count": 4
  },
  "spectral_centroid": {
    "mean": 1858.48
  },
  "timeseries": {
    "frame_sec": 0.5,
    "pitch": [
      291.18,
      453.46,
      284.21,
      244.98,
      235.52,
      247.73,
      379.3,
      522.23,
      380.83,
      268.93,
      401.95,
      307.11,
      350.33,
      558.1,
      412.65,
      420.61,
      476.0,
      693.44,
      389.83,
      146.22,
      308.93,
      653.69,
      501.31,
      466.09,
      418.03,
      212.67,
      279.53,
      203.2,
      333.88,
      387.8,
      604.79,
      297.57,
      672.96,
      130.11,
      331.03,
      234.72,
      282.33
    ],
    "energy": [
      0.038884,
      0.066447,
      0.037944,
      0.113772,
      0.069455,
      0.09581,
      0.087081,
      0.019583,
      0.016939,
      0.044272,
      0.060673,
      0.064474,
      0.049494,
      0.078534,
      0.053958,
      0.069355,
      0.022977,
      0.013185,
      0.017439,
      0.03205,
      0.060219,
      0.014666,
      0.011613,
      0.020642,
      0.027032,
      0.06103,
      0.067717,
      0.057568,
      0.047213,
      0.049153,
      0.066911,
      0.038294,
      0.099975,
      0.095192,
      0.076619,
      0.085257,
      0.086876
    ],
    "spectral_centroid": [
      2281.1,
      1687.59,
      2198.73,
      2400.37,
      1495.77,
      1616.03,
      1656.74,
      1762.66,
      1972.38,
      1961.91,
      1752.34,
      2142.19,
      2758.56,
      1823.38,
      1415.59,
      2054.1,
      1936.82,
      1661.72,
      1897.62,
      1796.32,
      1962.37,
      2039.86,
      1894.25,
      2080.52,
      2015.67,
      1496.78,
      1380.84,
      1582.74,
      1713.13,
      1660.22,
      1914.26,
      1872.37,
      1748.47,
      1238.5,
      1822.49,
      2079.65,
      1920.59
    ]
  }
}