{
  "id": "6cae5d76-a41c-46ec-8ad1-6657fa8c5c6c",
  "duration": 11.712,
  "pitch": {
    "mean": 377.82,
    "max": 1241.64,
    "std": 193.29,
    "max_mean_ratio": 3.29
  },
  "energy": {
    "mean": 0.074442,
    "max": 0.245939,
    "std": 0.056554,
    "rate_of_change": 0.020437
  },
  "speech_rate": {
    "chars_per_sec": 19.57,
    "words_per_sec": 3.42,
    "segment_count": 1
  },
  "spectral_centroid": {
    "mean": 1435.71
  },
  "timeseries": {
    "frame_sec": 0.5,
    "pitch": [
      428.06,
      404.34,
      136.78,
      307.21,
      474.45,
      239.97,
      202.84,
      188.08,
      447.48,
      298.97,
      264.84,
      445.36,
      505.99,
      314.73,
      424.49,
      359.33,
      462.46,
      468.65,
      509.98,
      400.02,
      242.96,
      558.2,
      524.2,
      378.32
    ],
    "energy": [
      0.051664,
      0.041591,
      0.012107,
      0.0782,
      0.092058,
      0.028338,
      0.02874,
      0.017719,
      0.033994,
      0.031522,
      0.02467,
      0.072028,
      0.075816,
      0.058582,
      0.079343,
      0.071424,
      0.114674,
      0.1169,
      0.138155,
      0.130578,
      0.044965,
      0.153682,
      0.135102,
      0.077305
    ],
    "spectral_centroid": [
      1202.96,
      1249.43,
      1578.45,
      1724.06,
      1424.69,
      1789.39,
      1437.6,
      1456.49,
      1478.44,
      1479.26,
      1230.68,
      1479.4,
      1251.85,
      1693.19,
      1624.98,
      1534.12,
      1181.34,
      1152.71,
      1344.44,
      1424.37,
      2121.29,
      1218.22,
      1294.9,
      980.48
    ]
  }
}