{
  "id": "6d0b6de1-004d-4c76-b95e-4d0a0143ef25",
  "duration": 38.592,
  "pitch": {
    "mean": 457.25,
    "max": 2079.31,
    "std": 376.74,
    "max_mean_ratio": 4.55
  },
  "energy": {
    "mean": 0.062385,
    "max": 0.126225,
    "std": 0.035329,
    "rate_of_change": 0.00326
  },
  "speech_rate": {
    "chars_per_sec": 15.74,
    "words_per_sec": 3.22,
    "segment_count": 14
  },
  "spectral_centroid": {
    "mean": 2043.97
  },
  "timeseries": {
    "frame_sec": 0.5,
    "pitch": [
      140.96,
      439.27,
      442.42,
      229.95,
      179.77,
      137.09,
      150.57,
      322.14,
      343.63,
      307.98,
      307.78,
      1223.69,
      426.57,
      429.3,
      645.38,
      524.38,
      559.79,
      406.79,
      376.53,
      458.0,
      521.81,
      679.46,
      388.9,
      599.69,
      750.98,
      430.07,
      408.5,
      184.22,
      365.51,
      334.42,
      275.99,
      271.59,
      489.45,
      410.95,
      234.12,
      957.23,
      456.77,
      582.35,
      401.15,
      280.24,
      355.93,
      322.56,
      662.09,
      466.52,
      318.23,
      699.57,
      135.25,
      322.36,
      447.13,
      482.39,
      384.97,
      620.37,
      529.77,
      735.69,
      646.22,
      666.34,
      779.42,
      527.07,
      604.02,
      544.63,
      590.41,
      475.0,
      771.65,
      617.67,
      645.8,
      443.3,
      432.79,
      291.64,
      371.98,
      283.04,
      259.91,
      307.42,
      538.54,
      687.69,
      430.27,
      406.22,
      519.29,
      642.89
    ],
    "energy": [
      0.015691,
      0.060567,
      0.072036,
      0.027533,
      0.00897,
      0.010277,
      0.010452,
      0.050572,
      0.089401,
      0.084356,
      0.081402,
      0.03528,
      0.065299,
      0.056159,
      0.095648,
      0.07632,
      0.049297,
      0.074492,
      0.08272,
      0.059069,
      0.071671,
      0.08178,
      0.059115,
      0.081866,
      0.044728,
      0.061422,
      0.059405,
      0.025881,
      0.075054,
      0.088682,
      0.08535,
      0.080329,
      0.049342,
      0.006495,
      0.008507,
      0.005526,
      0.018298,
      0.080834,
      0.059307,
      0.068911,
      0.061013,
      0.068468,
      0.082435,
      0.053969,
      0.028403,
      0.034837,
      0.01979,
      0.030446,
      0.080428,
      0.077328,
      0.068618,
      0.081697,
      0.100153,
      0.08206,
      0.096729,
      0.069318,
      0.09059,
      0.055991,
      0.044598,
      0.074806,
      0.0488,
      0.061613,
      0.050518,
      0.066314,
      0.082752,
      0.021508,
      0.073287,
      0.075476,
      0.091586,
      0.073385,
      0.053838,
      0.042123,
      0.060529,
      0.075531,
      0.059208,
      0.06505,
      0.057717,
      0.056854
    ],
    "spectral_centroid": [
      2152.5,
      1774.8,
      1612.87,
      1426.87,
      2626.31,
      2077.0,
      1769.04,
      1139.17,
      1265.63,
      1881.22,
      2546.01,
      2734.87,
      2228.42,
      1894.44,
      1835.87,
      2098.63,
      2865.62,
      2159.01,
      2321.96,
      2621.43,
      1723.26,
      1605.22,
      2911.23,
      1743.62,
      2562.32,
      1799.62,
      1833.76,
      1926.99,
      1892.27,
      1677.09,
      1532.54,
      1379.41,
      1891.06,
      2392.13,
      2685.75,
      2489.78,
      1842.6,
      1664.83,
      2159.21,
      2253.33,
      1448.63,
      1534.0,
      1542.09,
      1798.86,
      2013.39,
      1612.67,
      2262.57,
      1877.56,
      1433.48,
      1757.69,
      2062.58,
      2218.82,
      1766.53,
      1929.82,
      1736.18,
      2884.34,
      2679.59,
      2134.81,
      1656.48,
      1966.36,
      3105.99,
      3121.48,
      2804.77,
      2147.96,
      2349.21,
      2674.17,
      1986.69,
      2275.16,
      1382.48,
      2206.26,
      2364.11,
      1828.83,
      2357.71,
      1391.93,
      1826.73,
      1986.56,
      2008.57,
      1727.66
    ]
  }
}