{
  "id": "6d435064-cb01-486e-a6fd-c28eb37be130",
  "duration": 14.165,
  "pitch": {
    "mean": 450.22,
    "max": 2060.96,
    "std": 271.33,
    "max_mean_ratio": 4.58
  },
  "energy": {
    "mean": 0.089457,
    "max": 0.345246,
    "std": 0.064212,
    "rate_of_change": 0.024224
  },
  "speech_rate": {
    "chars_per_sec": 15.94,
    "words_per_sec": 2.73,
    "segment_count": 4
  },
  "spectral_centroid": {
    "mean": 2037.79
  },
  "timeseries": {
    "frame_sec": 0.5,
    "pitch": [
      663.18,
      532.54,
      496.45,
      423.78,
      413.51,
      525.41,
      293.1,
      353.23,
      497.6,
      619.42,
      458.56,
      407.49,
      397.04,
      156.61,
      95.45,
      143.14,
      509.55,
      505.98,
      354.1,
      510.96,
      495.99,
      876.88,
      392.21,
      270.67,
      518.51,
      689.38,
      545.75,
      372.42,
      115.21
    ],
    "energy": [
      0.112458,
      0.128051,
      0.100494,
      0.11753,
      0.093147,
      0.089404,
      0.038097,
      0.095873,
      0.095282,
      0.108759,
      0.12359,
      0.102439,
      0.063458,
      0.007422,
      0.007431,
      0.019827,
      0.090801,
      0.132151,
      0.086012,
      0.091525,
      0.087895,
      0.104012,
      0.049771,
      0.093742,
      0.133056,
      0.246965,
      0.005794,
      0.003879,
      0.002468
    ],
    "spectral_centroid": [
      2052.01,
      1878.05,
      1746.19,
      1853.16,
      2079.13,
      2201.1,
      1984.91,
      2440.1,
      1913.86,
      1512.84,
      1840.53,
      1694.52,
      1961.43,
      2553.87,
      1627.89,
      2410.02,
      1632.86,
      1502.15,
      2003.05,
      1478.2,
      2325.74,
      2259.26,
      2656.18,
      2711.42,
      2648.47,
      2234.08,
      2304.97,
      1845.93,
      1529.03
    ]
  }
}