{
  "id": "6daf94df-519a-4ce3-a304-7b132074ba9e",
  "duration": 16.896,
  "pitch": {
    "mean": 374.18,
    "max": 1846.01,
    "std": 319.48,
    "max_mean_ratio": 4.93
  },
  "energy": {
    "mean": 0.054378,
    "max": 0.151193,
    "std": 0.027688,
    "rate_of_change": 0.007967
  },
  "speech_rate": {
    "chars_per_sec": 17.42,
    "words_per_sec": 2.9,
    "segment_count": 9
  },
  "spectral_centroid": {
    "mean": 1923.97
  },
  "timeseries": {
    "frame_sec": 0.5,
    "pitch": [
      165.85,
      141.26,
      135.92,
      392.81,
      390.66,
      203.46,
      307.99,
      474.11,
      313.24,
      574.08,
      306.11,
      235.32,
      207.89,
      125.23,
      195.65,
      517.1,
      461.72,
      330.71,
      115.6,
      128.56,
      535.72,
      455.54,
      511.11,
      499.5,
      460.29,
      502.05,
      252.85,
      999.58,
      464.71,
      742.93,
      276.76,
      554.42,
      397.0,
      413.97
    ],
    "energy": [
      0.04779,
      0.041326,
      0.049649,
      0.054318,
      0.029532,
      0.046883,
      0.042607,
      0.051107,
      0.049657,
      0.078129,
      0.03992,
      0.040676,
      0.028653,
      0.037832,
      0.038912,
      0.051619,
      0.042685,
      0.035547,
      0.035584,
      0.036083,
      0.037231,
      0.058227,
      0.100206,
      0.088961,
      0.02974,
      0.056817,
      0.064976,
      0.115412,
      0.05059,
      0.052874,
      0.048182,
      0.061431,
      0.067336,
      0.061762
    ],
    "spectral_centroid": [
      2258.6,
      2037.36,
      2201.7,
      1655.96,
      1963.56,
      1663.29,
      1638.53,
      1486.73,
      1846.9,
      1779.59,
      1536.25,
      1858.44,
      1856.39,
      1873.65,
      1944.19,
      2357.95,
      2129.08,
      2078.45,
      1289.82,
      1896.82,
      2179.92,
      2293.69,
      1641.4,
      1756.46,
      2388.02,
      2298.8,
      2054.57,
      2098.34,
      2166.5,
      2103.91,
      1985.62,
      1777.33,
      1607.62,
      1501.2
    ]
  }
}