{
  "id": "6dbb7d07-9e46-48e6-8f16-f123928c5ba3",
  "duration": 8.747,
  "pitch": {
    "mean": 347.64,
    "max": 2085.86,
    "std": 536.47,
    "max_mean_ratio": 6.0
  },
  "energy": {
    "mean": 0.044587,
    "max": 0.083994,
    "std": 0.01504,
    "rate_of_change": 0.007346
  },
  "speech_rate": {
    "chars_per_sec": 0.0,
    "words_per_sec": 0.0,
    "segment_count": 0
  },
  "spectral_centroid": {
    "mean": 2428.11
  },
  "timeseries": {
    "frame_sec": 0.5,
    "pitch": [
      530.6,
      382.63,
      154.53,
      100.29,
      104.15,
      211.38,
      176.48,
      128.54,
      152.22,
      135.45,
      244.44,
      260.21,
      629.94,
      1424.91,
      877.41,
      206.88,
      386.21,
      195.62
    ],
    "energy": [
      0.040953,
      0.039729,
      0.02803,
      0.034856,
      0.05331,
      0.046197,
      0.042544,
      0.029871,
      0.036306,
      0.031859,
      0.039805,
      0.038756,
      0.061136,
      0.063003,
      0.054324,
      0.04574,
      0.048149,
      0.024696
    ],
    "spectral_centroid": [
      2437.26,
      2370.17,
      2264.87,
      2408.25,
      2686.91,
      2816.3,
      2554.57,
      2497.56,
      2135.93,
      2357.73,
      2455.77,
      2544.15,
      2553.43,
      2806.68,
      2307.13,
      2163.75,
      2085.92,
      2026.71
    ]
  }
}