{
  "id": "6dd2b022-875f-4135-89c2-17ecb8776237",
  "duration": 15.595,
  "pitch": {
    "mean": 481.37,
    "max": 1209.24,
    "std": 223.58,
    "max_mean_ratio": 2.51
  },
  "energy": {
    "mean": 0.042384,
    "max": 0.112944,
    "std": 0.023519,
    "rate_of_change": 0.006677
  },
  "speech_rate": {
    "chars_per_sec": 13.34,
    "words_per_sec": 2.84,
    "segment_count": 2
  },
  "spectral_centroid": {
    "mean": 1664.04
  },
  "timeseries": {
    "frame_sec": 0.5,
    "pitch": [
      372.11,
      334.5,
      457.16,
      509.28,
      266.69,
      496.02,
      634.23,
      508.98,
      524.37,
      415.41,
      407.33,
      561.33,
      377.77,
      542.37,
      410.35,
      511.52,
      522.76,
      371.84,
      593.56,
      336.0,
      298.09,
      520.43,
      339.72,
      495.52,
      590.9,
      510.59,
      654.44,
      665.34,
      734.45,
      537.61,
      657.12,
      522.54
    ],
    "energy": [
      0.025383,
      0.054425,
      0.035411,
      0.036696,
      0.031513,
      0.026532,
      0.045842,
      0.032042,
      0.040304,
      0.022584,
      0.028135,
      0.046347,
      0.0298,
      0.049986,
      0.038913,
      0.035032,
      0.042189,
      0.035328,
      0.070152,
      0.020779,
      0.033127,
      0.030384,
      0.035911,
      0.045944,
      0.039175,
      0.029023,
      0.041759,
      0.061734,
      0.070557,
      0.065879,
      0.051276,
      0.016674
    ],
    "spectral_centroid": [
      1523.34,
      1449.69,
      1525.19,
      1560.85,
      1743.72,
      1599.92,
      1550.57,
      1887.76,
      1734.02,
      1730.82,
      1624.04,
      1479.6,
      1652.94,
      1702.24,
      1762.16,
      1618.98,
      1942.71,
      1782.41,
      1964.0,
      1739.73,
      2360.41,
      1465.17,
      1294.67,
      1316.79,
      1623.71,
      1898.4,
      1507.51,
      1908.56,
      1629.9,
      1552.99,
      1406.06,
      1741.69
    ]
  }
}