{
  "id": "6e348b6c-bc3e-4240-b4e1-8c6ad8739a0c",
  "duration": 8.747,
  "pitch": {
    "mean": 415.68,
    "max": 1779.74,
    "std": 364.07,
    "max_mean_ratio": 4.28
  },
  "energy": {
    "mean": 0.100423,
    "max": 0.335433,
    "std": 0.068853,
    "rate_of_change": 0.035925
  },
  "speech_rate": {
    "chars_per_sec": 18.36,
    "words_per_sec": 3.35,
    "segment_count": 6
  },
  "spectral_centroid": {
    "mean": 1772.99
  },
  "timeseries": {
    "frame_sec": 0.5,
    "pitch": [
      1100.09,
      478.76,
      531.08,
      414.06,
      375.7,
      163.54,
      146.16,
      364.33,
      469.12,
      384.39,
      457.43,
      388.38,
      362.85,
      358.09,
      373.01,
      405.43,
      466.46,
      169.63
    ],
    "energy": [
      0.050135,
      0.085259,
      0.112417,
      0.064932,
      0.085432,
      0.031566,
      0.033898,
      0.04484,
      0.090615,
      0.106957,
      0.101102,
      0.06774,
      0.101927,
      0.121455,
      0.199329,
      0.191369,
      0.157748,
      0.052321
    ],
    "spectral_centroid": [
      1903.67,
      1615.84,
      1636.01,
      1729.73,
      1536.58,
      1549.58,
      1623.18,
      1721.68,
      1761.17,
      1913.84,
      1672.27,
      2024.52,
      1895.4,
      1698.94,
      2085.66,
      1807.07,
      1929.89,
      1833.65
    ]
  }
}