{
  "id": "6e37daeb-fb0f-436e-a375-e6fcc8f8a4bb",
  "duration": 10.176,
  "pitch": {
    "mean": 380.35,
    "max": 1978.03,
    "std": 431.95,
    "max_mean_ratio": 5.2
  },
  "energy": {
    "mean": 0.073508,
    "max": 0.26319,
    "std": 0.068944,
    "rate_of_change": 0.024337
  },
  "speech_rate": {
    "chars_per_sec": 7.09,
    "words_per_sec": 1.28,
    "segment_count": 3
  },
  "spectral_centroid": {
    "mean": 2195.81
  },
  "timeseries": {
    "frame_sec": 0.5,
    "pitch": [
      331.26,
      148.93,
      147.99,
      133.0,
      302.04,
      310.9,
      362.5,
      252.87,
      106.52,
      150.36,
      307.12,
      150.46,
      667.41,
      1096.54,
      658.29,
      221.98,
      862.23,
      684.09,
      588.88,
      407.32,
      518.75
    ],
    "energy": [
      0.026639,
      0.023716,
      0.031329,
      0.051888,
      0.029686,
      0.058646,
      0.114983,
      0.080211,
      0.025718,
      0.038006,
      0.051444,
      0.075268,
      0.023786,
      0.019436,
      0.022935,
      0.027422,
      0.066785,
      0.219269,
      0.153274,
      0.220758,
      0.194134
    ],
    "spectral_centroid": [
      2556.51,
      2665.13,
      2088.04,
      1578.06,
      2136.98,
      1819.03,
      1847.0,
      2032.03,
      1993.7,
      2159.28,
      1966.77,
      2059.72,
      2809.08,
      2458.62,
      2594.31,
      2128.41,
      2553.29,
      1805.54,
      2579.47,
      2143.18,
      1944.87
    ]
  }
}