{
  "id": "6e532423-2c00-44a7-ad8f-88b2f8dc268a",
  "duration": 9.365,
  "pitch": {
    "mean": 404.52,
    "max": 1798.74,
    "std": 313.83,
    "max_mean_ratio": 4.45
  },
  "energy": {
    "mean": 0.051021,
    "max": 0.106231,
    "std": 0.016943,
    "rate_of_change": 0.00991
  },
  "speech_rate": {
    "chars_per_sec": 15.94,
    "words_per_sec": 3.25,
    "segment_count": 3
  },
  "spectral_centroid": {
    "mean": 2161.92
  },
  "timeseries": {
    "frame_sec": 0.5,
    "pitch": [
      177.28,
      260.69,
      492.55,
      577.44,
      367.16,
      550.34,
      538.79,
      290.8,
      217.53,
      273.53,
      185.52,
      503.21,
      613.21,
      472.07,
      430.2,
      242.21,
      426.92,
      281.16,
      441.27
    ],
    "energy": [
      0.053838,
      0.061338,
      0.048844,
      0.041689,
      0.048901,
      0.049999,
      0.047202,
      0.046229,
      0.042858,
      0.016601,
      0.030961,
      0.048629,
      0.056602,
      0.05616,
      0.054847,
      0.06831,
      0.054362,
      0.059336,
      0.041628
    ],
    "spectral_centroid": [
      2290.76,
      1967.18,
      2044.74,
      2180.15,
      2061.87,
      2103.45,
      1845.94,
      2687.35,
      2211.26,
      2108.01,
      2167.89,
      2259.95,
      2123.13,
      2142.36,
      1842.28,
      1936.61,
      2384.03,
      2140.29,
      2597.89
    ]
  }
}