{
  "id": "6eacc1cd-e959-49d3-970a-f1853a14cdb7",
  "duration": 19.733,
  "pitch": {
    "mean": 488.11,
    "max": 1919.06,
    "std": 335.69,
    "max_mean_ratio": 3.93
  },
  "energy": {
    "mean": 0.092734,
    "max": 0.303801,
    "std": 0.06429,
    "rate_of_change": 0.015101
  },
  "speech_rate": {
    "chars_per_sec": 15.82,
    "words_per_sec": 3.04,
    "segment_count": 18
  },
  "spectral_centroid": {
    "mean": 2050.49
  },
  "timeseries": {
    "frame_sec": 0.5,
    "pitch": [
      385.65,
      373.78,
      492.82,
      510.72,
      314.06,
      444.42,
      570.89,
      669.57,
      629.02,
      579.7,
      380.08,
      437.99,
      381.03,
      434.01,
      384.15,
      373.38,
      176.08,
      123.52,
      552.42,
      195.02,
      297.52,
      429.65,
      371.09,
      421.61,
      280.36,
      914.86,
      610.03,
      277.49,
      590.47,
      465.75,
      519.37,
      379.77,
      738.74,
      709.75,
      864.91,
      1380.95,
      307.11,
      456.94,
      358.07,
      437.24
    ],
    "energy": [
      0.07596,
      0.033847,
      0.081901,
      0.070527,
      0.081723,
      0.09206,
      0.13351,
      0.145622,
      0.144562,
      0.13258,
      0.066329,
      0.072804,
      0.074623,
      0.046382,
      0.051079,
      0.059765,
      0.017624,
      0.017367,
      0.076241,
      0.04788,
      0.063971,
      0.10896,
      0.060428,
      0.092005,
      0.082172,
      0.111182,
      0.112189,
      0.020314,
      0.138453,
      0.108286,
      0.109201,
      0.138219,
      0.195106,
      0.146488,
      0.147737,
      0.149929,
      0.008499,
      0.084353,
      0.062712,
      0.088799
    ],
    "spectral_centroid": [
      1782.41,
      1962.38,
      1956.96,
      1659.84,
      1787.44,
      1993.64,
      2231.78,
      2165.93,
      2055.82,
      2199.73,
      1812.61,
      1809.36,
      1787.32,
      1918.5,
      1900.68,
      2093.33,
      2777.91,
      2241.59,
      1651.61,
      1664.63,
      1489.57,
      2148.26,
      1999.7,
      1982.3,
      2053.33,
      2264.69,
      2059.94,
      2523.97,
      2302.26,
      2274.41,
      2009.05,
      1787.22,
      2270.23,
      2226.89,
      2146.43,
      2281.61,
      2164.27,
      1972.49,
      2301.08,
      2107.51
    ]
  }
}