{
  "id": "6eeebe0e-9ee6-484e-9e40-55bb157161e3",
  "duration": 19.072,
  "pitch": {
    "mean": 434.09,
    "max": 1836.93,
    "std": 243.27,
    "max_mean_ratio": 4.23
  },
  "energy": {
    "mean": 0.069476,
    "max": 0.339781,
    "std": 0.051352,
    "rate_of_change": 0.017413
  },
  "speech_rate": {
    "chars_per_sec": 19.55,
    "words_per_sec": 3.85,
    "segment_count": 10
  },
  "spectral_centroid": {
    "mean": 1593.35
  },
  "timeseries": {
    "frame_sec": 0.5,
    "pitch": [
      244.91,
      402.52,
      332.24,
      194.4,
      405.93,
      411.97,
      395.93,
      404.36,
      505.69,
      415.09,
      427.04,
      500.83,
      400.66,
      340.38,
      374.12,
      446.64,
      416.11,
      449.94,
      497.22,
      475.43,
      496.92,
      434.55,
      644.57,
      304.04,
      451.3,
      486.53,
      568.91,
      593.28,
      418.33,
      369.79,
      463.35,
      307.51,
      659.66,
      411.35,
      530.88,
      382.62,
      395.31,
      441.57,
      246.3
    ],
    "energy": [
      0.024347,
      0.023038,
      0.01599,
      0.019961,
      0.038507,
      0.059613,
      0.054631,
      0.040883,
      0.045437,
      0.05209,
      0.050517,
      0.057922,
      0.072842,
      0.036625,
      0.045313,
      0.069152,
      0.064605,
      0.056689,
      0.072258,
      0.073195,
      0.069795,
      0.054828,
      0.086617,
      0.042822,
      0.101954,
      0.070445,
      0.08148,
      0.076703,
      0.060071,
      0.064201,
      0.082199,
      0.078137,
      0.21784,
      0.111594,
      0.104417,
      0.069636,
      0.068113,
      0.096676,
      0.033067
    ],
    "spectral_centroid": [
      1783.59,
      1834.01,
      2078.95,
      1788.75,
      1497.2,
      1259.35,
      1296.65,
      2279.3,
      1437.21,
      1549.17,
      1168.0,
      1853.57,
      1340.94,
      1749.94,
      1375.48,
      1471.68,
      1796.32,
      1896.82,
      1147.42,
      1098.6,
      1166.14,
      1647.11,
      1407.92,
      1474.71,
      1934.59,
      1739.21,
      1347.84,
      1936.0,
      1652.78,
      1398.05,
      1420.79,
      1681.8,
      1718.16,
      1526.79,
      1826.82,
      1467.61,
      1990.26,
      1582.14,
      1442.45
    ]
  }
}