{
  "id": "6ef686b4-9ef5-4f4c-bf55-64fccd3d625b",
  "duration": 11.499,
  "pitch": {
    "mean": 375.67,
    "max": 1781.74,
    "std": 327.93,
    "max_mean_ratio": 4.74
  },
  "energy": {
    "mean": 0.062983,
    "max": 0.208994,
    "std": 0.048035,
    "rate_of_change": 0.017615
  },
  "speech_rate": {
    "chars_per_sec": 8.91,
    "words_per_sec": 1.76,
    "segment_count": 6
  },
  "spectral_centroid": {
    "mean": 2073.38
  },
  "timeseries": {
    "frame_sec": 0.5,
    "pitch": [
      489.45,
      553.89,
      539.78,
      386.07,
      210.99,
      377.47,
      521.97,
      211.38,
      401.36,
      608.51,
      354.71,
      449.18,
      107.02,
      261.93,
      796.85,
      387.89,
      335.56,
      203.85,
      468.3,
      266.66,
      257.29,
      277.07,
      443.81
    ],
    "energy": [
      0.101882,
      0.109854,
      0.089199,
      0.074671,
      0.011759,
      0.091042,
      0.04734,
      0.01477,
      0.073143,
      0.083282,
      0.095239,
      0.066875,
      0.015476,
      0.027835,
      0.089488,
      0.094056,
      0.046304,
      0.037196,
      0.04261,
      0.04464,
      0.036859,
      0.033964,
      0.056108
    ],
    "spectral_centroid": [
      1735.45,
      2053.88,
      2686.33,
      2158.62,
      2346.45,
      2217.05,
      2268.49,
      1407.1,
      2007.07,
      1880.77,
      1943.03,
      1878.78,
      1898.64,
      1255.76,
      1948.58,
      2150.73,
      2375.61,
      1937.43,
      2379.18,
      2424.53,
      2269.16,
      2456.56,
      2040.57
    ]
  }
}