{
  "id": "6ef7f597-e71a-4bbc-a7d2-1b1c2431f4b6",
  "duration": 21.077,
  "pitch": {
    "mean": 418.78,
    "max": 2060.43,
    "std": 291.15,
    "max_mean_ratio": 4.92
  },
  "energy": {
    "mean": 0.069607,
    "max": 0.239986,
    "std": 0.043289,
    "rate_of_change": 0.011247
  },
  "speech_rate": {
    "chars_per_sec": 10.87,
    "words_per_sec": 2.09,
    "segment_count": 8
  },
  "spectral_centroid": {
    "mean": 1946.76
  },
  "timeseries": {
    "frame_sec": 0.5,
    "pitch": [
      319.06,
      154.41,
      393.91,
      380.4,
      391.7,
      339.9,
      502.7,
      452.93,
      441.57,
      272.24,
      436.03,
      495.8,
      568.39,
      450.51,
      354.02,
      293.54,
      300.82,
      524.29,
      348.39,
      353.34,
      262.6,
      183.38,
      323.68,
      213.82,
      267.35,
      628.97,
      467.76,
      427.48,
      718.83,
      611.88,
      581.65,
      339.9,
      467.7,
      610.18,
      464.25,
      357.21,
      428.21,
      165.45,
      514.32,
      604.91,
      363.31,
      489.17,
      825.02
    ],
    "energy": [
      0.055508,
      0.034542,
      0.121778,
      0.074578,
      0.075832,
      0.070823,
      0.101585,
      0.091768,
      0.029406,
      0.060156,
      0.081422,
      0.076018,
      0.098682,
      0.087995,
      0.006794,
      0.013365,
      0.035603,
      0.059725,
      0.048796,
      0.059353,
      0.039359,
      0.021169,
      0.052637,
      0.031971,
      0.004672,
      0.042354,
      0.087742,
      0.102484,
      0.102043,
      0.121331,
      0.101885,
      0.043784,
      0.078162,
      0.076356,
      0.071836,
      0.060324,
      0.055022,
      0.039537,
      0.075088,
      0.086562,
      0.089784,
      0.115469,
      0.101836
    ],
    "spectral_centroid": [
      1572.92,
      2016.94,
      1685.97,
      2326.3,
      2213.65,
      1873.61,
      2303.4,
      1934.84,
      1749.67,
      1706.15,
      1889.12,
      1559.21,
      1486.06,
      1987.74,
      1853.33,
      2305.38,
      2264.7,
      1729.2,
      1688.66,
      1340.75,
      1896.89,
      2343.4,
      1597.45,
      1841.06,
      2269.13,
      1456.89,
      1588.06,
      2131.56,
      1912.38,
      1844.2,
      1800.8,
      1881.31,
      1953.58,
      2457.84,
      2267.7,
      2260.52,
      1951.43,
      2053.49,
      1785.21,
      2547.2,
      2110.7,
      2458.33,
      1809.14
    ]
  }
}