{
  "id": "6efe9e4a-64ef-4642-9cf3-f7e8a97700dc",
  "duration": 10.752,
  "pitch": {
    "mean": 364.39,
    "max": 1289.43,
    "std": 204.49,
    "max_mean_ratio": 3.54
  },
  "energy": {
    "mean": 0.042256,
    "max": 0.104398,
    "std": 0.017929,
    "rate_of_change": 0.008692
  },
  "speech_rate": {
    "chars_per_sec": 19.83,
    "words_per_sec": 3.72,
    "segment_count": 3
  },
  "spectral_centroid": {
    "mean": 1952.7
  },
  "timeseries": {
    "frame_sec": 0.5,
    "pitch": [
      531.38,
      467.7,
      389.09,
      314.16,
      275.29,
      415.42,
      531.05,
      280.21,
      353.88,
      441.71,
      317.02,
      202.44,
      330.79,
      212.78,
      521.14,
      204.27,
      424.35,
      455.9,
      465.8,
      488.97,
      331.56,
      447.25
    ],
    "energy": [
      0.041932,
      0.039297,
      0.049432,
      0.042253,
      0.036149,
      0.064382,
      0.043381,
      0.040303,
      0.046633,
      0.040753,
      0.030627,
      0.03491,
      0.031554,
      0.022622,
      0.030148,
      0.017172,
      0.051952,
      0.047421,
      0.037425,
      0.048888,
      0.044658,
      0.048068
    ],
    "spectral_centroid": [
      1756.16,
      1773.22,
      1645.22,
      2171.59,
      2098.26,
      2059.66,
      2472.27,
      1997.34,
      1706.0,
      1662.31,
      1930.12,
      1855.41,
      1836.19,
      1947.47,
      1655.86,
      2101.49,
      2093.34,
      1867.36,
      1962.17,
      2150.34,
      2346.46,
      1762.66
    ]
  }
}