{
  "id": "6f9531ad-aeeb-491b-ab1d-2da2900c9ee5",
  "duration": 14.443,
  "pitch": {
    "mean": 494.3,
    "max": 2051.68,
    "std": 396.67,
    "max_mean_ratio": 4.15
  },
  "energy": {
    "mean": 0.068431,
    "max": 0.1891,
    "std": 0.042843,
    "rate_of_change": 0.012702
  },
  "speech_rate": {
    "chars_per_sec": 12.59,
    "words_per_sec": 2.11,
    "segment_count": 8
  },
  "spectral_centroid": {
    "mean": 1875.96
  },
  "timeseries": {
    "frame_sec": 0.5,
    "pitch": [
      584.42,
      612.9,
      540.19,
      119.47,
      439.78,
      524.48,
      482.61,
      185.36,
      500.24,
      401.43,
      117.24,
      110.32,
      379.61,
      521.48,
      698.41,
      809.24,
      121.59,
      126.74,
      633.49,
      711.53,
      184.86,
      521.0,
      468.36,
      910.84,
      800.37,
      724.89,
      470.57,
      770.16,
      1188.94
    ],
    "energy": [
      0.090174,
      0.073059,
      0.038642,
      0.019829,
      0.096204,
      0.08159,
      0.054955,
      0.039835,
      0.071579,
      0.053524,
      0.023401,
      0.014919,
      0.081409,
      0.07777,
      0.073545,
      0.052744,
      0.014416,
      0.019069,
      0.087866,
      0.104112,
      0.011981,
      0.076491,
      0.090624,
      0.121305,
      0.069888,
      0.065542,
      0.077088,
      0.108681,
      0.099147
    ],
    "spectral_centroid": [
      1908.41,
      1662.74,
      1654.9,
      1636.83,
      1561.7,
      1972.81,
      1710.62,
      1583.85,
      1672.01,
      1742.98,
      1922.41,
      1798.36,
      1963.27,
      1944.42,
      1972.84,
      1932.45,
      1740.67,
      1884.75,
      2149.35,
      1862.93,
      2021.66,
      1994.56,
      2153.17,
      1961.7,
      1819.97,
      2003.43,
      2297.8,
      1855.74,
      2001.73
    ]
  }
}