{
  "id": "6f98bdcf-8cf3-4abb-a8d4-8fa10c11146e",
  "duration": 14.123,
  "pitch": {
    "mean": 474.05,
    "max": 2023.83,
    "std": 443.74,
    "max_mean_ratio": 4.27
  },
  "energy": {
    "mean": 0.047176,
    "max": 0.189118,
    "std": 0.031217,
    "rate_of_change": 0.012728
  },
  "speech_rate": {
    "chars_per_sec": 13.79,
    "words_per_sec": 2.36,
    "segment_count": 9
  },
  "spectral_centroid": {
    "mean": 2301.48
  },
  "timeseries": {
    "frame_sec": 0.5,
    "pitch": [
      486.94,
      579.28,
      554.39,
      326.56,
      338.46,
      186.66,
      394.38,
      476.02,
      600.05,
      834.93,
      291.59,
      514.44,
      161.99,
      157.8,
      122.6,
      543.89,
      1124.82,
      733.52,
      458.97,
      342.12,
      895.47,
      436.04,
      451.66,
      689.18,
      640.71,
      672.86,
      148.4,
      345.19,
      325.2
    ],
    "energy": [
      0.074338,
      0.060086,
      0.036872,
      0.01509,
      0.020866,
      0.017629,
      0.051205,
      0.055944,
      0.042041,
      0.051831,
      0.028521,
      0.049748,
      0.016886,
      0.019215,
      0.017907,
      0.035614,
      0.037716,
      0.020339,
      0.050426,
      0.047929,
      0.076669,
      0.04127,
      0.06071,
      0.074009,
      0.079316,
      0.105847,
      0.018284,
      0.057711,
      0.048865
    ],
    "spectral_centroid": [
      2243.34,
      2436.71,
      2447.81,
      2830.53,
      2169.98,
      2105.51,
      2101.82,
      2537.0,
      2055.18,
      2357.57,
      2261.9,
      2267.78,
      2140.91,
      2264.46,
      2161.85,
      2095.1,
      2383.68,
      2655.47,
      2116.16,
      2251.17,
      2191.41,
      2264.57,
      2274.68,
      2484.65,
      2438.37,
      2524.99,
      2514.44,
      1954.24,
      1583.21
    ]
  }
}