{
  "id": "6fc97581-05f1-4c06-b067-bdb0068e73c1",
  "duration": 9.984,
  "pitch": {
    "mean": 293.65,
    "max": 1916.94,
    "std": 303.33,
    "max_mean_ratio": 6.53
  },
  "energy": {
    "mean": 0.081397,
    "max": 0.239518,
    "std": 0.059297,
    "rate_of_change": 0.021844
  },
  "speech_rate": {
    "chars_per_sec": 5.02,
    "words_per_sec": 0.8,
    "segment_count": 3
  },
  "spectral_centroid": {
    "mean": 1904.22
  },
  "timeseries": {
    "frame_sec": 0.5,
    "pitch": [
      199.56,
      111.48,
      107.98,
      115.5,
      108.63,
      117.7,
      320.35,
      407.72,
      526.13,
      186.93,
      106.9,
      94.86,
      212.47,
      619.87,
      497.72,
      469.52,
      722.03,
      144.81,
      322.92,
      463.01
    ],
    "energy": [
      0.060394,
      0.0371,
      0.034154,
      0.033616,
      0.035829,
      0.03589,
      0.102264,
      0.105753,
      0.136428,
      0.043515,
      0.026269,
      0.029673,
      0.07048,
      0.129651,
      0.156547,
      0.125187,
      0.148273,
      0.036584,
      0.089603,
      0.121687
    ],
    "spectral_centroid": [
      1802.66,
      1695.18,
      1469.46,
      1709.23,
      1861.14,
      1930.12,
      1777.22,
      1812.03,
      1941.99,
      1765.01,
      1948.76,
      2048.44,
      1931.37,
      1758.31,
      1886.88,
      2136.31,
      2074.93,
      1673.37,
      2295.66,
      2575.75
    ]
  }
}