{
  "id": "7081f5de-16ad-4a99-aea6-a59a3f8dbe74",
  "duration": 25.344,
  "pitch": {
    "mean": 552.78,
    "max": 1940.36,
    "std": 348.13,
    "max_mean_ratio": 3.51
  },
  "energy": {
    "mean": 0.056275,
    "max": 0.180059,
    "std": 0.037579,
    "rate_of_change": 0.006904
  },
  "speech_rate": {
    "chars_per_sec": 8.9,
    "words_per_sec": 1.57,
    "segment_count": 8
  },
  "spectral_centroid": {
    "mean": 1964.13
  },
  "timeseries": {
    "frame_sec": 0.5,
    "pitch": [
      115.22,
      411.12,
      368.95,
      333.27,
      373.76,
      329.8,
      304.56,
      357.55,
      368.95,
      287.87,
      304.06,
      429.76,
      734.63,
      626.62,
      896.52,
      661.66,
      858.19,
      935.56,
      658.0,
      860.97,
      867.73,
      866.03,
      906.73,
      774.23,
      934.16,
      1050.47,
      1095.05,
      862.02,
      873.46,
      177.14,
      187.48,
      317.3,
      349.84,
      529.7,
      431.38,
      549.25,
      108.41,
      92.85,
      407.87,
      562.38,
      586.95,
      273.63,
      522.29,
      527.52,
      1275.83,
      485.99,
      549.84,
      384.33,
      514.51,
      593.57,
      291.39
    ],
    "energy": [
      0.015111,
      0.054644,
      0.024139,
      0.052699,
      0.046617,
      0.046184,
      0.062586,
      0.066255,
      0.064039,
      0.034776,
      0.045883,
      0.061005,
      0.132011,
      0.079709,
      0.128636,
      0.061427,
      0.101866,
      0.140951,
      0.087323,
      0.080596,
      0.07444,
      0.067994,
      0.06244,
      0.014584,
      0.014652,
      0.016577,
      0.013636,
      0.011864,
      0.011376,
      0.025864,
      0.029597,
      0.024546,
      0.06215,
      0.067568,
      0.049183,
      0.068945,
      0.030017,
      0.02317,
      0.049337,
      0.070476,
      0.062069,
      0.044471,
      0.070874,
      0.066622,
      0.008013,
      0.03922,
      0.069792,
      0.03267,
      0.071014,
      0.078622,
      0.015635
    ],
    "spectral_centroid": [
      1625.56,
      1558.04,
      1970.14,
      1763.38,
      1808.07,
      1737.68,
      1712.94,
      1970.37,
      1545.61,
      1706.5,
      1607.94,
      1659.43,
      2515.66,
      2360.28,
      2881.81,
      1849.91,
      2667.79,
      2790.43,
      1959.23,
      1722.53,
      1733.45,
      1743.37,
      1750.11,
      2325.93,
      2420.88,
      2317.43,
      2235.75,
      2210.7,
      2221.61,
      2378.64,
      2027.51,
      1917.59,
      2065.7,
      1750.66,
      2258.55,
      1788.45,
      1716.6,
      1583.13,
      1809.62,
      1692.34,
      1797.27,
      1758.52,
      2261.08,
      1940.54,
      2405.09,
      1907.09,
      1726.47,
      1906.8,
      1774.77,
      1468.21,
      1703.24
    ]
  }
}