{
  "id": "70e3559b-8338-4179-b36a-a5cd10c56274",
  "duration": 13.888,
  "pitch": {
    "mean": 408.23,
    "max": 1973.9,
    "std": 356.54,
    "max_mean_ratio": 4.84
  },
  "energy": {
    "mean": 0.077915,
    "max": 0.305486,
    "std": 0.066362,
    "rate_of_change": 0.021038
  },
  "speech_rate": {
    "chars_per_sec": 9.08,
    "words_per_sec": 1.59,
    "segment_count": 4
  },
  "spectral_centroid": {
    "mean": 1909.72
  },
  "timeseries": {
    "frame_sec": 0.5,
    "pitch": [
      143.34,
      267.47,
      398.43,
      573.51,
      622.18,
      308.66,
      443.03,
      434.77,
      470.11,
      448.13,
      617.47,
      402.79,
      314.3,
      175.4,
      279.4,
      575.05,
      522.28,
      443.86,
      699.15,
      192.93,
      625.31,
      889.5,
      407.05,
      159.24,
      345.57,
      108.09,
      381.87,
      349.39
    ],
    "energy": [
      0.027354,
      0.091032,
      0.092636,
      0.127653,
      0.127427,
      0.029681,
      0.110092,
      0.10646,
      0.13394,
      0.107601,
      0.10777,
      0.073926,
      0.020278,
      0.015685,
      0.022654,
      0.020742,
      0.088425,
      0.108452,
      0.102733,
      0.02423,
      0.078946,
      0.181557,
      0.16895,
      0.01687,
      0.017941,
      0.019613,
      0.020526,
      0.055678
    ],
    "spectral_centroid": [
      1912.42,
      1951.24,
      1779.6,
      1877.98,
      2109.21,
      1583.01,
      1937.87,
      1831.83,
      1647.18,
      1784.43,
      1678.43,
      2334.49,
      1939.63,
      1935.5,
      2024.92,
      1902.26,
      1668.62,
      1855.45,
      1698.67,
      2405.56,
      2163.76,
      1945.56,
      2072.13,
      1904.18,
      1891.5,
      1729.4,
      1810.58,
      2008.53
    ]
  }
}