{
  "id": "70ef6382-0535-4d6c-89b8-3503053e53aa",
  "duration": 9.749,
  "pitch": {
    "mean": 437.11,
    "max": 1390.78,
    "std": 237.01,
    "max_mean_ratio": 3.18
  },
  "energy": {
    "mean": 0.040909,
    "max": 0.182506,
    "std": 0.03809,
    "rate_of_change": 0.018246
  },
  "speech_rate": {
    "chars_per_sec": 15.96,
    "words_per_sec": 3.35,
    "segment_count": 2
  },
  "spectral_centroid": {
    "mean": 1705.5
  },
  "timeseries": {
    "frame_sec": 0.5,
    "pitch": [
      463.28,
      427.05,
      446.8,
      544.81,
      345.92,
      386.2,
      478.43,
      358.44,
      475.63,
      504.63,
      539.58,
      249.79,
      275.81,
      284.29,
      402.8,
      359.9,
      584.06,
      594.64,
      288.38,
      578.91
    ],
    "energy": [
      0.020084,
      0.032966,
      0.050123,
      0.04207,
      0.039558,
      0.039902,
      0.040451,
      0.017916,
      0.019332,
      0.018328,
      0.026436,
      0.008224,
      0.008387,
      0.015085,
      0.031035,
      0.023017,
      0.144678,
      0.103937,
      0.031313,
      0.088865
    ],
    "spectral_centroid": [
      1848.56,
      1713.23,
      1749.73,
      1618.47,
      1781.36,
      1633.83,
      1662.11,
      1890.37,
      1757.55,
      1664.84,
      1686.99,
      1708.4,
      1751.92,
      1697.86,
      1657.81,
      2110.07,
      1336.39,
      1592.77,
      1832.48,
      1395.75
    ]
  }
}