{
  "id": "712fd7fe-e967-4afb-bf4a-9fd5b8b5ab8b",
  "duration": 12.053,
  "pitch": {
    "mean": 389.42,
    "max": 1197.52,
    "std": 239.84,
    "max_mean_ratio": 3.08
  },
  "energy": {
    "mean": 0.119134,
    "max": 0.440907,
    "std": 0.078976,
    "rate_of_change": 0.034827
  },
  "speech_rate": {
    "chars_per_sec": 11.71,
    "words_per_sec": 2.08,
    "segment_count": 4
  },
  "spectral_centroid": {
    "mean": 1851.55
  },
  "timeseries": {
    "frame_sec": 0.5,
    "pitch": [
      331.78,
      401.76,
      144.29,
      167.75,
      269.65,
      430.36,
      457.31,
      474.0,
      408.94,
      430.39,
      395.37,
      415.79,
      498.2,
      508.18,
      453.97,
      283.12,
      492.11,
      415.11,
      438.61,
      584.75,
      453.83,
      351.19,
      444.1,
      294.59,
      231.04
    ],
    "energy": [
      0.042558,
      0.033628,
      0.043443,
      0.038154,
      0.042727,
      0.03211,
      0.134914,
      0.153934,
      0.130249,
      0.126052,
      0.1105,
      0.132016,
      0.115758,
      0.142098,
      0.173982,
      0.036711,
      0.143903,
      0.16542,
      0.209027,
      0.242589,
      0.160158,
      0.120458,
      0.139241,
      0.077161,
      0.044154
    ],
    "spectral_centroid": [
      1715.89,
      1706.16,
      1613.49,
      1754.35,
      2318.44,
      1750.43,
      1620.43,
      2244.28,
      1612.71,
      2340.9,
      2009.62,
      1841.49,
      1740.69,
      2140.0,
      1646.12,
      1911.91,
      1666.08,
      1893.7,
      1754.7,
      1517.2,
      1796.18,
      1952.19,
      1944.04,
      1941.79,
      1686.01
    ]
  }
}