{
  "id": "71b6158f-2f58-49cd-b532-72f3dfab8d20",
  "duration": 8.981,
  "pitch": {
    "mean": 334.1,
    "max": 1774.61,
    "std": 298.6,
    "max_mean_ratio": 5.31
  },
  "energy": {
    "mean": 0.097569,
    "max": 0.243111,
    "std": 0.05475,
    "rate_of_change": 0.023626
  },
  "speech_rate": {
    "chars_per_sec": 9.73,
    "words_per_sec": 1.62,
    "segment_count": 2
  },
  "spectral_centroid": {
    "mean": 1792.38
  },
  "timeseries": {
    "frame_sec": 0.5,
    "pitch": [
      253.85,
      153.01,
      92.34,
      135.15,
      513.98,
      435.86,
      390.4,
      451.82,
      481.19,
      273.23,
      213.96,
      122.08,
      664.34,
      324.56,
      432.56,
      471.84,
      391.2,
      112.54
    ],
    "energy": [
      0.059972,
      0.045104,
      0.050511,
      0.042897,
      0.120537,
      0.135157,
      0.110967,
      0.135006,
      0.127435,
      0.062917,
      0.046126,
      0.05284,
      0.157537,
      0.104626,
      0.138599,
      0.138099,
      0.108864,
      0.042089
    ],
    "spectral_centroid": [
      2035.78,
      1638.3,
      1576.93,
      1948.65,
      1586.91,
      1795.3,
      1866.71,
      1468.87,
      1973.41,
      1733.13,
      1556.48,
      1719.49,
      1717.31,
      1673.01,
      2270.75,
      2189.98,
      1828.7,
      1640.52
    ]
  }
}