{
  "id": "71ffcd4d-d32d-42e8-b96d-74c9c8835384",
  "duration": 6.379,
  "pitch": {
    "mean": 403.5,
    "max": 1818.54,
    "std": 293.59,
    "max_mean_ratio": 4.51
  },
  "energy": {
    "mean": 0.076907,
    "max": 0.184757,
    "std": 0.055448,
    "rate_of_change": 0.02814
  },
  "speech_rate": {
    "chars_per_sec": 9.62,
    "words_per_sec": 1.58,
    "segment_count": 4
  },
  "spectral_centroid": {
    "mean": 1915.5
  },
  "timeseries": {
    "frame_sec": 0.5,
    "pitch": [
      578.08,
      212.43,
      303.78,
      238.07,
      319.71,
      459.07,
      652.75,
      408.87,
      409.05,
      472.21,
      380.72,
      273.38,
      234.89
    ],
    "energy": [
      0.013806,
      0.098649,
      0.102477,
      0.036869,
      0.068062,
      0.111434,
      0.020485,
      0.067031,
      0.141534,
      0.143536,
      0.070101,
      0.024535,
      0.058981
    ],
    "spectral_centroid": [
      2039.81,
      1338.45,
      1543.1,
      1776.34,
      1495.62,
      1945.8,
      2085.9,
      1991.45,
      1941.32,
      2310.75,
      2062.55,
      2704.68,
      1552.76
    ]
  }
}