{
  "id": "7234f764-62ea-4d2c-a551-1eb6d1113390",
  "duration": 12.075,
  "pitch": {
    "mean": 428.84,
    "max": 1799.52,
    "std": 290.91,
    "max_mean_ratio": 4.2
  },
  "energy": {
    "mean": 0.083635,
    "max": 0.198063,
    "std": 0.032607,
    "rate_of_change": 0.014238
  },
  "speech_rate": {
    "chars_per_sec": 8.21,
    "words_per_sec": 1.58,
    "segment_count": 6
  },
  "spectral_centroid": {
    "mean": 1858.75
  },
  "timeseries": {
    "frame_sec": 0.5,
    "pitch": [
      475.62,
      479.83,
      242.8,
      292.49,
      440.91,
      411.38,
      214.98,
      388.22,
      866.37,
      344.81,
      386.01,
      694.81,
      643.12,
      455.89,
      436.29,
      420.38,
      574.2,
      281.88,
      247.5,
      491.55,
      447.24,
      420.03,
      439.36,
      411.14,
      379.44
    ],
    "energy": [
      0.082488,
      0.095912,
      0.066502,
      0.059296,
      0.070913,
      0.082977,
      0.078693,
      0.067208,
      0.084683,
      0.088178,
      0.079063,
      0.054774,
      0.144056,
      0.055848,
      0.04878,
      0.089364,
      0.077221,
      0.101242,
      0.121932,
      0.109875,
      0.080472,
      0.071678,
      0.08493,
      0.035386,
      0.027458
    ],
    "spectral_centroid": [
      1698.53,
      1635.21,
      1634.98,
      1704.52,
      1889.06,
      1832.61,
      1670.06,
      2347.75,
      2182.06,
      1902.79,
      1959.74,
      1625.78,
      1708.19,
      1735.16,
      2134.62,
      2081.51,
      1994.12,
      1827.9,
      2158.97,
      1728.84,
      1626.84,
      1800.65,
      1879.06,
      1830.62,
      1722.87
    ]
  }
}