{
  "id": "72611186-d0c5-40c7-8fba-e7e97a4271b9",
  "duration": 32.405,
  "pitch": {
    "mean": 511.52,
    "max": 1760.61,
    "std": 296.19,
    "max_mean_ratio": 3.44
  },
  "energy": {
    "mean": 0.116628,
    "max": 0.330437,
    "std": 0.079047,
    "rate_of_change": 0.010077
  },
  "speech_rate": {
    "chars_per_sec": 9.19,
    "words_per_sec": 1.66,
    "segment_count": 16
  },
  "spectral_centroid": {
    "mean": 2024.13
  },
  "timeseries": {
    "frame_sec": 0.5,
    "pitch": [
      634.67,
      512.32,
      721.32,
      342.79,
      383.46,
      256.5,
      604.01,
      199.16,
      539.1,
      417.59,
      441.46,
      343.76,
      575.14,
      418.21,
      527.26,
      674.94,
      439.37,
      532.95,
      413.8,
      303.77,
      448.28,
      322.97,
      248.54,
      359.87,
      427.59,
      280.08,
      670.59,
      630.46,
      476.34,
      266.77,
      614.03,
      466.54,
      615.73,
      526.13,
      295.12,
      311.73,
      445.57,
      460.58,
      315.33,
      641.7,
      509.96,
      740.45,
      585.4,
      767.94,
      902.77,
      1098.1,
      959.69,
      908.89,
      884.28,
      884.52,
      916.54,
      697.46,
      711.15,
      250.68,
      368.55,
      410.94,
      466.09,
      647.92,
      612.5,
      122.64,
      263.06,
      450.15,
      512.82,
      364.73,
      340.42
    ],
    "energy": [
      0.208821,
      0.128961,
      0.144439,
      0.08614,
      0.073551,
      0.055442,
      0.104418,
      0.032252,
      0.081378,
      0.096388,
      0.069176,
      0.059461,
      0.11256,
      0.076791,
      0.13331,
      0.210215,
      0.05611,
      0.095521,
      0.079777,
      0.060084,
      0.096508,
      0.059079,
      0.045473,
      0.149407,
      0.117546,
      0.063778,
      0.221809,
      0.14645,
      0.118793,
      0.101818,
      0.116592,
      0.132263,
      0.085404,
      0.106857,
      0.06159,
      0.05611,
      0.061546,
      0.108035,
      0.040119,
      0.214494,
      0.099883,
      0.184479,
      0.165024,
      0.23122,
      0.206505,
      0.183006,
      0.11881,
      0.201161,
      0.203087,
      0.19788,
      0.185123,
      0.036413,
      0.022991,
      0.012432,
      0.083387,
      0.100984,
      0.16127,
      0.117026,
      0.170395,
      0.018864,
      0.078704,
      0.113241,
      0.101388,
      0.088684,
      0.065273
    ],
    "spectral_centroid": [
      1847.67,
      2288.57,
      1963.75,
      1886.26,
      1977.22,
      2562.87,
      2226.51,
      2296.65,
      1892.01,
      2006.02,
      1691.14,
      1868.68,
      1937.82,
      1920.47,
      2047.26,
      2154.85,
      2051.59,
      2144.27,
      1723.66,
      2648.69,
      2299.21,
      1986.07,
      2007.15,
      2006.84,
      1876.15,
      1940.77,
      1956.61,
      2019.71,
      2115.87,
      1616.72,
      1909.44,
      2250.5,
      1857.14,
      2001.87,
      1672.09,
      1799.25,
      1848.2,
      1938.03,
      1430.38,
      1966.38,
      2213.5,
      2057.36,
      2265.04,
      1918.04,
      1964.41,
      2057.34,
      2276.35,
      1947.88,
      1986.13,
      2024.7,
      2006.16,
      1932.61,
      2033.36,
      2240.67,
      2022.16,
      2056.97,
      1854.54,
      2068.58,
      1807.37,
      2090.81,
      1992.37,
      2243.37,
      2703.61,
      2075.15,
      1804.17
    ]
  }
}