{
  "id": "7267127f-b7c6-45b9-a2fc-94b0b900de59",
  "duration": 13.419,
  "pitch": {
    "mean": 539.69,
    "max": 2078.52,
    "std": 463.76,
    "max_mean_ratio": 3.85
  },
  "energy": {
    "mean": 0.156593,
    "max": 0.477235,
    "std": 0.116495,
    "rate_of_change": 0.032324
  },
  "speech_rate": {
    "chars_per_sec": 8.88,
    "words_per_sec": 1.64,
    "segment_count": 5
  },
  "spectral_centroid": {
    "mean": 1954.11
  },
  "timeseries": {
    "frame_sec": 0.5,
    "pitch": [
      462.87,
      531.84,
      723.11,
      722.22,
      564.48,
      387.78,
      370.34,
      821.98,
      282.97,
      518.24,
      268.38,
      308.6,
      630.32,
      216.78,
      495.84,
      661.79,
      923.94,
      497.96,
      648.9,
      475.87,
      366.05,
      925.86,
      385.46,
      340.34,
      585.96,
      857.52,
      681.46
    ],
    "energy": [
      0.227203,
      0.268499,
      0.14959,
      0.08189,
      0.079159,
      0.213604,
      0.260729,
      0.209833,
      0.073369,
      0.061241,
      0.062176,
      0.070778,
      0.086021,
      0.066137,
      0.174603,
      0.316909,
      0.257612,
      0.068575,
      0.070941,
      0.056486,
      0.058151,
      0.062985,
      0.066934,
      0.16575,
      0.320668,
      0.265124,
      0.279189
    ],
    "spectral_centroid": [
      2491.09,
      1584.03,
      1981.57,
      1858.42,
      1561.98,
      2099.21,
      2028.52,
      1888.05,
      1708.33,
      1656.88,
      1801.1,
      2030.86,
      1872.19,
      2269.77,
      2264.79,
      1947.4,
      2270.93,
      2067.85,
      2272.63,
      1588.68,
      1900.12,
      1611.58,
      1903.06,
      2151.73,
      2000.73,
      2030.91,
      1921.94
    ]
  }
}