{
  "id": "728135ef-be48-45ec-aedd-4ab90ea24f3e",
  "duration": 17.685,
  "pitch": {
    "mean": 462.94,
    "max": 1917.58,
    "std": 275.36,
    "max_mean_ratio": 4.14
  },
  "energy": {
    "mean": 0.061397,
    "max": 0.297273,
    "std": 0.044281,
    "rate_of_change": 0.016378
  },
  "speech_rate": {
    "chars_per_sec": 11.82,
    "words_per_sec": 2.04,
    "segment_count": 4
  },
  "spectral_centroid": {
    "mean": 1982.96
  },
  "timeseries": {
    "frame_sec": 0.5,
    "pitch": [
      430.53,
      416.99,
      207.84,
      780.44,
      738.34,
      849.2,
      639.81,
      577.0,
      543.24,
      311.98,
      418.99,
      614.79,
      616.42,
      628.42,
      559.24,
      721.24,
      480.49,
      390.25,
      547.54,
      181.6,
      116.16,
      225.18,
      409.32,
      218.58,
      290.76,
      485.07,
      376.99,
      461.64,
      453.2,
      544.33,
      290.29,
      486.66,
      299.39,
      541.26,
      459.32,
      661.25
    ],
    "energy": [
      0.0436,
      0.043692,
      0.031288,
      0.10086,
      0.162098,
      0.063675,
      0.062697,
      0.047429,
      0.060737,
      0.04261,
      0.054444,
      0.083869,
      0.027744,
      0.083895,
      0.055258,
      0.088085,
      0.062205,
      0.085035,
      0.0643,
      0.021796,
      0.018186,
      0.021529,
      0.068054,
      0.03175,
      0.041235,
      0.043923,
      0.047991,
      0.050852,
      0.050319,
      0.0693,
      0.040535,
      0.069617,
      0.045575,
      0.114972,
      0.045052,
      0.082841
    ],
    "spectral_centroid": [
      2310.92,
      1665.1,
      1775.63,
      1904.82,
      1783.58,
      2025.59,
      2087.23,
      1938.92,
      1644.32,
      1972.31,
      1795.26,
      1597.2,
      2131.89,
      2014.57,
      2052.67,
      2278.21,
      2029.4,
      2416.82,
      1906.51,
      2008.21,
      2101.27,
      2207.16,
      1810.14,
      1973.58,
      2037.43,
      1799.24,
      2346.18,
      2109.12,
      1971.36,
      1604.17,
      2109.42,
      1766.55,
      2144.84,
      2006.05,
      2108.14,
      1939.04
    ]
  }
}