{
  "id": "72d5eb88-ad66-49a1-a63e-b46f6fc08fa8",
  "duration": 15.147,
  "pitch": {
    "mean": 441.9,
    "max": 2082.34,
    "std": 354.08,
    "max_mean_ratio": 4.71
  },
  "energy": {
    "mean": 0.069185,
    "max": 0.260527,
    "std": 0.051593,
    "rate_of_change": 0.016945
  },
  "speech_rate": {
    "chars_per_sec": 13.23,
    "words_per_sec": 2.38,
    "segment_count": 8
  },
  "spectral_centroid": {
    "mean": 1932.36
  },
  "timeseries": {
    "frame_sec": 0.5,
    "pitch": [
      256.91,
      596.41,
      265.17,
      499.26,
      162.87,
      146.35,
      288.22,
      199.78,
      385.19,
      145.4,
      187.38,
      282.61,
      338.42,
      529.72,
      398.24,
      401.09,
      546.23,
      567.25,
      567.05,
      405.6,
      413.72,
      545.68,
      808.36,
      619.98,
      626.18,
      300.07,
      746.74,
      948.28,
      671.77,
      425.15,
      854.38
    ],
    "energy": [
      0.065048,
      0.077329,
      0.054956,
      0.070878,
      0.009933,
      0.005003,
      0.008332,
      0.02883,
      0.092739,
      0.048536,
      0.020311,
      0.024728,
      0.03996,
      0.070355,
      0.10234,
      0.073676,
      0.061534,
      0.106005,
      0.135544,
      0.054915,
      0.026703,
      0.110357,
      0.100283,
      0.116188,
      0.080739,
      0.071089,
      0.095617,
      0.090523,
      0.05301,
      0.073875,
      0.116051
    ],
    "spectral_centroid": [
      1929.26,
      2141.02,
      2103.01,
      1482.4,
      1704.84,
      1882.65,
      1736.01,
      2469.91,
      2395.53,
      1522.78,
      1579.22,
      2585.03,
      1466.74,
      1635.97,
      1609.47,
      1810.74,
      2014.82,
      1896.58,
      1869.85,
      1643.2,
      1800.01,
      2049.17,
      2512.99,
      1690.38,
      1859.52,
      1564.29,
      1805.48,
      2229.03,
      2539.7,
      2460.47,
      1802.94
    ]
  }
}