{
  "id": "72e2d7e0-8a33-4d9a-b068-410e1a87044d",
  "duration": 27.435,
  "pitch": {
    "mean": 540.5,
    "max": 2085.19,
    "std": 365.05,
    "max_mean_ratio": 3.86
  },
  "energy": {
    "mean": 0.164816,
    "max": 0.606038,
    "std": 0.13673,
    "rate_of_change": 0.021914
  },
  "speech_rate": {
    "chars_per_sec": 16.01,
    "words_per_sec": 3.16,
    "segment_count": 5
  },
  "spectral_centroid": {
    "mean": 2154.54
  },
  "timeseries": {
    "frame_sec": 0.5,
    "pitch": [
      365.82,
      323.88,
      509.41,
      619.39,
      360.84,
      295.26,
      343.18,
      223.97,
      311.32,
      408.65,
      581.2,
      337.59,
      205.04,
      496.24,
      1206.72,
      472.57,
      816.3,
      402.87,
      542.36,
      223.51,
      428.23,
      600.45,
      386.7,
      317.19,
      450.97,
      554.35,
      653.33,
      834.59,
      499.68,
      586.31,
      384.98,
      386.47,
      464.06,
      530.54,
      528.04,
      550.7,
      636.57,
      258.23,
      633.72,
      774.88,
      638.89,
      690.41,
      874.15,
      883.9,
      254.3,
      685.28,
      695.16,
      563.93,
      455.61,
      560.71,
      733.72,
      810.06,
      664.1,
      752.36,
      524.21
    ],
    "energy": [
      0.081491,
      0.041569,
      0.057491,
      0.077255,
      0.037567,
      0.041585,
      0.029748,
      0.020883,
      0.050357,
      0.065036,
      0.052875,
      0.036011,
      0.039972,
      0.068324,
      0.076909,
      0.194029,
      0.356073,
      0.194874,
      0.141883,
      0.056213,
      0.132882,
      0.145765,
      0.075487,
      0.069376,
      0.118727,
      0.135986,
      0.231775,
      0.217627,
      0.149448,
      0.170483,
      0.14607,
      0.12312,
      0.198446,
      0.1555,
      0.185214,
      0.179396,
      0.197033,
      0.077052,
      0.310776,
      0.428799,
      0.374745,
      0.222291,
      0.324624,
      0.333126,
      0.088916,
      0.309119,
      0.255455,
      0.189423,
      0.14867,
      0.258552,
      0.093238,
      0.289403,
      0.09518,
      0.315213,
      0.172623
    ],
    "spectral_centroid": [
      1552.97,
      1716.66,
      1866.87,
      1159.63,
      2753.4,
      2525.22,
      2024.44,
      3183.55,
      2240.79,
      2133.24,
      2009.32,
      2182.51,
      2045.24,
      1855.54,
      2368.58,
      2173.49,
      1842.53,
      1632.8,
      1834.67,
      1690.26,
      2260.57,
      2199.5,
      2235.99,
      2143.51,
      1899.3,
      2108.25,
      2222.89,
      2088.29,
      2584.1,
      2371.61,
      2591.63,
      2130.81,
      2250.85,
      2469.74,
      1675.04,
      2217.8,
      2705.19,
      2205.28,
      2529.51,
      2204.75,
      2250.99,
      3069.95,
      2171.38,
      2176.41,
      2929.11,
      2114.39,
      1860.46,
      2514.46,
      2269.54,
      1981.42,
      1711.79,
      1994.62,
      2003.43,
      2124.74,
      1881.37
    ]
  }
}