{
  "id": "730da8e8-e9b6-40ef-a7b8-ce43c3192af0",
  "duration": 9.195,
  "pitch": {
    "mean": 542.79,
    "max": 2061.34,
    "std": 418.75,
    "max_mean_ratio": 3.8
  },
  "energy": {
    "mean": 0.125522,
    "max": 0.258399,
    "std": 0.066192,
    "rate_of_change": 0.025883
  },
  "speech_rate": {
    "chars_per_sec": 16.99,
    "words_per_sec": 2.83,
    "segment_count": 8
  },
  "spectral_centroid": {
    "mean": 2129.95
  },
  "timeseries": {
    "frame_sec": 0.5,
    "pitch": [
      696.38,
      536.34,
      791.18,
      493.54,
      776.29,
      851.74,
      486.26,
      315.32,
      114.6,
      565.46,
      376.4,
      783.89,
      345.28,
      617.67,
      672.92,
      581.04,
      554.23,
      407.34,
      397.31
    ],
    "energy": [
      0.145851,
      0.170883,
      0.153585,
      0.145778,
      0.118343,
      0.117593,
      0.060062,
      0.02364,
      0.043974,
      0.107529,
      0.11685,
      0.145203,
      0.067098,
      0.16013,
      0.146128,
      0.163764,
      0.19363,
      0.088262,
      0.104888
    ],
    "spectral_centroid": [
      2066.66,
      2006.22,
      2057.64,
      2391.04,
      2337.41,
      2194.99,
      1554.51,
      1677.58,
      2093.94,
      2398.2,
      2708.42,
      2297.11,
      1697.18,
      1818.32,
      2099.33,
      2356.36,
      2075.27,
      2461.92,
      2254.96
    ]
  }
}