{
  "id": "73aa7347-1306-4662-a475-fa6ea25cf36d",
  "duration": 8.064,
  "pitch": {
    "mean": 208.18,
    "max": 1243.12,
    "std": 250.32,
    "max_mean_ratio": 5.97
  },
  "energy": {
    "mean": 0.077501,
    "max": 0.153262,
    "std": 0.027538,
    "rate_of_change": 0.015945
  },
  "speech_rate": {
    "chars_per_sec": 0.75,
    "words_per_sec": 0.12,
    "segment_count": 1
  },
  "spectral_centroid": {
    "mean": 2102.57
  },
  "timeseries": {
    "frame_sec": 0.5,
    "pitch": [
      110.23,
      184.17,
      225.69,
      93.69,
      155.84,
      117.45,
      118.76,
      314.35,
      300.32,
      418.8,
      127.41,
      214.68,
      126.33,
      194.49,
      200.35,
      299.41,
      116.7
    ],
    "energy": [
      0.086913,
      0.051926,
      0.070143,
      0.089577,
      0.120309,
      0.065257,
      0.055503,
      0.053795,
      0.050626,
      0.045556,
      0.087588,
      0.095544,
      0.113913,
      0.082692,
      0.062879,
      0.061892,
      0.034925
    ],
    "spectral_centroid": [
      1850.08,
      1532.37,
      1938.44,
      1957.61,
      2701.38,
      2174.07,
      1973.87,
      1919.37,
      1947.62,
      2109.46,
      2443.42,
      2124.29,
      2587.36,
      2159.85,
      2149.3,
      2040.12,
      1974.35
    ]
  }
}