{
  "id": "7413b929-c8dd-402b-8852-796d2e5ddf31",
  "duration": 26.197,
  "pitch": {
    "mean": 446.2,
    "max": 2088.73,
    "std": 314.52,
    "max_mean_ratio": 4.68
  },
  "energy": {
    "mean": 0.071972,
    "max": 0.240877,
    "std": 0.046526,
    "rate_of_change": 0.008673
  },
  "speech_rate": {
    "chars_per_sec": 14.67,
    "words_per_sec": 2.78,
    "segment_count": 11
  },
  "spectral_centroid": {
    "mean": 1724.18
  },
  "timeseries": {
    "frame_sec": 0.5,
    "pitch": [
      279.24,
      258.01,
      307.93,
      350.87,
      447.04,
      597.3,
      179.1,
      275.41,
      406.24,
      429.58,
      534.57,
      377.8,
      424.82,
      555.11,
      468.85,
      284.7,
      369.72,
      748.95,
      286.7,
      452.65,
      263.93,
      402.18,
      384.69,
      413.58,
      440.52,
      358.1,
      293.86,
      282.52,
      545.91,
      571.87,
      721.54,
      378.92,
      485.68,
      353.14,
      639.05,
      660.2,
      485.83,
      398.82,
      557.02,
      500.5,
      431.91,
      352.94,
      441.24,
      557.1,
      432.72,
      759.72,
      426.15,
      612.97,
      749.95,
      254.71,
      316.2,
      812.98,
      504.14
    ],
    "energy": [
      0.035805,
      0.037976,
      0.039182,
      0.067396,
      0.059485,
      0.047254,
      0.01513,
      0.018515,
      0.056788,
      0.068859,
      0.09076,
      0.047595,
      0.077674,
      0.095244,
      0.063253,
      0.044047,
      0.068342,
      0.081998,
      0.056884,
      0.059925,
      0.056541,
      0.070614,
      0.072505,
      0.070391,
      0.052841,
      0.037629,
      0.047999,
      0.032455,
      0.072729,
      0.125051,
      0.124409,
      0.025196,
      0.079078,
      0.047007,
      0.072299,
      0.121374,
      0.060032,
      0.09913,
      0.115234,
      0.096627,
      0.093505,
      0.04633,
      0.087238,
      0.087478,
      0.079486,
      0.07652,
      0.088125,
      0.148588,
      0.077346,
      0.0777,
      0.101865,
      0.021612,
      0.016689
    ],
    "spectral_centroid": [
      1459.46,
      1452.48,
      1930.59,
      1598.33,
      1732.33,
      1831.22,
      1774.89,
      1870.38,
      1462.36,
      1365.43,
      1272.34,
      1771.1,
      1504.63,
      1408.95,
      1511.28,
      1608.32,
      1965.32,
      1435.59,
      1612.38,
      1706.41,
      1532.79,
      1621.21,
      1786.2,
      1500.6,
      1751.93,
      1804.89,
      1783.13,
      2041.68,
      1875.27,
      1699.18,
      1558.52,
      1949.26,
      1898.72,
      1898.9,
      1977.26,
      1873.44,
      1873.07,
      1963.16,
      1508.5,
      1732.08,
      1506.26,
      1501.32,
      1823.92,
      1489.75,
      1515.58,
      2167.37,
      1983.92,
      1631.48,
      1985.04,
      2516.05,
      2060.13,
      1770.1,
      1499.68
    ]
  }
}