{
  "id": "741c4023-6755-418d-aa33-31302cd088d9",
  "duration": 17.472,
  "pitch": {
    "mean": 469.72,
    "max": 2037.78,
    "std": 268.87,
    "max_mean_ratio": 4.34
  },
  "energy": {
    "mean": 0.080912,
    "max": 0.210713,
    "std": 0.046328,
    "rate_of_change": 0.011597
  },
  "speech_rate": {
    "chars_per_sec": 14.55,
    "words_per_sec": 2.51,
    "segment_count": 14
  },
  "spectral_centroid": {
    "mean": 2046.34
  },
  "timeseries": {
    "frame_sec": 0.5,
    "pitch": [
      404.48,
      518.77,
      503.76,
      485.51,
      419.98,
      407.87,
      306.26,
      326.06,
      319.2,
      594.73,
      133.17,
      470.5,
      507.46,
      383.23,
      295.97,
      490.36,
      865.51,
      521.05,
      554.09,
      582.37,
      507.46,
      496.04,
      389.38,
      691.5,
      408.57,
      557.4,
      453.06,
      765.62,
      549.64,
      595.9,
      571.44,
      498.56,
      492.08,
      285.59,
      122.04
    ],
    "energy": [
      0.084695,
      0.077677,
      0.067183,
      0.083823,
      0.042113,
      0.044036,
      0.032585,
      0.045407,
      0.067735,
      0.098073,
      0.014973,
      0.089043,
      0.098553,
      0.0537,
      0.060907,
      0.102554,
      0.136012,
      0.079807,
      0.092968,
      0.071963,
      0.083614,
      0.069412,
      0.05997,
      0.134638,
      0.069278,
      0.060255,
      0.104087,
      0.124593,
      0.125302,
      0.091724,
      0.119851,
      0.07682,
      0.090251,
      0.031132,
      0.016862
    ],
    "spectral_centroid": [
      2001.3,
      2300.97,
      1760.13,
      1966.8,
      2324.34,
      2028.7,
      2392.39,
      2420.43,
      2183.58,
      1888.41,
      1828.36,
      1947.02,
      2027.12,
      1570.65,
      2449.13,
      2001.92,
      2090.4,
      1924.13,
      2066.3,
      2129.77,
      1920.4,
      1673.62,
      1780.2,
      1781.35,
      2019.02,
      1777.87,
      2058.17,
      2091.7,
      2025.29,
      2135.24,
      2321.52,
      2446.91,
      2221.86,
      1964.44,
      1957.59
    ]
  }
}