{
  "id": "743e38f4-b71c-4dfe-bb20-5a4647b77b48",
  "duration": 5.589,
  "pitch": {
    "mean": 585.94,
    "max": 1530.69,
    "std": 319.04,
    "max_mean_ratio": 2.61
  },
  "energy": {
    "mean": 0.061123,
    "max": 0.20563,
    "std": 0.04607,
    "rate_of_change": 0.035454
  },
  "speech_rate": {
    "chars_per_sec": 18.82,
    "words_per_sec": 3.09,
    "segment_count": 1
  },
  "spectral_centroid": {
    "mean": 1861.14
  },
  "timeseries": {
    "frame_sec": 0.5,
    "pitch": [
      526.76,
      385.15,
      337.24,
      395.67,
      794.07,
      710.39,
      552.66,
      558.6,
      843.49,
      750.64,
      642.89,
      628.08
    ],
    "energy": [
      0.034897,
      0.02949,
      0.021598,
      0.056031,
      0.041716,
      0.050799,
      0.043085,
      0.093118,
      0.138573,
      0.099813,
      0.043698,
      0.007313
    ],
    "spectral_centroid": [
      1865.86,
      1731.89,
      2448.44,
      2179.06,
      1683.78,
      1795.67,
      2105.7,
      1855.02,
      1868.45,
      1581.18,
      1480.86,
      1528.1
    ]
  }
}