{
  "id": "74c2f683-9ffe-4a35-b5cd-b105e029fb6f",
  "duration": 10.389,
  "pitch": {
    "mean": 478.36,
    "max": 2056.02,
    "std": 371.89,
    "max_mean_ratio": 4.3
  },
  "energy": {
    "mean": 0.071853,
    "max": 0.176315,
    "std": 0.040771,
    "rate_of_change": 0.016609
  },
  "speech_rate": {
    "chars_per_sec": 11.97,
    "words_per_sec": 2.12,
    "segment_count": 2
  },
  "spectral_centroid": {
    "mean": 1934.12
  },
  "timeseries": {
    "frame_sec": 0.5,
    "pitch": [
      551.37,
      413.22,
      273.62,
      324.12,
      704.98,
      425.73,
      470.06,
      331.14,
      107.61,
      110.03,
      157.08,
      402.93,
      548.5,
      589.32,
      695.66,
      668.66,
      618.3,
      730.83,
      661.91,
      727.24,
      681.41
    ],
    "energy": [
      0.081848,
      0.067324,
      0.032928,
      0.061992,
      0.111691,
      0.043605,
      0.063749,
      0.053417,
      0.007369,
      0.017532,
      0.030008,
      0.078496,
      0.06769,
      0.075108,
      0.101993,
      0.060298,
      0.098774,
      0.117124,
      0.069718,
      0.094717,
      0.109065
    ],
    "spectral_centroid": [
      1787.79,
      1731.88,
      1513.79,
      1834.84,
      2239.41,
      2430.45,
      2447.23,
      1886.3,
      1663.54,
      1904.77,
      1986.7,
      2019.8,
      1675.93,
      1585.54,
      1812.07,
      1939.68,
      2172.26,
      2172.0,
      1946.99,
      1904.03,
      1970.93
    ]
  }
}