{
  "id": "7524a69a-c87f-47e4-99de-a6711a3543cd",
  "duration": 23.552,
  "pitch": {
    "mean": 535.14,
    "max": 2075.7,
    "std": 427.02,
    "max_mean_ratio": 3.88
  },
  "energy": {
    "mean": 0.083038,
    "max": 0.217946,
    "std": 0.046351,
    "rate_of_change": 0.008976
  },
  "speech_rate": {
    "chars_per_sec": 10.7,
    "words_per_sec": 2.25,
    "segment_count": 3
  },
  "spectral_centroid": {
    "mean": 2060.76
  },
  "timeseries": {
    "frame_sec": 0.5,
    "pitch": [
      794.54,
      518.55,
      432.75,
      281.89,
      154.55,
      252.67,
      542.94,
      457.8,
      457.28,
      511.58,
      468.68,
      586.56,
      759.91,
      586.29,
      468.07,
      545.82,
      502.74,
      436.7,
      629.71,
      702.36,
      533.09,
      533.39,
      365.02,
      297.91,
      426.22,
      755.01,
      838.49,
      554.13,
      379.4,
      418.98,
      648.93,
      711.08,
      524.62,
      602.23,
      587.65,
      481.89,
      492.14,
      368.7,
      789.99,
      570.48,
      581.69,
      737.87,
      453.99,
      568.59,
      484.64,
      555.51,
      380.93,
      454.39
    ],
    "energy": [
      0.05511,
      0.126091,
      0.02925,
      0.030154,
      0.02609,
      0.028542,
      0.062475,
      0.072397,
      0.088963,
      0.0832,
      0.059938,
      0.064225,
      0.090677,
      0.105823,
      0.094823,
      0.096464,
      0.134635,
      0.110841,
      0.062696,
      0.083398,
      0.132656,
      0.116433,
      0.060022,
      0.026228,
      0.046022,
      0.099944,
      0.052842,
      0.067922,
      0.064214,
      0.074186,
      0.068405,
      0.021719,
      0.009718,
      0.029651,
      0.144457,
      0.097456,
      0.097841,
      0.118887,
      0.097496,
      0.126578,
      0.092952,
      0.095883,
      0.09583,
      0.082582,
      0.106978,
      0.092002,
      0.088101,
      0.081486
    ],
    "spectral_centroid": [
      1889.23,
      2032.07,
      1619.58,
      1535.0,
      1883.95,
      1852.75,
      2295.69,
      2344.13,
      2005.14,
      2286.82,
      1814.25,
      1729.36,
      1833.28,
      1794.78,
      1959.04,
      2591.57,
      1967.83,
      1396.85,
      1894.41,
      2088.35,
      2213.89,
      2047.43,
      1537.87,
      1988.03,
      2353.63,
      1788.43,
      1767.97,
      2048.32,
      2235.88,
      1575.35,
      2282.06,
      2553.75,
      2425.71,
      2336.35,
      2103.14,
      2527.49,
      2287.28,
      2355.18,
      2535.08,
      1875.6,
      2008.03,
      2639.58,
      2348.1,
      1828.58,
      2038.82,
      2614.92,
      1506.88,
      2032.91
    ]
  }
}