{
  "id": "75842a32-132c-4d33-a968-890fe81897c4",
  "duration": 42.581,
  "pitch": {
    "mean": 450.7,
    "max": 2086.06,
    "std": 395.15,
    "max_mean_ratio": 4.63
  },
  "energy": {
    "mean": 0.050532,
    "max": 0.288335,
    "std": 0.052474,
    "rate_of_change": 0.006539
  },
  "speech_rate": {
    "chars_per_sec": 11.47,
    "words_per_sec": 2.06,
    "segment_count": 15
  },
  "spectral_centroid": {
    "mean": 1809.13
  },
  "timeseries": {
    "frame_sec": 0.5,
    "pitch": [
      306.57,
      845.91,
      296.29,
      444.3,
      256.08,
      1080.31,
      788.99,
      298.15,
      357.1,
      508.91,
      583.15,
      395.66,
      446.17,
      443.19,
      673.18,
      287.22,
      287.14,
      245.14,
      558.35,
      385.78,
      392.61,
      550.74,
      458.42,
      626.17,
      413.26,
      242.49,
      301.05,
      407.86,
      719.64,
      1036.11,
      505.75,
      1143.61,
      1377.35,
      1327.46,
      555.54,
      213.82,
      868.08,
      272.1,
      218.91,
      221.9,
      206.85,
      160.06,
      178.85,
      393.1,
      421.38,
      780.62,
      148.64,
      413.42,
      634.91,
      628.96,
      498.36,
      924.07,
      482.11,
      452.95,
      441.6,
      234.03,
      201.4,
      270.23,
      234.96,
      329.63,
      352.77,
      606.88,
      431.58,
      385.95,
      284.81,
      156.62,
      206.51,
      155.83,
      268.67,
      731.69,
      330.1,
      320.92,
      369.16,
      295.63,
      587.39,
      344.92,
      420.28,
      242.16,
      412.38,
      416.44,
      317.26,
      412.86,
      516.86,
      364.81,
      338.14,
      207.27
    ],
    "energy": [
      0.014659,
      0.017263,
      0.034553,
      0.032981,
      0.023833,
      0.040741,
      0.037693,
      0.021962,
      0.014041,
      0.050449,
      0.06525,
      0.059987,
      0.054232,
      0.072296,
      0.059445,
      0.015053,
      0.01911,
      0.035575,
      0.047201,
      0.046619,
      0.04084,
      0.046702,
      0.049808,
      0.053344,
      0.042089,
      0.037539,
      0.018602,
      0.038938,
      0.141675,
      0.107043,
      0.075116,
      0.238954,
      0.252964,
      0.213415,
      0.051846,
      0.015853,
      0.044716,
      0.011934,
      0.010868,
      0.01746,
      0.019839,
      0.024764,
      0.026017,
      0.028815,
      0.02563,
      0.031241,
      0.024066,
      0.039766,
      0.078888,
      0.097729,
      0.112469,
      0.119184,
      0.090529,
      0.095782,
      0.111968,
      0.033817,
      0.013689,
      0.014963,
      0.013997,
      0.015387,
      0.051273,
      0.085485,
      0.023928,
      0.019914,
      0.015127,
      0.01192,
      0.013244,
      0.013977,
      0.012874,
      0.031138,
      0.019574,
      0.026302,
      0.036696,
      0.030631,
      0.043897,
      0.038741,
      0.037837,
      0.032573,
      0.056353,
      0.04741,
      0.027827,
      0.043859,
      0.029942,
      0.025579,
      0.026613,
      0.011226
    ],
    "spectral_centroid": [
      1908.83,
      2401.13,
      2072.8,
      1633.26,
      1756.26,
      1691.42,
      1942.04,
      1701.53,
      1673.3,
      1532.25,
      1725.61,
      1614.29,
      1531.66,
      1726.73,
      1485.78,
      1695.36,
      1533.6,
      1910.42,
      1826.51,
      1794.59,
      1646.74,
      1734.43,
      1782.9,
      1824.62,
      1577.42,
      1883.3,
      1766.69,
      2313.24,
      2314.15,
      2561.68,
      2075.92,
      2904.43,
      2261.3,
      2189.24,
      1700.67,
      1656.75,
      1383.87,
      1790.09,
      1667.84,
      2217.8,
      2166.3,
      1908.36,
      1905.94,
      1809.57,
      1917.35,
      2037.66,
      1941.56,
      2001.4,
      2120.16,
      1967.95,
      2018.14,
      2522.91,
      1675.26,
      2498.27,
      1502.76,
      2609.2,
      1817.55,
      1572.37,
      1496.86,
      1596.86,
      1904.97,
      1474.39,
      1391.62,
      1442.19,
      1535.06,
      1547.55,
      1581.08,
      1478.01,
      1719.81,
      1631.21,
      1969.92,
      2182.76,
      1368.42,
      1978.89,
      1588.57,
      1568.38,
      1843.68,
      1715.0,
      1528.17,
      1449.28,
      1622.45,
      1489.69,
      1373.15,
      1434.92,
      1578.32,
      1569.07
    ]
  }
}