{
  "id": "759031d6-53b0-428c-b9fc-f3b3370f6265",
  "duration": 5.547,
  "pitch": {
    "mean": 380.39,
    "max": 1435.75,
    "std": 254.53,
    "max_mean_ratio": 3.77
  },
  "energy": {
    "mean": 0.057421,
    "max": 0.096251,
    "std": 0.016396,
    "rate_of_change": 0.014002
  },
  "speech_rate": {
    "chars_per_sec": 14.1,
    "words_per_sec": 2.38,
    "segment_count": 2
  },
  "spectral_centroid": {
    "mean": 2025.32
  },
  "timeseries": {
    "frame_sec": 0.5,
    "pitch": [
      495.59,
      431.28,
      262.22,
      327.84,
      376.62,
      365.21,
      401.36,
      427.76,
      169.35,
      632.35,
      352.6,
      68.77
    ],
    "energy": [
      0.059723,
      0.059455,
      0.055481,
      0.050066,
      0.060035,
      0.062255,
      0.038486,
      0.0624,
      0.062353,
      0.055731,
      0.043982,
      0.01606
    ],
    "spectral_centroid": [
      2134.05,
      1538.02,
      2028.78,
      1930.93,
      1806.35,
      1999.28,
      2427.15,
      1938.02,
      2280.03,
      2055.03,
      2144.87,
      2101.25
    ]
  }
}