{
  "id": "75a49646-fcb1-4726-990e-4a0ecfae4071",
  "duration": 12.309,
  "pitch": {
    "mean": 542.84,
    "max": 2087.14,
    "std": 491.72,
    "max_mean_ratio": 3.84
  },
  "energy": {
    "mean": 0.070995,
    "max": 0.310076,
    "std": 0.062039,
    "rate_of_change": 0.024191
  },
  "speech_rate": {
    "chars_per_sec": 10.25,
    "words_per_sec": 1.75,
    "segment_count": 6
  },
  "spectral_centroid": {
    "mean": 2044.78
  },
  "timeseries": {
    "frame_sec": 0.5,
    "pitch": [
      282.82,
      118.07,
      504.77,
      511.07,
      549.71,
      832.61,
      654.94,
      439.65,
      583.04,
      1172.46,
      366.28,
      423.1,
      434.33,
      435.21,
      661.55,
      758.39,
      758.17,
      566.69,
      386.49,
      225.29,
      168.53,
      189.6,
      867.27,
      623.3,
      1626.61
    ],
    "energy": [
      0.025014,
      0.030185,
      0.10884,
      0.107882,
      0.148154,
      0.12513,
      0.104759,
      0.06489,
      0.04573,
      0.137833,
      0.017759,
      0.017395,
      0.01354,
      0.01696,
      0.048521,
      0.071975,
      0.070903,
      0.058282,
      0.053543,
      0.020051,
      0.019172,
      0.020817,
      0.143348,
      0.09228,
      0.171462
    ],
    "spectral_centroid": [
      2456.1,
      1905.87,
      2642.27,
      2164.8,
      2471.65,
      1726.11,
      1677.3,
      2289.59,
      2088.46,
      2161.33,
      1700.38,
      1911.03,
      1503.97,
      1831.94,
      2206.44,
      2330.45,
      1857.08,
      1616.51,
      2323.05,
      1774.79,
      1856.79,
      2031.45,
      2186.84,
      2274.44,
      2182.81
    ]
  }
}