{
  "id": "75d16ee3-4ff9-4e13-af8f-3cd379fd18ea",
  "duration": 16.149,
  "pitch": {
    "mean": 483.97,
    "max": 2085.94,
    "std": 366.64,
    "max_mean_ratio": 4.31
  },
  "energy": {
    "mean": 0.08358,
    "max": 0.277919,
    "std": 0.058586,
    "rate_of_change": 0.016429
  },
  "speech_rate": {
    "chars_per_sec": 12.82,
    "words_per_sec": 2.27,
    "segment_count": 9
  },
  "spectral_centroid": {
    "mean": 1913.75
  },
  "timeseries": {
    "frame_sec": 0.5,
    "pitch": [
      344.7,
      246.45,
      150.23,
      145.36,
      285.61,
      549.1,
      601.87,
      519.66,
      513.63,
      659.01,
      674.54,
      299.98,
      359.35,
      216.4,
      284.91,
      732.84,
      388.9,
      642.4,
      804.94,
      537.17,
      705.27,
      570.14,
      820.24,
      296.64,
      612.24,
      482.32,
      469.93,
      443.05,
      418.82,
      229.15,
      525.22,
      993.29,
      190.52
    ],
    "energy": [
      0.05057,
      0.054564,
      0.02207,
      0.016867,
      0.024619,
      0.080619,
      0.098568,
      0.076414,
      0.122962,
      0.079504,
      0.01968,
      0.021259,
      0.072913,
      0.036801,
      0.019802,
      0.10943,
      0.075706,
      0.175122,
      0.121873,
      0.1363,
      0.144245,
      0.169926,
      0.100889,
      0.027405,
      0.126664,
      0.09726,
      0.077728,
      0.064524,
      0.086401,
      0.044725,
      0.120965,
      0.108084,
      0.014721
    ],
    "spectral_centroid": [
      2338.59,
      1798.71,
      1954.35,
      2116.05,
      2410.54,
      1765.85,
      1426.98,
      1563.23,
      1732.54,
      1660.17,
      2026.37,
      1796.35,
      2251.49,
      2223.23,
      1926.24,
      1595.01,
      1924.87,
      1710.7,
      2123.31,
      1923.73,
      1825.49,
      1756.54,
      1792.75,
      1824.69,
      1715.07,
      1992.68,
      1948.34,
      2376.49,
      1627.84,
      1933.79,
      2595.36,
      1829.82,
      1660.7
    ]
  }
}