{
  "id": "767a1f7f-4b41-49ff-bb1e-be839354dff5",
  "duration": 8.085,
  "pitch": {
    "mean": 543.24,
    "max": 1892.4,
    "std": 354.64,
    "max_mean_ratio": 3.48
  },
  "energy": {
    "mean": 0.066085,
    "max": 0.197041,
    "std": 0.043286,
    "rate_of_change": 0.023137
  },
  "speech_rate": {
    "chars_per_sec": 13.51,
    "words_per_sec": 2.27,
    "segment_count": 5
  },
  "spectral_centroid": {
    "mean": 1960.86
  },
  "timeseries": {
    "frame_sec": 0.5,
    "pitch": [
      166.7,
      225.04,
      457.15,
      469.64,
      437.43,
      258.14,
      251.12,
      598.49,
      542.78,
      545.62,
      868.77,
      926.13,
      673.56,
      741.01,
      651.5,
      847.54,
      731.69
    ],
    "energy": [
      0.014181,
      0.019154,
      0.053726,
      0.054861,
      0.043969,
      0.047988,
      0.039358,
      0.064067,
      0.067824,
      0.054419,
      0.141723,
      0.065053,
      0.061189,
      0.099517,
      0.080827,
      0.099829,
      0.058409
    ],
    "spectral_centroid": [
      1702.12,
      2132.59,
      1428.5,
      1509.68,
      1695.42,
      1813.93,
      1730.61,
      2305.09,
      1650.48,
      2061.22,
      2211.68,
      2340.77,
      2184.28,
      2195.74,
      2170.7,
      2228.53,
      2000.92
    ]
  }
}