{
  "id": "7683ccbc-276c-490f-afd2-62b590f2f6a4",
  "duration": 9.536,
  "pitch": {
    "mean": 344.0,
    "max": 2058.01,
    "std": 312.21,
    "max_mean_ratio": 5.98
  },
  "energy": {
    "mean": 0.049761,
    "max": 0.20194,
    "std": 0.041717,
    "rate_of_change": 0.019799
  },
  "speech_rate": {
    "chars_per_sec": 11.13,
    "words_per_sec": 1.89,
    "segment_count": 3
  },
  "spectral_centroid": {
    "mean": 1904.93
  },
  "timeseries": {
    "frame_sec": 0.5,
    "pitch": [
      449.49,
      297.55,
      215.63,
      271.29,
      264.06,
      713.68,
      560.98,
      213.48,
      203.6,
      225.31,
      192.58,
      329.27,
      485.58,
      242.47,
      177.61,
      145.18,
      471.16,
      768.34,
      356.41,
      190.1
    ],
    "energy": [
      0.04426,
      0.01582,
      0.018263,
      0.075547,
      0.046655,
      0.108147,
      0.017364,
      0.017059,
      0.019533,
      0.02903,
      0.036032,
      0.055137,
      0.051058,
      0.015657,
      0.020268,
      0.028605,
      0.107588,
      0.088242,
      0.106016,
      0.032067
    ],
    "spectral_centroid": [
      1721.01,
      1967.2,
      2491.63,
      1917.16,
      2298.47,
      1699.3,
      2024.24,
      1952.7,
      1936.82,
      1729.97,
      1894.73,
      1544.39,
      1666.35,
      2041.94,
      1982.11,
      2020.23,
      1653.37,
      1834.55,
      1561.86,
      3797.06
    ]
  }
}