{
  "id": "76d78102-a47c-43a9-a778-75de076c9f2f",
  "duration": 10.624,
  "pitch": {
    "mean": 548.05,
    "max": 1618.32,
    "std": 286.45,
    "max_mean_ratio": 2.95
  },
  "energy": {
    "mean": 0.03769,
    "max": 0.185358,
    "std": 0.027162,
    "rate_of_change": 0.01661
  },
  "speech_rate": {
    "chars_per_sec": 16.85,
    "words_per_sec": 3.11,
    "segment_count": 2
  },
  "spectral_centroid": {
    "mean": 1470.02
  },
  "timeseries": {
    "frame_sec": 0.5,
    "pitch": [
      712.83,
      366.74,
      525.12,
      402.86,
      534.48,
      450.34,
      669.95,
      395.16,
      511.45,
      726.73,
      595.35,
      542.45,
      605.43,
      387.13,
      301.34,
      410.14,
      349.63,
      484.23,
      475.13,
      954.5,
      848.48,
      528.87
    ],
    "energy": [
      0.026802,
      0.028035,
      0.02243,
      0.017218,
      0.022989,
      0.021109,
      0.026114,
      0.02261,
      0.024995,
      0.034623,
      0.032951,
      0.033589,
      0.028193,
      0.027086,
      0.034926,
      0.029298,
      0.026997,
      0.04145,
      0.058347,
      0.118661,
      0.074814,
      0.041179
    ],
    "spectral_centroid": [
      1325.96,
      1265.01,
      1249.08,
      2012.57,
      1772.77,
      1313.3,
      1231.37,
      1265.28,
      1661.55,
      1471.57,
      1491.5,
      1230.08,
      1316.83,
      1352.58,
      1452.09,
      1404.34,
      1679.89,
      1518.17,
      1436.0,
      1735.53,
      1547.42,
      2041.36
    ]
  }
}