{
  "id": "779a06ef-9d52-493f-b7f3-311c6056d668",
  "duration": 12.416,
  "pitch": {
    "mean": 349.59,
    "max": 1766.3,
    "std": 264.76,
    "max_mean_ratio": 5.05
  },
  "energy": {
    "mean": 0.049333,
    "max": 0.239927,
    "std": 0.048419,
    "rate_of_change": 0.019031
  },
  "speech_rate": {
    "chars_per_sec": 12.78,
    "words_per_sec": 2.17,
    "segment_count": 7
  },
  "spectral_centroid": {
    "mean": 2118.13
  },
  "timeseries": {
    "frame_sec": 0.5,
    "pitch": [
      235.51,
      463.47,
      660.03,
      453.02,
      408.12,
      359.05,
      298.77,
      346.88,
      486.81,
      533.88,
      146.88,
      233.57,
      412.62,
      314.97,
      404.23,
      375.97,
      194.9,
      265.67,
      312.82,
      205.27,
      355.35,
      244.08,
      347.36,
      423.11,
      211.5
    ],
    "energy": [
      0.01173,
      0.038668,
      0.049066,
      0.134826,
      0.068474,
      0.052431,
      0.045352,
      0.077693,
      0.069552,
      0.038116,
      0.005625,
      0.027223,
      0.047607,
      0.059921,
      0.036287,
      0.04051,
      0.008983,
      0.005779,
      0.009362,
      0.036912,
      0.156186,
      0.049585,
      0.090418,
      0.006449,
      0.006889
    ],
    "spectral_centroid": [
      1956.35,
      2135.34,
      1843.21,
      1806.27,
      2208.85,
      2300.78,
      2242.19,
      1952.82,
      2047.93,
      2171.43,
      2624.05,
      1865.12,
      1857.35,
      1692.58,
      2078.15,
      1960.62,
      1851.4,
      2449.46,
      2363.38,
      2386.73,
      2357.04,
      2282.98,
      1963.76,
      2364.06,
      2319.3
    ]
  }
}