{
  "id": "77c847ff-9e61-461e-a200-6f4a7268375b",
  "duration": 11.819,
  "pitch": {
    "mean": 350.22,
    "max": 2086.64,
    "std": 285.93,
    "max_mean_ratio": 5.96
  },
  "energy": {
    "mean": 0.038361,
    "max": 0.109955,
    "std": 0.018992,
    "rate_of_change": 0.008396
  },
  "speech_rate": {
    "chars_per_sec": 16.44,
    "words_per_sec": 2.8,
    "segment_count": 3
  },
  "spectral_centroid": {
    "mean": 1868.25
  },
  "timeseries": {
    "frame_sec": 0.5,
    "pitch": [
      577.34,
      458.56,
      348.13,
      418.63,
      675.51,
      429.55,
      445.43,
      288.94,
      393.97,
      209.62,
      306.55,
      390.12,
      277.49,
      337.55,
      342.09,
      299.76,
      241.61,
      195.63,
      194.1,
      252.56,
      130.77,
      246.25,
      390.65,
      605.83
    ],
    "energy": [
      0.051898,
      0.040159,
      0.037227,
      0.043529,
      0.040038,
      0.038461,
      0.02524,
      0.038486,
      0.022344,
      0.01279,
      0.029923,
      0.04213,
      0.032184,
      0.025922,
      0.037247,
      0.035479,
      0.028603,
      0.038461,
      0.029859,
      0.02332,
      0.025856,
      0.061569,
      0.069077,
      0.053244
    ],
    "spectral_centroid": [
      1854.24,
      1704.17,
      1791.0,
      2095.61,
      1998.48,
      1703.51,
      1689.73,
      1744.5,
      1853.18,
      2010.3,
      1878.13,
      2057.78,
      1969.06,
      2194.2,
      1575.21,
      1589.54,
      1775.58,
      1614.72,
      1721.98,
      1947.35,
      2062.68,
      2373.17,
      1735.53,
      1781.06
    ]
  }
}