{
  "id": "77e49e60-6b67-49d8-a8da-615b82883934",
  "duration": 13.973,
  "pitch": {
    "mean": 376.02,
    "max": 1985.09,
    "std": 330.47,
    "max_mean_ratio": 5.28
  },
  "energy": {
    "mean": 0.055814,
    "max": 0.225524,
    "std": 0.035881,
    "rate_of_change": 0.015387
  },
  "speech_rate": {
    "chars_per_sec": 21.1,
    "words_per_sec": 4.11,
    "segment_count": 4
  },
  "spectral_centroid": {
    "mean": 1942.94
  },
  "timeseries": {
    "frame_sec": 0.5,
    "pitch": [
      481.94,
      279.29,
      600.17,
      395.28,
      444.98,
      214.21,
      298.5,
      346.28,
      293.78,
      318.2,
      192.36,
      331.29,
      298.4,
      592.11,
      344.01,
      272.26,
      181.5,
      131.54,
      147.11,
      378.22,
      409.31,
      649.77,
      417.87,
      723.05,
      298.13,
      364.86,
      389.43,
      552.67
    ],
    "energy": [
      0.060014,
      0.038211,
      0.068932,
      0.057834,
      0.046782,
      0.027704,
      0.063234,
      0.073091,
      0.059169,
      0.041018,
      0.028403,
      0.048966,
      0.036784,
      0.097933,
      0.054569,
      0.041674,
      0.013889,
      0.024324,
      0.028018,
      0.079432,
      0.033304,
      0.059645,
      0.054303,
      0.042676,
      0.054817,
      0.067377,
      0.060556,
      0.136938
    ],
    "spectral_centroid": [
      1750.33,
      2461.96,
      1676.12,
      2497.51,
      1767.56,
      1574.43,
      1684.12,
      1777.93,
      1752.21,
      1828.69,
      2206.26,
      1852.04,
      1819.54,
      2400.78,
      1514.2,
      1445.61,
      1938.86,
      1992.08,
      1771.6,
      1583.4,
      1639.3,
      2093.3,
      2021.1,
      2299.16,
      1966.39,
      2311.85,
      2062.68,
      2602.06
    ]
  }
}