{
  "id": "77f58c4a-3c18-471d-907f-cf832e1c81c9",
  "duration": 14.955,
  "pitch": {
    "mean": 464.18,
    "max": 1171.98,
    "std": 205.1,
    "max_mean_ratio": 2.52
  },
  "energy": {
    "mean": 0.033553,
    "max": 0.185585,
    "std": 0.03452,
    "rate_of_change": 0.012056
  },
  "speech_rate": {
    "chars_per_sec": 22.08,
    "words_per_sec": 4.04,
    "segment_count": 3
  },
  "spectral_centroid": {
    "mean": 1604.6
  },
  "timeseries": {
    "frame_sec": 0.5,
    "pitch": [
      444.63,
      376.14,
      373.64,
      696.79,
      483.16,
      372.56,
      373.0,
      496.03,
      410.91,
      356.45,
      536.44,
      545.41,
      452.25,
      344.34,
      518.43,
      474.72,
      395.03,
      485.83,
      507.24,
      359.96,
      414.22,
      404.04,
      551.02,
      383.61,
      458.95,
      504.71,
      640.27,
      647.96,
      641.63,
      434.03
    ],
    "energy": [
      0.020383,
      0.014336,
      0.012607,
      0.02817,
      0.0241,
      0.014609,
      0.013996,
      0.015363,
      0.01814,
      0.014002,
      0.016582,
      0.021139,
      0.01901,
      0.025628,
      0.025621,
      0.020394,
      0.019269,
      0.017841,
      0.022345,
      0.019174,
      0.019555,
      0.025937,
      0.028818,
      0.020022,
      0.034259,
      0.073197,
      0.135437,
      0.108416,
      0.044683,
      0.08752
    ],
    "spectral_centroid": [
      1406.28,
      2019.52,
      1584.73,
      1445.06,
      1350.49,
      1400.03,
      1578.55,
      1645.45,
      1716.87,
      1433.31,
      1760.96,
      1313.5,
      1429.5,
      2029.68,
      1607.9,
      1653.6,
      2024.95,
      1971.59,
      1638.41,
      2061.62,
      1476.1,
      1416.34,
      1432.08,
      1600.25,
      1566.89,
      1564.73,
      1508.81,
      1397.74,
      1472.94,
      1550.05
    ]
  }
}