{
  "id": "7806c6e2-9e93-4ae4-bb0c-1195c466518e",
  "duration": 6.016,
  "pitch": {
    "mean": 527.87,
    "max": 1626.03,
    "std": 331.41,
    "max_mean_ratio": 3.08
  },
  "energy": {
    "mean": 0.155762,
    "max": 0.411445,
    "std": 0.079192,
    "rate_of_change": 0.065241
  },
  "speech_rate": {
    "chars_per_sec": 19.67,
    "words_per_sec": 3.5,
    "segment_count": 3
  },
  "spectral_centroid": {
    "mean": 1966.36
  },
  "timeseries": {
    "frame_sec": 0.5,
    "pitch": [
      625.44,
      524.91,
      567.42,
      599.38,
      446.59,
      644.77,
      682.89,
      364.53,
      245.67,
      709.99,
      452.85,
      381.88,
      894.41
    ],
    "energy": [
      0.164481,
      0.172848,
      0.151007,
      0.17367,
      0.152484,
      0.166982,
      0.153382,
      0.064922,
      0.063514,
      0.258795,
      0.142466,
      0.133281,
      0.013256
    ],
    "spectral_centroid": [
      2389.93,
      1948.79,
      1863.06,
      1857.76,
      1754.42,
      2193.26,
      1819.57,
      2072.1,
      1815.63,
      1911.49,
      1974.96,
      2042.05,
      2139.0
    ]
  }
}