{
  "id": "783cc282-b0d3-4514-957f-69c052aac711",
  "duration": 8.171,
  "pitch": {
    "mean": 453.91,
    "max": 2027.15,
    "std": 352.36,
    "max_mean_ratio": 4.47
  },
  "energy": {
    "mean": 0.017816,
    "max": 0.054669,
    "std": 0.010738,
    "rate_of_change": 0.006171
  },
  "speech_rate": {
    "chars_per_sec": 16.3,
    "words_per_sec": 3.31,
    "segment_count": 2
  },
  "spectral_centroid": {
    "mean": 1862.19
  },
  "timeseries": {
    "frame_sec": 0.5,
    "pitch": [
      457.05,
      443.38,
      527.55,
      342.93,
      383.59,
      509.07,
      394.55,
      135.13,
      147.96,
      707.31,
      893.8,
      325.02,
      430.54,
      311.79,
      598.99,
      691.56,
      362.07
    ],
    "energy": [
      0.018479,
      0.010796,
      0.020108,
      0.010396,
      0.008477,
      0.01325,
      0.013182,
      0.008305,
      0.009403,
      0.026134,
      0.02755,
      0.010784,
      0.022664,
      0.012976,
      0.018878,
      0.03065,
      0.046558
    ],
    "spectral_centroid": [
      1814.33,
      1552.62,
      1359.75,
      1754.32,
      2341.33,
      1636.44,
      1846.17,
      1833.42,
      2515.6,
      1468.97,
      1578.01,
      2846.68,
      1735.64,
      2020.93,
      1856.46,
      1696.92,
      1715.56
    ]
  }
}