{
  "id": "7854cbbf-5e8f-4fdf-a3a0-a51eb62518c5",
  "duration": 10.005,
  "pitch": {
    "mean": 400.05,
    "max": 1960.71,
    "std": 352.64,
    "max_mean_ratio": 4.9
  },
  "energy": {
    "mean": 0.055566,
    "max": 0.162792,
    "std": 0.031564,
    "rate_of_change": 0.014708
  },
  "speech_rate": {
    "chars_per_sec": 15.73,
    "words_per_sec": 2.91,
    "segment_count": 5
  },
  "spectral_centroid": {
    "mean": 1835.32
  },
  "timeseries": {
    "frame_sec": 0.5,
    "pitch": [
      115.15,
      209.65,
      344.42,
      314.83,
      663.63,
      490.67,
      560.38,
      592.69,
      482.53,
      329.7,
      313.96,
      287.66,
      251.11,
      524.03,
      430.03,
      782.19,
      416.1,
      145.91,
      152.72,
      463.14,
      370.04
    ],
    "energy": [
      0.028649,
      0.020731,
      0.037081,
      0.053545,
      0.079941,
      0.067734,
      0.081461,
      0.087947,
      0.054095,
      0.057639,
      0.058565,
      0.051284,
      0.046843,
      0.059988,
      0.053864,
      0.071817,
      0.019978,
      0.018884,
      0.023584,
      0.095733,
      0.018108
    ],
    "spectral_centroid": [
      1996.28,
      1824.68,
      1677.54,
      1935.22,
      1743.18,
      1621.44,
      1561.9,
      1782.24,
      1794.86,
      1793.68,
      1833.97,
      1666.51,
      1873.81,
      1698.1,
      2010.89,
      1739.89,
      2104.36,
      1851.55,
      2247.47,
      1936.41,
      2040.62
    ]
  }
}