{
  "id": "786ea72f-835f-4e89-8a73-06b1a1aab7f9",
  "duration": 9.195,
  "pitch": {
    "mean": 450.45,
    "max": 1906.82,
    "std": 375.54,
    "max_mean_ratio": 4.23
  },
  "energy": {
    "mean": 0.096656,
    "max": 0.54668,
    "std": 0.115804,
    "rate_of_change": 0.058561
  },
  "speech_rate": {
    "chars_per_sec": 19.13,
    "words_per_sec": 3.8,
    "segment_count": 5
  },
  "spectral_centroid": {
    "mean": 1956.08
  },
  "timeseries": {
    "frame_sec": 0.5,
    "pitch": [
      361.49,
      233.65,
      233.83,
      298.41,
      342.21,
      255.66,
      380.81,
      407.4,
      367.7,
      182.3,
      255.54,
      745.75,
      696.12,
      552.21,
      577.94,
      659.6,
      709.66,
      811.22,
      327.93
    ],
    "energy": [
      0.049447,
      0.021535,
      0.039157,
      0.055633,
      0.046038,
      0.030144,
      0.050045,
      0.054954,
      0.04979,
      0.020351,
      0.01753,
      0.034187,
      0.086081,
      0.073727,
      0.279249,
      0.405435,
      0.171906,
      0.198037,
      0.041693
    ],
    "spectral_centroid": [
      2002.48,
      2748.82,
      1509.83,
      1904.5,
      1829.38,
      1780.05,
      2221.05,
      1792.35,
      1304.94,
      2566.99,
      1764.88,
      2108.07,
      1808.66,
      2240.55,
      1780.47,
      2026.95,
      1730.4,
      2328.37,
      1446.52
    ]
  }
}