{
  "id": "7892acdf-fcb7-41bd-9e13-70684ed1d260",
  "duration": 16.448,
  "pitch": {
    "mean": 397.66,
    "max": 2047.69,
    "std": 328.23,
    "max_mean_ratio": 5.15
  },
  "energy": {
    "mean": 0.039981,
    "max": 0.140093,
    "std": 0.028464,
    "rate_of_change": 0.008095
  },
  "speech_rate": {
    "chars_per_sec": 10.04,
    "words_per_sec": 1.82,
    "segment_count": 3
  },
  "spectral_centroid": {
    "mean": 2034.49
  },
  "timeseries": {
    "frame_sec": 0.5,
    "pitch": [
      145.65,
      274.16,
      313.86,
      503.96,
      685.45,
      518.86,
      292.1,
      259.06,
      249.52,
      372.55,
      588.07,
      351.77,
      450.63,
      365.51,
      117.28,
      252.45,
      297.16,
      555.84,
      135.04,
      151.99,
      141.46,
      338.12,
      666.23,
      397.22,
      835.19,
      918.75,
      517.26,
      380.08,
      602.89,
      679.43,
      361.16,
      326.77,
      143.15
    ],
    "energy": [
      0.023561,
      0.032627,
      0.037076,
      0.033647,
      0.04818,
      0.032864,
      0.03024,
      0.017438,
      0.032142,
      0.033726,
      0.031102,
      0.027457,
      0.031505,
      0.036466,
      0.01689,
      0.034399,
      0.033799,
      0.027995,
      0.020412,
      0.016733,
      0.011253,
      0.028194,
      0.104367,
      0.04989,
      0.086816,
      0.053009,
      0.026568,
      0.034604,
      0.089846,
      0.098436,
      0.03854,
      0.024648,
      0.015189
    ],
    "spectral_centroid": [
      2073.2,
      1972.71,
      1867.51,
      2275.34,
      2162.55,
      2045.04,
      2025.27,
      2180.06,
      1815.58,
      2058.62,
      2273.21,
      1993.93,
      2453.36,
      2216.84,
      1936.15,
      1795.18,
      1722.04,
      2043.53,
      1939.64,
      2289.33,
      2295.65,
      2052.8,
      1721.94,
      1692.98,
      1911.94,
      2109.8,
      2536.38,
      2150.26,
      1871.72,
      2019.49,
      1714.12,
      1777.44,
      2060.28
    ]
  }
}