{
  "id": "78a9a42b-0d75-443a-abd1-a685b8e90b50",
  "duration": 9.045,
  "pitch": {
    "mean": 471.32,
    "max": 1655.24,
    "std": 223.41,
    "max_mean_ratio": 3.51
  },
  "energy": {
    "mean": 0.067879,
    "max": 0.300469,
    "std": 0.068621,
    "rate_of_change": 0.03239
  },
  "speech_rate": {
    "chars_per_sec": 16.59,
    "words_per_sec": 3.32,
    "segment_count": 2
  },
  "spectral_centroid": {
    "mean": 1719.42
  },
  "timeseries": {
    "frame_sec": 0.5,
    "pitch": [
      546.8,
      503.94,
      347.92,
      381.99,
      260.98,
      509.56,
      326.93,
      403.26,
      539.98,
      525.0,
      354.23,
      398.97,
      361.32,
      372.24,
      484.35,
      600.46,
      726.4,
      735.49,
      749.29
    ],
    "energy": [
      0.12516,
      0.05587,
      0.033878,
      0.032297,
      0.021743,
      0.054285,
      0.04477,
      0.045957,
      0.058297,
      0.026193,
      0.013333,
      0.0154,
      0.020705,
      0.026316,
      0.032779,
      0.170775,
      0.234254,
      0.153909,
      0.057946
    ],
    "spectral_centroid": [
      1414.91,
      1729.71,
      1667.2,
      2258.57,
      1886.26,
      1683.61,
      1726.25,
      1792.09,
      1650.29,
      1721.98,
      1795.25,
      1864.06,
      1800.46,
      1908.81,
      1691.46,
      1486.06,
      1453.41,
      1428.22,
      1436.31
    ]
  }
}