{
  "id": "792ded45-5c0d-49db-9340-6e460040be19",
  "duration": 12.821,
  "pitch": {
    "mean": 347.08,
    "max": 785.34,
    "std": 186.89,
    "max_mean_ratio": 2.26
  },
  "energy": {
    "mean": 0.059305,
    "max": 0.130552,
    "std": 0.031977,
    "rate_of_change": 0.009735
  },
  "speech_rate": {
    "chars_per_sec": 11.09,
    "words_per_sec": 2.19,
    "segment_count": 4
  },
  "spectral_centroid": {
    "mean": 1672.12
  },
  "timeseries": {
    "frame_sec": 0.5,
    "pitch": [
      299.33,
      279.78,
      326.27,
      189.88,
      376.45,
      322.68,
      429.9,
      394.19,
      486.41,
      522.88,
      442.79,
      194.39,
      388.08,
      424.53,
      468.01,
      321.37,
      336.94,
      367.19,
      412.07,
      463.51,
      102.44,
      88.76,
      406.96,
      368.67,
      378.59,
      371.13
    ],
    "energy": [
      0.06017,
      0.064805,
      0.063781,
      0.041124,
      0.067891,
      0.059795,
      0.078599,
      0.052556,
      0.089921,
      0.091243,
      0.057938,
      0.009774,
      0.055951,
      0.059942,
      0.072714,
      0.05165,
      0.036321,
      0.059868,
      0.06175,
      0.04443,
      0.007648,
      0.01455,
      0.08418,
      0.063821,
      0.072179,
      0.057036
    ],
    "spectral_centroid": [
      1802.83,
      2666.27,
      1598.37,
      2264.78,
      1658.76,
      1842.06,
      1386.86,
      1696.47,
      1316.8,
      1130.44,
      1474.73,
      2021.83,
      1660.19,
      1491.63,
      1137.71,
      1632.62,
      1693.79,
      1867.45,
      1164.45,
      1721.19,
      1620.45,
      1670.47,
      1553.61,
      1773.15,
      2058.83,
      1684.39
    ]
  }
}