{
  "id": "79420dc9-bd5b-4d20-b43c-b04ae6374389",
  "duration": 11.349,
  "pitch": {
    "mean": 548.84,
    "max": 2054.8,
    "std": 510.84,
    "max_mean_ratio": 3.74
  },
  "energy": {
    "mean": 0.061922,
    "max": 0.272363,
    "std": 0.045303,
    "rate_of_change": 0.022807
  },
  "speech_rate": {
    "chars_per_sec": 12.26,
    "words_per_sec": 2.03,
    "segment_count": 8
  },
  "spectral_centroid": {
    "mean": 2014.82
  },
  "timeseries": {
    "frame_sec": 0.5,
    "pitch": [
      279.26,
      577.58,
      740.45,
      1126.75,
      1009.82,
      1090.72,
      482.52,
      452.01,
      730.04,
      319.4,
      688.07,
      552.31,
      160.15,
      437.41,
      269.91,
      233.88,
      403.43,
      497.87,
      461.84,
      568.64,
      457.08,
      676.42,
      321.57
    ],
    "energy": [
      0.044999,
      0.044452,
      0.103597,
      0.174999,
      0.083146,
      0.09664,
      0.086922,
      0.044212,
      0.065976,
      0.051795,
      0.016,
      0.023099,
      0.022196,
      0.031846,
      0.030567,
      0.029798,
      0.040269,
      0.05289,
      0.044683,
      0.075381,
      0.08903,
      0.070174,
      0.04462
    ],
    "spectral_centroid": [
      1855.38,
      1666.13,
      1959.93,
      2168.68,
      2518.15,
      2036.24,
      2278.52,
      2890.3,
      1828.59,
      2117.33,
      1829.53,
      2353.68,
      2042.78,
      1835.47,
      1942.35,
      2142.94,
      1620.63,
      1404.22,
      1824.83,
      2111.17,
      2030.48,
      1832.67,
      1962.72
    ]
  }
}