{
  "id": "796e55c2-f7d6-46d3-9998-0a0f660dd3e3",
  "duration": 17.088,
  "pitch": {
    "mean": 486.88,
    "max": 2084.25,
    "std": 364.46,
    "max_mean_ratio": 4.28
  },
  "energy": {
    "mean": 0.069138,
    "max": 0.211894,
    "std": 0.0456,
    "rate_of_change": 0.012199
  },
  "speech_rate": {
    "chars_per_sec": 16.88,
    "words_per_sec": 2.87,
    "segment_count": 1
  },
  "spectral_centroid": {
    "mean": 2076.41
  },
  "timeseries": {
    "frame_sec": 0.5,
    "pitch": [
      529.39,
      598.61,
      553.28,
      563.36,
      905.37,
      438.2,
      509.09,
      872.5,
      143.28,
      807.39,
      160.88,
      497.99,
      511.54,
      957.34,
      386.86,
      356.54,
      261.52,
      475.3,
      348.42,
      366.99,
      258.56,
      415.63,
      631.96,
      379.27,
      469.01,
      153.54,
      340.89,
      597.24,
      492.25,
      506.19,
      587.62,
      551.76,
      493.13,
      627.71,
      554.39
    ],
    "energy": [
      0.103057,
      0.076559,
      0.079356,
      0.090237,
      0.079619,
      0.037968,
      0.076662,
      0.092352,
      0.004927,
      0.104281,
      0.009733,
      0.099405,
      0.077574,
      0.085849,
      0.059094,
      0.038482,
      0.035966,
      0.062682,
      0.062591,
      0.051327,
      0.028756,
      0.048237,
      0.041245,
      0.046095,
      0.048292,
      0.004052,
      0.045677,
      0.089862,
      0.092439,
      0.107964,
      0.07685,
      0.063221,
      0.096505,
      0.099383,
      0.160972
    ],
    "spectral_centroid": [
      1701.58,
      2601.32,
      2089.69,
      1886.56,
      2140.09,
      2731.02,
      1966.44,
      2204.74,
      2137.03,
      2024.71,
      2275.63,
      1776.03,
      1937.79,
      1910.99,
      1863.43,
      1961.54,
      2627.13,
      1896.91,
      1824.87,
      1938.14,
      1680.24,
      1676.77,
      2317.71,
      1829.74,
      1896.63,
      2252.47,
      1933.57,
      1929.2,
      2646.6,
      2414.08,
      2322.08,
      2219.03,
      1964.7,
      1961.2,
      2518.54
    ]
  }
}