{
  "id": "797cc1e4-8bb8-4c22-a47d-aa7364027671",
  "duration": 8.981,
  "pitch": {
    "mean": 298.9,
    "max": 2062.2,
    "std": 301.46,
    "max_mean_ratio": 6.9
  },
  "energy": {
    "mean": 0.039874,
    "max": 0.129595,
    "std": 0.020933,
    "rate_of_change": 0.013296
  },
  "speech_rate": {
    "chars_per_sec": 10.94,
    "words_per_sec": 1.9,
    "segment_count": 4
  },
  "spectral_centroid": {
    "mean": 1922.79
  },
  "timeseries": {
    "frame_sec": 0.5,
    "pitch": [
      167.71,
      512.69,
      453.88,
      168.92,
      136.69,
      149.1,
      120.35,
      176.01,
      190.08,
      402.49,
      266.41,
      155.1,
      327.9,
      465.47,
      209.78,
      600.88,
      380.66,
      493.18
    ],
    "energy": [
      0.033594,
      0.036102,
      0.014951,
      0.025429,
      0.030041,
      0.026345,
      0.025519,
      0.02562,
      0.023888,
      0.043152,
      0.031162,
      0.032528,
      0.056712,
      0.079591,
      0.04821,
      0.058223,
      0.04353,
      0.053817
    ],
    "spectral_centroid": [
      2035.41,
      2171.15,
      2118.02,
      2021.5,
      1763.26,
      1440.32,
      1294.16,
      1687.97,
      1598.74,
      1522.74,
      1794.43,
      1790.78,
      2080.58,
      2190.64,
      2177.86,
      2197.22,
      2329.43,
      2377.1
    ]
  }
}