{
  "id": "79875fc8-4423-4eca-82d2-94ff6a362d42",
  "duration": 12.736,
  "pitch": {
    "mean": 414.53,
    "max": 2075.24,
    "std": 260.14,
    "max_mean_ratio": 5.01
  },
  "energy": {
    "mean": 0.207158,
    "max": 0.723727,
    "std": 0.144741,
    "rate_of_change": 0.055626
  },
  "speech_rate": {
    "chars_per_sec": 17.41,
    "words_per_sec": 3.5,
    "segment_count": 7
  },
  "spectral_centroid": {
    "mean": 1906.23
  },
  "timeseries": {
    "frame_sec": 0.5,
    "pitch": [
      420.96,
      449.13,
      433.16,
      267.14,
      284.43,
      279.46,
      403.89,
      456.48,
      499.91,
      673.81,
      439.19,
      496.9,
      456.32,
      347.56,
      546.44,
      340.0,
      294.48,
      187.62,
      299.25,
      457.63,
      302.28,
      362.72,
      629.55,
      508.88,
      432.53,
      289.86
    ],
    "energy": [
      0.065724,
      0.186598,
      0.176221,
      0.090138,
      0.081669,
      0.173534,
      0.273668,
      0.503536,
      0.384122,
      0.385771,
      0.338908,
      0.211134,
      0.206097,
      0.176386,
      0.19708,
      0.155631,
      0.103189,
      0.075474,
      0.145958,
      0.181475,
      0.067822,
      0.105539,
      0.037273,
      0.256554,
      0.322641,
      0.265785
    ],
    "spectral_centroid": [
      2121.94,
      2452.58,
      2654.99,
      1824.26,
      1784.09,
      2497.65,
      2371.89,
      1475.48,
      1956.24,
      1812.62,
      1488.04,
      1701.23,
      2116.92,
      2951.88,
      1719.73,
      2651.55,
      1143.98,
      1581.51,
      1277.68,
      1362.26,
      1475.13,
      1378.03,
      2138.64,
      1715.38,
      1939.64,
      2154.1
    ]
  }
}