{
  "id": "79b335d5-d414-4f24-a8df-a5e17c8f25dd",
  "duration": 11.051,
  "pitch": {
    "mean": 446.13,
    "max": 1487.18,
    "std": 228.12,
    "max_mean_ratio": 3.33
  },
  "energy": {
    "mean": 0.049753,
    "max": 0.159918,
    "std": 0.028518,
    "rate_of_change": 0.013703
  },
  "speech_rate": {
    "chars_per_sec": 20.11,
    "words_per_sec": 3.8,
    "segment_count": 3
  },
  "spectral_centroid": {
    "mean": 1501.37
  },
  "timeseries": {
    "frame_sec": 0.5,
    "pitch": [
      440.79,
      473.43,
      377.5,
      437.51,
      323.57,
      361.34,
      378.8,
      474.43,
      361.63,
      482.99,
      508.63,
      478.85,
      428.02,
      333.49,
      486.44,
      420.62,
      449.13,
      449.66,
      467.53,
      276.72,
      495.83,
      924.02,
      655.33
    ],
    "energy": [
      0.023367,
      0.044832,
      0.036202,
      0.03864,
      0.032173,
      0.035306,
      0.038101,
      0.023452,
      0.050605,
      0.039024,
      0.048033,
      0.049038,
      0.028146,
      0.033667,
      0.068257,
      0.045981,
      0.056967,
      0.059762,
      0.063711,
      0.053406,
      0.086543,
      0.087837,
      0.05445
    ],
    "spectral_centroid": [
      1736.46,
      1440.22,
      1245.31,
      1409.15,
      1630.07,
      1322.17,
      1502.43,
      1781.22,
      1364.04,
      1837.69,
      1478.68,
      1439.99,
      1366.36,
      1593.86,
      1219.64,
      1516.37,
      1332.02,
      1453.33,
      1596.54,
      1876.77,
      1499.7,
      1444.38,
      1500.35
    ]
  }
}