{
  "id": "7a269c28-a4b6-47e3-a77f-fbe59a4a9e8b",
  "duration": 15.296,
  "pitch": {
    "mean": 363.05,
    "max": 1888.71,
    "std": 235.24,
    "max_mean_ratio": 5.2
  },
  "energy": {
    "mean": 0.053376,
    "max": 0.178566,
    "std": 0.030588,
    "rate_of_change": 0.0108
  },
  "speech_rate": {
    "chars_per_sec": 14.74,
    "words_per_sec": 2.56,
    "segment_count": 7
  },
  "spectral_centroid": {
    "mean": 1756.73
  },
  "timeseries": {
    "frame_sec": 0.5,
    "pitch": [
      314.16,
      444.03,
      334.58,
      496.15,
      319.72,
      312.55,
      426.63,
      245.85,
      264.24,
      134.04,
      122.09,
      117.83,
      329.48,
      472.28,
      359.13,
      383.36,
      419.29,
      461.63,
      395.81,
      327.59,
      158.57,
      144.45,
      393.1,
      498.62,
      367.23,
      421.7,
      395.72,
      459.34,
      623.35,
      598.32,
      625.93
    ],
    "energy": [
      0.054836,
      0.048686,
      0.042829,
      0.062029,
      0.046738,
      0.032134,
      0.050013,
      0.034836,
      0.039474,
      0.022377,
      0.025753,
      0.020374,
      0.041385,
      0.056142,
      0.035595,
      0.042181,
      0.058939,
      0.039553,
      0.054185,
      0.028803,
      0.032536,
      0.027563,
      0.059414,
      0.051005,
      0.051359,
      0.055361,
      0.057188,
      0.097044,
      0.119878,
      0.09466,
      0.119852
    ],
    "spectral_centroid": [
      1608.73,
      1941.15,
      1748.06,
      1763.96,
      1965.05,
      2413.06,
      1653.36,
      2366.44,
      1669.04,
      1481.61,
      1416.1,
      1566.97,
      1381.5,
      1557.49,
      1678.07,
      1574.75,
      1517.55,
      1699.95,
      2083.64,
      1635.98,
      1619.17,
      1660.0,
      1838.33,
      1451.34,
      1668.02,
      1553.66,
      1401.29,
      1826.82,
      2497.65,
      2245.22,
      1841.16
    ]
  }
}