{
  "id": "7a4ce2ef-51e3-465d-aa34-e66f29d2e86c",
  "duration": 9.6,
  "pitch": {
    "mean": 501.05,
    "max": 1890.79,
    "std": 293.93,
    "max_mean_ratio": 3.77
  },
  "energy": {
    "mean": 0.103605,
    "max": 0.248811,
    "std": 0.060253,
    "rate_of_change": 0.024435
  },
  "speech_rate": {
    "chars_per_sec": 15.38,
    "words_per_sec": 3.14,
    "segment_count": 8
  },
  "spectral_centroid": {
    "mean": 1877.54
  },
  "timeseries": {
    "frame_sec": 0.5,
    "pitch": [
      448.7,
      500.88,
      400.72,
      319.86,
      555.75,
      603.51,
      528.34,
      393.69,
      643.41,
      439.73,
      684.38,
      610.12,
      306.31,
      433.08,
      623.64,
      544.24,
      360.76,
      569.15,
      594.22,
      433.45
    ],
    "energy": [
      0.098734,
      0.067225,
      0.100957,
      0.017803,
      0.09722,
      0.09779,
      0.088969,
      0.068359,
      0.068149,
      0.109621,
      0.129816,
      0.11388,
      0.06577,
      0.092577,
      0.09923,
      0.15854,
      0.11811,
      0.136322,
      0.158099,
      0.042843
    ],
    "spectral_centroid": [
      1769.88,
      1745.94,
      1703.98,
      1912.16,
      1800.11,
      1898.43,
      1656.02,
      2159.78,
      2141.93,
      1807.54,
      1670.83,
      1885.05,
      1759.36,
      1978.8,
      1900.09,
      1884.8,
      2497.68,
      1815.84,
      1661.83,
      2103.26
    ]
  }
}