{
  "id": "7a4e32cb-4d91-4453-b4eb-6a811d106625",
  "duration": 12.736,
  "pitch": {
    "mean": 306.08,
    "max": 1766.12,
    "std": 245.22,
    "max_mean_ratio": 5.77
  },
  "energy": {
    "mean": 0.031106,
    "max": 0.101933,
    "std": 0.025533,
    "rate_of_change": 0.007747
  },
  "speech_rate": {
    "chars_per_sec": 7.58,
    "words_per_sec": 1.32,
    "segment_count": 5
  },
  "spectral_centroid": {
    "mean": 1876.15
  },
  "timeseries": {
    "frame_sec": 0.5,
    "pitch": [
      150.38,
      147.91,
      256.13,
      331.1,
      383.29,
      493.58,
      129.98,
      138.0,
      143.07,
      176.63,
      351.62,
      409.02,
      444.03,
      235.14,
      140.91,
      233.09,
      632.85,
      480.43,
      393.62,
      323.38,
      281.54,
      467.62,
      131.7,
      311.51,
      532.96,
      180.67
    ],
    "energy": [
      0.009961,
      0.014808,
      0.035412,
      0.041647,
      0.041378,
      0.013571,
      0.011134,
      0.007254,
      0.005826,
      0.01465,
      0.05676,
      0.051006,
      0.065195,
      0.013927,
      0.008394,
      0.009074,
      0.044797,
      0.054827,
      0.0513,
      0.030128,
      0.034288,
      0.036617,
      0.013538,
      0.038916,
      0.048446,
      0.007553
    ],
    "spectral_centroid": [
      1873.73,
      1683.3,
      1338.55,
      2111.9,
      1616.17,
      2045.51,
      1913.68,
      1906.3,
      2140.35,
      1710.63,
      1582.02,
      1978.03,
      1387.0,
      1917.95,
      1938.73,
      1988.51,
      1521.23,
      2085.55,
      1814.22,
      2020.64,
      2365.42,
      1768.98,
      2467.24,
      2005.09,
      1683.11,
      1872.23
    ]
  }
}