{
  "id": "7a5f2a93-9c20-416d-9031-32e2ff49431b",
  "duration": 10.837,
  "pitch": {
    "mean": 171.22,
    "max": 1060.5,
    "std": 145.27,
    "max_mean_ratio": 6.19
  },
  "energy": {
    "mean": 0.046553,
    "max": 0.128241,
    "std": 0.031684,
    "rate_of_change": 0.011145
  },
  "speech_rate": {
    "chars_per_sec": 10.36,
    "words_per_sec": 1.82,
    "segment_count": 2
  },
  "spectral_centroid": {
    "mean": 1659.33
  },
  "timeseries": {
    "frame_sec": 0.5,
    "pitch": [
      135.74,
      133.62,
      135.65,
      274.18,
      157.88,
      136.33,
      124.99,
      175.86,
      223.54,
      117.81,
      220.59,
      121.58,
      122.14,
      110.54,
      167.6,
      132.88,
      443.38,
      168.68,
      204.65,
      186.72,
      122.81,
      107.35
    ],
    "energy": [
      0.017232,
      0.019695,
      0.010293,
      0.047126,
      0.018866,
      0.044401,
      0.067182,
      0.073933,
      0.068797,
      0.060318,
      0.065297,
      0.015388,
      0.009754,
      0.019926,
      0.013899,
      0.053069,
      0.091687,
      0.031674,
      0.078785,
      0.084566,
      0.064705,
      0.015952
    ],
    "spectral_centroid": [
      1844.61,
      2120.95,
      2330.2,
      1448.49,
      1799.35,
      1604.81,
      1391.06,
      1151.58,
      1499.04,
      1681.48,
      1520.79,
      1898.95,
      1894.98,
      1631.6,
      1796.02,
      1595.11,
      1350.68,
      1892.2,
      1377.38,
      1209.21,
      1805.94,
      1678.49
    ]
  }
}