{
  "id": "7a8982aa-ab34-4825-b57c-d026cfd4a1b6",
  "duration": 12.864,
  "pitch": {
    "mean": 375.66,
    "max": 1899.12,
    "std": 289.59,
    "max_mean_ratio": 5.06
  },
  "energy": {
    "mean": 0.10833,
    "max": 0.540706,
    "std": 0.127887,
    "rate_of_change": 0.041889
  },
  "speech_rate": {
    "chars_per_sec": 9.03,
    "words_per_sec": 1.56,
    "segment_count": 8
  },
  "spectral_centroid": {
    "mean": 1872.8
  },
  "timeseries": {
    "frame_sec": 0.5,
    "pitch": [
      335.09,
      394.31,
      424.95,
      264.48,
      349.96,
      313.12,
      234.54,
      255.25,
      115.69,
      258.88,
      481.71,
      272.56,
      476.01,
      533.88,
      532.37,
      448.05,
      596.34,
      561.45,
      615.67,
      602.92,
      155.2,
      211.32,
      199.72,
      127.08,
      694.67,
      337.77
    ],
    "energy": [
      0.06193,
      0.115061,
      0.090942,
      0.079667,
      0.052609,
      0.025682,
      0.014098,
      0.013767,
      0.025453,
      0.094069,
      0.090506,
      0.124527,
      0.22778,
      0.279807,
      0.264161,
      0.234509,
      0.26742,
      0.163046,
      0.353787,
      0.017067,
      0.013161,
      0.004671,
      0.003777,
      0.00475,
      0.002435,
      0.049695
    ],
    "spectral_centroid": [
      2276.01,
      1459.66,
      1902.38,
      1509.87,
      1568.29,
      1597.17,
      1719.25,
      1758.95,
      1825.26,
      1710.0,
      1920.41,
      1656.55,
      1696.57,
      1919.86,
      2051.87,
      2126.11,
      1899.57,
      1914.79,
      1699.93,
      2281.86,
      2303.53,
      2152.94,
      2115.5,
      1703.6,
      2023.11,
      1793.98
    ]
  }
}