{
  "id": "7a9530c7-0458-400f-afe4-ebcb45168ba5",
  "duration": 9.472,
  "pitch": {
    "mean": 476.37,
    "max": 2039.55,
    "std": 421.67,
    "max_mean_ratio": 4.28
  },
  "energy": {
    "mean": 0.048715,
    "max": 0.136987,
    "std": 0.029667,
    "rate_of_change": 0.013659
  },
  "speech_rate": {
    "chars_per_sec": 13.32,
    "words_per_sec": 2.33,
    "segment_count": 3
  },
  "spectral_centroid": {
    "mean": 2265.1
  },
  "timeseries": {
    "frame_sec": 0.5,
    "pitch": [
      849.42,
      418.18,
      465.37,
      314.99,
      218.12,
      545.09,
      466.19,
      476.81,
      888.38,
      390.97,
      266.0,
      452.9,
      570.24,
      701.88,
      512.99,
      172.58,
      110.78,
      525.63,
      753.45
    ],
    "energy": [
      0.047801,
      0.050278,
      0.039943,
      0.01155,
      0.027168,
      0.059824,
      0.058521,
      0.048502,
      0.072381,
      0.050454,
      0.039272,
      0.063152,
      0.039145,
      0.030449,
      0.032625,
      0.022126,
      0.025988,
      0.0664,
      0.105495
    ],
    "spectral_centroid": [
      2424.25,
      2718.07,
      2283.37,
      1988.74,
      2013.04,
      2366.03,
      2103.48,
      2176.01,
      2404.75,
      2031.9,
      2189.93,
      2295.94,
      1895.9,
      2397.75,
      2619.7,
      2177.73,
      2242.64,
      2324.68,
      2315.79
    ]
  }
}