{
  "id": "7a9fe1a7-59e6-4ac8-aba1-9663879ce48c",
  "duration": 11.84,
  "pitch": {
    "mean": 528.74,
    "max": 2033.13,
    "std": 387.65,
    "max_mean_ratio": 3.85
  },
  "energy": {
    "mean": 0.086429,
    "max": 0.342338,
    "std": 0.050608,
    "rate_of_change": 0.028462
  },
  "speech_rate": {
    "chars_per_sec": 21.74,
    "words_per_sec": 4.08,
    "segment_count": 9
  },
  "spectral_centroid": {
    "mean": 1898.98
  },
  "timeseries": {
    "frame_sec": 0.5,
    "pitch": [
      751.58,
      504.83,
      796.52,
      376.74,
      604.84,
      371.57,
      586.47,
      528.84,
      845.07,
      698.04,
      507.27,
      493.92,
      537.18,
      758.3,
      443.73,
      396.78,
      413.77,
      597.74,
      433.36,
      454.53,
      697.19,
      373.71,
      558.1,
      335.17
    ],
    "energy": [
      0.059896,
      0.077671,
      0.072915,
      0.057352,
      0.12306,
      0.098783,
      0.106569,
      0.058263,
      0.097555,
      0.094302,
      0.081749,
      0.086799,
      0.077035,
      0.082854,
      0.060594,
      0.066843,
      0.035112,
      0.057292,
      0.073321,
      0.071101,
      0.15559,
      0.167417,
      0.056881,
      0.052729
    ],
    "spectral_centroid": [
      2131.02,
      1564.35,
      2080.76,
      2524.89,
      1728.79,
      2273.59,
      1754.72,
      2380.43,
      1888.91,
      2059.58,
      2178.2,
      1479.39,
      1625.72,
      1453.53,
      2133.91,
      1503.33,
      1629.5,
      1780.14,
      1783.35,
      1895.96,
      1856.35,
      2264.35,
      1770.8,
      1811.29
    ]
  }
}