{
  "id": "7aa4d647-e1c9-4322-9355-0f13748a88de",
  "duration": 9.152,
  "pitch": {
    "mean": 419.03,
    "max": 2078.71,
    "std": 338.94,
    "max_mean_ratio": 4.96
  },
  "energy": {
    "mean": 0.109927,
    "max": 0.261152,
    "std": 0.066321,
    "rate_of_change": 0.027693
  },
  "speech_rate": {
    "chars_per_sec": 14.44,
    "words_per_sec": 2.52,
    "segment_count": 3
  },
  "spectral_centroid": {
    "mean": 1968.2
  },
  "timeseries": {
    "frame_sec": 0.5,
    "pitch": [
      414.38,
      526.47,
      434.05,
      375.34,
      274.96,
      411.29,
      356.29,
      429.05,
      130.65,
      187.66,
      389.21,
      342.91,
      481.24,
      436.47,
      954.05,
      371.02,
      450.89,
      351.12,
      333.5
    ],
    "energy": [
      0.136343,
      0.14511,
      0.099921,
      0.050862,
      0.094145,
      0.101135,
      0.136888,
      0.083647,
      0.011787,
      0.049583,
      0.144142,
      0.094181,
      0.173186,
      0.170368,
      0.024481,
      0.069047,
      0.170507,
      0.108152,
      0.135063
    ],
    "spectral_centroid": [
      1521.57,
      1737.86,
      2100.85,
      2277.99,
      1922.13,
      1848.48,
      1648.15,
      1904.43,
      2290.74,
      2031.57,
      1707.43,
      1870.28,
      2155.97,
      2835.8,
      2210.84,
      2049.3,
      1612.37,
      1706.74,
      1467.55
    ]
  }
}