{
  "id": "7ab87efb-3a25-40aa-9328-2207bbe710a7",
  "duration": 4.629,
  "pitch": {
    "mean": 303.9,
    "max": 1351.64,
    "std": 251.82,
    "max_mean_ratio": 4.45
  },
  "energy": {
    "mean": 0.100911,
    "max": 0.232145,
    "std": 0.054546,
    "rate_of_change": 0.043478
  },
  "speech_rate": {
    "chars_per_sec": 7.08,
    "words_per_sec": 1.18,
    "segment_count": 2
  },
  "spectral_centroid": {
    "mean": 1834.79
  },
  "timeseries": {
    "frame_sec": 0.5,
    "pitch": [
      302.29,
      509.4,
      488.06,
      118.49,
      142.42,
      101.96,
      123.01,
      443.76,
      512.58,
      250.06
    ],
    "energy": [
      0.092028,
      0.155411,
      0.11218,
      0.059473,
      0.042029,
      0.062556,
      0.070101,
      0.167423,
      0.131518,
      0.032947
    ],
    "spectral_centroid": [
      2203.06,
      1772.14,
      1531.43,
      1686.01,
      1656.27,
      1480.26,
      1992.7,
      2193.8,
      1819.53,
      2441.28
    ]
  }
}