{
  "id": "7abbde43-998f-4534-b882-5a1d46fdc69b",
  "duration": 10.304,
  "pitch": {
    "mean": 397.98,
    "max": 2036.3,
    "std": 314.65,
    "max_mean_ratio": 5.12
  },
  "energy": {
    "mean": 0.04854,
    "max": 0.197228,
    "std": 0.036245,
    "rate_of_change": 0.017755
  },
  "speech_rate": {
    "chars_per_sec": 5.83,
    "words_per_sec": 1.26,
    "segment_count": 2
  },
  "spectral_centroid": {
    "mean": 1952.94
  },
  "timeseries": {
    "frame_sec": 0.5,
    "pitch": [
      157.62,
      257.71,
      705.19,
      319.54,
      334.08,
      409.15,
      489.75,
      268.41,
      269.88,
      479.03,
      366.0,
      313.83,
      336.13,
      734.58,
      184.07,
      406.02,
      371.63,
      550.94,
      572.53,
      421.78,
      311.48
    ],
    "energy": [
      0.018323,
      0.020992,
      0.02522,
      0.073174,
      0.055972,
      0.084849,
      0.132145,
      0.072881,
      0.020181,
      0.02138,
      0.02605,
      0.018743,
      0.021926,
      0.017859,
      0.021123,
      0.038564,
      0.046526,
      0.068663,
      0.059324,
      0.081031,
      0.06079
    ],
    "spectral_centroid": [
      2186.67,
      1990.36,
      1777.18,
      1843.38,
      1988.34,
      1692.65,
      1654.25,
      2719.51,
      1835.53,
      1780.33,
      1788.48,
      1742.29,
      1908.9,
      1934.96,
      1770.12,
      1598.14,
      2013.11,
      2514.63,
      2216.38,
      1923.7,
      2127.57
    ]
  }
}