{
  "id": "7ac99b08-8cc4-47e6-8795-5fb37fef13d4",
  "duration": 13.035,
  "pitch": {
    "mean": 275.25,
    "max": 1780.54,
    "std": 265.65,
    "max_mean_ratio": 6.47
  },
  "energy": {
    "mean": 0.045533,
    "max": 0.230118,
    "std": 0.036329,
    "rate_of_change": 0.016996
  },
  "speech_rate": {
    "chars_per_sec": 15.9,
    "words_per_sec": 2.76,
    "segment_count": 7
  },
  "spectral_centroid": {
    "mean": 2070.64
  },
  "timeseries": {
    "frame_sec": 0.5,
    "pitch": [
      252.71,
      128.63,
      133.61,
      115.03,
      108.49,
      191.83,
      143.86,
      265.47,
      470.4,
      279.58,
      161.97,
      422.95,
      246.13,
      146.83,
      208.29,
      284.23,
      212.37,
      286.62,
      268.56,
      455.26,
      263.12,
      381.95,
      582.08,
      555.53,
      117.49,
      620.22,
      614.75
    ],
    "energy": [
      0.028849,
      0.037904,
      0.026452,
      0.035885,
      0.022916,
      0.019664,
      0.027134,
      0.034049,
      0.024266,
      0.025182,
      0.020563,
      0.02468,
      0.027531,
      0.014085,
      0.030176,
      0.04036,
      0.049805,
      0.056207,
      0.05736,
      0.050283,
      0.032736,
      0.145251,
      0.083399,
      0.089463,
      0.016439,
      0.109145,
      0.027998
    ],
    "spectral_centroid": [
      2524.51,
      2231.44,
      2338.36,
      1784.2,
      1752.09,
      2211.91,
      2539.97,
      1972.35,
      2207.11,
      2018.87,
      2372.96,
      1967.18,
      1744.66,
      2042.92,
      1934.94,
      1937.19,
      2013.0,
      2221.95,
      2016.65,
      1974.12,
      1804.38,
      1943.17,
      2195.94,
      2002.99,
      2132.73,
      1988.7,
      1617.58
    ]
  }
}