{
  "id": "7ad1d968-29cc-42f7-81b3-c2821c133efb",
  "duration": 6.656,
  "pitch": {
    "mean": 412.96,
    "max": 2086.22,
    "std": 405.7,
    "max_mean_ratio": 5.05
  },
  "energy": {
    "mean": 0.071281,
    "max": 0.112666,
    "std": 0.027327,
    "rate_of_change": 0.014992
  },
  "speech_rate": {
    "chars_per_sec": 19.4,
    "words_per_sec": 3.47,
    "segment_count": 1
  },
  "spectral_centroid": {
    "mean": 2334.43
  },
  "timeseries": {
    "frame_sec": 0.5,
    "pitch": [
      358.76,
      386.53,
      532.13,
      409.04,
      255.78,
      495.51,
      557.54,
      327.32,
      375.35,
      232.62,
      221.97,
      387.56,
      420.52,
      70.85
    ],
    "energy": [
      0.080434,
      0.07143,
      0.065947,
      0.082251,
      0.067091,
      0.03235,
      0.06734,
      0.048741,
      0.093525,
      0.063412,
      0.07334,
      0.07953,
      0.067651,
      0.019635
    ],
    "spectral_centroid": [
      2181.5,
      2411.84,
      2095.22,
      1573.02,
      2719.21,
      2331.85,
      2638.81,
      2340.62,
      1491.94,
      3116.09,
      2934.89,
      2377.81,
      1970.65,
      2404.47
    ]
  }
}