{
  "id": "7ad7f785-a2d0-4b47-abda-2210deee3b12",
  "duration": 15.659,
  "pitch": {
    "mean": 404.01,
    "max": 2083.42,
    "std": 389.66,
    "max_mean_ratio": 5.16
  },
  "energy": {
    "mean": 0.044762,
    "max": 0.102036,
    "std": 0.026831,
    "rate_of_change": 0.006194
  },
  "speech_rate": {
    "chars_per_sec": 17.06,
    "words_per_sec": 3.36,
    "segment_count": 5
  },
  "spectral_centroid": {
    "mean": 2188.78
  },
  "timeseries": {
    "frame_sec": 0.5,
    "pitch": [
      313.97,
      252.66,
      225.79,
      285.33,
      729.35,
      137.27,
      309.03,
      369.5,
      617.02,
      437.29,
      290.86,
      569.65,
      390.17,
      234.25,
      380.99,
      261.58,
      407.03,
      369.56,
      411.34,
      198.5,
      242.58,
      344.35,
      1183.92,
      584.23,
      560.69,
      366.94,
      346.73,
      295.94,
      506.84,
      448.13,
      485.6,
      360.95
    ],
    "energy": [
      0.039686,
      0.052242,
      0.076808,
      0.042995,
      0.034046,
      0.007795,
      0.039247,
      0.054468,
      0.047542,
      0.042942,
      0.05461,
      0.030614,
      0.060246,
      0.042968,
      0.057036,
      0.021303,
      0.052345,
      0.053178,
      0.013682,
      0.006506,
      0.008271,
      0.016496,
      0.018924,
      0.071439,
      0.053364,
      0.081668,
      0.038277,
      0.04576,
      0.052567,
      0.047344,
      0.056103,
      0.045238
    ],
    "spectral_centroid": [
      1699.99,
      2265.63,
      1454.12,
      2377.38,
      2406.45,
      2442.78,
      1766.56,
      2120.49,
      2938.48,
      2458.74,
      1878.7,
      3178.01,
      1402.83,
      1903.4,
      1945.24,
      2307.67,
      1944.99,
      1781.01,
      3074.46,
      2650.89,
      2426.29,
      2959.93,
      3051.71,
      1820.2,
      1885.46,
      1708.53,
      2160.6,
      2118.49,
      1699.08,
      2300.49,
      1866.96,
      1422.65
    ]
  }
}