{
  "id": "7b25fe83-f870-48b1-8594-cedca54ce9a1",
  "duration": 9.173,
  "pitch": {
    "mean": 462.42,
    "max": 2043.88,
    "std": 342.63,
    "max_mean_ratio": 4.42
  },
  "energy": {
    "mean": 0.051936,
    "max": 0.19123,
    "std": 0.042192,
    "rate_of_change": 0.020058
  },
  "speech_rate": {
    "chars_per_sec": 15.78,
    "words_per_sec": 3.25,
    "segment_count": 2
  },
  "spectral_centroid": {
    "mean": 2032.99
  },
  "timeseries": {
    "frame_sec": 0.5,
    "pitch": [
      317.14,
      614.64,
      224.0,
      548.01,
      666.7,
      668.26,
      521.28,
      484.0,
      447.53,
      190.11,
      139.83,
      282.05,
      600.52,
      535.24,
      600.3,
      432.68,
      392.64,
      646.02,
      597.33
    ],
    "energy": [
      0.023551,
      0.031125,
      0.026038,
      0.042439,
      0.076678,
      0.078828,
      0.04047,
      0.036145,
      0.02685,
      0.012638,
      0.011568,
      0.034098,
      0.032118,
      0.039837,
      0.032617,
      0.061472,
      0.165639,
      0.108906,
      0.083695
    ],
    "spectral_centroid": [
      1885.5,
      3098.54,
      1948.16,
      1858.4,
      1472.66,
      1514.33,
      1585.32,
      1682.81,
      2207.5,
      2307.22,
      2105.43,
      2621.3,
      2219.59,
      2123.83,
      2330.29,
      1986.43,
      1802.57,
      1916.81,
      1529.67
    ]
  }
}