{
  "id": "7b409124-6f92-45b0-8cca-8ec8fbfb6128",
  "duration": 10.453,
  "pitch": {
    "mean": 408.92,
    "max": 1187.57,
    "std": 175.85,
    "max_mean_ratio": 2.9
  },
  "energy": {
    "mean": 0.048206,
    "max": 0.13202,
    "std": 0.026204,
    "rate_of_change": 0.01164
  },
  "speech_rate": {
    "chars_per_sec": 20.02,
    "words_per_sec": 3.96,
    "segment_count": 3
  },
  "spectral_centroid": {
    "mean": 1543.32
  },
  "timeseries": {
    "frame_sec": 0.5,
    "pitch": [
      398.55,
      310.28,
      306.85,
      351.44,
      348.27,
      361.74,
      505.41,
      561.22,
      373.21,
      406.67,
      384.94,
      370.21,
      327.25,
      344.21,
      389.21,
      610.38,
      485.0,
      549.22,
      499.8,
      405.43,
      379.0
    ],
    "energy": [
      0.027339,
      0.038357,
      0.050693,
      0.03269,
      0.026162,
      0.043845,
      0.036097,
      0.038614,
      0.035318,
      0.043106,
      0.032806,
      0.025906,
      0.033361,
      0.026505,
      0.037009,
      0.094155,
      0.087261,
      0.080818,
      0.068806,
      0.063455,
      0.053945
    ],
    "spectral_centroid": [
      1805.42,
      1761.53,
      1224.23,
      1368.1,
      1379.58,
      1287.89,
      1424.31,
      1448.82,
      1690.64,
      2099.88,
      1460.89,
      2005.72,
      1575.38,
      1590.95,
      1568.61,
      1606.18,
      1712.46,
      1276.34,
      1362.71,
      1378.02,
      1344.7
    ]
  }
}