{
  "id": "7b5fc34c-6976-4caa-9735-1721c0b154c2",
  "duration": 13.205,
  "pitch": {
    "mean": 376.45,
    "max": 1565.65,
    "std": 250.11,
    "max_mean_ratio": 4.16
  },
  "energy": {
    "mean": 0.063822,
    "max": 0.139529,
    "std": 0.028877,
    "rate_of_change": 0.009461
  },
  "speech_rate": {
    "chars_per_sec": 15.14,
    "words_per_sec": 2.73,
    "segment_count": 10
  },
  "spectral_centroid": {
    "mean": 1757.76
  },
  "timeseries": {
    "frame_sec": 0.5,
    "pitch": [
      322.27,
      482.3,
      106.35,
      145.56,
      219.12,
      389.21,
      429.57,
      453.54,
      169.75,
      532.56,
      345.45,
      339.98,
      402.9,
      461.77,
      527.18,
      354.28,
      335.69,
      424.67,
      597.17,
      349.3,
      218.5,
      299.99,
      185.44,
      427.07,
      455.43,
      561.68,
      636.23
    ],
    "energy": [
      0.055604,
      0.07065,
      0.023398,
      0.02172,
      0.029874,
      0.052557,
      0.084855,
      0.081521,
      0.03626,
      0.073174,
      0.065665,
      0.074147,
      0.050395,
      0.043236,
      0.086824,
      0.069359,
      0.063699,
      0.055633,
      0.076516,
      0.065246,
      0.058889,
      0.078725,
      0.051194,
      0.087256,
      0.060973,
      0.066263,
      0.061449
    ],
    "spectral_centroid": [
      1913.4,
      1654.37,
      1567.03,
      1740.15,
      1494.21,
      1691.69,
      1438.23,
      1471.32,
      1525.1,
      1551.71,
      1389.97,
      1591.14,
      2267.68,
      2465.31,
      2026.82,
      1598.52,
      1368.73,
      1700.22,
      1691.45,
      1354.25,
      1698.11,
      1741.32,
      2377.22,
      1733.72,
      1888.94,
      2500.55,
      2393.86
    ]
  }
}