{
  "id": "7b7bad08-814a-4f3b-b5e3-f377ad2b3f59",
  "duration": 14.293,
  "pitch": {
    "mean": 788.01,
    "max": 2087.23,
    "std": 598.87,
    "max_mean_ratio": 2.65
  },
  "energy": {
    "mean": 0.037497,
    "max": 0.403705,
    "std": 0.048398,
    "rate_of_change": 0.027632
  },
  "speech_rate": {
    "chars_per_sec": 6.38,
    "words_per_sec": 1.26,
    "segment_count": 5
  },
  "spectral_centroid": {
    "mean": 2079.7
  },
  "timeseries": {
    "frame_sec": 0.5,
    "pitch": [
      348.59,
      493.53,
      664.96,
      740.55,
      1109.56,
      775.36,
      707.52,
      1118.56,
      1515.4,
      785.25,
      1419.15,
      1301.04,
      1172.52,
      776.97,
      867.54,
      993.21,
      735.74,
      876.92,
      776.31,
      758.11,
      791.79,
      651.74,
      665.52,
      766.89,
      176.09,
      193.64,
      543.47,
      489.75,
      599.26
    ],
    "energy": [
      0.032944,
      0.041033,
      0.015286,
      0.012696,
      0.014748,
      0.014411,
      0.013349,
      0.012982,
      0.015297,
      0.014355,
      0.01482,
      0.013468,
      0.016851,
      0.017851,
      0.01728,
      0.015383,
      0.030868,
      0.050735,
      0.103551,
      0.047213,
      0.147537,
      0.055954,
      0.069838,
      0.079485,
      0.026445,
      0.016493,
      0.045796,
      0.053512,
      0.018955
    ],
    "spectral_centroid": [
      1932.93,
      2069.19,
      1965.84,
      1763.27,
      2029.33,
      2126.82,
      2188.38,
      2000.05,
      1918.05,
      1780.19,
      2087.33,
      1865.33,
      1536.6,
      2493.18,
      2257.44,
      1840.4,
      1867.12,
      2207.77,
      2042.14,
      2324.6,
      1812.49,
      2143.19,
      2077.01,
      2210.4,
      2496.64,
      2457.1,
      2162.39,
      2399.38,
      2276.83
    ]
  }
}