{
  "id": "7b9e8fe5-b709-4c84-b570-7d71c59b79c6",
  "duration": 12.459,
  "pitch": {
    "mean": 454.21,
    "max": 2053.47,
    "std": 456.9,
    "max_mean_ratio": 4.52
  },
  "energy": {
    "mean": 0.089679,
    "max": 0.430533,
    "std": 0.088128,
    "rate_of_change": 0.03362
  },
  "speech_rate": {
    "chars_per_sec": 7.72,
    "words_per_sec": 1.37,
    "segment_count": 6
  },
  "spectral_centroid": {
    "mean": 1884.36
  },
  "timeseries": {
    "frame_sec": 0.5,
    "pitch": [
      162.42,
      112.32,
      116.78,
      102.1,
      97.87,
      499.07,
      899.43,
      367.76,
      609.43,
      444.59,
      342.87,
      789.75,
      672.39,
      703.4,
      719.1,
      596.39,
      707.43,
      271.09,
      672.42,
      287.73,
      695.63,
      536.73,
      402.36,
      372.84,
      144.94
    ],
    "energy": [
      0.019507,
      0.020382,
      0.028512,
      0.02574,
      0.021759,
      0.07602,
      0.212127,
      0.085834,
      0.125624,
      0.11169,
      0.041597,
      0.133056,
      0.100037,
      0.112002,
      0.170405,
      0.105726,
      0.125901,
      0.043189,
      0.11608,
      0.058369,
      0.187504,
      0.148051,
      0.027298,
      0.026938,
      0.016829
    ],
    "spectral_centroid": [
      1457.86,
      1392.54,
      1588.37,
      1501.49,
      1547.57,
      2136.03,
      1781.77,
      2159.25,
      2051.57,
      1528.82,
      1384.68,
      1654.54,
      2353.59,
      1890.56,
      1563.16,
      1760.04,
      2164.64,
      1796.93,
      1990.19,
      1816.56,
      2128.84,
      2604.47,
      2334.84,
      2368.08,
      2114.13
    ]
  }
}