{
  "id": "7bd1f731-6f54-4d3b-8fa2-a1a1fb04d980",
  "duration": 12.011,
  "pitch": {
    "mean": 418.22,
    "max": 1240.81,
    "std": 267.37,
    "max_mean_ratio": 2.97
  },
  "energy": {
    "mean": 0.012717,
    "max": 0.150788,
    "std": 0.020733,
    "rate_of_change": 0.012522
  },
  "speech_rate": {
    "chars_per_sec": 7.22,
    "words_per_sec": 1.41,
    "segment_count": 5
  },
  "spectral_centroid": {
    "mean": 2044.86
  },
  "timeseries": {
    "frame_sec": 0.5,
    "pitch": [
      252.46,
      462.28,
      258.56,
      352.04,
      356.49,
      267.39,
      287.54,
      354.04,
      255.44,
      374.17,
      398.35,
      310.34,
      234.53,
      225.29,
      425.1,
      431.55,
      672.37,
      719.8,
      543.24,
      289.9,
      574.18,
      455.07,
      798.44,
      838.6,
      817.61
    ],
    "energy": [
      0.001563,
      0.001567,
      0.000908,
      0.001499,
      0.001517,
      0.004678,
      0.004279,
      0.001495,
      0.000632,
      0.006867,
      0.012368,
      0.004646,
      0.002586,
      0.001217,
      0.001758,
      0.015778,
      0.0204,
      0.017103,
      0.024359,
      0.011924,
      0.06444,
      0.026003,
      0.032565,
      0.02966,
      0.01053
    ],
    "spectral_centroid": [
      1591.62,
      1702.5,
      2266.95,
      1836.06,
      1790.37,
      1678.98,
      1779.42,
      2738.24,
      3473.93,
      1825.04,
      1873.67,
      1916.98,
      2295.17,
      2758.58,
      2084.9,
      1669.5,
      1925.93,
      2028.54,
      1976.0,
      2104.81,
      2021.03,
      1794.91,
      1954.29,
      1962.25,
      1741.87
    ]
  }
}