{
  "id": "7bde5f86-b329-4eee-b842-f4c9155bf47c",
  "duration": 7.189,
  "pitch": {
    "mean": 484.0,
    "max": 2089.47,
    "std": 422.76,
    "max_mean_ratio": 4.32
  },
  "energy": {
    "mean": 0.078056,
    "max": 0.203112,
    "std": 0.052079,
    "rate_of_change": 0.027595
  },
  "speech_rate": {
    "chars_per_sec": 16.93,
    "words_per_sec": 3.13,
    "segment_count": 4
  },
  "spectral_centroid": {
    "mean": 2055.48
  },
  "timeseries": {
    "frame_sec": 0.5,
    "pitch": [
      104.35,
      145.56,
      613.4,
      540.21,
      534.58,
      911.85,
      384.72,
      619.14,
      366.82,
      447.76,
      734.37,
      494.72,
      367.91,
      470.48,
      652.34
    ],
    "energy": [
      0.00827,
      0.012578,
      0.103531,
      0.105682,
      0.076724,
      0.096277,
      0.083932,
      0.120731,
      0.036815,
      0.076199,
      0.090443,
      0.062759,
      0.07127,
      0.09785,
      0.0673
    ],
    "spectral_centroid": [
      1647.15,
      1400.06,
      2488.79,
      2337.27,
      2422.71,
      2193.99,
      2002.67,
      2371.43,
      1552.33,
      1828.96,
      2296.31,
      2108.2,
      2073.32,
      2086.57,
      2089.57
    ]
  }
}