{
  "id": "7c3a8e25-2bd9-4bb1-9ccd-d26e9c64a2e8",
  "duration": 11.883,
  "pitch": {
    "mean": 326.83,
    "max": 1218.86,
    "std": 188.01,
    "max_mean_ratio": 3.73
  },
  "energy": {
    "mean": 0.022291,
    "max": 0.068495,
    "std": 0.013859,
    "rate_of_change": 0.005458
  },
  "speech_rate": {
    "chars_per_sec": 13.97,
    "words_per_sec": 2.53,
    "segment_count": 3
  },
  "spectral_centroid": {
    "mean": 1540.01
  },
  "timeseries": {
    "frame_sec": 0.5,
    "pitch": [
      573.94,
      257.18,
      328.01,
      221.59,
      368.05,
      411.26,
      443.4,
      289.6,
      332.23,
      296.82,
      283.57,
      365.1,
      318.94,
      407.3,
      490.38,
      160.24,
      234.17,
      253.07,
      313.27,
      465.1,
      220.93,
      211.46,
      313.17,
      543.54
    ],
    "energy": [
      0.026531,
      0.017372,
      0.02047,
      0.021963,
      0.02962,
      0.035448,
      0.021091,
      0.036096,
      0.029295,
      0.022015,
      0.012643,
      0.033604,
      0.022205,
      0.020713,
      0.013116,
      0.008611,
      0.041229,
      0.026885,
      0.017324,
      0.013364,
      0.005376,
      0.004293,
      0.010835,
      0.022422
    ],
    "spectral_centroid": [
      1136.79,
      1569.0,
      1593.17,
      1548.01,
      1594.73,
      1457.57,
      1509.25,
      1401.56,
      1529.36,
      1874.59,
      1854.15,
      1462.25,
      1576.64,
      1201.67,
      1530.14,
      1606.91,
      1411.56,
      1267.96,
      1432.79,
      1551.43,
      1776.12,
      1805.2,
      1535.73,
      1863.17
    ]
  }
}