{
  "id": "7c6bfe42-cc23-4663-9343-e2affb201a3d",
  "duration": 8.277,
  "pitch": {
    "mean": 509.87,
    "max": 2085.95,
    "std": 418.91,
    "max_mean_ratio": 4.09
  },
  "energy": {
    "mean": 0.132102,
    "max": 0.346622,
    "std": 0.086604,
    "rate_of_change": 0.040286
  },
  "speech_rate": {
    "chars_per_sec": 15.87,
    "words_per_sec": 2.58,
    "segment_count": 3
  },
  "spectral_centroid": {
    "mean": 1969.51
  },
  "timeseries": {
    "frame_sec": 0.5,
    "pitch": [
      488.86,
      606.92,
      492.85,
      472.32,
      118.42,
      389.2,
      537.51,
      454.73,
      578.25,
      197.88,
      266.68,
      712.39,
      734.36,
      569.79,
      935.37,
      813.47,
      185.97
    ],
    "energy": [
      0.165474,
      0.131402,
      0.180146,
      0.134535,
      0.027633,
      0.101106,
      0.157897,
      0.117965,
      0.141031,
      0.029985,
      0.030317,
      0.054532,
      0.247769,
      0.190003,
      0.193182,
      0.173523,
      0.01501
    ],
    "spectral_centroid": [
      2279.22,
      1758.46,
      2015.78,
      2044.22,
      1836.86,
      1740.6,
      1661.38,
      1799.87,
      1902.14,
      1538.97,
      1619.9,
      2585.07,
      2154.9,
      2364.34,
      2039.36,
      2002.91,
      2124.95
    ]
  }
}