{
  "id": "7c728b1d-5271-417c-9977-9fb307db4139",
  "duration": 9.941,
  "pitch": {
    "mean": 365.38,
    "max": 1959.84,
    "std": 289.71,
    "max_mean_ratio": 5.36
  },
  "energy": {
    "mean": 0.023525,
    "max": 0.166758,
    "std": 0.023416,
    "rate_of_change": 0.016344
  },
  "speech_rate": {
    "chars_per_sec": 18.41,
    "words_per_sec": 3.71,
    "segment_count": 5
  },
  "spectral_centroid": {
    "mean": 1918.35
  },
  "timeseries": {
    "frame_sec": 0.5,
    "pitch": [
      549.81,
      573.67,
      389.73,
      323.35,
      431.66,
      198.07,
      451.76,
      515.62,
      186.22,
      389.73,
      485.57,
      274.07,
      141.86,
      433.55,
      510.38,
      312.88,
      229.58,
      634.04,
      191.34,
      321.96
    ],
    "energy": [
      0.029631,
      0.018516,
      0.015614,
      0.03001,
      0.014124,
      0.011401,
      0.01995,
      0.010637,
      0.007145,
      0.019708,
      0.035593,
      0.016527,
      0.015934,
      0.014295,
      0.026183,
      0.031133,
      0.023184,
      0.085625,
      0.011706,
      0.011818
    ],
    "spectral_centroid": [
      1790.38,
      1798.84,
      1936.96,
      1879.31,
      1833.91,
      1850.49,
      1826.77,
      1968.66,
      2002.8,
      1742.04,
      1792.56,
      2487.12,
      1889.8,
      1877.51,
      2057.22,
      1851.15,
      2499.48,
      1736.99,
      1735.94,
      1793.44
    ]
  }
}