{
  "id": "7c8577ce-9cf0-4e81-83d1-911d339d1bf0",
  "duration": 15.509,
  "pitch": {
    "mean": 515.19,
    "max": 1749.53,
    "std": 316.99,
    "max_mean_ratio": 3.4
  },
  "energy": {
    "mean": 0.017688,
    "max": 0.050382,
    "std": 0.007953,
    "rate_of_change": 0.002942
  },
  "speech_rate": {
    "chars_per_sec": 22.49,
    "words_per_sec": 4.38,
    "segment_count": 4
  },
  "spectral_centroid": {
    "mean": 1849.3
  },
  "timeseries": {
    "frame_sec": 0.5,
    "pitch": [
      387.34,
      456.81,
      385.54,
      364.09,
      448.5,
      360.93,
      610.79,
      570.99,
      505.48,
      803.9,
      546.69,
      686.75,
      690.02,
      269.69,
      693.01,
      499.46,
      636.48,
      579.56,
      478.65,
      483.2,
      568.19,
      413.85,
      569.71,
      385.11,
      393.76,
      437.59,
      222.38,
      643.26,
      415.06,
      696.38,
      438.08,
      223.98
    ],
    "energy": [
      0.01387,
      0.015782,
      0.018265,
      0.011661,
      0.018472,
      0.010985,
      0.016519,
      0.016713,
      0.016639,
      0.021489,
      0.012536,
      0.018665,
      0.021327,
      0.011632,
      0.014195,
      0.013256,
      0.014923,
      0.008415,
      0.017712,
      0.018999,
      0.022186,
      0.010104,
      0.018386,
      0.017837,
      0.017114,
      0.017158,
      0.016033,
      0.021889,
      0.029967,
      0.026116,
      0.014744,
      0.001802
    ],
    "spectral_centroid": [
      2016.13,
      1782.56,
      1564.38,
      2060.25,
      1845.31,
      1934.7,
      1872.91,
      1762.26,
      2197.46,
      1717.25,
      1711.92,
      1544.89,
      1694.62,
      2304.95,
      1860.3,
      1732.77,
      1771.18,
      1792.35,
      2167.33,
      2093.5,
      1803.92,
      1813.86,
      1733.46,
      1969.72,
      1562.43,
      1775.06,
      2081.04,
      1799.21,
      1675.11,
      1898.35,
      1755.07,
      1761.87
    ]
  }
}