{
  "id": "7ccfc9ea-0894-470c-b0d1-620087454cba",
  "duration": 11.072,
  "pitch": {
    "mean": 383.29,
    "max": 2072.05,
    "std": 303.35,
    "max_mean_ratio": 5.41
  },
  "energy": {
    "mean": 0.069159,
    "max": 0.262664,
    "std": 0.045363,
    "rate_of_change": 0.022895
  },
  "speech_rate": {
    "chars_per_sec": 11.39,
    "words_per_sec": 2.08,
    "segment_count": 6
  },
  "spectral_centroid": {
    "mean": 1982.49
  },
  "timeseries": {
    "frame_sec": 0.5,
    "pitch": [
      127.04,
      288.66,
      306.36,
      524.42,
      301.49,
      111.91,
      220.74,
      343.95,
      497.17,
      475.61,
      310.45,
      394.08,
      146.81,
      403.35,
      285.27,
      220.27,
      329.06,
      918.96,
      436.98,
      471.59,
      577.72,
      577.88,
      382.38
    ],
    "energy": [
      0.039925,
      0.061723,
      0.053155,
      0.064793,
      0.04028,
      0.034801,
      0.049196,
      0.080127,
      0.026033,
      0.083614,
      0.048856,
      0.047264,
      0.016157,
      0.104173,
      0.047577,
      0.043502,
      0.067068,
      0.144452,
      0.114978,
      0.109886,
      0.087438,
      0.078932,
      0.075087
    ],
    "spectral_centroid": [
      1742.61,
      1752.39,
      1664.28,
      2196.22,
      2273.61,
      1638.58,
      1814.36,
      2005.58,
      2304.57,
      1876.43,
      2006.84,
      1867.34,
      2324.72,
      1814.73,
      1954.97,
      1785.75,
      2097.39,
      1886.36,
      2082.47,
      2041.03,
      2189.72,
      2188.16,
      2274.97
    ]
  }
}