{
  "id": "7cf95009-68db-4170-9b82-6bbd81030e05",
  "duration": 10.304,
  "pitch": {
    "mean": 376.06,
    "max": 2075.36,
    "std": 365.8,
    "max_mean_ratio": 5.52
  },
  "energy": {
    "mean": 0.051651,
    "max": 0.209255,
    "std": 0.037664,
    "rate_of_change": 0.01881
  },
  "speech_rate": {
    "chars_per_sec": 10.87,
    "words_per_sec": 1.55,
    "segment_count": 2
  },
  "spectral_centroid": {
    "mean": 1847.65
  },
  "timeseries": {
    "frame_sec": 0.5,
    "pitch": [
      135.54,
      133.31,
      213.53,
      148.41,
      332.03,
      308.75,
      365.69,
      405.01,
      380.3,
      453.82,
      412.73,
      498.75,
      398.89,
      267.7,
      162.75,
      165.25,
      650.5,
      948.75,
      543.01,
      400.04,
      608.12
    ],
    "energy": [
      0.024528,
      0.017939,
      0.019707,
      0.020335,
      0.048049,
      0.052327,
      0.059382,
      0.051154,
      0.017446,
      0.060538,
      0.05302,
      0.06289,
      0.036947,
      0.021525,
      0.016944,
      0.020571,
      0.070382,
      0.128749,
      0.090019,
      0.088491,
      0.09465
    ],
    "spectral_centroid": [
      1896.9,
      1613.15,
      1746.38,
      1747.75,
      1807.17,
      2144.45,
      2071.57,
      1531.32,
      1682.67,
      1730.18,
      1679.47,
      1469.04,
      1570.92,
      1548.91,
      1911.64,
      2049.37,
      1972.7,
      2247.44,
      2373.84,
      2285.18,
      1620.44
    ]
  }
}