{
  "id": "7d0a59cc-762e-40bc-a27e-76953370ac9a",
  "duration": 9.173,
  "pitch": {
    "mean": 493.92,
    "max": 1735.14,
    "std": 359.84,
    "max_mean_ratio": 3.51
  },
  "energy": {
    "mean": 0.087397,
    "max": 0.284588,
    "std": 0.050528,
    "rate_of_change": 0.03016
  },
  "speech_rate": {
    "chars_per_sec": 16.94,
    "words_per_sec": 3.44,
    "segment_count": 4
  },
  "spectral_centroid": {
    "mean": 2035.38
  },
  "timeseries": {
    "frame_sec": 0.5,
    "pitch": [
      395.22,
      501.47,
      470.02,
      478.15,
      488.7,
      179.61,
      277.66,
      242.31,
      680.2,
      339.66,
      515.41,
      724.72,
      643.27,
      871.67,
      1011.41,
      431.98,
      280.46,
      430.96,
      193.56
    ],
    "energy": [
      0.043864,
      0.075138,
      0.108816,
      0.086773,
      0.10631,
      0.028943,
      0.033641,
      0.041573,
      0.146251,
      0.103798,
      0.137612,
      0.080226,
      0.119304,
      0.118949,
      0.067897,
      0.080097,
      0.051557,
      0.073434,
      0.020221
    ],
    "spectral_centroid": [
      1934.57,
      1904.58,
      1922.28,
      2015.0,
      1829.95,
      2085.49,
      2616.93,
      2469.82,
      2030.03,
      1864.35,
      1818.64,
      1960.78,
      1879.58,
      1978.34,
      2039.0,
      1942.17,
      2098.66,
      2118.68,
      2502.09
    ]
  }
}