{
  "id": "7d41e1cf-070f-4ffb-ad58-268790a2d149",
  "duration": 14.037,
  "pitch": {
    "mean": 419.08,
    "max": 2072.14,
    "std": 327.91,
    "max_mean_ratio": 4.94
  },
  "energy": {
    "mean": 0.06332,
    "max": 0.182844,
    "std": 0.03499,
    "rate_of_change": 0.011925
  },
  "speech_rate": {
    "chars_per_sec": 19.83,
    "words_per_sec": 3.78,
    "segment_count": 4
  },
  "spectral_centroid": {
    "mean": 1758.4
  },
  "timeseries": {
    "frame_sec": 0.5,
    "pitch": [
      285.45,
      240.02,
      524.7,
      423.82,
      275.77,
      267.04,
      417.81,
      404.78,
      372.08,
      205.77,
      410.47,
      527.49,
      401.57,
      528.44,
      480.12,
      576.48,
      406.98,
      332.43,
      506.62,
      389.41,
      571.4,
      263.47,
      630.84,
      229.19,
      109.6,
      394.96,
      580.84,
      596.85,
      897.23
    ],
    "energy": [
      0.066404,
      0.048067,
      0.070191,
      0.059249,
      0.056259,
      0.039272,
      0.055036,
      0.061001,
      0.061477,
      0.019833,
      0.055216,
      0.092979,
      0.070781,
      0.049277,
      0.039069,
      0.048117,
      0.016945,
      0.038797,
      0.089377,
      0.104352,
      0.118279,
      0.060536,
      0.066152,
      0.026033,
      0.032266,
      0.080355,
      0.070732,
      0.091231,
      0.057894
    ],
    "spectral_centroid": [
      1448.65,
      1729.68,
      1485.28,
      2089.17,
      1909.1,
      1677.48,
      1816.78,
      1422.38,
      1570.68,
      1711.06,
      1949.59,
      2163.18,
      1698.71,
      1529.4,
      1809.87,
      1744.18,
      1892.36,
      1807.2,
      1733.6,
      1739.9,
      1790.4,
      1941.92,
      2022.78,
      1839.84,
      2021.65,
      1750.08,
      1469.36,
      1511.98,
      1714.37
    ]
  }
}