{
  "id": "7d60d1dc-a260-4f35-99bb-9e7872beca00",
  "duration": 15.552,
  "pitch": {
    "mean": 408.06,
    "max": 1795.32,
    "std": 280.58,
    "max_mean_ratio": 4.4
  },
  "energy": {
    "mean": 0.061394,
    "max": 0.208873,
    "std": 0.04021,
    "rate_of_change": 0.013093
  },
  "speech_rate": {
    "chars_per_sec": 8.57,
    "words_per_sec": 1.61,
    "segment_count": 8
  },
  "spectral_centroid": {
    "mean": 2025.62
  },
  "timeseries": {
    "frame_sec": 0.5,
    "pitch": [
      120.84,
      254.24,
      485.45,
      323.21,
      536.58,
      334.0,
      373.28,
      194.02,
      529.04,
      635.2,
      269.34,
      463.12,
      490.56,
      108.93,
      270.47,
      303.69,
      388.11,
      661.32,
      112.54,
      111.36,
      103.48,
      282.46,
      461.3,
      938.33,
      745.22,
      591.26,
      817.63,
      514.31,
      533.6,
      436.06,
      321.2,
      316.16
    ],
    "energy": [
      0.022446,
      0.038728,
      0.096406,
      0.054629,
      0.068871,
      0.046993,
      0.05229,
      0.034145,
      0.110301,
      0.092031,
      0.036999,
      0.075817,
      0.082817,
      0.011187,
      0.039524,
      0.060814,
      0.082412,
      0.102722,
      0.010117,
      0.016759,
      0.022292,
      0.065844,
      0.081819,
      0.128193,
      0.103158,
      0.052598,
      0.049201,
      0.050994,
      0.052187,
      0.033617,
      0.042393,
      0.03743
    ],
    "spectral_centroid": [
      1793.74,
      2215.28,
      2051.27,
      2152.88,
      1988.64,
      2358.02,
      2172.75,
      2083.2,
      2139.22,
      1993.7,
      1881.58,
      2090.15,
      2115.52,
      1502.83,
      1560.47,
      2084.32,
      1819.17,
      1843.07,
      1527.03,
      1531.55,
      1695.42,
      1690.64,
      2558.28,
      2385.29,
      2083.41,
      2141.6,
      2326.21,
      2227.58,
      2262.52,
      2233.59,
      2240.74,
      2033.08
    ]
  }
}