{
  "id": "7d868406-8bdf-4a2f-a73f-ba198a61c96a",
  "duration": 12.928,
  "pitch": {
    "mean": 398.2,
    "max": 2085.37,
    "std": 409.54,
    "max_mean_ratio": 5.24
  },
  "energy": {
    "mean": 0.073398,
    "max": 0.281735,
    "std": 0.052194,
    "rate_of_change": 0.020794
  },
  "speech_rate": {
    "chars_per_sec": 0.46,
    "words_per_sec": 0.08,
    "segment_count": 1
  },
  "spectral_centroid": {
    "mean": 2004.69
  },
  "timeseries": {
    "frame_sec": 0.5,
    "pitch": [
      121.58,
      125.6,
      111.56,
      127.1,
      100.9,
      127.17,
      213.75,
      119.54,
      111.36,
      139.83,
      471.45,
      237.92,
      466.21,
      529.36,
      642.11,
      1139.87,
      485.69,
      300.62,
      513.71,
      594.92,
      641.89,
      1079.93,
      366.23,
      803.71,
      492.21,
      495.7
    ],
    "energy": [
      0.033364,
      0.028402,
      0.037104,
      0.046513,
      0.047317,
      0.037588,
      0.029969,
      0.03103,
      0.043097,
      0.047898,
      0.059144,
      0.056062,
      0.061435,
      0.132441,
      0.112486,
      0.077991,
      0.066529,
      0.084556,
      0.113814,
      0.080404,
      0.214142,
      0.132431,
      0.050394,
      0.103457,
      0.042337,
      0.051756
    ],
    "spectral_centroid": [
      1826.3,
      2072.19,
      2281.45,
      1947.19,
      1844.1,
      1977.54,
      2002.21,
      2165.19,
      2114.22,
      1982.64,
      2023.26,
      2084.32,
      1635.93,
      1862.31,
      1667.83,
      1773.24,
      1966.19,
      1847.11,
      1990.49,
      2359.2,
      2463.51,
      2221.02,
      2186.09,
      2216.13,
      1811.44,
      1712.47
    ]
  }
}