{
  "id": "7d93a052-b4da-4544-9d4d-1740906f827f",
  "duration": 6.912,
  "pitch": {
    "mean": 410.71,
    "max": 1838.76,
    "std": 321.99,
    "max_mean_ratio": 4.48
  },
  "energy": {
    "mean": 0.02785,
    "max": 0.202909,
    "std": 0.032801,
    "rate_of_change": 0.029129
  },
  "speech_rate": {
    "chars_per_sec": 15.94,
    "words_per_sec": 3.04,
    "segment_count": 1
  },
  "spectral_centroid": {
    "mean": 1922.93
  },
  "timeseries": {
    "frame_sec": 0.5,
    "pitch": [
      726.45,
      305.74,
      188.36,
      298.53,
      568.89,
      391.5,
      547.2,
      347.75,
      478.92,
      296.79,
      304.65,
      590.43,
      295.46,
      553.02
    ],
    "energy": [
      0.00311,
      0.002832,
      0.002404,
      0.026318,
      0.022128,
      0.019993,
      0.011099,
      0.032347,
      0.055754,
      0.026148,
      0.033452,
      0.085612,
      0.008797,
      0.047709
    ],
    "spectral_centroid": [
      2280.83,
      2144.15,
      2186.81,
      1595.13,
      2043.76,
      2118.3,
      2111.17,
      1772.04,
      1643.07,
      1970.02,
      1719.35,
      1692.43,
      2140.13,
      1542.81
    ]
  }
}