{
  "id": "7dad52da-fdac-4b37-a942-4e79e002fdf2",
  "duration": 9.813,
  "pitch": {
    "mean": 273.33,
    "max": 983.73,
    "std": 190.17,
    "max_mean_ratio": 3.6
  },
  "energy": {
    "mean": 0.042858,
    "max": 0.165854,
    "std": 0.023755,
    "rate_of_change": 0.015682
  },
  "speech_rate": {
    "chars_per_sec": 4.82,
    "words_per_sec": 0.9,
    "segment_count": 5
  },
  "spectral_centroid": {
    "mean": 1850.49
  },
  "timeseries": {
    "frame_sec": 0.5,
    "pitch": [
      117.07,
      170.66,
      350.48,
      254.77,
      306.25,
      208.82,
      240.39,
      452.26,
      284.83,
      357.78,
      367.18,
      106.36,
      416.67,
      524.42,
      231.88,
      119.38,
      125.45,
      117.27,
      240.23,
      487.17
    ],
    "energy": [
      0.018666,
      0.017972,
      0.075944,
      0.048346,
      0.049931,
      0.036091,
      0.039107,
      0.047407,
      0.037732,
      0.047719,
      0.057602,
      0.037071,
      0.057878,
      0.055756,
      0.017203,
      0.022879,
      0.033873,
      0.038952,
      0.036342,
      0.049025
    ],
    "spectral_centroid": [
      1652.55,
      1956.95,
      1621.15,
      1708.4,
      1600.68,
      1849.94,
      1725.69,
      1855.74,
      2316.55,
      1599.44,
      1946.25,
      1671.08,
      1985.45,
      1978.01,
      2054.82,
      1792.99,
      1696.99,
      2283.78,
      1775.72,
      1906.85
    ]
  }
}