{
  "id": "7e9a60bd-40a8-4f58-b982-d918130935fb",
  "duration": 13.44,
  "pitch": {
    "mean": 502.45,
    "max": 2017.62,
    "std": 289.21,
    "max_mean_ratio": 4.02
  },
  "energy": {
    "mean": 0.075741,
    "max": 0.159499,
    "std": 0.032238,
    "rate_of_change": 0.010857
  },
  "speech_rate": {
    "chars_per_sec": 20.09,
    "words_per_sec": 4.27,
    "segment_count": 3
  },
  "spectral_centroid": {
    "mean": 2073.6
  },
  "timeseries": {
    "frame_sec": 0.5,
    "pitch": [
      686.15,
      475.28,
      631.73,
      357.54,
      492.7,
      354.35,
      420.64,
      244.91,
      530.0,
      602.16,
      469.63,
      416.29,
      500.94,
      712.31,
      760.39,
      341.74,
      125.94,
      399.89,
      600.46,
      646.55,
      554.04,
      337.26,
      610.93,
      519.6,
      497.93,
      543.87,
      478.12
    ],
    "energy": [
      0.07862,
      0.056808,
      0.057113,
      0.057374,
      0.065793,
      0.064281,
      0.083042,
      0.047777,
      0.087763,
      0.101467,
      0.080691,
      0.082671,
      0.090216,
      0.072581,
      0.092899,
      0.064118,
      0.021737,
      0.081022,
      0.071611,
      0.100721,
      0.068724,
      0.077594,
      0.079844,
      0.059702,
      0.078134,
      0.077228,
      0.062836
    ],
    "spectral_centroid": [
      1954.65,
      2112.92,
      2100.85,
      1947.41,
      1890.79,
      1780.31,
      2034.21,
      2110.85,
      2294.93,
      1958.77,
      2353.72,
      2599.9,
      2273.96,
      2150.19,
      1990.95,
      1820.14,
      2010.28,
      1988.54,
      2506.53,
      1590.81,
      1900.69,
      2068.87,
      1845.93,
      2119.48,
      2118.73,
      1992.12,
      2280.34
    ]
  }
}