{
  "id": "7e9ca28d-4de0-436e-be14-af856f164cdf",
  "duration": 7.595,
  "pitch": {
    "mean": 544.55,
    "max": 1976.52,
    "std": 373.83,
    "max_mean_ratio": 3.63
  },
  "energy": {
    "mean": 0.070666,
    "max": 0.165372,
    "std": 0.043643,
    "rate_of_change": 0.021115
  },
  "speech_rate": {
    "chars_per_sec": 12.23,
    "words_per_sec": 1.92,
    "segment_count": 4
  },
  "spectral_centroid": {
    "mean": 1958.73
  },
  "timeseries": {
    "frame_sec": 0.5,
    "pitch": [
      372.02,
      313.63,
      269.82,
      111.23,
      432.68,
      520.17,
      549.33,
      645.52,
      584.0,
      594.45,
      511.33,
      669.87,
      822.16,
      636.72,
      912.63,
      551.18
    ],
    "energy": [
      0.046689,
      0.010945,
      0.011068,
      0.019567,
      0.077293,
      0.095615,
      0.083916,
      0.083195,
      0.065647,
      0.077148,
      0.082565,
      0.102495,
      0.08982,
      0.082695,
      0.089559,
      0.036777
    ],
    "spectral_centroid": [
      1850.83,
      2054.41,
      2038.91,
      1930.77,
      1839.97,
      1656.52,
      1879.11,
      2004.26,
      1920.23,
      2036.67,
      2288.23,
      2005.87,
      2178.64,
      1842.71,
      1951.76,
      1267.34
    ]
  }
}