{
  "id": "7ea72662-51e9-4ed5-9de9-586ed298bb13",
  "duration": 10.411,
  "pitch": {
    "mean": 426.75,
    "max": 1337.19,
    "std": 234.93,
    "max_mean_ratio": 3.13
  },
  "energy": {
    "mean": 0.119232,
    "max": 0.321636,
    "std": 0.072059,
    "rate_of_change": 0.030483
  },
  "speech_rate": {
    "chars_per_sec": 11.92,
    "words_per_sec": 2.0,
    "segment_count": 6
  },
  "spectral_centroid": {
    "mean": 2018.51
  },
  "timeseries": {
    "frame_sec": 0.5,
    "pitch": [
      375.57,
      389.34,
      312.95,
      578.96,
      285.41,
      404.22,
      427.0,
      437.68,
      439.55,
      395.38,
      329.55,
      414.57,
      674.37,
      708.39,
      587.19,
      261.75,
      519.28,
      443.77,
      388.11,
      353.68,
      180.77
    ],
    "energy": [
      0.080029,
      0.105265,
      0.070618,
      0.125071,
      0.088402,
      0.111033,
      0.107223,
      0.102571,
      0.125374,
      0.148473,
      0.108663,
      0.10214,
      0.15817,
      0.214957,
      0.187479,
      0.034351,
      0.156216,
      0.11898,
      0.115705,
      0.095074,
      0.007064
    ],
    "spectral_centroid": [
      1628.93,
      1326.5,
      1428.26,
      1523.32,
      2104.27,
      1626.89,
      2400.45,
      1868.36,
      2078.57,
      1909.62,
      1807.43,
      1891.44,
      2362.97,
      1892.64,
      2763.42,
      1878.16,
      2601.13,
      2455.89,
      2384.5,
      2215.27,
      1996.95
    ]
  }
}