{
  "id": "7ec01560-d213-4c14-a520-7c473fc4af96",
  "duration": 10.432,
  "pitch": {
    "mean": 520.02,
    "max": 2062.88,
    "std": 424.98,
    "max_mean_ratio": 3.97
  },
  "energy": {
    "mean": 0.120837,
    "max": 0.442475,
    "std": 0.092152,
    "rate_of_change": 0.041384
  },
  "speech_rate": {
    "chars_per_sec": 11.8,
    "words_per_sec": 2.21,
    "segment_count": 4
  },
  "spectral_centroid": {
    "mean": 1994.36
  },
  "timeseries": {
    "frame_sec": 0.5,
    "pitch": [
      168.08,
      447.38,
      955.72,
      624.67,
      354.44,
      1021.37,
      125.48,
      775.57,
      533.77,
      811.88,
      301.4,
      559.97,
      553.66,
      368.12,
      451.35,
      827.87,
      285.92,
      683.09,
      250.75,
      394.75,
      608.58
    ],
    "energy": [
      0.020495,
      0.080503,
      0.163376,
      0.126952,
      0.10628,
      0.129716,
      0.031222,
      0.128198,
      0.084075,
      0.132831,
      0.05245,
      0.148393,
      0.136797,
      0.097948,
      0.106543,
      0.081958,
      0.111648,
      0.30352,
      0.058187,
      0.113465,
      0.215969
    ],
    "spectral_centroid": [
      1514.2,
      1562.22,
      1947.35,
      1741.4,
      2310.53,
      2145.4,
      1859.78,
      2049.62,
      1962.17,
      1857.31,
      1936.91,
      1975.12,
      2164.28,
      2120.44,
      2294.68,
      1955.1,
      2039.39,
      1825.02,
      2716.72,
      2295.23,
      1609.05
    ]
  }
}