{
  "id": "7edbf2cb-5624-4979-8840-89fcab50543b",
  "duration": 6.208,
  "pitch": {
    "mean": 365.15,
    "max": 1016.66,
    "std": 211.43,
    "max_mean_ratio": 2.78
  },
  "energy": {
    "mean": 0.136932,
    "max": 0.529059,
    "std": 0.116895,
    "rate_of_change": 0.083705
  },
  "speech_rate": {
    "chars_per_sec": 13.56,
    "words_per_sec": 2.61,
    "segment_count": 4
  },
  "spectral_centroid": {
    "mean": 1843.08
  },
  "timeseries": {
    "frame_sec": 0.5,
    "pitch": [
      422.37,
      541.29,
      365.13,
      508.34,
      156.58,
      307.36,
      255.08,
      367.33,
      203.27,
      342.4,
      473.45,
      333.27,
      464.95
    ],
    "energy": [
      0.144898,
      0.220995,
      0.241724,
      0.270735,
      0.011142,
      0.016261,
      0.074444,
      0.08769,
      0.070231,
      0.147184,
      0.205802,
      0.077657,
      0.164598
    ],
    "spectral_centroid": [
      1549.57,
      1687.85,
      1726.19,
      1859.99,
      1803.8,
      1930.96,
      1905.08,
      1838.2,
      2138.32,
      1976.65,
      1897.54,
      1996.94,
      1479.53
    ]
  }
}