{
  "id": "7ef3b9f2-2970-4a8a-8684-bf6747374c58",
  "duration": 9.579,
  "pitch": {
    "mean": 336.87,
    "max": 1909.77,
    "std": 301.99,
    "max_mean_ratio": 5.67
  },
  "energy": {
    "mean": 0.047592,
    "max": 0.18063,
    "std": 0.042077,
    "rate_of_change": 0.018309
  },
  "speech_rate": {
    "chars_per_sec": 5.23,
    "words_per_sec": 1.05,
    "segment_count": 5
  },
  "spectral_centroid": {
    "mean": 1747.13
  },
  "timeseries": {
    "frame_sec": 0.5,
    "pitch": [
      116.45,
      120.95,
      139.22,
      377.21,
      307.46,
      276.59,
      422.54,
      104.75,
      137.86,
      370.55,
      550.85,
      320.24,
      242.18,
      471.24,
      771.29,
      172.97,
      346.39,
      596.51,
      576.26,
      241.55
    ],
    "energy": [
      0.006485,
      0.012093,
      0.009545,
      0.073419,
      0.018987,
      0.052881,
      0.066567,
      0.008049,
      0.011271,
      0.046967,
      0.07619,
      0.025132,
      0.027228,
      0.100535,
      0.045958,
      0.044018,
      0.056841,
      0.089959,
      0.094406,
      0.042996
    ],
    "spectral_centroid": [
      1686.89,
      1651.5,
      1553.85,
      2007.64,
      1675.16,
      1707.1,
      2139.5,
      1348.17,
      1514.42,
      1273.71,
      1442.31,
      1578.02,
      1656.24,
      1834.09,
      2150.01,
      1789.32,
      2272.97,
      1737.66,
      1974.97,
      3208.37
    ]
  }
}