{
  "id": "7f259ba0-8692-455e-8b3e-57398eed93a1",
  "duration": 13.973,
  "pitch": {
    "mean": 397.78,
    "max": 1356.67,
    "std": 287.83,
    "max_mean_ratio": 3.41
  },
  "energy": {
    "mean": 0.068489,
    "max": 0.266453,
    "std": 0.053473,
    "rate_of_change": 0.01873
  },
  "speech_rate": {
    "chars_per_sec": 11.68,
    "words_per_sec": 2.01,
    "segment_count": 4
  },
  "spectral_centroid": {
    "mean": 1737.92
  },
  "timeseries": {
    "frame_sec": 0.5,
    "pitch": [
      746.37,
      127.21,
      240.81,
      626.76,
      472.65,
      580.06,
      521.34,
      218.18,
      368.65,
      466.71,
      656.59,
      112.83,
      140.45,
      267.03,
      451.52,
      447.94,
      226.78,
      434.23,
      622.42,
      660.23,
      640.64,
      346.32,
      390.55,
      131.31,
      279.45,
      292.18,
      242.79,
      408.64
    ],
    "energy": [
      0.087413,
      0.010421,
      0.050754,
      0.112881,
      0.105602,
      0.091994,
      0.08292,
      0.029158,
      0.072038,
      0.094209,
      0.08332,
      0.009996,
      0.012189,
      0.052879,
      0.080594,
      0.063287,
      0.041301,
      0.123445,
      0.125895,
      0.120195,
      0.036231,
      0.116423,
      0.07135,
      0.023336,
      0.046417,
      0.038402,
      0.030864,
      0.025696
    ],
    "spectral_centroid": [
      1844.24,
      1963.7,
      1302.86,
      1522.7,
      1816.61,
      1406.05,
      1603.8,
      1473.87,
      1456.26,
      1793.63,
      1656.45,
      1147.69,
      1404.9,
      1669.51,
      2093.64,
      1291.82,
      2233.24,
      1956.96,
      1979.21,
      1273.77,
      1673.88,
      1426.63,
      1823.41,
      2348.6,
      2448.09,
      1901.9,
      2087.59,
      2043.09
    ]
  }
}