{
  "id": "7f5ab1a9-7064-47d8-a19d-130cfbd082d2",
  "duration": 11.52,
  "pitch": {
    "mean": 412.01,
    "max": 1542.6,
    "std": 234.88,
    "max_mean_ratio": 3.74
  },
  "energy": {
    "mean": 0.082228,
    "max": 0.148109,
    "std": 0.029739,
    "rate_of_change": 0.011235
  },
  "speech_rate": {
    "chars_per_sec": 19.73,
    "words_per_sec": 3.66,
    "segment_count": 3
  },
  "spectral_centroid": {
    "mean": 1816.09
  },
  "timeseries": {
    "frame_sec": 0.5,
    "pitch": [
      487.02,
      384.18,
      353.91,
      310.45,
      491.67,
      625.17,
      318.91,
      457.01,
      389.53,
      364.58,
      453.24,
      416.07,
      445.22,
      412.58,
      289.19,
      428.75,
      591.07,
      456.76,
      356.95,
      400.82,
      362.24,
      349.6,
      234.02,
      180.17
    ],
    "energy": [
      0.094634,
      0.09468,
      0.095705,
      0.091253,
      0.10928,
      0.081503,
      0.065371,
      0.073398,
      0.099755,
      0.079533,
      0.072779,
      0.094002,
      0.073674,
      0.091439,
      0.05474,
      0.05036,
      0.062206,
      0.080291,
      0.081068,
      0.07207,
      0.072648,
      0.078368,
      0.050483,
      0.010271
    ],
    "spectral_centroid": [
      1417.66,
      1480.56,
      2333.97,
      2273.02,
      1480.45,
      1758.64,
      1752.9,
      2178.22,
      1685.73,
      1631.38,
      1562.55,
      1612.97,
      1858.43,
      1723.61,
      2214.09,
      2049.55,
      1553.06,
      1928.9,
      1872.15,
      2172.94,
      1707.11,
      1891.86,
      1745.69,
      1776.26
    ]
  }
}