{
  "id": "7fa6ca27-fcf5-4418-a25a-9f74220e725f",
  "duration": 8.491,
  "pitch": {
    "mean": 463.65,
    "max": 1937.07,
    "std": 306.1,
    "max_mean_ratio": 4.18
  },
  "energy": {
    "mean": 0.091191,
    "max": 0.261406,
    "std": 0.059662,
    "rate_of_change": 0.029908
  },
  "speech_rate": {
    "chars_per_sec": 10.71,
    "words_per_sec": 2.14,
    "segment_count": 5
  },
  "spectral_centroid": {
    "mean": 2079.24
  },
  "timeseries": {
    "frame_sec": 0.5,
    "pitch": [
      268.09,
      157.23,
      414.85,
      420.27,
      236.81,
      430.24,
      186.77,
      297.57,
      471.57,
      629.29,
      823.16,
      780.82,
      600.64,
      528.54,
      447.16,
      459.23,
      602.93
    ],
    "energy": [
      0.055415,
      0.053199,
      0.091258,
      0.042148,
      0.050716,
      0.097988,
      0.020332,
      0.04848,
      0.096537,
      0.132633,
      0.177445,
      0.150223,
      0.128153,
      0.088296,
      0.068926,
      0.084984,
      0.097813
    ],
    "spectral_centroid": [
      1952.24,
      1691.49,
      2350.79,
      2290.35,
      2577.84,
      1861.82,
      1910.39,
      2169.51,
      1732.29,
      2026.06,
      1978.55,
      2397.44,
      2159.25,
      2144.94,
      2251.87,
      1912.98,
      1857.71
    ]
  }
}