{
  "id": "7fbd27f1-65a7-4a66-b806-2811cd1b21cf",
  "duration": 6.336,
  "pitch": {
    "mean": 342.43,
    "max": 1735.48,
    "std": 279.37,
    "max_mean_ratio": 5.07
  },
  "energy": {
    "mean": 0.049603,
    "max": 0.110103,
    "std": 0.027125,
    "rate_of_change": 0.015892
  },
  "speech_rate": {
    "chars_per_sec": 7.44,
    "words_per_sec": 1.27,
    "segment_count": 2
  },
  "spectral_centroid": {
    "mean": 2022.34
  },
  "timeseries": {
    "frame_sec": 0.5,
    "pitch": [
      262.8,
      247.12,
      503.78,
      578.92,
      314.39,
      234.4,
      123.96,
      267.76,
      115.17,
      134.08,
      287.34,
      811.53,
      519.4
    ],
    "energy": [
      0.057339,
      0.075109,
      0.046323,
      0.044301,
      0.043689,
      0.030335,
      0.019881,
      0.02181,
      0.018664,
      0.031376,
      0.092537,
      0.085212,
      0.055571
    ],
    "spectral_centroid": [
      2036.65,
      1639.0,
      2117.81,
      2007.94,
      2111.61,
      2066.51,
      1804.24,
      1834.37,
      1881.98,
      2560.75,
      2170.99,
      1945.25,
      2159.99
    ]
  }
}