{
  "id": "7fedf9d7-54a1-4c94-9f07-adbfb3b82424",
  "duration": 13.547,
  "pitch": {
    "mean": 402.93,
    "max": 1899.98,
    "std": 269.68,
    "max_mean_ratio": 4.72
  },
  "energy": {
    "mean": 0.054054,
    "max": 0.273086,
    "std": 0.046382,
    "rate_of_change": 0.019712
  },
  "speech_rate": {
    "chars_per_sec": 11.89,
    "words_per_sec": 1.97,
    "segment_count": 7
  },
  "spectral_centroid": {
    "mean": 1936.86
  },
  "timeseries": {
    "frame_sec": 0.5,
    "pitch": [
      381.9,
      267.42,
      406.41,
      381.31,
      272.68,
      258.97,
      415.57,
      316.77,
      223.24,
      230.82,
      470.96,
      151.86,
      232.19,
      172.05,
      476.14,
      707.25,
      660.37,
      749.6,
      536.16,
      516.84,
      442.21,
      371.28,
      472.83,
      450.79,
      417.42,
      380.52,
      321.01,
      672.18
    ],
    "energy": [
      0.086207,
      0.011809,
      0.054684,
      0.012253,
      0.008117,
      0.011386,
      0.017119,
      0.027372,
      0.020069,
      0.06001,
      0.081065,
      0.027716,
      0.025887,
      0.01768,
      0.098737,
      0.056762,
      0.126185,
      0.091714,
      0.10655,
      0.092833,
      0.045321,
      0.046639,
      0.050319,
      0.053615,
      0.045784,
      0.069546,
      0.059139,
      0.050747
    ],
    "spectral_centroid": [
      2119.6,
      2014.28,
      1755.0,
      3137.76,
      2305.65,
      1731.06,
      1606.76,
      1880.4,
      2323.7,
      1453.24,
      1381.23,
      1747.38,
      1695.31,
      1964.19,
      1951.57,
      1515.75,
      1762.79,
      1948.02,
      2259.83,
      2123.31,
      1629.09,
      1813.13,
      2094.63,
      2238.8,
      1959.42,
      1931.11,
      1989.08,
      1507.34
    ]
  }
}