{
  "id": "8011d570-ea86-4406-8204-34972f5a6d94",
  "duration": 11.456,
  "pitch": {
    "mean": 388.36,
    "max": 2046.06,
    "std": 327.89,
    "max_mean_ratio": 5.27
  },
  "energy": {
    "mean": 0.013163,
    "max": 0.032635,
    "std": 0.005651,
    "rate_of_change": 0.002555
  },
  "speech_rate": {
    "chars_per_sec": 22.42,
    "words_per_sec": 4.54,
    "segment_count": 2
  },
  "spectral_centroid": {
    "mean": 1948.38
  },
  "timeseries": {
    "frame_sec": 0.5,
    "pitch": [
      630.93,
      370.7,
      314.42,
      395.92,
      565.37,
      280.64,
      373.99,
      291.91,
      452.56,
      392.6,
      224.69,
      147.05,
      234.23,
      567.45,
      194.7,
      229.4,
      238.19,
      369.11,
      164.01,
      281.4,
      795.33,
      408.35,
      598.92
    ],
    "energy": [
      0.012887,
      0.009563,
      0.009564,
      0.010025,
      0.010572,
      0.013459,
      0.01727,
      0.010709,
      0.013313,
      0.015646,
      0.010954,
      0.005242,
      0.008826,
      0.014453,
      0.010138,
      0.010986,
      0.011875,
      0.012565,
      0.012825,
      0.012831,
      0.01846,
      0.015435,
      0.022661
    ],
    "spectral_centroid": [
      1756.42,
      2256.22,
      1929.94,
      1906.54,
      1767.87,
      1676.12,
      1640.73,
      2190.11,
      2019.85,
      1715.54,
      1598.44,
      1782.85,
      2535.6,
      1932.7,
      2209.2,
      2439.87,
      2191.19,
      2004.83,
      1310.77,
      2096.52,
      2244.21,
      1842.07,
      1667.76
    ]
  }
}