{
  "id": "805293bb-0f8c-4a12-a067-f20dffc0e6a1",
  "duration": 7.125,
  "pitch": {
    "mean": 366.3,
    "max": 1238.55,
    "std": 271.26,
    "max_mean_ratio": 3.38
  },
  "energy": {
    "mean": 0.07488,
    "max": 0.194757,
    "std": 0.05713,
    "rate_of_change": 0.026383
  },
  "speech_rate": {
    "chars_per_sec": 15.29,
    "words_per_sec": 2.43,
    "segment_count": 3
  },
  "spectral_centroid": {
    "mean": 1733.45
  },
  "timeseries": {
    "frame_sec": 0.5,
    "pitch": [
      418.04,
      116.82,
      182.01,
      103.07,
      109.99,
      334.12,
      430.25,
      523.67,
      461.77,
      405.86,
      214.98,
      398.68,
      403.27,
      606.68,
      825.45
    ],
    "energy": [
      0.081533,
      0.01586,
      0.011109,
      0.012625,
      0.015732,
      0.074217,
      0.088569,
      0.10214,
      0.105083,
      0.065369,
      0.062765,
      0.102708,
      0.1043,
      0.133792,
      0.151622
    ],
    "spectral_centroid": [
      1955.62,
      1621.74,
      1513.82,
      1737.61,
      1640.88,
      1787.89,
      1813.1,
      1533.62,
      1652.85,
      1621.55,
      1703.87,
      1884.6,
      1877.42,
      1922.28,
      1647.85
    ]
  }
}