{
  "id": "805e27ef-98b4-4a06-88fc-a02a826bf3fa",
  "duration": 8.085,
  "pitch": {
    "mean": 428.19,
    "max": 1836.74,
    "std": 294.83,
    "max_mean_ratio": 4.29
  },
  "energy": {
    "mean": 0.059827,
    "max": 0.200156,
    "std": 0.031009,
    "rate_of_change": 0.023071
  },
  "speech_rate": {
    "chars_per_sec": 13.14,
    "words_per_sec": 2.04,
    "segment_count": 4
  },
  "spectral_centroid": {
    "mean": 1954.95
  },
  "timeseries": {
    "frame_sec": 0.5,
    "pitch": [
      324.04,
      440.25,
      314.34,
      298.62,
      536.38,
      216.18,
      305.88,
      284.24,
      662.18,
      335.16,
      725.76,
      562.94,
      600.23,
      633.46,
      283.07,
      390.75,
      414.87
    ],
    "energy": [
      0.047648,
      0.047877,
      0.048101,
      0.04905,
      0.045654,
      0.042093,
      0.072911,
      0.035983,
      0.036811,
      0.038744,
      0.063512,
      0.081802,
      0.0984,
      0.082459,
      0.048068,
      0.077413,
      0.058379
    ],
    "spectral_centroid": [
      2116.21,
      1646.16,
      1728.01,
      1529.61,
      1579.98,
      2009.56,
      1264.4,
      1867.04,
      2614.06,
      2730.3,
      1899.35,
      2074.91,
      2119.04,
      2238.02,
      1903.17,
      1888.57,
      1894.7
    ]
  }
}