{
  "id": "8062ddda-6731-44da-93fc-bc406a7dc973",
  "duration": 14.016,
  "pitch": {
    "mean": 364.24,
    "max": 1963.63,
    "std": 250.61,
    "max_mean_ratio": 5.39
  },
  "energy": {
    "mean": 0.056603,
    "max": 0.205395,
    "std": 0.038785,
    "rate_of_change": 0.014282
  },
  "speech_rate": {
    "chars_per_sec": 11.0,
    "words_per_sec": 1.86,
    "segment_count": 7
  },
  "spectral_centroid": {
    "mean": 1876.49
  },
  "timeseries": {
    "frame_sec": 0.5,
    "pitch": [
      376.5,
      290.6,
      124.65,
      96.21,
      504.55,
      438.92,
      398.35,
      270.39,
      104.12,
      125.51,
      159.81,
      382.75,
      474.5,
      400.86,
      464.75,
      432.71,
      620.3,
      442.38,
      508.19,
      615.5,
      217.19,
      121.31,
      282.32,
      500.44,
      435.46,
      427.35,
      669.82,
      315.45,
      464.18
    ],
    "energy": [
      0.052371,
      0.027252,
      0.021311,
      0.018613,
      0.068993,
      0.079518,
      0.068181,
      0.034791,
      0.015321,
      0.038123,
      0.020851,
      0.053469,
      0.071888,
      0.042049,
      0.05663,
      0.047004,
      0.08879,
      0.091388,
      0.060404,
      0.03026,
      0.010353,
      0.021939,
      0.054913,
      0.082269,
      0.092532,
      0.114466,
      0.103899,
      0.046401,
      0.032763
    ],
    "spectral_centroid": [
      2169.9,
      1739.21,
      1768.49,
      2046.32,
      1566.12,
      2014.16,
      1670.44,
      1759.79,
      1726.14,
      1542.5,
      1735.28,
      1945.38,
      2096.93,
      1880.26,
      1781.02,
      2065.53,
      1929.88,
      2011.67,
      2238.49,
      1783.1,
      1832.28,
      1506.25,
      1949.68,
      1672.75,
      1955.47,
      2247.94,
      1634.55,
      2117.3,
      1658.16
    ]
  }
}