{
  "id": "80c569d2-9d8d-419c-904c-2ffb512298d1",
  "duration": 10.773,
  "pitch": {
    "mean": 410.8,
    "max": 1179.86,
    "std": 192.32,
    "max_mean_ratio": 2.87
  },
  "energy": {
    "mean": 0.061464,
    "max": 0.152628,
    "std": 0.033598,
    "rate_of_change": 0.01354
  },
  "speech_rate": {
    "chars_per_sec": 18.4,
    "words_per_sec": 3.82,
    "segment_count": 2
  },
  "spectral_centroid": {
    "mean": 1631.48
  },
  "timeseries": {
    "frame_sec": 0.5,
    "pitch": [
      324.34,
      313.28,
      450.85,
      383.97,
      441.09,
      410.17,
      422.81,
      287.14,
      459.08,
      364.55,
      405.08,
      361.29,
      304.66,
      515.57,
      397.15,
      355.54,
      336.08,
      351.96,
      500.42,
      481.62,
      605.97,
      456.83
    ],
    "energy": [
      0.039011,
      0.046577,
      0.059841,
      0.058178,
      0.047729,
      0.068233,
      0.06386,
      0.035949,
      0.075071,
      0.055083,
      0.036151,
      0.044865,
      0.03551,
      0.0487,
      0.076266,
      0.059513,
      0.059859,
      0.086209,
      0.066791,
      0.076649,
      0.087145,
      0.061513
    ],
    "spectral_centroid": [
      1484.53,
      1799.15,
      1603.46,
      2104.68,
      1752.39,
      1667.07,
      1614.44,
      1481.59,
      1500.45,
      1606.54,
      1789.01,
      1825.77,
      1830.33,
      1476.24,
      1373.04,
      1722.13,
      1677.72,
      1605.97,
      1483.94,
      1555.23,
      1526.36,
      1415.84
    ]
  }
}