{
  "id": "80fd25fb-24aa-4930-a7ab-5ca746adc44b",
  "duration": 12.011,
  "pitch": {
    "mean": 456.78,
    "max": 1603.38,
    "std": 256.8,
    "max_mean_ratio": 3.51
  },
  "energy": {
    "mean": 0.056711,
    "max": 0.157925,
    "std": 0.031929,
    "rate_of_change": 0.012665
  },
  "speech_rate": {
    "chars_per_sec": 20.68,
    "words_per_sec": 4.15,
    "segment_count": 3
  },
  "spectral_centroid": {
    "mean": 1845.3
  },
  "timeseries": {
    "frame_sec": 0.5,
    "pitch": [
      579.98,
      589.92,
      546.28,
      607.83,
      388.39,
      316.33,
      431.1,
      388.38,
      329.61,
      424.8,
      452.49,
      363.65,
      345.87,
      665.4,
      379.85,
      412.06,
      418.11,
      337.25,
      621.77,
      586.96,
      442.46,
      504.05,
      402.05,
      508.41,
      468.44
    ],
    "energy": [
      0.032876,
      0.029538,
      0.028998,
      0.052962,
      0.040002,
      0.069263,
      0.085996,
      0.078782,
      0.047564,
      0.030357,
      0.051,
      0.046259,
      0.030724,
      0.041506,
      0.040984,
      0.051715,
      0.061505,
      0.054771,
      0.064906,
      0.059277,
      0.094885,
      0.065535,
      0.067274,
      0.066458,
      0.003587
    ],
    "spectral_centroid": [
      1746.36,
      1751.28,
      1723.12,
      1622.61,
      1808.29,
      2105.98,
      1664.5,
      1804.75,
      1808.31,
      2043.52,
      1547.24,
      1379.09,
      1726.32,
      1734.22,
      2399.43,
      1816.97,
      1683.69,
      2048.76,
      1938.3,
      2129.08,
      1911.56,
      1843.48,
      1884.94,
      2156.72,
      1982.47
    ]
  }
}