{
  "id": "81142ba4-3c02-4fc0-a93e-4c90c67ce4d0",
  "duration": 5.525,
  "pitch": {
    "mean": 385.71,
    "max": 942.96,
    "std": 241.85,
    "max_mean_ratio": 2.44
  },
  "energy": {
    "mean": 0.065212,
    "max": 0.159493,
    "std": 0.02955,
    "rate_of_change": 0.026049
  },
  "speech_rate": {
    "chars_per_sec": 20.87,
    "words_per_sec": 4.33,
    "segment_count": 2
  },
  "spectral_centroid": {
    "mean": 1805.15
  },
  "timeseries": {
    "frame_sec": 0.5,
    "pitch": [
      468.85,
      254.82,
      400.11,
      465.04,
      454.26,
      339.82,
      362.04,
      528.86,
      321.53,
      464.75,
      198.9,
      96.79
    ],
    "energy": [
      0.060732,
      0.054911,
      0.071954,
      0.072939,
      0.076831,
      0.063997,
      0.064963,
      0.029429,
      0.08166,
      0.074768,
      0.033725,
      0.008412
    ],
    "spectral_centroid": [
      1798.8,
      2019.81,
      1879.04,
      1822.94,
      1631.91,
      1650.56,
      1547.21,
      1603.79,
      1664.78,
      1941.97,
      2271.49,
      1863.78
    ]
  }
}