{
  "id": "8122af02-080a-4d15-b3dd-e206025cb7e2",
  "duration": 7.424,
  "pitch": {
    "mean": 608.15,
    "max": 2059.55,
    "std": 555.05,
    "max_mean_ratio": 3.39
  },
  "energy": {
    "mean": 0.185711,
    "max": 0.591234,
    "std": 0.166843,
    "rate_of_change": 0.075083
  },
  "speech_rate": {
    "chars_per_sec": 6.6,
    "words_per_sec": 1.21,
    "segment_count": 2
  },
  "spectral_centroid": {
    "mean": 2154.24
  },
  "timeseries": {
    "frame_sec": 0.5,
    "pitch": [
      378.18,
      605.16,
      206.51,
      168.43,
      200.35,
      313.25,
      629.6,
      674.14,
      462.24,
      815.45,
      892.43,
      913.59,
      1471.39,
      951.78,
      781.25
    ],
    "energy": [
      0.261484,
      0.132638,
      0.053294,
      0.042227,
      0.04361,
      0.048452,
      0.057067,
      0.055349,
      0.069226,
      0.09454,
      0.364062,
      0.349136,
      0.448679,
      0.367159,
      0.319237
    ],
    "spectral_centroid": [
      1706.25,
      1753.2,
      2048.14,
      1848.0,
      1804.69,
      1912.78,
      1824.71,
      1961.2,
      2267.94,
      2044.83,
      2847.84,
      2543.55,
      3230.04,
      2331.81,
      2225.98
    ]
  }
}