{
  "id": "815ad3a3-a7f3-4f26-93ac-3c99b93b8f4e",
  "duration": 16.064,
  "pitch": {
    "mean": 348.16,
    "max": 2076.78,
    "std": 332.59,
    "max_mean_ratio": 5.97
  },
  "energy": {
    "mean": 0.058692,
    "max": 0.222764,
    "std": 0.044621,
    "rate_of_change": 0.01363
  },
  "speech_rate": {
    "chars_per_sec": 13.8,
    "words_per_sec": 2.3,
    "segment_count": 6
  },
  "spectral_centroid": {
    "mean": 2196.86
  },
  "timeseries": {
    "frame_sec": 0.5,
    "pitch": [
      123.55,
      133.45,
      260.06,
      569.09,
      110.7,
      159.95,
      696.6,
      105.6,
      142.82,
      147.89,
      139.34,
      147.16,
      186.13,
      335.79,
      286.56,
      510.69,
      276.77,
      210.56,
      388.01,
      612.66,
      579.6,
      675.0,
      864.96,
      814.79,
      612.24,
      212.68,
      207.3,
      274.89,
      300.63,
      307.83,
      424.12,
      287.68,
      226.54
    ],
    "energy": [
      0.01467,
      0.017753,
      0.026914,
      0.091421,
      0.018069,
      0.034056,
      0.09775,
      0.018456,
      0.019491,
      0.019156,
      0.018705,
      0.015164,
      0.032724,
      0.061126,
      0.054359,
      0.084585,
      0.049853,
      0.048422,
      0.079415,
      0.105255,
      0.085531,
      0.153366,
      0.093881,
      0.099214,
      0.056183,
      0.006013,
      0.022026,
      0.053237,
      0.074081,
      0.089202,
      0.088188,
      0.051295,
      0.054195
    ],
    "spectral_centroid": [
      1985.29,
      1849.92,
      2007.4,
      2435.09,
      2641.92,
      1812.63,
      2190.66,
      2760.21,
      2162.0,
      2072.45,
      1950.17,
      2115.98,
      2252.36,
      2023.16,
      1740.14,
      2502.68,
      2163.02,
      1985.49,
      2499.93,
      1933.75,
      1848.11,
      2505.45,
      2242.32,
      2610.39,
      2232.55,
      2074.14,
      2257.23,
      2910.45,
      2840.62,
      1437.67,
      1812.94,
      2305.3,
      1687.26
    ]
  }
}