{
  "id": "8194837d-aed4-4635-9017-b153efe403a8",
  "duration": 5.376,
  "pitch": {
    "mean": 275.61,
    "max": 957.06,
    "std": 256.99,
    "max_mean_ratio": 3.47
  },
  "energy": {
    "mean": 0.076524,
    "max": 0.224851,
    "std": 0.052018,
    "rate_of_change": 0.037151
  },
  "speech_rate": {
    "chars_per_sec": 5.97,
    "words_per_sec": 0.93,
    "segment_count": 2
  },
  "spectral_centroid": {
    "mean": 2098.13
  },
  "timeseries": {
    "frame_sec": 0.5,
    "pitch": [
      110.51,
      203.24,
      562.53,
      465.75,
      361.4,
      107.09,
      240.99,
      158.43,
      134.71,
      303.46,
      484.58
    ],
    "energy": [
      0.03733,
      0.060193,
      0.132361,
      0.11043,
      0.095077,
      0.053714,
      0.034132,
      0.041747,
      0.051803,
      0.08692,
      0.109884
    ],
    "spectral_centroid": [
      1852.18,
      1969.76,
      2146.15,
      1933.83,
      2283.22,
      1718.01,
      1967.0,
      2575.82,
      2113.95,
      2428.66,
      2062.36
    ]
  }
}