{
  "id": "81d1616f-1eb1-42fd-a99b-fbba321ce944",
  "duration": 11.051,
  "pitch": {
    "mean": 417.11,
    "max": 1723.19,
    "std": 257.42,
    "max_mean_ratio": 4.13
  },
  "energy": {
    "mean": 0.043883,
    "max": 0.141397,
    "std": 0.025516,
    "rate_of_change": 0.012264
  },
  "speech_rate": {
    "chars_per_sec": 17.09,
    "words_per_sec": 3.5,
    "segment_count": 2
  },
  "spectral_centroid": {
    "mean": 1747.03
  },
  "timeseries": {
    "frame_sec": 0.5,
    "pitch": [
      333.11,
      546.83,
      559.95,
      437.99,
      275.46,
      529.11,
      233.0,
      656.06,
      331.01,
      438.6,
      525.07,
      297.36,
      473.08,
      401.63,
      338.76,
      316.51,
      429.36,
      315.18,
      484.95,
      487.21,
      451.66,
      561.17,
      422.08
    ],
    "energy": [
      0.030403,
      0.035012,
      0.035249,
      0.04815,
      0.033018,
      0.032738,
      0.037891,
      0.047671,
      0.023633,
      0.032745,
      0.04793,
      0.027077,
      0.028608,
      0.038683,
      0.028809,
      0.030267,
      0.022232,
      0.031784,
      0.076765,
      0.072178,
      0.083181,
      0.077529,
      0.023942
    ],
    "spectral_centroid": [
      2444.38,
      1713.28,
      1386.87,
      1465.59,
      1660.02,
      1894.59,
      2414.76,
      1750.01,
      1526.74,
      1903.01,
      1232.86,
      1956.54,
      1504.03,
      1956.76,
      1633.82,
      1547.59,
      1687.41,
      1578.89,
      1939.73,
      1662.51,
      1694.57,
      2042.45,
      1356.39
    ]
  }
}