{
  "id": "820c453d-3ef6-4323-adc6-d21ee27b6ee6",
  "duration": 11.819,
  "pitch": {
    "mean": 263.33,
    "max": 2081.0,
    "std": 346.99,
    "max_mean_ratio": 7.9
  },
  "energy": {
    "mean": 0.023282,
    "max": 0.051151,
    "std": 0.009397,
    "rate_of_change": 0.003602
  },
  "speech_rate": {
    "chars_per_sec": 0.37,
    "words_per_sec": 0.07,
    "segment_count": 1
  },
  "spectral_centroid": {
    "mean": 2243.54
  },
  "timeseries": {
    "frame_sec": 0.5,
    "pitch": [
      316.13,
      299.17,
      170.61,
      104.41,
      126.74,
      620.23,
      254.3,
      102.87,
      579.18,
      163.64,
      288.32,
      492.63,
      757.24,
      215.48,
      286.32,
      125.78,
      253.13,
      131.15,
      127.38,
      130.83,
      130.83,
      339.14,
      226.67,
      344.58
    ],
    "energy": [
      0.022592,
      0.024258,
      0.016331,
      0.013407,
      0.019458,
      0.021516,
      0.019314,
      0.02226,
      0.015216,
      0.024773,
      0.018567,
      0.020742,
      0.03773,
      0.016048,
      0.023412,
      0.018589,
      0.013907,
      0.01715,
      0.021057,
      0.017455,
      0.034767,
      0.043597,
      0.030959,
      0.023121
    ],
    "spectral_centroid": [
      2352.38,
      2291.11,
      2252.75,
      2290.81,
      2249.39,
      2346.28,
      2319.74,
      2198.59,
      2453.29,
      2061.09,
      2282.77,
      2053.09,
      2135.75,
      2411.98,
      2142.05,
      2312.22,
      2302.04,
      2174.43,
      2098.45,
      2132.89,
      2304.04,
      2426.55,
      2049.44,
      2166.6
    ]
  }
}