{
  "id": "824be952-18f1-4a7e-bb1a-81de41208020",
  "duration": 15.168,
  "pitch": {
    "mean": 567.71,
    "max": 1837.24,
    "std": 365.81,
    "max_mean_ratio": 3.24
  },
  "energy": {
    "mean": 0.027128,
    "max": 0.124334,
    "std": 0.022893,
    "rate_of_change": 0.008078
  },
  "speech_rate": {
    "chars_per_sec": 9.5,
    "words_per_sec": 1.79,
    "segment_count": 7
  },
  "spectral_centroid": {
    "mean": 1873.35
  },
  "timeseries": {
    "frame_sec": 0.5,
    "pitch": [
      504.11,
      216.27,
      407.11,
      342.41,
      89.9,
      233.82,
      549.13,
      304.38,
      498.65,
      399.68,
      821.61,
      899.01,
      394.73,
      353.89,
      341.35,
      511.52,
      288.24,
      721.44,
      794.76,
      904.51,
      794.4,
      1224.48,
      754.39,
      763.61,
      669.4,
      377.39,
      566.77,
      694.21,
      576.63,
      733.13,
      1190.79
    ],
    "energy": [
      0.005267,
      0.017394,
      0.004669,
      0.004099,
      0.002628,
      0.013936,
      0.024482,
      0.00905,
      0.018271,
      0.023667,
      0.044498,
      0.031161,
      0.027065,
      0.022085,
      0.009697,
      0.00895,
      0.011333,
      0.050344,
      0.070996,
      0.061995,
      0.057912,
      0.014641,
      0.051633,
      0.042078,
      0.023918,
      0.015558,
      0.020453,
      0.033317,
      0.028178,
      0.030189,
      0.024465
    ],
    "spectral_centroid": [
      1729.31,
      1541.86,
      1544.21,
      1650.96,
      1821.03,
      1621.66,
      1579.37,
      1753.25,
      2166.3,
      1660.6,
      1780.04,
      1668.24,
      2330.47,
      2467.5,
      1545.44,
      1713.18,
      1752.13,
      2066.8,
      1885.53,
      1827.26,
      1740.47,
      2301.04,
      1840.31,
      1978.83,
      1925.27,
      2270.66,
      2006.37,
      1986.48,
      1996.2,
      1931.75,
      1867.57
    ]
  }
}