{
  "id": "8261536e-6231-45d3-b724-0d203e87cb1f",
  "duration": 12.8,
  "pitch": {
    "mean": 527.35,
    "max": 2073.25,
    "std": 429.66,
    "max_mean_ratio": 3.93
  },
  "energy": {
    "mean": 0.07227,
    "max": 0.325085,
    "std": 0.057682,
    "rate_of_change": 0.024831
  },
  "speech_rate": {
    "chars_per_sec": 12.81,
    "words_per_sec": 1.89,
    "segment_count": 7
  },
  "spectral_centroid": {
    "mean": 2010.67
  },
  "timeseries": {
    "frame_sec": 0.5,
    "pitch": [
      464.93,
      577.89,
      243.63,
      723.66,
      677.04,
      506.08,
      532.56,
      423.38,
      704.33,
      660.82,
      459.48,
      598.85,
      381.35,
      584.49,
      713.48,
      890.8,
      280.92,
      676.52,
      563.82,
      803.54,
      357.95,
      892.99,
      124.99,
      182.32,
      165.85,
      541.12
    ],
    "energy": [
      0.061787,
      0.072148,
      0.030889,
      0.149171,
      0.084111,
      0.04301,
      0.054056,
      0.042196,
      0.052747,
      0.10595,
      0.069982,
      0.119288,
      0.035699,
      0.059388,
      0.087621,
      0.169847,
      0.052691,
      0.132737,
      0.0853,
      0.085662,
      0.029946,
      0.049239,
      0.031293,
      0.024076,
      0.016312,
      0.055465
    ],
    "spectral_centroid": [
      1955.8,
      1629.12,
      2612.9,
      1671.45,
      1595.82,
      1712.73,
      2010.32,
      1988.75,
      2079.8,
      2167.96,
      1909.63,
      1528.54,
      2217.94,
      2422.72,
      1975.58,
      1696.85,
      1979.72,
      1860.3,
      1985.9,
      2099.45,
      2352.41,
      2081.45,
      2420.75,
      2183.68,
      1981.24,
      2346.08
    ]
  }
}