{
  "id": "82655b68-f8cf-44bb-afb1-66b3f3a62974",
  "duration": 12.203,
  "pitch": {
    "mean": 429.59,
    "max": 1429.98,
    "std": 268.94,
    "max_mean_ratio": 3.33
  },
  "energy": {
    "mean": 0.090554,
    "max": 0.376181,
    "std": 0.074188,
    "rate_of_change": 0.030287
  },
  "speech_rate": {
    "chars_per_sec": 10.08,
    "words_per_sec": 1.97,
    "segment_count": 7
  },
  "spectral_centroid": {
    "mean": 1810.04
  },
  "timeseries": {
    "frame_sec": 0.5,
    "pitch": [
      680.34,
      392.39,
      632.21,
      528.31,
      536.57,
      314.9,
      268.48,
      485.44,
      144.13,
      225.45,
      398.64,
      423.81,
      367.8,
      377.89,
      361.65,
      465.14,
      401.39,
      465.77,
      416.02,
      604.74,
      298.83,
      313.92,
      633.46,
      617.59,
      550.92
    ],
    "energy": [
      0.042891,
      0.116878,
      0.058504,
      0.059311,
      0.078138,
      0.010357,
      0.059333,
      0.161985,
      0.021918,
      0.042578,
      0.148639,
      0.098983,
      0.031376,
      0.081408,
      0.062094,
      0.088608,
      0.105254,
      0.198335,
      0.217878,
      0.20126,
      0.032959,
      0.054423,
      0.058066,
      0.044569,
      0.085072
    ],
    "spectral_centroid": [
      1980.78,
      1346.85,
      1776.41,
      1931.97,
      1456.42,
      2365.48,
      1867.18,
      1380.79,
      2070.18,
      1852.76,
      1708.09,
      2271.48,
      1772.04,
      1515.22,
      1845.95,
      1505.0,
      1862.92,
      1649.61,
      1901.63,
      1800.64,
      1865.21,
      2139.06,
      1830.26,
      1875.92,
      1358.18
    ]
  }
}