{
  "id": "82690c65-7446-438b-afe1-544fa1bbad17",
  "duration": 12.139,
  "pitch": {
    "mean": 547.23,
    "max": 2085.05,
    "std": 485.34,
    "max_mean_ratio": 3.81
  },
  "energy": {
    "mean": 0.252232,
    "max": 0.629621,
    "std": 0.175995,
    "rate_of_change": 0.049267
  },
  "speech_rate": {
    "chars_per_sec": 15.13,
    "words_per_sec": 2.26,
    "segment_count": 5
  },
  "spectral_centroid": {
    "mean": 2157.48
  },
  "timeseries": {
    "frame_sec": 0.5,
    "pitch": [
      481.02,
      304.43,
      639.27,
      588.24,
      403.81,
      563.33,
      249.3,
      340.89,
      510.77,
      954.94,
      198.13,
      766.07,
      445.11,
      709.23,
      1036.82,
      562.91,
      284.94,
      463.2,
      234.69,
      246.88,
      618.26,
      563.63,
      575.6,
      680.99,
      1270.14
    ],
    "energy": [
      0.229399,
      0.060686,
      0.280317,
      0.375885,
      0.34022,
      0.167492,
      0.062591,
      0.054154,
      0.138395,
      0.318616,
      0.047428,
      0.334709,
      0.203655,
      0.076005,
      0.112921,
      0.47207,
      0.271948,
      0.35133,
      0.071696,
      0.177942,
      0.400009,
      0.563794,
      0.337735,
      0.3433,
      0.266097
    ],
    "spectral_centroid": [
      1974.01,
      2137.88,
      1598.0,
      1597.25,
      2026.18,
      2212.87,
      2181.13,
      2268.84,
      2227.76,
      2031.51,
      2074.49,
      2480.56,
      2274.37,
      2232.61,
      2343.47,
      1702.97,
      2200.36,
      1975.31,
      2047.17,
      2417.03,
      2454.83,
      1850.15,
      2580.65,
      3011.67,
      2447.37
    ]
  }
}