{
  "id": "82de1ca8-d689-4a3a-8d66-8d8da49df14e",
  "duration": 7.979,
  "pitch": {
    "mean": 389.03,
    "max": 1264.31,
    "std": 287.67,
    "max_mean_ratio": 3.25
  },
  "energy": {
    "mean": 0.13558,
    "max": 0.332873,
    "std": 0.072546,
    "rate_of_change": 0.037115
  },
  "speech_rate": {
    "chars_per_sec": 7.91,
    "words_per_sec": 1.63,
    "segment_count": 4
  },
  "spectral_centroid": {
    "mean": 1717.21
  },
  "timeseries": {
    "frame_sec": 0.5,
    "pitch": [
      295.36,
      136.84,
      500.62,
      445.21,
      451.71,
      325.05,
      316.89,
      266.21,
      648.68,
      519.3,
      476.31,
      601.6,
      383.47,
      84.44,
      244.1,
      481.88
    ],
    "energy": [
      0.08044,
      0.057172,
      0.160012,
      0.130469,
      0.121224,
      0.100987,
      0.126327,
      0.083402,
      0.192048,
      0.149582,
      0.225344,
      0.209031,
      0.149716,
      0.045864,
      0.115886,
      0.145327
    ],
    "spectral_centroid": [
      1256.52,
      1111.04,
      1637.49,
      1733.65,
      1629.62,
      1532.85,
      1561.34,
      1609.94,
      1781.38,
      2262.27,
      1759.11,
      2065.46,
      1836.64,
      1914.79,
      1941.56,
      1820.62
    ]
  }
}