{
  "id": "835b24e4-9816-4934-8a8f-b49453d3eb07",
  "duration": 12.181,
  "pitch": {
    "mean": 323.76,
    "max": 2085.92,
    "std": 358.83,
    "max_mean_ratio": 6.44
  },
  "energy": {
    "mean": 0.044687,
    "max": 0.256949,
    "std": 0.052255,
    "rate_of_change": 0.019821
  },
  "speech_rate": {
    "chars_per_sec": 2.3,
    "words_per_sec": 0.49,
    "segment_count": 4
  },
  "spectral_centroid": {
    "mean": 1993.23
  },
  "timeseries": {
    "frame_sec": 0.5,
    "pitch": [
      402.64,
      299.13,
      142.04,
      285.91,
      234.54,
      177.55,
      158.67,
      238.61,
      353.22,
      245.37,
      201.18,
      185.6,
      186.42,
      232.78,
      196.74,
      145.46,
      288.43,
      168.03,
      527.05,
      607.93,
      1196.53,
      772.77,
      279.45,
      282.45,
      206.21
    ],
    "energy": [
      0.036466,
      0.022658,
      0.018978,
      0.018469,
      0.02067,
      0.021259,
      0.018949,
      0.033191,
      0.031333,
      0.020234,
      0.020038,
      0.019846,
      0.020592,
      0.018136,
      0.018019,
      0.02114,
      0.020119,
      0.020467,
      0.04965,
      0.052826,
      0.175349,
      0.179416,
      0.094515,
      0.069856,
      0.045231
    ],
    "spectral_centroid": [
      1854.35,
      2148.48,
      1773.15,
      1947.09,
      1961.25,
      2036.59,
      2044.78,
      1870.48,
      1619.65,
      1778.44,
      1801.67,
      1833.81,
      1775.12,
      1870.09,
      1865.94,
      1793.08,
      1836.5,
      2218.17,
      1805.9,
      2099.9,
      1723.89,
      2023.62,
      2853.89,
      2796.94,
      3210.13
    ]
  }
}