{
  "id": "837a7d78-58cb-4d83-8129-164ff10d3963",
  "duration": 12.309,
  "pitch": {
    "mean": 510.97,
    "max": 2023.83,
    "std": 393.36,
    "max_mean_ratio": 3.96
  },
  "energy": {
    "mean": 0.08444,
    "max": 0.429515,
    "std": 0.082092,
    "rate_of_change": 0.034336
  },
  "speech_rate": {
    "chars_per_sec": 9.51,
    "words_per_sec": 1.8,
    "segment_count": 6
  },
  "spectral_centroid": {
    "mean": 2044.43
  },
  "timeseries": {
    "frame_sec": 0.5,
    "pitch": [
      96.71,
      435.04,
      84.42,
      294.68,
      288.28,
      541.3,
      636.2,
      514.0,
      380.6,
      566.71,
      624.77,
      894.82,
      398.48,
      742.18,
      418.98,
      425.1,
      804.81,
      572.48,
      458.8,
      225.72,
      419.43,
      881.02,
      532.46,
      638.01,
      925.75
    ],
    "energy": [
      0.018771,
      0.018309,
      0.012861,
      0.010726,
      0.012592,
      0.128877,
      0.061081,
      0.093729,
      0.058736,
      0.093806,
      0.085986,
      0.169027,
      0.041498,
      0.146066,
      0.025801,
      0.059868,
      0.107166,
      0.083134,
      0.092337,
      0.026041,
      0.065047,
      0.122274,
      0.1355,
      0.123819,
      0.310623
    ],
    "spectral_centroid": [
      2183.12,
      1957.02,
      1825.26,
      1978.75,
      2008.36,
      2057.19,
      2189.74,
      2094.27,
      2138.56,
      1859.89,
      2799.87,
      1648.11,
      2453.6,
      1978.53,
      2236.79,
      2057.76,
      1613.1,
      1774.29,
      2248.4,
      1844.15,
      2393.92,
      2081.81,
      2241.97,
      1749.93,
      1583.98
    ]
  }
}