{
  "id": "839702c1-0657-4011-a50e-b69a4ac35777",
  "duration": 14.955,
  "pitch": {
    "mean": 487.04,
    "max": 1550.45,
    "std": 210.04,
    "max_mean_ratio": 3.18
  },
  "energy": {
    "mean": 0.040121,
    "max": 0.217596,
    "std": 0.030113,
    "rate_of_change": 0.014144
  },
  "speech_rate": {
    "chars_per_sec": 19.01,
    "words_per_sec": 3.75,
    "segment_count": 3
  },
  "spectral_centroid": {
    "mean": 1815.14
  },
  "timeseries": {
    "frame_sec": 0.5,
    "pitch": [
      446.09,
      506.96,
      416.99,
      577.34,
      391.9,
      447.75,
      447.77,
      440.38,
      562.73,
      410.22,
      481.17,
      402.52,
      447.43,
      429.47,
      425.23,
      317.48,
      526.01,
      291.07,
      500.69,
      391.02,
      418.88,
      552.31,
      675.1,
      504.37,
      424.05,
      685.19,
      573.65,
      557.56,
      645.06,
      593.82
    ],
    "energy": [
      0.061106,
      0.057004,
      0.040412,
      0.068768,
      0.042564,
      0.034488,
      0.031891,
      0.032817,
      0.020738,
      0.032498,
      0.021983,
      0.018387,
      0.02159,
      0.020123,
      0.020963,
      0.016042,
      0.029205,
      0.012284,
      0.035876,
      0.025721,
      0.030963,
      0.06479,
      0.127222,
      0.035417,
      0.07172,
      0.045047,
      0.025743,
      0.026959,
      0.027786,
      0.050919
    ],
    "spectral_centroid": [
      1924.07,
      1686.04,
      1785.86,
      1530.92,
      1852.47,
      1557.46,
      2156.39,
      2339.95,
      2122.05,
      1670.52,
      1640.69,
      1589.1,
      1616.04,
      1404.88,
      1872.33,
      2060.47,
      1863.46,
      1961.69,
      1865.66,
      1963.41,
      1943.47,
      1659.36,
      1654.94,
      1646.13,
      1754.6,
      1771.15,
      1914.48,
      2027.33,
      1717.4,
      1834.55
    ]
  }
}