{
  "id": "8427859d-3b14-4180-96b6-04314d86ce28",
  "duration": 10.709,
  "pitch": {
    "mean": 441.99,
    "max": 1816.31,
    "std": 330.68,
    "max_mean_ratio": 4.11
  },
  "energy": {
    "mean": 0.047684,
    "max": 0.11537,
    "std": 0.021401,
    "rate_of_change": 0.009686
  },
  "speech_rate": {
    "chars_per_sec": 13.48,
    "words_per_sec": 2.9,
    "segment_count": 2
  },
  "spectral_centroid": {
    "mean": 1885.32
  },
  "timeseries": {
    "frame_sec": 0.5,
    "pitch": [
      306.99,
      362.58,
      599.77,
      568.59,
      456.15,
      431.83,
      628.84,
      723.11,
      240.06,
      118.05,
      284.26,
      354.13,
      521.99,
      494.08,
      531.78,
      697.6,
      128.75,
      308.58,
      614.05,
      487.09,
      445.72,
      458.54
    ],
    "energy": [
      0.036503,
      0.038281,
      0.04836,
      0.042577,
      0.042853,
      0.033403,
      0.044365,
      0.033707,
      0.01829,
      0.019396,
      0.045626,
      0.064364,
      0.049217,
      0.070205,
      0.074358,
      0.05449,
      0.03193,
      0.057346,
      0.042283,
      0.05084,
      0.043131,
      0.073775
    ],
    "spectral_centroid": [
      1840.81,
      1769.81,
      1903.76,
      1740.27,
      1688.11,
      1819.81,
      1927.45,
      1555.42,
      1974.39,
      1954.11,
      1929.17,
      1914.32,
      1851.68,
      1670.1,
      1774.62,
      1920.2,
      2027.7,
      2183.98,
      2112.91,
      1997.49,
      1954.29,
      1729.34
    ]
  }
}