{
  "id": "843123d3-05cb-4255-b454-e423caef398a",
  "duration": 14.123,
  "pitch": {
    "mean": 463.43,
    "max": 2088.86,
    "std": 435.79,
    "max_mean_ratio": 4.51
  },
  "energy": {
    "mean": 0.06117,
    "max": 0.180255,
    "std": 0.044996,
    "rate_of_change": 0.01248
  },
  "speech_rate": {
    "chars_per_sec": 10.97,
    "words_per_sec": 1.82,
    "segment_count": 4
  },
  "spectral_centroid": {
    "mean": 1988.26
  },
  "timeseries": {
    "frame_sec": 0.5,
    "pitch": [
      553.78,
      327.59,
      668.7,
      757.5,
      495.01,
      302.62,
      554.25,
      120.63,
      121.27,
      248.14,
      519.99,
      483.28,
      123.34,
      110.96,
      381.11,
      520.23,
      698.33,
      495.41,
      571.63,
      182.94,
      231.96,
      340.88,
      864.05,
      843.37,
      269.97,
      729.44,
      468.58,
      457.78,
      249.5
    ],
    "energy": [
      0.077341,
      0.044654,
      0.082395,
      0.072548,
      0.0641,
      0.055669,
      0.07475,
      0.009467,
      0.009826,
      0.035628,
      0.077806,
      0.040001,
      0.009194,
      0.00747,
      0.077488,
      0.079091,
      0.070225,
      0.065441,
      0.041468,
      0.006744,
      0.024609,
      0.07241,
      0.093137,
      0.132967,
      0.05456,
      0.086385,
      0.083734,
      0.099523,
      0.01019
    ],
    "spectral_centroid": [
      1718.94,
      1766.88,
      2073.59,
      2380.62,
      1754.14,
      2109.74,
      1565.16,
      1394.96,
      1492.55,
      1866.31,
      1856.9,
      1886.4,
      1764.38,
      1246.0,
      1922.61,
      2270.56,
      2854.62,
      2540.42,
      1702.97,
      1989.36,
      1962.31,
      2132.73,
      2021.95,
      2424.15,
      2185.06,
      1662.2,
      2547.17,
      2493.66,
      2003.47
    ]
  }
}