{
  "id": "84330ab8-ff6e-41bb-9d73-eeb4e92fae39",
  "duration": 9.045,
  "pitch": {
    "mean": 477.52,
    "max": 1695.87,
    "std": 298.27,
    "max_mean_ratio": 3.55
  },
  "energy": {
    "mean": 0.068147,
    "max": 0.177215,
    "std": 0.0367,
    "rate_of_change": 0.01924
  },
  "speech_rate": {
    "chars_per_sec": 17.74,
    "words_per_sec": 3.33,
    "segment_count": 10
  },
  "spectral_centroid": {
    "mean": 1948.87
  },
  "timeseries": {
    "frame_sec": 0.5,
    "pitch": [
      358.32,
      387.33,
      546.52,
      428.12,
      428.3,
      474.37,
      373.73,
      477.71,
      559.51,
      715.77,
      511.22,
      427.33,
      730.11,
      127.04,
      725.68,
      395.91,
      304.58,
      458.31,
      485.15
    ],
    "energy": [
      0.053519,
      0.065219,
      0.055756,
      0.024434,
      0.071022,
      0.072267,
      0.062421,
      0.069761,
      0.066711,
      0.077881,
      0.083493,
      0.095673,
      0.101932,
      0.013024,
      0.102375,
      0.02977,
      0.060351,
      0.06198,
      0.090058
    ],
    "spectral_centroid": [
      1680.15,
      1765.02,
      2212.87,
      1523.16,
      1750.06,
      1860.76,
      1765.17,
      1796.28,
      1768.28,
      1747.31,
      1870.94,
      2424.87,
      1972.54,
      2236.16,
      1931.81,
      2148.93,
      2023.88,
      2637.0,
      1571.52
    ]
  }
}