{
  "id": "8481a444-f750-49e0-909b-5ba0a6551bb1",
  "duration": 10.091,
  "pitch": {
    "mean": 514.76,
    "max": 1956.65,
    "std": 356.87,
    "max_mean_ratio": 3.8
  },
  "energy": {
    "mean": 0.066658,
    "max": 0.168745,
    "std": 0.029962,
    "rate_of_change": 0.014999
  },
  "speech_rate": {
    "chars_per_sec": 21.37,
    "words_per_sec": 4.23,
    "segment_count": 5
  },
  "spectral_centroid": {
    "mean": 2054.04
  },
  "timeseries": {
    "frame_sec": 0.5,
    "pitch": [
      665.65,
      256.89,
      350.52,
      669.46,
      433.37,
      409.87,
      464.29,
      315.56,
      728.24,
      526.7,
      385.36,
      570.01,
      458.31,
      769.34,
      857.63,
      700.42,
      414.35,
      552.18,
      290.06,
      366.14,
      325.64
    ],
    "energy": [
      0.059412,
      0.027273,
      0.050373,
      0.060057,
      0.044491,
      0.068388,
      0.046217,
      0.058299,
      0.062508,
      0.053998,
      0.073014,
      0.065984,
      0.095163,
      0.089525,
      0.078955,
      0.084095,
      0.053386,
      0.091808,
      0.058823,
      0.070475,
      0.030537
    ],
    "spectral_centroid": [
      1842.55,
      2054.7,
      2363.51,
      2013.14,
      2310.64,
      1912.5,
      2404.97,
      2099.61,
      1860.87,
      1920.5,
      1739.42,
      2003.48,
      1611.08,
      1855.9,
      2315.05,
      2107.81,
      2152.78,
      1690.5,
      2414.51,
      2413.0,
      2177.27
    ]
  }
}