{
  "id": "84ae05d5-e60c-4e75-97e6-8c25b8dc59c7",
  "duration": 17.835,
  "pitch": {
    "mean": 365.57,
    "max": 1861.86,
    "std": 284.95,
    "max_mean_ratio": 5.09
  },
  "energy": {
    "mean": 0.066266,
    "max": 0.287869,
    "std": 0.061154,
    "rate_of_change": 0.01576
  },
  "speech_rate": {
    "chars_per_sec": 8.36,
    "words_per_sec": 1.57,
    "segment_count": 11
  },
  "spectral_centroid": {
    "mean": 1930.31
  },
  "timeseries": {
    "frame_sec": 0.5,
    "pitch": [
      418.98,
      106.53,
      285.16,
      642.79,
      392.36,
      346.83,
      114.71,
      168.4,
      106.63,
      244.56,
      620.13,
      288.45,
      457.56,
      551.95,
      205.4,
      122.08,
      263.49,
      816.56,
      384.37,
      151.78,
      251.1,
      403.48,
      491.09,
      487.23,
      508.0,
      450.25,
      309.31,
      335.97,
      135.43,
      111.46,
      545.88,
      643.17,
      435.74,
      381.66,
      531.67,
      546.89
    ],
    "energy": [
      0.075657,
      0.028317,
      0.052776,
      0.140538,
      0.072028,
      0.02882,
      0.01251,
      0.017318,
      0.017885,
      0.060317,
      0.161435,
      0.02716,
      0.079684,
      0.056113,
      0.012901,
      0.011116,
      0.017221,
      0.090805,
      0.007669,
      0.014639,
      0.030975,
      0.079576,
      0.076015,
      0.06442,
      0.061378,
      0.03868,
      0.035598,
      0.06017,
      0.048364,
      0.034601,
      0.156445,
      0.232742,
      0.090677,
      0.063643,
      0.11912,
      0.107503
    ],
    "spectral_centroid": [
      1944.08,
      1563.34,
      1759.24,
      1888.84,
      2155.74,
      1755.82,
      1524.33,
      1724.53,
      1840.48,
      1537.93,
      1932.35,
      2455.37,
      2316.33,
      1577.21,
      1782.94,
      1915.56,
      2007.72,
      2109.4,
      2197.68,
      1862.47,
      1943.66,
      2039.93,
      2358.31,
      2114.62,
      1785.55,
      1580.83,
      2026.55,
      2027.82,
      1569.69,
      1820.96,
      1741.94,
      2253.8,
      1977.75,
      2458.18,
      2208.76,
      1591.88
    ]
  }
}