{
  "id": "84d6ba09-a0b5-41c3-b587-79a147091b23",
  "duration": 16.363,
  "pitch": {
    "mean": 388.44,
    "max": 1320.23,
    "std": 228.24,
    "max_mean_ratio": 3.4
  },
  "energy": {
    "mean": 0.01923,
    "max": 0.059743,
    "std": 0.011687,
    "rate_of_change": 0.003464
  },
  "speech_rate": {
    "chars_per_sec": 17.4,
    "words_per_sec": 3.64,
    "segment_count": 3
  },
  "spectral_centroid": {
    "mean": 1588.91
  },
  "timeseries": {
    "frame_sec": 0.5,
    "pitch": [
      292.1,
      292.52,
      300.33,
      321.45,
      374.9,
      176.03,
      339.49,
      406.87,
      676.18,
      342.68,
      263.18,
      367.59,
      286.76,
      409.76,
      417.87,
      436.71,
      734.73,
      658.75,
      185.37,
      351.99,
      542.22,
      407.72,
      421.49,
      444.29,
      348.82,
      381.23,
      407.54,
      319.36,
      374.18,
      366.61,
      360.48,
      429.99,
      393.07
    ],
    "energy": [
      0.039089,
      0.026927,
      0.013493,
      0.008496,
      0.006333,
      0.007959,
      0.013423,
      0.017201,
      0.015578,
      0.008561,
      0.012858,
      0.020198,
      0.015652,
      0.015939,
      0.007471,
      0.014166,
      0.017959,
      0.016766,
      0.02731,
      0.025087,
      0.032367,
      0.04185,
      0.026537,
      0.020105,
      0.016273,
      0.014083,
      0.020388,
      0.005863,
      0.028899,
      0.018394,
      0.013534,
      0.026054,
      0.007948
    ],
    "spectral_centroid": [
      1092.71,
      1275.69,
      1509.01,
      1507.26,
      1914.46,
      1907.26,
      1478.15,
      1559.96,
      1500.05,
      1801.27,
      1494.67,
      1634.84,
      1741.23,
      1591.22,
      1936.09,
      1527.43,
      1472.18,
      1652.99,
      1511.99,
      1670.44,
      1645.93,
      1451.3,
      1559.12,
      1821.66,
      1719.54,
      1494.41,
      1404.8,
      1678.74,
      1830.28,
      1695.4,
      1543.43,
      1392.48,
      1439.29
    ]
  }
}