{
  "id": "84e780c6-5ebd-486c-8359-b3905f9f7bdc",
  "duration": 11.989,
  "pitch": {
    "mean": 524.22,
    "max": 2046.34,
    "std": 382.48,
    "max_mean_ratio": 3.9
  },
  "energy": {
    "mean": 0.234306,
    "max": 0.602214,
    "std": 0.154777,
    "rate_of_change": 0.047106
  },
  "speech_rate": {
    "chars_per_sec": 12.12,
    "words_per_sec": 2.26,
    "segment_count": 5
  },
  "spectral_centroid": {
    "mean": 1993.15
  },
  "timeseries": {
    "frame_sec": 0.5,
    "pitch": [
      355.8,
      281.01,
      420.58,
      372.74,
      537.65,
      309.45,
      496.6,
      645.29,
      704.15,
      813.62,
      958.09,
      487.1,
      484.11,
      428.07,
      369.16,
      527.25,
      435.03,
      532.41,
      685.2,
      554.74,
      548.12,
      690.23,
      495.48,
      641.32
    ],
    "energy": [
      0.073067,
      0.07328,
      0.088661,
      0.081561,
      0.092237,
      0.084686,
      0.070747,
      0.364391,
      0.369596,
      0.358493,
      0.321026,
      0.142713,
      0.093921,
      0.077256,
      0.066331,
      0.194175,
      0.323947,
      0.31106,
      0.316561,
      0.335724,
      0.311271,
      0.352053,
      0.424198,
      0.45412
    ],
    "spectral_centroid": [
      2519.37,
      1786.75,
      1728.44,
      1503.71,
      1651.08,
      1658.71,
      1862.8,
      1956.91,
      2472.4,
      1878.93,
      2088.04,
      1727.66,
      1891.31,
      2008.93,
      1977.35,
      2390.01,
      2137.16,
      1960.74,
      1857.99,
      1670.96,
      2324.68,
      1949.69,
      2590.82,
      2165.64
    ]
  }
}