{
  "id": "85030873-bbdb-4d7a-8371-acd45ee400eb",
  "duration": 15.424,
  "pitch": {
    "mean": 221.54,
    "max": 675.15,
    "std": 160.56,
    "max_mean_ratio": 3.05
  },
  "energy": {
    "mean": 0.051694,
    "max": 0.188004,
    "std": 0.044943,
    "rate_of_change": 0.011779
  },
  "speech_rate": {
    "chars_per_sec": 9.45,
    "words_per_sec": 1.66,
    "segment_count": 5
  },
  "spectral_centroid": {
    "mean": 1876.21
  },
  "timeseries": {
    "frame_sec": 0.5,
    "pitch": [
      106.05,
      116.14,
      178.76,
      278.89,
      295.33,
      219.53,
      299.09,
      261.67,
      167.62,
      253.12,
      228.32,
      156.16,
      278.9,
      172.78,
      159.3,
      73.77,
      150.45,
      134.16,
      203.3,
      165.3,
      235.73,
      203.39,
      113.66,
      108.77,
      409.63,
      326.09,
      416.27,
      356.24,
      359.26,
      228.64,
      242.73
    ],
    "energy": [
      0.024495,
      0.027207,
      0.034121,
      0.036926,
      0.039905,
      0.036479,
      0.043721,
      0.046189,
      0.029273,
      0.037929,
      0.036818,
      0.01224,
      0.012963,
      0.016646,
      0.020334,
      0.016019,
      0.013989,
      0.016118,
      0.019114,
      0.022933,
      0.047419,
      0.03612,
      0.032888,
      0.034628,
      0.126751,
      0.104025,
      0.127812,
      0.137569,
      0.122851,
      0.138595,
      0.089819
    ],
    "spectral_centroid": [
      1427.89,
      1630.29,
      1701.66,
      1949.78,
      2360.51,
      2496.45,
      1915.78,
      1808.25,
      1492.59,
      1362.53,
      2104.2,
      2052.94,
      2118.13,
      1890.58,
      1826.22,
      1806.21,
      1968.05,
      1813.0,
      1773.93,
      1764.93,
      1645.47,
      2193.53,
      2029.64,
      1902.66,
      1773.49,
      2236.24,
      1767.81,
      1253.68,
      1703.87,
      2552.56,
      1819.53
    ]
  }
}