{
  "id": "85349a60-10e2-43dc-9f4e-f4cf21fefa87",
  "duration": 7.403,
  "pitch": {
    "mean": 544.77,
    "max": 1633.87,
    "std": 393.8,
    "max_mean_ratio": 3.0
  },
  "energy": {
    "mean": 0.10243,
    "max": 0.18755,
    "std": 0.049373,
    "rate_of_change": 0.023159
  },
  "speech_rate": {
    "chars_per_sec": 5.54,
    "words_per_sec": 0.81,
    "segment_count": 3
  },
  "spectral_centroid": {
    "mean": 1681.97
  },
  "timeseries": {
    "frame_sec": 0.5,
    "pitch": [
      521.2,
      1139.19,
      724.05,
      445.87,
      527.8,
      490.08,
      591.0,
      709.83,
      335.23,
      131.97,
      133.04,
      162.32,
      387.28,
      732.34,
      1033.78
    ],
    "energy": [
      0.114149,
      0.107167,
      0.153575,
      0.105343,
      0.129373,
      0.111685,
      0.130109,
      0.122818,
      0.076164,
      0.027904,
      0.021713,
      0.041031,
      0.104979,
      0.099883,
      0.108059
    ],
    "spectral_centroid": [
      1925.4,
      1892.04,
      1603.31,
      1805.6,
      1293.85,
      1610.24,
      1588.58,
      1424.18,
      1743.77,
      2013.37,
      1492.51,
      1415.48,
      1788.61,
      1889.75,
      1720.91
    ]
  }
}