{
  "id": "8553887b-f1c2-42ef-9b24-9a0fc3a07217",
  "duration": 22.699,
  "pitch": {
    "mean": 429.5,
    "max": 1638.03,
    "std": 252.58,
    "max_mean_ratio": 3.81
  },
  "energy": {
    "mean": 0.104549,
    "max": 0.278424,
    "std": 0.065437,
    "rate_of_change": 0.011899
  },
  "speech_rate": {
    "chars_per_sec": 9.71,
    "words_per_sec": 1.55,
    "segment_count": 3
  },
  "spectral_centroid": {
    "mean": 1791.8
  },
  "timeseries": {
    "frame_sec": 0.5,
    "pitch": [
      301.99,
      571.69,
      422.78,
      474.74,
      483.25,
      423.01,
      540.63,
      570.87,
      444.94,
      463.5,
      369.16,
      532.26,
      522.14,
      507.76,
      432.28,
      666.61,
      444.63,
      230.88,
      561.49,
      434.46,
      474.56,
      358.5,
      459.32,
      355.28,
      551.98,
      82.31,
      92.24,
      312.04,
      386.79,
      390.96,
      408.01,
      154.1,
      351.02,
      349.3,
      503.96,
      263.37,
      411.01,
      355.05,
      480.75,
      414.23,
      509.3,
      347.14,
      621.52,
      581.14,
      397.95,
      617.54
    ],
    "energy": [
      0.06052,
      0.128137,
      0.095139,
      0.090882,
      0.130458,
      0.03611,
      0.108922,
      0.131137,
      0.080416,
      0.091293,
      0.086718,
      0.138166,
      0.1345,
      0.115102,
      0.088426,
      0.207102,
      0.096054,
      0.035822,
      0.107276,
      0.113093,
      0.097741,
      0.096879,
      0.106539,
      0.0995,
      0.119829,
      0.01157,
      0.014466,
      0.085753,
      0.122626,
      0.141703,
      0.125438,
      0.026764,
      0.084668,
      0.088301,
      0.115575,
      0.012363,
      0.072628,
      0.09962,
      0.119766,
      0.107852,
      0.114466,
      0.07988,
      0.13821,
      0.183799,
      0.07939,
      0.192234
    ],
    "spectral_centroid": [
      2407.92,
      2018.46,
      1868.91,
      1848.54,
      1559.42,
      1717.38,
      1631.32,
      1604.45,
      1438.68,
      1624.18,
      2178.61,
      2043.71,
      1922.49,
      2644.71,
      1939.38,
      1482.35,
      1790.6,
      1286.78,
      1691.91,
      1700.63,
      1674.36,
      1950.95,
      1607.29,
      1764.48,
      1590.92,
      1611.77,
      1804.87,
      1555.09,
      1616.73,
      1821.17,
      1609.49,
      1323.04,
      2153.29,
      1772.42,
      1570.4,
      2080.37,
      2033.49,
      1673.65,
      1888.36,
      1552.28,
      1550.98,
      2081.95,
      1879.71,
      1707.45,
      2238.5,
      1931.27
    ]
  }
}