{
  "id": "85898395-2048-4cac-9b61-8f953ff61213",
  "duration": 11.307,
  "pitch": {
    "mean": 477.97,
    "max": 1321.71,
    "std": 241.62,
    "max_mean_ratio": 2.77
  },
  "energy": {
    "mean": 0.03113,
    "max": 0.136675,
    "std": 0.019066,
    "rate_of_change": 0.011563
  },
  "speech_rate": {
    "chars_per_sec": 17.74,
    "words_per_sec": 3.84,
    "segment_count": 5
  },
  "spectral_centroid": {
    "mean": 1617.09
  },
  "timeseries": {
    "frame_sec": 0.5,
    "pitch": [
      301.61,
      605.04,
      492.18,
      510.13,
      426.75,
      492.87,
      553.31,
      376.02,
      475.26,
      492.21,
      335.24,
      395.52,
      533.11,
      519.72,
      331.31,
      294.9,
      349.39,
      590.91,
      665.35,
      766.04,
      695.1,
      467.54,
      587.02
    ],
    "energy": [
      0.024324,
      0.042993,
      0.018155,
      0.04321,
      0.02197,
      0.014695,
      0.011501,
      0.0135,
      0.024553,
      0.029947,
      0.027744,
      0.02959,
      0.025375,
      0.033494,
      0.026456,
      0.022209,
      0.023388,
      0.030784,
      0.026653,
      0.052097,
      0.075078,
      0.022966,
      0.056072
    ],
    "spectral_centroid": [
      1893.82,
      1334.56,
      2135.64,
      1798.65,
      1879.83,
      1703.59,
      1452.13,
      1598.68,
      1792.17,
      1789.55,
      1409.63,
      1296.85,
      1465.18,
      1842.67,
      1434.48,
      1442.38,
      1529.35,
      1526.1,
      1490.27,
      1707.62,
      1708.89,
      1594.0,
      1286.36
    ]
  }
}