{
  "id": "85983ac3-2c66-4d12-b5e8-1800a0d33c51",
  "duration": 6.891,
  "pitch": {
    "mean": 475.82,
    "max": 1894.94,
    "std": 357.64,
    "max_mean_ratio": 3.98
  },
  "energy": {
    "mean": 0.095956,
    "max": 0.401454,
    "std": 0.086047,
    "rate_of_change": 0.057785
  },
  "speech_rate": {
    "chars_per_sec": 13.95,
    "words_per_sec": 3.05,
    "segment_count": 6
  },
  "spectral_centroid": {
    "mean": 2031.94
  },
  "timeseries": {
    "frame_sec": 0.5,
    "pitch": [
      428.29,
      558.42,
      409.66,
      251.43,
      394.51,
      662.46,
      515.93,
      681.02,
      532.8,
      429.54,
      297.19,
      516.9,
      268.29,
      707.39
    ],
    "energy": [
      0.036361,
      0.099917,
      0.105013,
      0.041872,
      0.08691,
      0.098159,
      0.071656,
      0.138072,
      0.028424,
      0.227307,
      0.054448,
      0.134089,
      0.049652,
      0.118314
    ],
    "spectral_centroid": [
      1935.97,
      1587.96,
      2078.64,
      1722.62,
      2143.11,
      2050.62,
      2045.62,
      1708.32,
      2185.54,
      2505.27,
      2374.16,
      2514.22,
      1654.38,
      1859.3
    ]
  }
}