{
  "id": "859a832f-001e-4e53-bb95-5614a8ce72da",
  "duration": 15.083,
  "pitch": {
    "mean": 414.52,
    "max": 1329.58,
    "std": 190.89,
    "max_mean_ratio": 3.21
  },
  "energy": {
    "mean": 0.040149,
    "max": 0.108737,
    "std": 0.022567,
    "rate_of_change": 0.00677
  },
  "speech_rate": {
    "chars_per_sec": 20.36,
    "words_per_sec": 3.98,
    "segment_count": 4
  },
  "spectral_centroid": {
    "mean": 1490.29
  },
  "timeseries": {
    "frame_sec": 0.5,
    "pitch": [
      423.47,
      446.47,
      520.02,
      381.03,
      429.27,
      355.02,
      321.81,
      490.57,
      533.32,
      450.78,
      384.15,
      333.67,
      350.42,
      291.16,
      289.17,
      392.51,
      357.68,
      598.79,
      355.2,
      323.52,
      383.5,
      336.0,
      425.0,
      519.99,
      528.0,
      336.12,
      448.82,
      452.5,
      477.03,
      429.74,
      398.03
    ],
    "energy": [
      0.025708,
      0.025185,
      0.033428,
      0.034262,
      0.028608,
      0.015578,
      0.029987,
      0.036169,
      0.0307,
      0.028018,
      0.032122,
      0.018109,
      0.065977,
      0.049784,
      0.050585,
      0.04089,
      0.013874,
      0.034225,
      0.037575,
      0.015522,
      0.030085,
      0.026969,
      0.065454,
      0.056491,
      0.074449,
      0.058762,
      0.058281,
      0.035533,
      0.061554,
      0.037086,
      0.019423
    ],
    "spectral_centroid": [
      1802.41,
      1513.59,
      1447.88,
      1807.65,
      1325.19,
      1563.24,
      1248.48,
      1387.54,
      1571.78,
      1551.86,
      1562.48,
      1548.68,
      1287.07,
      1369.64,
      1340.48,
      1702.95,
      1383.99,
      1632.05,
      1497.48,
      1495.72,
      1649.36,
      1382.21,
      1387.0,
      1757.3,
      1550.57,
      1395.14,
      1427.91,
      1394.66,
      1411.38,
      1380.29,
      1252.31
    ]
  }
}