{
  "id": "85aceb60-8741-40f1-b825-b224c4599a1a",
  "duration": 7.104,
  "pitch": {
    "mean": 236.72,
    "max": 1934.92,
    "std": 278.26,
    "max_mean_ratio": 8.17
  },
  "energy": {
    "mean": 0.029913,
    "max": 0.100835,
    "std": 0.025482,
    "rate_of_change": 0.01318
  },
  "speech_rate": {
    "chars_per_sec": 2.4,
    "words_per_sec": 0.56,
    "segment_count": 2
  },
  "spectral_centroid": {
    "mean": 2006.4
  },
  "timeseries": {
    "frame_sec": 0.5,
    "pitch": [
      213.92,
      133.22,
      203.19,
      234.44,
      600.83,
      108.88,
      121.78,
      158.84,
      222.27,
      124.31,
      137.28,
      300.09,
      286.58,
      383.83,
      464.27
    ],
    "energy": [
      0.073807,
      0.013433,
      0.015777,
      0.011328,
      0.018122,
      0.015377,
      0.018693,
      0.014208,
      0.012079,
      0.014195,
      0.022994,
      0.023142,
      0.059238,
      0.075209,
      0.077456
    ],
    "spectral_centroid": [
      1915.21,
      1837.51,
      1726.1,
      2026.03,
      2083.2,
      2466.14,
      2164.56,
      1903.04,
      1906.28,
      1996.87,
      2275.35,
      2108.96,
      1604.88,
      2068.06,
      2091.65
    ]
  }
}