{
  "id": "85ae4bdc-b8d3-4e17-b185-78ce0e260b0d",
  "duration": 19.179,
  "pitch": {
    "mean": 336.73,
    "max": 1996.3,
    "std": 303.38,
    "max_mean_ratio": 5.93
  },
  "energy": {
    "mean": 0.05266,
    "max": 0.215515,
    "std": 0.03835,
    "rate_of_change": 0.010732
  },
  "speech_rate": {
    "chars_per_sec": 11.37,
    "words_per_sec": 2.03,
    "segment_count": 7
  },
  "spectral_centroid": {
    "mean": 2033.61
  },
  "timeseries": {
    "frame_sec": 0.5,
    "pitch": [
      232.2,
      166.54,
      158.77,
      139.74,
      392.4,
      390.19,
      378.26,
      414.92,
      365.05,
      308.06,
      448.14,
      243.65,
      206.8,
      106.69,
      422.64,
      379.82,
      391.9,
      394.62,
      474.54,
      431.81,
      581.37,
      320.2,
      112.83,
      107.97,
      221.7,
      337.26,
      224.71,
      366.8,
      505.28,
      495.58,
      200.52,
      386.06,
      311.21,
      136.03,
      398.77,
      398.14,
      621.78,
      526.61,
      231.32
    ],
    "energy": [
      0.02462,
      0.030309,
      0.02349,
      0.019949,
      0.050818,
      0.058274,
      0.054757,
      0.051158,
      0.038867,
      0.049318,
      0.057464,
      0.024323,
      0.021169,
      0.024182,
      0.074529,
      0.072399,
      0.046414,
      0.065079,
      0.103254,
      0.037011,
      0.068049,
      0.044973,
      0.024078,
      0.027428,
      0.050712,
      0.065619,
      0.053689,
      0.059253,
      0.060163,
      0.010923,
      0.028645,
      0.06628,
      0.037612,
      0.028534,
      0.111296,
      0.093287,
      0.135307,
      0.029162,
      0.029987
    ],
    "spectral_centroid": [
      2281.97,
      1756.72,
      2013.42,
      2090.65,
      2074.13,
      1840.07,
      1818.45,
      1996.81,
      2064.5,
      1970.49,
      1931.63,
      1976.72,
      1952.79,
      2337.72,
      2072.47,
      1750.4,
      2022.61,
      2119.44,
      1959.99,
      1894.43,
      2341.84,
      1979.75,
      2159.76,
      1909.08,
      2046.1,
      1976.98,
      1840.93,
      2117.21,
      1857.32,
      2529.66,
      1734.58,
      2138.37,
      1997.65,
      2238.16,
      1775.59,
      2432.69,
      2078.48,
      2055.74,
      2116.45
    ]
  }
}