{
  "id": "861f7257-fb7d-4f62-8677-25d2ed759ec9",
  "duration": 14.059,
  "pitch": {
    "mean": 683.63,
    "max": 2041.52,
    "std": 403.23,
    "max_mean_ratio": 2.99
  },
  "energy": {
    "mean": 0.117684,
    "max": 0.308048,
    "std": 0.07521,
    "rate_of_change": 0.02125
  },
  "speech_rate": {
    "chars_per_sec": 10.46,
    "words_per_sec": 1.69,
    "segment_count": 9
  },
  "spectral_centroid": {
    "mean": 2079.9
  },
  "timeseries": {
    "frame_sec": 0.5,
    "pitch": [
      478.11,
      494.22,
      624.01,
      417.36,
      546.4,
      686.31,
      290.41,
      582.94,
      480.87,
      582.02,
      863.79,
      736.12,
      832.17,
      983.41,
      876.67,
      653.39,
      408.91,
      807.31,
      787.49,
      870.93,
      905.19,
      1029.84,
      614.27,
      832.11,
      800.18,
      1031.97,
      984.81,
      106.89,
      113.09
    ],
    "energy": [
      0.021361,
      0.140924,
      0.147557,
      0.074676,
      0.071712,
      0.149695,
      0.029524,
      0.09953,
      0.087992,
      0.037425,
      0.147904,
      0.171628,
      0.13892,
      0.059507,
      0.127415,
      0.087879,
      0.142607,
      0.188807,
      0.159412,
      0.167811,
      0.098514,
      0.149716,
      0.077818,
      0.137486,
      0.153195,
      0.156089,
      0.120096,
      0.014574,
      0.015004
    ],
    "spectral_centroid": [
      1831.13,
      1701.34,
      1701.3,
      2227.87,
      1822.8,
      1579.94,
      1878.38,
      1988.91,
      2268.66,
      1971.24,
      2112.3,
      2055.28,
      1835.4,
      2074.25,
      2205.1,
      2144.73,
      2004.44,
      2028.87,
      2215.78,
      1984.13,
      1966.87,
      2362.34,
      2495.76,
      2397.29,
      2298.52,
      2420.42,
      2320.88,
      2250.52,
      2273.2
    ]
  }
}