{
  "id": "869ea9f5-1d3f-4998-8c0f-e2efbef9ab47",
  "duration": 18.325,
  "pitch": {
    "mean": 353.4,
    "max": 1997.95,
    "std": 355.89,
    "max_mean_ratio": 5.65
  },
  "energy": {
    "mean": 0.076362,
    "max": 0.30056,
    "std": 0.055958,
    "rate_of_change": 0.015194
  },
  "speech_rate": {
    "chars_per_sec": 10.87,
    "words_per_sec": 2.03,
    "segment_count": 11
  },
  "spectral_centroid": {
    "mean": 1782.12
  },
  "timeseries": {
    "frame_sec": 0.5,
    "pitch": [
      683.97,
      763.18,
      990.23,
      526.02,
      361.33,
      174.26,
      211.91,
      317.98,
      409.72,
      261.53,
      341.46,
      71.89,
      152.19,
      135.92,
      81.43,
      537.56,
      389.9,
      266.28,
      161.83,
      97.5,
      147.68,
      368.39,
      351.99,
      614.74,
      443.72,
      107.24,
      168.16,
      181.81,
      350.66,
      600.13,
      856.0,
      754.14,
      175.79,
      90.62,
      194.96,
      369.15,
      367.57
    ],
    "energy": [
      0.244135,
      0.229155,
      0.14736,
      0.137189,
      0.064205,
      0.028781,
      0.041987,
      0.071423,
      0.035388,
      0.050299,
      0.075466,
      0.032779,
      0.02874,
      0.029141,
      0.031683,
      0.046548,
      0.050101,
      0.045174,
      0.035538,
      0.037191,
      0.038241,
      0.104884,
      0.072287,
      0.108614,
      0.06899,
      0.042297,
      0.04419,
      0.046162,
      0.083271,
      0.11862,
      0.123755,
      0.087904,
      0.052432,
      0.036363,
      0.043205,
      0.083069,
      0.093935
    ],
    "spectral_centroid": [
      2028.03,
      2527.75,
      2202.32,
      2276.49,
      1755.07,
      1502.36,
      1451.21,
      2206.91,
      1433.95,
      1854.11,
      1910.37,
      2081.49,
      1539.5,
      1603.12,
      1561.49,
      2064.04,
      1670.96,
      1396.23,
      1662.23,
      1515.39,
      1758.31,
      1881.83,
      1898.42,
      1654.86,
      1508.81,
      1483.71,
      1205.06,
      1794.79,
      2055.31,
      1746.76,
      1746.21,
      1762.81,
      1576.07,
      1613.5,
      1873.59,
      2168.87,
      1917.17
    ]
  }
}