{
  "id": "86cb21ce-ef40-4f31-a3d1-ace8dc30596c",
  "duration": 4.715,
  "pitch": {
    "mean": 270.46,
    "max": 1345.22,
    "std": 241.13,
    "max_mean_ratio": 4.97
  },
  "energy": {
    "mean": 0.078754,
    "max": 0.183875,
    "std": 0.042577,
    "rate_of_change": 0.03381
  },
  "speech_rate": {
    "chars_per_sec": 8.3,
    "words_per_sec": 1.28,
    "segment_count": 1
  },
  "spectral_centroid": {
    "mean": 2161.26
  },
  "timeseries": {
    "frame_sec": 0.5,
    "pitch": [
      125.65,
      287.76,
      364.85,
      306.31,
      123.83,
      325.96,
      179.94,
      234.6,
      349.45,
      585.16
    ],
    "energy": [
      0.06164,
      0.090999,
      0.089609,
      0.062568,
      0.032326,
      0.026092,
      0.072231,
      0.093088,
      0.121494,
      0.131371
    ],
    "spectral_centroid": [
      2266.15,
      2135.07,
      1888.54,
      2044.8,
      2194.68,
      2092.99,
      1990.61,
      2431.05,
      2547.84,
      1820.32
    ]
  }
}