{
  "id": "8776c360-b526-4c15-ae71-6c2df7b7b507",
  "duration": 12.587,
  "pitch": {
    "mean": 337.01,
    "max": 2006.88,
    "std": 265.33,
    "max_mean_ratio": 5.95
  },
  "energy": {
    "mean": 0.06167,
    "max": 0.180908,
    "std": 0.031567,
    "rate_of_change": 0.012976
  },
  "speech_rate": {
    "chars_per_sec": 17.2,
    "words_per_sec": 3.34,
    "segment_count": 3
  },
  "spectral_centroid": {
    "mean": 1949.51
  },
  "timeseries": {
    "frame_sec": 0.5,
    "pitch": [
      232.33,
      212.96,
      117.25,
      273.94,
      331.13,
      296.36,
      305.17,
      392.01,
      257.7,
      398.14,
      459.83,
      393.04,
      206.78,
      310.82,
      220.73,
      493.77,
      241.84,
      203.28,
      309.9,
      358.88,
      297.5,
      506.02,
      573.46,
      855.75,
      379.56,
      290.13
    ],
    "energy": [
      0.042719,
      0.04272,
      0.046561,
      0.057881,
      0.038152,
      0.090818,
      0.055519,
      0.06885,
      0.039725,
      0.045551,
      0.055151,
      0.049256,
      0.051758,
      0.053995,
      0.041056,
      0.072677,
      0.032727,
      0.030052,
      0.035465,
      0.049976,
      0.057795,
      0.101021,
      0.120182,
      0.130731,
      0.066158,
      0.044247
    ],
    "spectral_centroid": [
      2036.68,
      1800.86,
      1730.42,
      1604.93,
      1484.22,
      2200.04,
      2160.4,
      1427.73,
      2226.58,
      2173.44,
      1594.0,
      1744.95,
      2457.37,
      2175.44,
      2341.4,
      1942.6,
      2569.62,
      1764.37,
      2403.02,
      1617.1,
      1711.26,
      1667.9,
      2062.8,
      1994.36,
      1900.57,
      1514.07
    ]
  }
}