{
  "id": "87d9769b-9601-4f78-b05b-51d732848586",
  "duration": 11.029,
  "pitch": {
    "mean": 481.14,
    "max": 2075.3,
    "std": 419.46,
    "max_mean_ratio": 4.31
  },
  "energy": {
    "mean": 0.051313,
    "max": 0.254412,
    "std": 0.041653,
    "rate_of_change": 0.021858
  },
  "speech_rate": {
    "chars_per_sec": 11.55,
    "words_per_sec": 2.27,
    "segment_count": 6
  },
  "spectral_centroid": {
    "mean": 2032.28
  },
  "timeseries": {
    "frame_sec": 0.5,
    "pitch": [
      320.63,
      266.93,
      417.62,
      363.88,
      328.62,
      598.71,
      679.67,
      474.44,
      480.86,
      514.98,
      490.28,
      163.02,
      313.03,
      337.21,
      455.15,
      589.46,
      1314.31,
      640.64,
      466.84,
      968.58,
      357.94,
      330.54,
      432.18
    ],
    "energy": [
      0.037204,
      0.032081,
      0.036283,
      0.027596,
      0.033241,
      0.034077,
      0.036629,
      0.078725,
      0.086739,
      0.027433,
      0.018346,
      0.019837,
      0.015073,
      0.01824,
      0.056524,
      0.060197,
      0.049851,
      0.161879,
      0.110853,
      0.054555,
      0.032649,
      0.051222,
      0.041866
    ],
    "spectral_centroid": [
      1721.18,
      1640.41,
      1542.89,
      1795.89,
      1633.36,
      1854.6,
      1746.77,
      2013.61,
      1936.82,
      2344.92,
      2467.04,
      2533.4,
      1886.07,
      1841.58,
      2211.65,
      1987.09,
      2231.26,
      2062.53,
      2072.65,
      2384.79,
      2193.89,
      2585.12,
      1879.31
    ]
  }
}