{
  "id": "87fb3a7c-63d6-48cf-8149-986254953000",
  "duration": 7.211,
  "pitch": {
    "mean": 550.09,
    "max": 1961.67,
    "std": 422.83,
    "max_mean_ratio": 3.57
  },
  "energy": {
    "mean": 0.057986,
    "max": 0.227231,
    "std": 0.045425,
    "rate_of_change": 0.030625
  },
  "speech_rate": {
    "chars_per_sec": 10.53,
    "words_per_sec": 2.01,
    "segment_count": 2
  },
  "spectral_centroid": {
    "mean": 2074.76
  },
  "timeseries": {
    "frame_sec": 0.5,
    "pitch": [
      513.87,
      521.98,
      615.66,
      689.2,
      421.45,
      416.99,
      514.02,
      499.78,
      323.74,
      227.72,
      991.75,
      915.92,
      855.36,
      395.06,
      402.8
    ],
    "energy": [
      0.053277,
      0.049267,
      0.012317,
      0.051425,
      0.045359,
      0.044426,
      0.03226,
      0.05853,
      0.039616,
      0.030425,
      0.134793,
      0.096124,
      0.125003,
      0.017252,
      0.033056
    ],
    "spectral_centroid": [
      2046.91,
      1976.61,
      2341.47,
      2164.35,
      1839.23,
      2078.88,
      2503.32,
      1971.7,
      1852.11,
      2051.97,
      2047.53,
      1958.32,
      2101.72,
      2150.54,
      1860.15
    ]
  }
}