{
  "id": "8822d878-9deb-4cfc-96d8-5e51642bd449",
  "duration": 8.832,
  "pitch": {
    "mean": 512.79,
    "max": 1635.8,
    "std": 268.35,
    "max_mean_ratio": 3.19
  },
  "energy": {
    "mean": 0.04862,
    "max": 0.128108,
    "std": 0.029776,
    "rate_of_change": 0.013734
  },
  "speech_rate": {
    "chars_per_sec": 20.73,
    "words_per_sec": 3.91,
    "segment_count": 2
  },
  "spectral_centroid": {
    "mean": 1841.85
  },
  "timeseries": {
    "frame_sec": 0.5,
    "pitch": [
      447.66,
      394.98,
      772.02,
      537.08,
      624.27,
      384.61,
      369.08,
      617.95,
      462.35,
      396.13,
      593.37,
      564.57,
      439.96,
      538.79,
      434.62,
      649.8,
      581.91,
      341.68
    ],
    "energy": [
      0.048244,
      0.037379,
      0.033411,
      0.038112,
      0.029423,
      0.028334,
      0.034628,
      0.033092,
      0.015738,
      0.035475,
      0.078778,
      0.069302,
      0.028297,
      0.064113,
      0.040481,
      0.077541,
      0.088723,
      0.062954
    ],
    "spectral_centroid": [
      1881.09,
      1878.59,
      1727.85,
      1558.28,
      2048.01,
      1979.64,
      1802.7,
      1778.59,
      1809.87,
      2002.7,
      1759.24,
      1752.99,
      1943.83,
      1648.73,
      1828.43,
      1732.85,
      1933.54,
      2071.07
    ]
  }
}