{
  "id": "882bf066-4631-4666-84ef-63ef88aaf552",
  "duration": 11.84,
  "pitch": {
    "mean": 316.86,
    "max": 1869.21,
    "std": 241.15,
    "max_mean_ratio": 5.9
  },
  "energy": {
    "mean": 0.033737,
    "max": 0.119849,
    "std": 0.029605,
    "rate_of_change": 0.009754
  },
  "speech_rate": {
    "chars_per_sec": 6.51,
    "words_per_sec": 1.27,
    "segment_count": 4
  },
  "spectral_centroid": {
    "mean": 1723.0
  },
  "timeseries": {
    "frame_sec": 0.5,
    "pitch": [
      201.9,
      371.63,
      233.26,
      203.89,
      441.88,
      487.73,
      328.27,
      523.14,
      95.03,
      156.47,
      111.84,
      259.87,
      499.01,
      293.58,
      187.63,
      154.45,
      273.97,
      444.13,
      404.15,
      416.83,
      497.36,
      197.82,
      190.59,
      514.03
    ],
    "energy": [
      0.008762,
      0.010719,
      0.01183,
      0.011707,
      0.009252,
      0.068592,
      0.046069,
      0.057321,
      0.0105,
      0.008019,
      0.009157,
      0.036075,
      0.055794,
      0.008661,
      0.028895,
      0.013721,
      0.053793,
      0.055274,
      0.051963,
      0.043924,
      0.063359,
      0.01747,
      0.026175,
      0.075831
    ],
    "spectral_centroid": [
      1783.62,
      1732.54,
      1836.66,
      1753.96,
      2314.37,
      1340.0,
      1922.76,
      1507.75,
      1472.58,
      1581.36,
      1775.84,
      1518.26,
      1455.35,
      1718.16,
      1489.06,
      1844.18,
      1567.74,
      1969.76,
      2003.18,
      1551.0,
      1401.01,
      2559.52,
      1884.11,
      1442.83
    ]
  }
}