{
  "id": "883fd7f8-d3cc-48f8-a57b-ac79ed45d8b4",
  "duration": 13.269,
  "pitch": {
    "mean": 443.3,
    "max": 1612.75,
    "std": 236.48,
    "max_mean_ratio": 3.64
  },
  "energy": {
    "mean": 0.06241,
    "max": 0.196346,
    "std": 0.032873,
    "rate_of_change": 0.014049
  },
  "speech_rate": {
    "chars_per_sec": 15.63,
    "words_per_sec": 2.64,
    "segment_count": 7
  },
  "spectral_centroid": {
    "mean": 1900.29
  },
  "timeseries": {
    "frame_sec": 0.5,
    "pitch": [
      594.96,
      482.0,
      496.64,
      429.24,
      544.99,
      382.0,
      434.82,
      546.7,
      428.21,
      374.68,
      331.5,
      348.13,
      433.84,
      108.1,
      476.72,
      354.62,
      355.16,
      607.95,
      723.9,
      594.52,
      207.2,
      443.52,
      532.36,
      334.89,
      375.9,
      341.88,
      470.64
    ],
    "energy": [
      0.081385,
      0.069836,
      0.070623,
      0.046774,
      0.100088,
      0.04078,
      0.048682,
      0.065597,
      0.045048,
      0.04919,
      0.036017,
      0.03324,
      0.053484,
      0.016216,
      0.060306,
      0.060988,
      0.086474,
      0.114052,
      0.076171,
      0.056093,
      0.030831,
      0.07793,
      0.054979,
      0.047952,
      0.046805,
      0.06694,
      0.084839
    ],
    "spectral_centroid": [
      2013.84,
      2226.14,
      2297.45,
      2168.72,
      1976.19,
      1926.87,
      1726.91,
      1537.18,
      1591.72,
      1756.75,
      1479.32,
      1407.73,
      1912.48,
      2093.81,
      1728.28,
      2225.5,
      2003.67,
      2311.49,
      2211.66,
      2143.22,
      2066.13,
      1577.62,
      1630.46,
      1565.63,
      1767.91,
      1881.65,
      2081.93
    ]
  }
}