{
  "id": "884859b9-e939-43d6-a31c-d8ee7a08f134",
  "duration": 8.576,
  "pitch": {
    "mean": 332.44,
    "max": 780.61,
    "std": 177.99,
    "max_mean_ratio": 2.35
  },
  "energy": {
    "mean": 0.050598,
    "max": 0.125672,
    "std": 0.028191,
    "rate_of_change": 0.014063
  },
  "speech_rate": {
    "chars_per_sec": 13.7,
    "words_per_sec": 2.34,
    "segment_count": 2
  },
  "spectral_centroid": {
    "mean": 1888.72
  },
  "timeseries": {
    "frame_sec": 0.5,
    "pitch": [
      362.31,
      257.78,
      283.97,
      285.23,
      316.11,
      411.19,
      307.07,
      375.78,
      543.06,
      454.12,
      289.74,
      374.14,
      391.38,
      408.6,
      222.76,
      180.19,
      237.47,
      199.16
    ],
    "energy": [
      0.051948,
      0.026302,
      0.019706,
      0.050648,
      0.047607,
      0.053447,
      0.029806,
      0.053779,
      0.0907,
      0.05027,
      0.053322,
      0.068905,
      0.090564,
      0.064584,
      0.034411,
      0.017521,
      0.028962,
      0.013424
    ],
    "spectral_centroid": [
      1963.64,
      1796.46,
      1669.46,
      1527.41,
      1841.7,
      1664.01,
      2493.02,
      1916.17,
      1505.79,
      1796.74,
      1711.02,
      1624.9,
      1568.3,
      1665.92,
      2358.09,
      2664.47,
      2199.65,
      2119.66
    ]
  }
}