{
  "id": "885d3f25-f97e-4fc1-9fb3-df9e86e17ed5",
  "duration": 10.005,
  "pitch": {
    "mean": 342.73,
    "max": 2070.57,
    "std": 300.82,
    "max_mean_ratio": 6.04
  },
  "energy": {
    "mean": 0.056647,
    "max": 0.122273,
    "std": 0.036091,
    "rate_of_change": 0.011626
  },
  "speech_rate": {
    "chars_per_sec": 13.03,
    "words_per_sec": 2.81,
    "segment_count": 2
  },
  "spectral_centroid": {
    "mean": 2055.57
  },
  "timeseries": {
    "frame_sec": 0.5,
    "pitch": [
      492.99,
      173.35,
      157.74,
      216.5,
      281.86,
      109.77,
      195.29,
      142.26,
      470.14,
      502.59,
      461.97,
      524.2,
      431.2,
      487.32,
      209.47,
      458.35,
      525.94,
      431.77,
      251.66,
      572.39,
      93.59
    ],
    "energy": [
      0.066258,
      0.007439,
      0.009623,
      0.018488,
      0.048895,
      0.016776,
      0.008896,
      0.015778,
      0.076175,
      0.089533,
      0.080057,
      0.078014,
      0.081123,
      0.078508,
      0.053793,
      0.07847,
      0.079477,
      0.061059,
      0.05356,
      0.083149,
      0.019188
    ],
    "spectral_centroid": [
      2732.07,
      1997.26,
      1723.29,
      1669.0,
      1452.72,
      1702.94,
      2153.45,
      2180.67,
      1939.93,
      1761.02,
      1727.28,
      1946.45,
      2319.27,
      1925.31,
      2287.92,
      2638.27,
      3198.35,
      2093.04,
      2009.51,
      1585.14,
      1672.87
    ]
  }
}