{
  "id": "88dd0e8b-7389-48e8-83b2-02cbbef0d425",
  "duration": 9.088,
  "pitch": {
    "mean": 389.16,
    "max": 2088.02,
    "std": 399.38,
    "max_mean_ratio": 5.37
  },
  "energy": {
    "mean": 0.073736,
    "max": 0.210108,
    "std": 0.049577,
    "rate_of_change": 0.021251
  },
  "speech_rate": {
    "chars_per_sec": 8.15,
    "words_per_sec": 1.43,
    "segment_count": 2
  },
  "spectral_centroid": {
    "mean": 1550.48
  },
  "timeseries": {
    "frame_sec": 0.5,
    "pitch": [
      344.96,
      243.05,
      472.85,
      583.62,
      108.07,
      492.41,
      390.11,
      349.78,
      121.92,
      167.1,
      311.17,
      405.22,
      263.22,
      332.4,
      421.83,
      999.16,
      438.4,
      448.43,
      190.57
    ],
    "energy": [
      0.041391,
      0.024844,
      0.072467,
      0.04137,
      0.034385,
      0.105927,
      0.083411,
      0.129099,
      0.021619,
      0.055147,
      0.096719,
      0.108776,
      0.047808,
      0.08568,
      0.073459,
      0.110674,
      0.082206,
      0.068322,
      0.027353
    ],
    "spectral_centroid": [
      2217.53,
      2037.63,
      1452.97,
      1582.5,
      2060.35,
      1329.71,
      1498.01,
      1165.39,
      1100.72,
      1195.09,
      1566.29,
      1499.66,
      1384.79,
      1232.78,
      1682.03,
      1913.1,
      1438.59,
      1523.68,
      1595.23
    ]
  }
}