{
  "id": "89c59a76-0f4a-4d3d-944b-33e2e8b58e6b",
  "duration": 10.005,
  "pitch": {
    "mean": 539.48,
    "max": 1967.42,
    "std": 436.49,
    "max_mean_ratio": 3.65
  },
  "energy": {
    "mean": 0.041491,
    "max": 0.223562,
    "std": 0.043877,
    "rate_of_change": 0.022008
  },
  "speech_rate": {
    "chars_per_sec": 17.57,
    "words_per_sec": 3.49,
    "segment_count": 5
  },
  "spectral_centroid": {
    "mean": 1997.56
  },
  "timeseries": {
    "frame_sec": 0.5,
    "pitch": [
      184.84,
      435.21,
      583.42,
      685.05,
      177.74,
      168.11,
      292.29,
      383.42,
      451.92,
      943.34,
      425.65,
      560.86,
      491.96,
      383.45,
      676.09,
      246.23,
      1255.89,
      963.23,
      775.76,
      593.53,
      576.5
    ],
    "energy": [
      0.007973,
      0.034904,
      0.035577,
      0.048432,
      0.007567,
      0.006042,
      0.021475,
      0.031193,
      0.029311,
      0.023459,
      0.037587,
      0.046587,
      0.038515,
      0.023649,
      0.048174,
      0.024994,
      0.164827,
      0.111316,
      0.011631,
      0.037067,
      0.019916
    ],
    "spectral_centroid": [
      1953.48,
      2167.83,
      1818.61,
      1663.25,
      2356.8,
      2160.98,
      1879.03,
      1936.06,
      2162.31,
      2108.71,
      1826.12,
      1750.07,
      1784.47,
      1831.21,
      1688.81,
      2249.0,
      2009.28,
      2338.48,
      2292.87,
      1983.33,
      1852.46
    ]
  }
}