{
  "id": "89e7564c-3daa-443f-a3dc-7f29b3b6b931",
  "duration": 14.08,
  "pitch": {
    "mean": 351.43,
    "max": 2042.4,
    "std": 293.42,
    "max_mean_ratio": 5.81
  },
  "energy": {
    "mean": 0.055826,
    "max": 0.132038,
    "std": 0.031614,
    "rate_of_change": 0.00918
  },
  "speech_rate": {
    "chars_per_sec": 16.86,
    "words_per_sec": 3.14,
    "segment_count": 5
  },
  "spectral_centroid": {
    "mean": 1903.65
  },
  "timeseries": {
    "frame_sec": 0.5,
    "pitch": [
      152.24,
      426.77,
      217.97,
      96.7,
      78.25,
      493.74,
      704.25,
      345.16,
      292.1,
      519.9,
      228.08,
      169.88,
      335.91,
      413.93,
      132.93,
      360.26,
      230.2,
      449.61,
      318.62,
      368.87,
      326.94,
      253.1,
      544.1,
      434.19,
      381.54,
      518.52,
      352.64,
      396.14,
      317.73
    ],
    "energy": [
      0.039465,
      0.066308,
      0.058266,
      0.012941,
      0.008108,
      0.086664,
      0.088057,
      0.081393,
      0.052729,
      0.080343,
      0.040682,
      0.034675,
      0.076835,
      0.067549,
      0.010704,
      0.047788,
      0.065303,
      0.037547,
      0.035018,
      0.064995,
      0.058096,
      0.049505,
      0.059909,
      0.065175,
      0.056922,
      0.04799,
      0.054751,
      0.053656,
      0.002961
    ],
    "spectral_centroid": [
      2017.15,
      1420.87,
      1619.63,
      2511.89,
      2191.07,
      1379.92,
      1868.08,
      1438.51,
      1841.82,
      1633.28,
      1803.06,
      2730.76,
      1668.26,
      1365.05,
      2238.76,
      1613.48,
      1805.82,
      2024.15,
      2241.13,
      1489.78,
      1973.22,
      3110.45,
      2016.39,
      1740.13,
      1594.98,
      1963.14,
      1851.3,
      2123.28,
      2393.04
    ]
  }
}