{
  "id": "8a3ff023-21f3-44ff-b49f-3fc9ba106f3e",
  "duration": 13.675,
  "pitch": {
    "mean": 455.57,
    "max": 2084.23,
    "std": 453.23,
    "max_mean_ratio": 4.57
  },
  "energy": {
    "mean": 0.219477,
    "max": 0.522965,
    "std": 0.132059,
    "rate_of_change": 0.035276
  },
  "speech_rate": {
    "chars_per_sec": 15.01,
    "words_per_sec": 2.49,
    "segment_count": 7
  },
  "spectral_centroid": {
    "mean": 2141.08
  },
  "timeseries": {
    "frame_sec": 0.5,
    "pitch": [
      430.18,
      360.9,
      203.73,
      255.37,
      398.96,
      409.13,
      850.27,
      185.82,
      264.21,
      342.71,
      558.22,
      660.49,
      506.57,
      507.45,
      176.49,
      318.43,
      329.67,
      866.76,
      542.41,
      699.36,
      486.9,
      142.3,
      144.2,
      516.51,
      1182.89,
      594.82,
      493.14,
      211.05
    ],
    "energy": [
      0.206483,
      0.226978,
      0.072065,
      0.078652,
      0.186595,
      0.175538,
      0.242534,
      0.051975,
      0.21879,
      0.324836,
      0.303387,
      0.295825,
      0.272161,
      0.26511,
      0.048964,
      0.207589,
      0.290268,
      0.248576,
      0.349347,
      0.275843,
      0.257432,
      0.057857,
      0.067952,
      0.176452,
      0.379495,
      0.302781,
      0.158633,
      0.049688
    ],
    "spectral_centroid": [
      1890.95,
      1855.96,
      1975.78,
      1997.98,
      1685.51,
      2069.11,
      2053.26,
      2247.95,
      1989.29,
      2731.68,
      2183.27,
      2176.43,
      2306.95,
      1496.83,
      1913.76,
      2108.79,
      2188.59,
      2308.14,
      1974.21,
      2134.35,
      1926.03,
      2060.34,
      1851.35,
      2270.41,
      3245.6,
      3140.83,
      2103.53,
      2009.29
    ]
  }
}