{
  "id": "8a575134-90b8-4e1d-9267-3e03cc61938b",
  "duration": 10.581,
  "pitch": {
    "mean": 607.78,
    "max": 1842.41,
    "std": 356.42,
    "max_mean_ratio": 3.03
  },
  "energy": {
    "mean": 0.071721,
    "max": 0.187438,
    "std": 0.041084,
    "rate_of_change": 0.016505
  },
  "speech_rate": {
    "chars_per_sec": 9.0,
    "words_per_sec": 1.89,
    "segment_count": 5
  },
  "spectral_centroid": {
    "mean": 2066.67
  },
  "timeseries": {
    "frame_sec": 0.5,
    "pitch": [
      590.06,
      458.27,
      586.85,
      192.04,
      572.45,
      467.65,
      297.55,
      312.33,
      376.0,
      229.68,
      757.47,
      962.57,
      889.27,
      1083.39,
      701.0,
      623.67,
      962.82,
      996.03,
      446.72,
      536.17,
      583.28,
      554.84
    ],
    "energy": [
      0.062627,
      0.032811,
      0.067645,
      0.023552,
      0.061411,
      0.063857,
      0.051843,
      0.051878,
      0.055969,
      0.05747,
      0.134477,
      0.145873,
      0.075925,
      0.059944,
      0.073791,
      0.098409,
      0.096128,
      0.091673,
      0.036444,
      0.021591,
      0.07838,
      0.069923
    ],
    "spectral_centroid": [
      2449.04,
      2356.39,
      2140.97,
      2631.47,
      2255.22,
      1956.32,
      1524.31,
      2315.02,
      1606.42,
      1696.0,
      2065.77,
      2490.74,
      2037.69,
      2066.9,
      2192.58,
      1990.99,
      2181.14,
      1972.31,
      1941.68,
      1897.36,
      1563.89,
      1601.18
    ]
  }
}