{
  "id": "8a81b53f-3dab-452c-8da1-9de0f7977399",
  "duration": 9.045,
  "pitch": {
    "mean": 366.65,
    "max": 1565.05,
    "std": 249.27,
    "max_mean_ratio": 4.27
  },
  "energy": {
    "mean": 0.101464,
    "max": 0.180395,
    "std": 0.031421,
    "rate_of_change": 0.01532
  },
  "speech_rate": {
    "chars_per_sec": 11.62,
    "words_per_sec": 2.21,
    "segment_count": 5
  },
  "spectral_centroid": {
    "mean": 1862.82
  },
  "timeseries": {
    "frame_sec": 0.5,
    "pitch": [
      377.99,
      431.15,
      351.34,
      322.53,
      331.68,
      196.88,
      474.15,
      389.37,
      552.51,
      535.59,
      379.4,
      321.89,
      289.22,
      191.09,
      307.62,
      401.57,
      446.86,
      206.26,
      118.89
    ],
    "energy": [
      0.050658,
      0.079669,
      0.059581,
      0.094327,
      0.08927,
      0.068188,
      0.086968,
      0.083115,
      0.088713,
      0.110638,
      0.096168,
      0.082582,
      0.16248,
      0.126579,
      0.128171,
      0.110128,
      0.120471,
      0.114884,
      0.056649
    ],
    "spectral_centroid": [
      1840.57,
      1943.93,
      1980.76,
      1744.57,
      1975.27,
      1868.71,
      1951.24,
      1845.27,
      2042.71,
      1909.7,
      2163.39,
      1870.94,
      1453.1,
      1543.63,
      1615.65,
      1715.51,
      1865.74,
      2191.24,
      1833.19
    ]
  }
}