{
  "id": "8ac8873d-c117-4908-882e-3b3a331f869f",
  "duration": 10.069,
  "pitch": {
    "mean": 433.92,
    "max": 1066.33,
    "std": 219.46,
    "max_mean_ratio": 2.46
  },
  "energy": {
    "mean": 0.07348,
    "max": 0.269208,
    "std": 0.052763,
    "rate_of_change": 0.025632
  },
  "speech_rate": {
    "chars_per_sec": 13.77,
    "words_per_sec": 2.33,
    "segment_count": 5
  },
  "spectral_centroid": {
    "mean": 1977.55
  },
  "timeseries": {
    "frame_sec": 0.5,
    "pitch": [
      382.98,
      352.16,
      177.04,
      213.28,
      430.07,
      373.55,
      522.93,
      379.1,
      330.66,
      380.51,
      476.98,
      319.61,
      373.86,
      583.45,
      549.56,
      613.19,
      303.05,
      504.56,
      657.1,
      643.09,
      919.65
    ],
    "energy": [
      0.046911,
      0.053224,
      0.018971,
      0.031125,
      0.071054,
      0.050332,
      0.042559,
      0.067327,
      0.037815,
      0.03898,
      0.072944,
      0.028384,
      0.058741,
      0.110053,
      0.103538,
      0.218781,
      0.064914,
      0.074975,
      0.114041,
      0.090038,
      0.108421
    ],
    "spectral_centroid": [
      2387.83,
      2054.9,
      1779.69,
      2216.87,
      2123.04,
      1840.95,
      1787.63,
      2054.81,
      1892.09,
      2109.18,
      1833.89,
      1810.66,
      1822.69,
      1746.26,
      1982.43,
      1878.4,
      1953.41,
      1960.31,
      2352.54,
      1839.41,
      2078.86
    ]
  }
}