{
  "id": "8acd434e-722d-467b-8e8d-e02be3c67c9c",
  "duration": 7.915,
  "pitch": {
    "mean": 285.35,
    "max": 2027.09,
    "std": 378.81,
    "max_mean_ratio": 7.1
  },
  "energy": {
    "mean": 0.045428,
    "max": 0.091848,
    "std": 0.017903,
    "rate_of_change": 0.009222
  },
  "speech_rate": {
    "chars_per_sec": 0.0,
    "words_per_sec": 0.0,
    "segment_count": 0
  },
  "spectral_centroid": {
    "mean": 2291.55
  },
  "timeseries": {
    "frame_sec": 0.5,
    "pitch": [
      265.75,
      279.09,
      232.26,
      524.43,
      113.06,
      430.53,
      687.14,
      172.0,
      213.66,
      457.69,
      253.29,
      263.27,
      200.36,
      123.36,
      124.84,
      194.42
    ],
    "energy": [
      0.04336,
      0.035411,
      0.026823,
      0.023202,
      0.02494,
      0.056612,
      0.059336,
      0.03196,
      0.046697,
      0.060708,
      0.062506,
      0.056514,
      0.029349,
      0.045418,
      0.057459,
      0.035481
    ],
    "spectral_centroid": [
      2325.55,
      2276.02,
      2393.15,
      2278.17,
      2046.44,
      2659.51,
      2098.94,
      2112.54,
      2622.56,
      2426.98,
      2213.11,
      1891.81,
      2331.49,
      2188.62,
      2681.37,
      2035.11
    ]
  }
}