{
  "id": "8b081421-9055-45e8-99c8-3b822241cc7a",
  "duration": 13.995,
  "pitch": {
    "mean": 453.66,
    "max": 2068.45,
    "std": 309.86,
    "max_mean_ratio": 4.56
  },
  "energy": {
    "mean": 0.094202,
    "max": 0.300199,
    "std": 0.06483,
    "rate_of_change": 0.021192
  },
  "speech_rate": {
    "chars_per_sec": 11.09,
    "words_per_sec": 1.93,
    "segment_count": 9
  },
  "spectral_centroid": {
    "mean": 2006.14
  },
  "timeseries": {
    "frame_sec": 0.5,
    "pitch": [
      392.0,
      560.31,
      527.83,
      377.82,
      403.59,
      260.48,
      340.37,
      136.78,
      306.45,
      417.09,
      619.41,
      578.62,
      412.2,
      430.74,
      195.43,
      405.45,
      396.66,
      538.8,
      298.94,
      487.98,
      554.38,
      297.37,
      753.08,
      542.55,
      420.12,
      801.13,
      453.48,
      565.89
    ],
    "energy": [
      0.111709,
      0.160665,
      0.127439,
      0.157746,
      0.065867,
      0.043372,
      0.048326,
      0.012226,
      0.008874,
      0.061705,
      0.124018,
      0.139236,
      0.138922,
      0.103778,
      0.006779,
      0.073533,
      0.077828,
      0.064235,
      0.008345,
      0.130089,
      0.070507,
      0.057773,
      0.174535,
      0.079592,
      0.115356,
      0.109738,
      0.135155,
      0.10349
    ],
    "spectral_centroid": [
      1816.15,
      1800.98,
      1979.0,
      1786.31,
      1947.1,
      2577.03,
      1830.7,
      1698.94,
      1897.02,
      1713.92,
      1934.75,
      2137.85,
      1422.3,
      2080.97,
      1720.5,
      2441.67,
      1877.29,
      2503.13,
      2068.66,
      1521.84,
      2130.14,
      2180.44,
      1989.64,
      1952.36,
      2139.88,
      2209.16,
      2698.63,
      1986.25
    ]
  }
}