{
  "id": "8b3c8eab-f00d-45bd-b0c8-8e4180802495",
  "duration": 17.195,
  "pitch": {
    "mean": 431.37,
    "max": 1609.73,
    "std": 359.9,
    "max_mean_ratio": 3.73
  },
  "energy": {
    "mean": 0.038306,
    "max": 0.402723,
    "std": 0.053549,
    "rate_of_change": 0.023229
  },
  "speech_rate": {
    "chars_per_sec": 14.38,
    "words_per_sec": 2.15,
    "segment_count": 4
  },
  "spectral_centroid": {
    "mean": 2051.64
  },
  "timeseries": {
    "frame_sec": 0.5,
    "pitch": [
      540.85,
      300.97,
      363.83,
      305.13,
      522.5,
      419.92,
      281.04,
      321.96,
      163.5,
      389.35,
      272.92,
      489.85,
      219.19,
      284.25,
      157.7,
      147.02,
      849.29,
      175.74,
      361.23,
      523.52,
      944.43,
      471.87,
      534.28,
      510.98,
      292.56,
      308.14,
      208.72,
      710.61,
      1176.08,
      398.36,
      465.87,
      329.31,
      868.36,
      281.36,
      556.33
    ],
    "energy": [
      0.024742,
      0.017861,
      0.017911,
      0.017693,
      0.041435,
      0.020893,
      0.019686,
      0.018029,
      0.015352,
      0.046827,
      0.013028,
      0.021991,
      0.01072,
      0.018352,
      0.016833,
      0.027124,
      0.005178,
      0.013436,
      0.058555,
      0.175497,
      0.011271,
      0.037016,
      0.036301,
      0.048256,
      0.030863,
      0.012998,
      0.007399,
      0.00763,
      0.015204,
      0.051449,
      0.054551,
      0.058264,
      0.20219,
      0.039449,
      0.100219
    ],
    "spectral_centroid": [
      1877.45,
      1927.34,
      1966.02,
      2099.21,
      1853.94,
      1760.67,
      2203.01,
      2023.33,
      2064.97,
      1638.0,
      2387.39,
      1941.52,
      2310.89,
      1758.74,
      2832.26,
      1749.87,
      1857.71,
      2015.25,
      2128.45,
      1889.86,
      2183.81,
      2319.19,
      1986.42,
      1823.52,
      1772.77,
      2014.17,
      2582.62,
      2412.44,
      2049.82,
      1823.68,
      1937.36,
      2017.81,
      2339.5,
      2272.77,
      1722.81
    ]
  }
}