{
  "id": "8b5e8243-a644-4f50-aab0-49b77d991cc3",
  "duration": 9.067,
  "pitch": {
    "mean": 428.95,
    "max": 1708.36,
    "std": 309.66,
    "max_mean_ratio": 3.98
  },
  "energy": {
    "mean": 0.083434,
    "max": 0.311464,
    "std": 0.055039,
    "rate_of_change": 0.033713
  },
  "speech_rate": {
    "chars_per_sec": 22.15,
    "words_per_sec": 4.11,
    "segment_count": 4
  },
  "spectral_centroid": {
    "mean": 1640.38
  },
  "timeseries": {
    "frame_sec": 0.5,
    "pitch": [
      256.68,
      349.61,
      289.15,
      375.33,
      265.6,
      311.68,
      412.72,
      357.74,
      352.37,
      227.54,
      408.62,
      424.24,
      950.77,
      790.63,
      541.67,
      520.52,
      417.75,
      512.66,
      291.17
    ],
    "energy": [
      0.077488,
      0.110986,
      0.088294,
      0.104427,
      0.085571,
      0.064311,
      0.100191,
      0.078992,
      0.021355,
      0.042491,
      0.094502,
      0.065704,
      0.178515,
      0.146737,
      0.045769,
      0.067955,
      0.031221,
      0.030501,
      0.055392
    ],
    "spectral_centroid": [
      1672.49,
      1309.2,
      1273.4,
      1266.93,
      1265.37,
      1501.05,
      1087.66,
      1250.48,
      1931.97,
      1918.36,
      1705.19,
      1841.58,
      2173.32,
      1775.94,
      2242.21,
      1694.17,
      1838.62,
      1823.15,
      1117.63
    ]
  }
}