{
  "id": "8b85d78b-d9e3-4eb2-9a19-5639b4652a81",
  "duration": 14.976,
  "pitch": {
    "mean": 395.82,
    "max": 1694.92,
    "std": 292.65,
    "max_mean_ratio": 4.28
  },
  "energy": {
    "mean": 0.056828,
    "max": 0.163512,
    "std": 0.038223,
    "rate_of_change": 0.01074
  },
  "speech_rate": {
    "chars_per_sec": 11.35,
    "words_per_sec": 1.78,
    "segment_count": 7
  },
  "spectral_centroid": {
    "mean": 1953.01
  },
  "timeseries": {
    "frame_sec": 0.5,
    "pitch": [
      127.15,
      322.55,
      358.0,
      635.02,
      532.25,
      559.59,
      529.3,
      269.41,
      558.29,
      457.23,
      622.71,
      107.81,
      216.01,
      469.31,
      374.32,
      166.31,
      106.77,
      275.28,
      117.3,
      393.2,
      271.43,
      463.69,
      193.05,
      558.7,
      396.25,
      676.57,
      360.41,
      567.02,
      358.11,
      647.31
    ],
    "energy": [
      0.017421,
      0.076126,
      0.071803,
      0.088838,
      0.114753,
      0.088166,
      0.089884,
      0.021576,
      0.06503,
      0.075086,
      0.067354,
      0.020673,
      0.06085,
      0.081254,
      0.050228,
      0.004195,
      0.006394,
      0.003652,
      0.005466,
      0.005658,
      0.004071,
      0.061394,
      0.053456,
      0.071111,
      0.067463,
      0.055946,
      0.059318,
      0.088311,
      0.067571,
      0.083979
    ],
    "spectral_centroid": [
      2206.34,
      1816.77,
      2103.51,
      2218.72,
      1398.59,
      1430.9,
      2225.9,
      2219.78,
      2203.9,
      2025.58,
      1539.77,
      2677.36,
      1780.63,
      2112.82,
      2302.53,
      1597.97,
      1597.66,
      1478.66,
      1466.04,
      1750.33,
      1761.67,
      1791.52,
      2790.64,
      1672.8,
      1927.28,
      2122.89,
      2392.56,
      1690.73,
      2225.72,
      1858.91
    ]
  }
}