{
  "id": "8ba081a3-e66f-47b6-88b1-66418b4a607c",
  "duration": 7.403,
  "pitch": {
    "mean": 341.66,
    "max": 1526.2,
    "std": 244.57,
    "max_mean_ratio": 4.47
  },
  "energy": {
    "mean": 0.06864,
    "max": 0.112951,
    "std": 0.023148,
    "rate_of_change": 0.0134
  },
  "speech_rate": {
    "chars_per_sec": 15.18,
    "words_per_sec": 2.98,
    "segment_count": 2
  },
  "spectral_centroid": {
    "mean": 1705.83
  },
  "timeseries": {
    "frame_sec": 0.5,
    "pitch": [
      329.71,
      502.38,
      466.43,
      386.88,
      212.74,
      349.31,
      237.64,
      401.92,
      344.07,
      421.36,
      542.62,
      212.0,
      268.96,
      248.31,
      260.33
    ],
    "energy": [
      0.080508,
      0.058828,
      0.044987,
      0.075119,
      0.07945,
      0.061381,
      0.06187,
      0.080593,
      0.047453,
      0.070989,
      0.073862,
      0.037358,
      0.062524,
      0.078382,
      0.072219
    ],
    "spectral_centroid": [
      1323.23,
      1383.61,
      1772.09,
      1417.37,
      1343.03,
      1707.21,
      1388.99,
      1161.56,
      2621.54,
      2013.15,
      1396.05,
      2231.57,
      1583.01,
      2129.39,
      2196.24
    ]
  }
}