{
  "id": "8c1b40cb-e8aa-4eed-8aa7-3708d8809678",
  "duration": 10.453,
  "pitch": {
    "mean": 438.84,
    "max": 1076.11,
    "std": 187.85,
    "max_mean_ratio": 2.45
  },
  "energy": {
    "mean": 0.064123,
    "max": 0.354964,
    "std": 0.050486,
    "rate_of_change": 0.033217
  },
  "speech_rate": {
    "chars_per_sec": 21.26,
    "words_per_sec": 4.6,
    "segment_count": 10
  },
  "spectral_centroid": {
    "mean": 1666.53
  },
  "timeseries": {
    "frame_sec": 0.5,
    "pitch": [
      322.44,
      478.97,
      376.94,
      425.96,
      488.87,
      338.35,
      357.76,
      503.79,
      442.03,
      457.34,
      246.14,
      536.22,
      552.01,
      415.67,
      453.55,
      353.65,
      369.57,
      500.91,
      484.64,
      439.68,
      591.52
    ],
    "energy": [
      0.062912,
      0.173898,
      0.051599,
      0.050373,
      0.052061,
      0.040684,
      0.044114,
      0.034596,
      0.042286,
      0.020943,
      0.02625,
      0.05291,
      0.080713,
      0.059349,
      0.022348,
      0.056477,
      0.0599,
      0.12086,
      0.107755,
      0.044872,
      0.084647
    ],
    "spectral_centroid": [
      2011.5,
      1651.22,
      1546.87,
      1599.3,
      1365.8,
      1603.5,
      1737.93,
      1707.24,
      1590.28,
      1600.44,
      1505.71,
      1817.72,
      1656.5,
      1854.5,
      2691.44,
      1448.68,
      1577.63,
      1301.63,
      1370.89,
      1676.01,
      1708.94
    ]
  }
}