{
  "id": "8c2ed96c-ddd4-4d52-8aa0-f40000b2a90f",
  "duration": 15.851,
  "pitch": {
    "mean": 475.71,
    "max": 2047.67,
    "std": 329.82,
    "max_mean_ratio": 4.3
  },
  "energy": {
    "mean": 0.09707,
    "max": 0.286587,
    "std": 0.055005,
    "rate_of_change": 0.017794
  },
  "speech_rate": {
    "chars_per_sec": 16.16,
    "words_per_sec": 2.78,
    "segment_count": 8
  },
  "spectral_centroid": {
    "mean": 1957.92
  },
  "timeseries": {
    "frame_sec": 0.5,
    "pitch": [
      217.27,
      469.57,
      536.55,
      371.0,
      606.32,
      294.61,
      99.01,
      229.17,
      445.63,
      422.53,
      327.69,
      609.8,
      400.44,
      319.13,
      615.99,
      476.46,
      439.25,
      412.86,
      379.33,
      549.47,
      482.79,
      437.91,
      670.24,
      446.24,
      605.97,
      613.55,
      681.52,
      633.97,
      571.1,
      840.09,
      417.17,
      557.39
    ],
    "energy": [
      0.12271,
      0.083192,
      0.091107,
      0.06199,
      0.075106,
      0.010294,
      0.007284,
      0.040025,
      0.078451,
      0.038314,
      0.066972,
      0.0843,
      0.0881,
      0.106658,
      0.113965,
      0.096913,
      0.091757,
      0.070678,
      0.076198,
      0.1257,
      0.14778,
      0.102847,
      0.124054,
      0.081139,
      0.100021,
      0.083365,
      0.102048,
      0.224874,
      0.155122,
      0.103491,
      0.108824,
      0.11623
    ],
    "spectral_centroid": [
      1583.64,
      2265.59,
      2089.9,
      2786.4,
      1849.13,
      1783.13,
      1596.95,
      1676.99,
      1840.16,
      1607.68,
      1725.93,
      1960.12,
      2159.35,
      1621.8,
      2088.47,
      2255.06,
      1884.1,
      1641.28,
      2026.53,
      1871.84,
      2127.77,
      1929.49,
      2180.76,
      2066.93,
      1881.4,
      2234.73,
      1862.25,
      1875.83,
      2144.16,
      2281.64,
      1848.5,
      1619.69
    ]
  }
}