{
  "id": "8c4caf20-2022-48d2-8b85-2a2dede9ba40",
  "duration": 11.989,
  "pitch": {
    "mean": 427.11,
    "max": 1019.47,
    "std": 203.33,
    "max_mean_ratio": 2.39
  },
  "energy": {
    "mean": 0.08787,
    "max": 0.250225,
    "std": 0.045099,
    "rate_of_change": 0.019413
  },
  "speech_rate": {
    "chars_per_sec": 13.63,
    "words_per_sec": 2.84,
    "segment_count": 2
  },
  "spectral_centroid": {
    "mean": 2043.23
  },
  "timeseries": {
    "frame_sec": 0.5,
    "pitch": [
      388.5,
      416.52,
      475.1,
      441.58,
      306.64,
      344.89,
      503.25,
      493.37,
      360.24,
      459.01,
      426.87,
      343.05,
      318.29,
      413.72,
      367.6,
      374.66,
      366.84,
      411.99,
      382.64,
      507.73,
      688.46,
      559.83,
      614.25,
      392.01
    ],
    "energy": [
      0.054807,
      0.093013,
      0.081785,
      0.068995,
      0.071361,
      0.063735,
      0.061317,
      0.066403,
      0.050841,
      0.083051,
      0.077511,
      0.065228,
      0.070289,
      0.069143,
      0.083769,
      0.07532,
      0.07046,
      0.064641,
      0.072017,
      0.153575,
      0.147291,
      0.161084,
      0.12073,
      0.071386
    ],
    "spectral_centroid": [
      1894.19,
      2383.36,
      2609.96,
      2431.17,
      1915.76,
      2857.83,
      2550.56,
      2040.41,
      1632.24,
      2032.34,
      1568.57,
      2330.32,
      2329.93,
      1813.31,
      1838.39,
      1950.07,
      1798.2,
      2062.09,
      1781.71,
      1961.89,
      1897.43,
      1644.21,
      1536.37,
      2108.65
    ]
  }
}