{
  "id": "8c5123cb-7f05-4799-b654-dc0cb988f771",
  "duration": 11.669,
  "pitch": {
    "mean": 454.36,
    "max": 1891.77,
    "std": 380.83,
    "max_mean_ratio": 4.16
  },
  "energy": {
    "mean": 0.075622,
    "max": 0.307063,
    "std": 0.069711,
    "rate_of_change": 0.02565
  },
  "speech_rate": {
    "chars_per_sec": 8.83,
    "words_per_sec": 1.53,
    "segment_count": 4
  },
  "spectral_centroid": {
    "mean": 1971.55
  },
  "timeseries": {
    "frame_sec": 0.5,
    "pitch": [
      127.46,
      273.5,
      365.7,
      465.63,
      381.55,
      563.62,
      624.83,
      459.36,
      191.0,
      639.41,
      843.92,
      559.78,
      623.02,
      571.34,
      125.36,
      337.25,
      474.54,
      437.5,
      504.38,
      504.05,
      350.56,
      570.66,
      362.01,
      218.18
    ],
    "energy": [
      0.013404,
      0.065106,
      0.097447,
      0.142948,
      0.063783,
      0.117428,
      0.0775,
      0.027103,
      0.025297,
      0.02218,
      0.019521,
      0.019389,
      0.062169,
      0.142824,
      0.031848,
      0.033826,
      0.11647,
      0.098235,
      0.14618,
      0.028251,
      0.073035,
      0.149355,
      0.120954,
      0.019977
    ],
    "spectral_centroid": [
      1919.86,
      1911.72,
      1949.74,
      1632.7,
      2257.31,
      1799.99,
      1848.41,
      2378.06,
      1855.72,
      1823.02,
      1787.62,
      2027.31,
      2683.26,
      1723.73,
      1786.94,
      1575.2,
      1781.52,
      1899.65,
      1889.77,
      2364.12,
      2243.63,
      1737.38,
      2256.7,
      2549.13
    ]
  }
}