{
  "id": "8c78129f-59fd-4f7d-8038-3ace17d87032",
  "duration": 14.187,
  "pitch": {
    "mean": 404.76,
    "max": 2078.44,
    "std": 284.59,
    "max_mean_ratio": 5.14
  },
  "energy": {
    "mean": 0.122879,
    "max": 0.402298,
    "std": 0.081393,
    "rate_of_change": 0.027996
  },
  "speech_rate": {
    "chars_per_sec": 18.46,
    "words_per_sec": 3.44,
    "segment_count": 3
  },
  "spectral_centroid": {
    "mean": 2278.21
  },
  "timeseries": {
    "frame_sec": 0.5,
    "pitch": [
      330.35,
      419.69,
      778.5,
      219.15,
      365.73,
      563.61,
      436.21,
      300.64,
      396.46,
      686.95,
      385.93,
      295.51,
      274.31,
      223.26,
      390.35,
      413.66,
      487.63,
      417.99,
      314.78,
      411.45,
      302.99,
      359.25,
      574.67,
      592.7,
      251.64,
      328.71,
      427.09,
      411.85,
      363.39
    ],
    "energy": [
      0.009274,
      0.129839,
      0.179331,
      0.087808,
      0.194521,
      0.16165,
      0.170667,
      0.101791,
      0.146597,
      0.093516,
      0.089211,
      0.096247,
      0.105558,
      0.089309,
      0.124708,
      0.142188,
      0.124248,
      0.126239,
      0.081968,
      0.095782,
      0.056379,
      0.161519,
      0.081397,
      0.179206,
      0.095312,
      0.17312,
      0.089868,
      0.093139,
      0.085617
    ],
    "spectral_centroid": [
      2103.46,
      2330.03,
      2051.57,
      1928.44,
      1944.06,
      2151.88,
      2147.05,
      2349.39,
      2478.68,
      2585.78,
      2338.02,
      2106.04,
      2489.51,
      2635.08,
      2246.77,
      2354.51,
      2588.46,
      1914.23,
      2945.15,
      2441.0,
      2061.54,
      1991.85,
      2426.33,
      2094.88,
      2494.08,
      2731.12,
      1703.88,
      2343.92,
      1892.63
    ]
  }
}