{
  "id": "8c963fe9-4b2d-4d03-96f6-28a86680d57d",
  "duration": 11.435,
  "pitch": {
    "mean": 497.55,
    "max": 2072.89,
    "std": 315.11,
    "max_mean_ratio": 4.17
  },
  "energy": {
    "mean": 0.069968,
    "max": 0.141993,
    "std": 0.031806,
    "rate_of_change": 0.012041
  },
  "speech_rate": {
    "chars_per_sec": 15.24,
    "words_per_sec": 2.98,
    "segment_count": 6
  },
  "spectral_centroid": {
    "mean": 2065.92
  },
  "timeseries": {
    "frame_sec": 0.5,
    "pitch": [
      411.5,
      536.03,
      466.78,
      357.05,
      403.36,
      535.47,
      514.94,
      405.56,
      231.08,
      379.62,
      587.77,
      517.95,
      377.78,
      309.25,
      501.95,
      428.78,
      792.31,
      569.22,
      619.26,
      667.22,
      512.01,
      575.15,
      500.47
    ],
    "energy": [
      0.065799,
      0.064863,
      0.049281,
      0.05896,
      0.059079,
      0.063902,
      0.076714,
      0.076762,
      0.014577,
      0.063248,
      0.085628,
      0.082955,
      0.043123,
      0.0481,
      0.082361,
      0.065683,
      0.07028,
      0.072512,
      0.065191,
      0.085866,
      0.084153,
      0.096103,
      0.062109
    ],
    "spectral_centroid": [
      2479.44,
      1920.99,
      1601.68,
      1946.24,
      2417.0,
      1633.75,
      1785.55,
      2570.09,
      2173.72,
      2024.41,
      1692.35,
      2280.8,
      2167.5,
      2012.3,
      1660.74,
      2616.08,
      2397.62,
      1615.15,
      1976.63,
      1932.55,
      2209.39,
      1673.81,
      2882.58
    ]
  }
}