{
  "id": "8cac4093-c1d8-4c97-9ac4-345227f67c92",
  "duration": 10.219,
  "pitch": {
    "mean": 312.18,
    "max": 1914.23,
    "std": 268.6,
    "max_mean_ratio": 6.13
  },
  "energy": {
    "mean": 0.035459,
    "max": 0.120033,
    "std": 0.032749,
    "rate_of_change": 0.011403
  },
  "speech_rate": {
    "chars_per_sec": 7.98,
    "words_per_sec": 1.6,
    "segment_count": 2
  },
  "spectral_centroid": {
    "mean": 1979.67
  },
  "timeseries": {
    "frame_sec": 0.5,
    "pitch": [
      126.25,
      316.76,
      327.47,
      315.64,
      360.03,
      352.63,
      238.43,
      173.0,
      667.06,
      248.73,
      269.34,
      176.25,
      177.97,
      281.66,
      381.36,
      327.18,
      502.53,
      263.97,
      312.73,
      413.27,
      440.83
    ],
    "energy": [
      0.005838,
      0.039931,
      0.049404,
      0.036252,
      0.058073,
      0.041942,
      0.00621,
      0.009335,
      0.004668,
      0.008755,
      0.006709,
      0.012207,
      0.008659,
      0.035627,
      0.071488,
      0.053803,
      0.049476,
      0.040072,
      0.05126,
      0.078301,
      0.046962
    ],
    "spectral_centroid": [
      1770.37,
      1636.09,
      2069.63,
      2004.09,
      1235.7,
      1652.13,
      1910.86,
      1741.51,
      2075.06,
      2100.7,
      2574.65,
      2471.27,
      2011.75,
      1975.04,
      1780.43,
      2426.37,
      2003.03,
      1813.39,
      2117.67,
      2239.49,
      2086.5
    ]
  }
}