{
  "id": "8cbc36a4-eb92-46c2-8986-5ceca8c1d3b1",
  "duration": 11.029,
  "pitch": {
    "mean": 417.98,
    "max": 1779.62,
    "std": 304.25,
    "max_mean_ratio": 4.26
  },
  "energy": {
    "mean": 0.074211,
    "max": 0.200564,
    "std": 0.046867,
    "rate_of_change": 0.017222
  },
  "speech_rate": {
    "chars_per_sec": 11.3,
    "words_per_sec": 1.6,
    "segment_count": 3
  },
  "spectral_centroid": {
    "mean": 1904.67
  },
  "timeseries": {
    "frame_sec": 0.5,
    "pitch": [
      279.87,
      632.06,
      318.36,
      404.21,
      415.65,
      519.02,
      526.89,
      574.67,
      409.63,
      613.16,
      452.75,
      462.73,
      578.4,
      214.18,
      115.05,
      344.32,
      378.56,
      350.55,
      415.9,
      378.44,
      143.56,
      466.77,
      922.26
    ],
    "energy": [
      0.077464,
      0.107251,
      0.067133,
      0.050488,
      0.097216,
      0.102157,
      0.059507,
      0.09915,
      0.080645,
      0.084509,
      0.059535,
      0.083617,
      0.109835,
      0.016442,
      0.035958,
      0.074658,
      0.091861,
      0.070503,
      0.067214,
      0.078467,
      0.016936,
      0.028091,
      0.063869
    ],
    "spectral_centroid": [
      1985.03,
      1642.25,
      1769.69,
      1730.86,
      1727.16,
      2223.08,
      1659.32,
      1854.22,
      1983.59,
      1750.1,
      1800.25,
      1953.33,
      2109.26,
      1811.44,
      1797.19,
      1989.68,
      2188.09,
      2056.37,
      1850.08,
      2109.67,
      2037.32,
      1925.18,
      1523.06
    ]
  }
}