{
  "id": "8cd97743-35bb-4e06-9a35-90e2aa5235b8",
  "duration": 13.931,
  "pitch": {
    "mean": 481.62,
    "max": 2030.63,
    "std": 245.83,
    "max_mean_ratio": 4.22
  },
  "energy": {
    "mean": 0.047092,
    "max": 0.241107,
    "std": 0.046766,
    "rate_of_change": 0.016963
  },
  "speech_rate": {
    "chars_per_sec": 15.28,
    "words_per_sec": 3.09,
    "segment_count": 3
  },
  "spectral_centroid": {
    "mean": 1655.96
  },
  "timeseries": {
    "frame_sec": 0.5,
    "pitch": [
      553.63,
      469.83,
      392.21,
      497.42,
      541.46,
      585.62,
      452.08,
      395.71,
      348.91,
      642.64,
      533.16,
      500.47,
      353.98,
      498.29,
      473.09,
      475.67,
      259.07,
      532.14,
      524.37,
      600.35,
      590.84,
      555.27,
      741.25,
      470.49,
      479.13,
      381.84,
      488.17,
      397.93
    ],
    "energy": [
      0.019422,
      0.015299,
      0.022327,
      0.025818,
      0.031631,
      0.024292,
      0.042955,
      0.039266,
      0.024235,
      0.033937,
      0.03568,
      0.030449,
      0.012906,
      0.019511,
      0.017045,
      0.028564,
      0.018834,
      0.066581,
      0.093956,
      0.1979,
      0.113593,
      0.1039,
      0.094319,
      0.03573,
      0.022558,
      0.03308,
      0.030624,
      0.019174
    ],
    "spectral_centroid": [
      1803.12,
      1444.85,
      1297.29,
      1361.21,
      1782.65,
      1353.59,
      1562.25,
      1737.08,
      1588.54,
      1799.93,
      1680.84,
      1681.43,
      1678.72,
      1730.26,
      1598.39,
      1544.05,
      1862.31,
      1442.65,
      1613.37,
      1507.42,
      1796.92,
      1584.66,
      1642.88,
      1806.08,
      1651.67,
      1835.63,
      2023.35,
      2071.79
    ]
  }
}