{
  "id": "8cff78c6-3b62-49c3-a28b-120446d5c31a",
  "duration": 26.091,
  "pitch": {
    "mean": 348.47,
    "max": 2075.33,
    "std": 286.05,
    "max_mean_ratio": 5.96
  },
  "energy": {
    "mean": 0.040981,
    "max": 0.168974,
    "std": 0.024789,
    "rate_of_change": 0.006181
  },
  "speech_rate": {
    "chars_per_sec": 15.45,
    "words_per_sec": 2.61,
    "segment_count": 8
  },
  "spectral_centroid": {
    "mean": 1913.82
  },
  "timeseries": {
    "frame_sec": 0.5,
    "pitch": [
      293.0,
      529.55,
      772.32,
      411.62,
      420.59,
      276.95,
      285.62,
      350.18,
      367.11,
      482.37,
      605.08,
      460.37,
      381.1,
      675.24,
      237.64,
      165.07,
      589.71,
      424.92,
      255.05,
      201.24,
      431.96,
      277.84,
      418.14,
      375.95,
      389.8,
      311.2,
      194.53,
      241.82,
      207.35,
      206.62,
      410.56,
      261.23,
      453.42,
      377.27,
      203.46,
      382.16,
      413.01,
      171.37,
      245.25,
      211.82,
      177.51,
      147.85,
      395.17,
      459.32,
      290.14,
      264.23,
      402.25,
      348.67,
      440.23,
      325.99,
      392.81,
      428.71,
      201.13
    ],
    "energy": [
      0.036056,
      0.066136,
      0.050355,
      0.03987,
      0.030801,
      0.021178,
      0.031905,
      0.045977,
      0.049633,
      0.064786,
      0.048875,
      0.039737,
      0.047082,
      0.046419,
      0.028458,
      0.019069,
      0.048679,
      0.056999,
      0.043718,
      0.038282,
      0.044646,
      0.033307,
      0.030064,
      0.017858,
      0.012189,
      0.013206,
      0.012587,
      0.024057,
      0.017782,
      0.04525,
      0.039646,
      0.017175,
      0.043559,
      0.031622,
      0.03577,
      0.051653,
      0.044592,
      0.027965,
      0.025944,
      0.01471,
      0.010602,
      0.012659,
      0.032747,
      0.077614,
      0.072241,
      0.025948,
      0.054342,
      0.044621,
      0.061502,
      0.065994,
      0.077046,
      0.061264,
      0.038484
    ],
    "spectral_centroid": [
      1787.55,
      2407.3,
      2096.79,
      2152.33,
      1935.85,
      2160.12,
      1924.84,
      1914.56,
      1868.58,
      1846.77,
      1656.17,
      1846.9,
      1717.21,
      2133.5,
      2347.11,
      2026.07,
      1853.04,
      1813.28,
      2158.6,
      1603.95,
      1643.1,
      1767.9,
      1504.64,
      1648.85,
      1514.64,
      2138.33,
      2383.79,
      1845.61,
      1939.13,
      1842.29,
      2000.58,
      1769.92,
      1851.74,
      1774.8,
      2080.18,
      2167.48,
      1589.45,
      2245.82,
      1870.76,
      2047.32,
      1874.27,
      2111.68,
      1963.06,
      1398.91,
      1599.18,
      1938.54,
      1457.34,
      1637.0,
      2040.37,
      2240.72,
      2188.82,
      2059.29,
      2021.88
    ]
  }
}