{
  "id": "8d02b9f7-27a1-4174-b62e-7bf4d17fa749",
  "duration": 11.413,
  "pitch": {
    "mean": 446.73,
    "max": 2045.71,
    "std": 305.69,
    "max_mean_ratio": 4.58
  },
  "energy": {
    "mean": 0.075091,
    "max": 0.175864,
    "std": 0.038619,
    "rate_of_change": 0.015109
  },
  "speech_rate": {
    "chars_per_sec": 12.11,
    "words_per_sec": 2.37,
    "segment_count": 5
  },
  "spectral_centroid": {
    "mean": 2058.55
  },
  "timeseries": {
    "frame_sec": 0.5,
    "pitch": [
      267.1,
      543.34,
      406.68,
      428.92,
      474.34,
      542.62,
      431.08,
      377.5,
      446.71,
      668.87,
      264.45,
      519.68,
      157.45,
      236.39,
      576.85,
      416.11,
      221.0,
      391.87,
      693.74,
      473.18,
      481.54,
      606.15,
      609.77
    ],
    "energy": [
      0.03083,
      0.076514,
      0.078494,
      0.067875,
      0.077093,
      0.085208,
      0.075884,
      0.075456,
      0.082677,
      0.087885,
      0.054233,
      0.085707,
      0.006644,
      0.038965,
      0.07929,
      0.080901,
      0.035345,
      0.090499,
      0.074205,
      0.07776,
      0.077466,
      0.085232,
      0.136577
    ],
    "spectral_centroid": [
      2499.18,
      2118.05,
      2373.02,
      1890.04,
      2090.55,
      2037.6,
      2067.55,
      1891.68,
      1993.33,
      2469.79,
      1892.66,
      1391.56,
      1871.04,
      2750.46,
      2555.85,
      1918.54,
      2265.85,
      1529.15,
      1527.05,
      2132.71,
      2356.61,
      2304.23,
      1368.6
    ]
  }
}