{
  "id": "8d3e7543-d252-4253-ab41-b298b48fa367",
  "duration": 13.376,
  "pitch": {
    "mean": 299.27,
    "max": 2041.95,
    "std": 309.18,
    "max_mean_ratio": 6.82
  },
  "energy": {
    "mean": 0.028303,
    "max": 0.144707,
    "std": 0.031084,
    "rate_of_change": 0.010534
  },
  "speech_rate": {
    "chars_per_sec": 3.44,
    "words_per_sec": 0.67,
    "segment_count": 3
  },
  "spectral_centroid": {
    "mean": 1894.28
  },
  "timeseries": {
    "frame_sec": 0.5,
    "pitch": [
      169.23,
      460.31,
      336.02,
      253.94,
      336.7,
      322.74,
      203.86,
      436.32,
      257.72,
      263.74,
      348.45,
      170.92,
      167.55,
      107.84,
      135.58,
      130.79,
      158.14,
      183.79,
      151.42,
      169.55,
      352.21,
      1149.8,
      516.69,
      828.26,
      277.81,
      281.46,
      440.12
    ],
    "energy": [
      0.013617,
      0.057361,
      0.032829,
      0.03285,
      0.038071,
      0.035583,
      0.037015,
      0.051072,
      0.009962,
      0.040427,
      0.038115,
      0.008882,
      0.007965,
      0.008265,
      0.006227,
      0.009568,
      0.007446,
      0.007048,
      0.00694,
      0.006274,
      0.016732,
      0.034844,
      0.107803,
      0.071071,
      0.007175,
      0.004284,
      0.035164
    ],
    "spectral_centroid": [
      1924.74,
      1575.02,
      1591.74,
      1621.68,
      2164.86,
      1130.03,
      1654.59,
      1444.9,
      1696.87,
      1966.26,
      1598.62,
      2108.9,
      1738.55,
      1727.28,
      1780.07,
      1970.1,
      1999.03,
      1894.8,
      2091.56,
      2296.41,
      2519.1,
      2301.21,
      2181.81,
      2098.33,
      2062.65,
      2066.35,
      1957.58
    ]
  }
}