{
  "id": "8db5293b-f4c9-4d64-9bbf-b75f4b289637",
  "duration": 18.197,
  "pitch": {
    "mean": 525.24,
    "max": 2063.63,
    "std": 434.16,
    "max_mean_ratio": 3.93
  },
  "energy": {
    "mean": 0.09191,
    "max": 0.283705,
    "std": 0.065393,
    "rate_of_change": 0.015121
  },
  "speech_rate": {
    "chars_per_sec": 8.83,
    "words_per_sec": 1.72,
    "segment_count": 9
  },
  "spectral_centroid": {
    "mean": 1989.55
  },
  "timeseries": {
    "frame_sec": 0.5,
    "pitch": [
      521.67,
      417.74,
      498.86,
      403.6,
      395.63,
      120.1,
      380.88,
      314.49,
      183.56,
      113.85,
      113.85,
      118.41,
      500.24,
      516.0,
      516.24,
      254.3,
      413.36,
      458.35,
      289.02,
      477.79,
      565.63,
      534.55,
      586.12,
      628.05,
      695.05,
      759.36,
      545.94,
      674.02,
      718.45,
      1401.59,
      1795.47,
      1091.9,
      690.39,
      457.54,
      802.9,
      194.47,
      179.93
    ],
    "energy": [
      0.070705,
      0.046241,
      0.101942,
      0.100977,
      0.059717,
      0.020576,
      0.091432,
      0.044115,
      0.025271,
      0.023851,
      0.029711,
      0.0161,
      0.099825,
      0.065624,
      0.071852,
      0.036172,
      0.060537,
      0.093556,
      0.043339,
      0.102003,
      0.142234,
      0.071047,
      0.181793,
      0.037011,
      0.108218,
      0.140107,
      0.141292,
      0.201599,
      0.151318,
      0.135088,
      0.105538,
      0.115647,
      0.117354,
      0.142468,
      0.155678,
      0.02957,
      0.024269
    ],
    "spectral_centroid": [
      1829.3,
      1805.58,
      2112.69,
      2325.11,
      1784.92,
      2490.01,
      1624.66,
      1618.21,
      1772.84,
      1877.59,
      1618.64,
      1763.33,
      1732.03,
      1852.49,
      1737.01,
      2152.72,
      1780.07,
      1830.07,
      1970.09,
      2111.46,
      2228.2,
      2031.91,
      2195.16,
      2236.64,
      2163.9,
      1894.78,
      2034.28,
      2393.37,
      1960.3,
      2132.19,
      2229.01,
      2298.84,
      2155.19,
      2102.5,
      1675.99,
      1896.7,
      2032.35
    ]
  }
}