{
  "id": "8dbf12c7-a87e-4289-9eb0-cf79dc2098d1",
  "duration": 11.456,
  "pitch": {
    "mean": 336.84,
    "max": 2066.21,
    "std": 305.36,
    "max_mean_ratio": 6.13
  },
  "energy": {
    "mean": 0.044446,
    "max": 0.243304,
    "std": 0.034974,
    "rate_of_change": 0.020625
  },
  "speech_rate": {
    "chars_per_sec": 12.41,
    "words_per_sec": 2.27,
    "segment_count": 4
  },
  "spectral_centroid": {
    "mean": 2129.5
  },
  "timeseries": {
    "frame_sec": 0.5,
    "pitch": [
      389.33,
      223.58,
      200.0,
      311.31,
      658.69,
      169.83,
      374.68,
      572.34,
      305.07,
      328.48,
      459.16,
      160.97,
      247.67,
      849.79,
      261.02,
      263.53,
      219.71,
      399.45,
      265.18,
      417.37,
      510.83,
      266.26,
      229.29
    ],
    "energy": [
      0.052972,
      0.019517,
      0.013641,
      0.046068,
      0.056981,
      0.011575,
      0.047636,
      0.061965,
      0.041937,
      0.054064,
      0.055807,
      0.0285,
      0.030534,
      0.039214,
      0.021401,
      0.019998,
      0.023446,
      0.036416,
      0.097598,
      0.082416,
      0.080275,
      0.024072,
      0.020237
    ],
    "spectral_centroid": [
      2002.73,
      1602.66,
      1988.44,
      1932.46,
      2097.48,
      2400.18,
      2245.92,
      2207.8,
      1856.1,
      2073.79,
      1952.87,
      2050.65,
      2101.83,
      2948.57,
      2217.62,
      2019.92,
      2660.31,
      2487.41,
      2231.26,
      1970.02,
      1969.49,
      1755.28,
      2177.59
    ]
  }
}