{
  "id": "8ddf098e-fdbc-48ec-8e0d-5198e3cd21d5",
  "duration": 10.133,
  "pitch": {
    "mean": 472.0,
    "max": 2074.39,
    "std": 441.38,
    "max_mean_ratio": 4.39
  },
  "energy": {
    "mean": 0.255378,
    "max": 0.52613,
    "std": 0.127935,
    "rate_of_change": 0.047823
  },
  "speech_rate": {
    "chars_per_sec": 13.74,
    "words_per_sec": 2.17,
    "segment_count": 5
  },
  "spectral_centroid": {
    "mean": 2131.78
  },
  "timeseries": {
    "frame_sec": 0.5,
    "pitch": [
      590.26,
      433.55,
      895.84,
      201.07,
      366.17,
      650.87,
      485.65,
      527.25,
      253.47,
      382.16,
      391.97,
      379.33,
      292.36,
      644.0,
      140.81,
      149.05,
      837.57,
      432.7,
      529.31,
      531.66,
      348.66
    ],
    "energy": [
      0.154407,
      0.329359,
      0.372254,
      0.07897,
      0.232306,
      0.332487,
      0.285439,
      0.224671,
      0.217175,
      0.301245,
      0.17551,
      0.18548,
      0.224715,
      0.214284,
      0.073252,
      0.062313,
      0.36741,
      0.343582,
      0.31632,
      0.340432,
      0.288066
    ],
    "spectral_centroid": [
      1969.99,
      2420.88,
      2217.12,
      2289.35,
      2544.52,
      1935.6,
      1779.78,
      2043.06,
      2587.11,
      2107.2,
      1530.1,
      2143.84,
      2179.47,
      1855.6,
      1921.59,
      2208.1,
      2219.47,
      2208.5,
      2222.23,
      2266.97,
      1974.02
    ]
  }
}