{
  "id": "8df03d57-65ce-43d3-847c-322670b41648",
  "duration": 11.072,
  "pitch": {
    "mean": 520.91,
    "max": 2076.35,
    "std": 389.81,
    "max_mean_ratio": 3.99
  },
  "energy": {
    "mean": 0.07839,
    "max": 0.20369,
    "std": 0.043838,
    "rate_of_change": 0.017316
  },
  "speech_rate": {
    "chars_per_sec": 16.37,
    "words_per_sec": 2.89,
    "segment_count": 5
  },
  "spectral_centroid": {
    "mean": 1925.02
  },
  "timeseries": {
    "frame_sec": 0.5,
    "pitch": [
      581.93,
      698.07,
      389.44,
      549.83,
      411.39,
      767.91,
      518.0,
      507.39,
      1031.52,
      1101.3,
      564.76,
      706.71,
      394.65,
      457.08,
      131.33,
      123.02,
      108.4,
      117.78,
      378.31,
      957.6,
      526.78,
      541.05,
      1634.03
    ],
    "energy": [
      0.079503,
      0.071071,
      0.066779,
      0.082644,
      0.07228,
      0.100973,
      0.082897,
      0.077984,
      0.112534,
      0.090761,
      0.060231,
      0.080302,
      0.062705,
      0.076239,
      0.015465,
      0.028169,
      0.024772,
      0.030254,
      0.103631,
      0.107967,
      0.096732,
      0.114504,
      0.072533
    ],
    "spectral_centroid": [
      1887.21,
      1744.31,
      1752.78,
      1702.4,
      1866.61,
      1747.44,
      2068.17,
      2037.09,
      2009.77,
      1940.23,
      2115.52,
      2125.26,
      1595.0,
      1747.94,
      2156.76,
      1896.13,
      1606.29,
      2074.7,
      2069.67,
      1985.04,
      1850.92,
      2217.57,
      2120.83
    ]
  }
}