{
  "id": "8dfaace5-b96d-4234-adc4-ca40c0bda0ec",
  "duration": 12.715,
  "pitch": {
    "mean": 432.9,
    "max": 2088.58,
    "std": 369.84,
    "max_mean_ratio": 4.82
  },
  "energy": {
    "mean": 0.071013,
    "max": 0.378004,
    "std": 0.067722,
    "rate_of_change": 0.02928
  },
  "speech_rate": {
    "chars_per_sec": 14.05,
    "words_per_sec": 2.58,
    "segment_count": 7
  },
  "spectral_centroid": {
    "mean": 2035.3
  },
  "timeseries": {
    "frame_sec": 0.5,
    "pitch": [
      287.55,
      578.82,
      427.22,
      482.01,
      326.47,
      773.63,
      551.92,
      102.01,
      91.11,
      108.86,
      156.61,
      374.84,
      560.87,
      576.25,
      190.36,
      395.7,
      441.79,
      528.37,
      510.2,
      462.21,
      169.31,
      569.24,
      625.6,
      402.04,
      616.75,
      645.89
    ],
    "energy": [
      0.041894,
      0.085157,
      0.083056,
      0.078026,
      0.059258,
      0.079884,
      0.086157,
      0.01268,
      0.016006,
      0.009374,
      0.007775,
      0.09388,
      0.081751,
      0.065325,
      0.043257,
      0.081471,
      0.077307,
      0.138636,
      0.242032,
      0.117453,
      0.009982,
      0.007346,
      0.038378,
      0.066903,
      0.082536,
      0.044177
    ],
    "spectral_centroid": [
      1647.62,
      2117.75,
      1876.21,
      2026.33,
      2098.56,
      1695.58,
      2504.01,
      1526.71,
      1617.28,
      1890.56,
      2034.12,
      1600.49,
      1615.27,
      2614.47,
      1976.52,
      2022.11,
      1893.03,
      2120.75,
      2222.65,
      2144.33,
      2202.06,
      2353.2,
      2348.44,
      1957.41,
      2856.51,
      1622.06
    ]
  }
}