{
  "id": "8e2d13c5-5770-4962-a751-dcc684c50f63",
  "duration": 10.837,
  "pitch": {
    "mean": 402.91,
    "max": 1255.84,
    "std": 225.54,
    "max_mean_ratio": 3.12
  },
  "energy": {
    "mean": 0.036874,
    "max": 0.114345,
    "std": 0.020689,
    "rate_of_change": 0.009859
  },
  "speech_rate": {
    "chars_per_sec": 23.66,
    "words_per_sec": 4.9,
    "segment_count": 3
  },
  "spectral_centroid": {
    "mean": 1666.86
  },
  "timeseries": {
    "frame_sec": 0.5,
    "pitch": [
      362.88,
      392.09,
      254.67,
      471.21,
      491.98,
      417.96,
      298.42,
      370.93,
      292.94,
      461.97,
      322.28,
      265.62,
      362.44,
      424.84,
      446.71,
      532.45,
      462.1,
      519.54,
      446.03,
      409.28,
      388.72,
      455.93
    ],
    "energy": [
      0.034834,
      0.037642,
      0.037924,
      0.029046,
      0.026519,
      0.02116,
      0.021364,
      0.029834,
      0.025071,
      0.031311,
      0.019387,
      0.0227,
      0.024996,
      0.041642,
      0.055907,
      0.038493,
      0.057664,
      0.048142,
      0.050995,
      0.036761,
      0.036114,
      0.056647
    ],
    "spectral_centroid": [
      2146.77,
      1505.64,
      1351.96,
      1504.28,
      1639.4,
      1734.12,
      1527.35,
      1591.37,
      1455.82,
      1536.56,
      1858.21,
      1757.74,
      1704.57,
      1633.06,
      1899.93,
      1484.34,
      1576.42,
      1991.01,
      1769.62,
      1610.59,
      1557.42,
      1959.41
    ]
  }
}