{
  "id": "8e72e6c9-c56a-4266-b59a-08ac13490514",
  "duration": 7.957,
  "pitch": {
    "mean": 481.98,
    "max": 2058.15,
    "std": 439.35,
    "max_mean_ratio": 4.27
  },
  "energy": {
    "mean": 0.037761,
    "max": 0.104886,
    "std": 0.021306,
    "rate_of_change": 0.012202
  },
  "speech_rate": {
    "chars_per_sec": 16.75,
    "words_per_sec": 2.88,
    "segment_count": 5
  },
  "spectral_centroid": {
    "mean": 2004.56
  },
  "timeseries": {
    "frame_sec": 0.5,
    "pitch": [
      379.93,
      453.32,
      147.03,
      217.94,
      545.08,
      445.61,
      598.32,
      902.9,
      611.24,
      411.36,
      667.77,
      125.49,
      318.04,
      793.64,
      381.07,
      517.44
    ],
    "energy": [
      0.042657,
      0.042628,
      0.017998,
      0.016909,
      0.026294,
      0.039927,
      0.059268,
      0.034395,
      0.04385,
      0.013357,
      0.027657,
      0.034787,
      0.041609,
      0.069998,
      0.042492,
      0.02357
    ],
    "spectral_centroid": [
      2015.59,
      2423.44,
      2238.78,
      1757.99,
      1720.97,
      1784.02,
      1791.82,
      1809.88,
      1758.61,
      1918.46,
      2496.97,
      2115.3,
      2277.97,
      1909.1,
      1993.74,
      2032.91
    ]
  }
}