{
  "id": "8e808035-4fc8-4864-a115-55838372633c",
  "duration": 31.275,
  "pitch": {
    "mean": 504.01,
    "max": 1536.83,
    "std": 261.88,
    "max_mean_ratio": 3.05
  },
  "energy": {
    "mean": 0.031036,
    "max": 0.138788,
    "std": 0.020417,
    "rate_of_change": 0.004282
  },
  "speech_rate": {
    "chars_per_sec": 16.47,
    "words_per_sec": 3.42,
    "segment_count": 6
  },
  "spectral_centroid": {
    "mean": 1726.38
  },
  "timeseries": {
    "frame_sec": 0.5,
    "pitch": [
      315.97,
      258.76,
      368.65,
      390.97,
      546.08,
      303.8,
      399.71,
      542.77,
      361.04,
      320.01,
      361.61,
      475.43,
      437.52,
      319.14,
      530.06,
      455.12,
      719.46,
      609.7,
      696.57,
      668.93,
      763.17,
      626.99,
      508.24,
      670.78,
      342.84,
      719.48,
      637.49,
      731.13,
      411.2,
      453.87,
      445.41,
      521.0,
      656.11,
      560.34,
      477.5,
      706.11,
      601.02,
      616.16,
      698.56,
      500.79,
      661.23,
      580.96,
      488.76,
      512.78,
      356.69,
      363.01,
      429.58,
      356.8,
      419.31,
      688.33,
      706.04,
      410.49,
      528.83,
      358.43,
      382.55,
      328.96,
      595.63,
      434.71,
      560.17,
      412.08,
      408.84,
      593.53,
      591.94
    ],
    "energy": [
      0.020549,
      0.016765,
      0.016096,
      0.008838,
      0.013584,
      0.017099,
      0.017713,
      0.017033,
      0.023205,
      0.01878,
      0.02153,
      0.027213,
      0.016783,
      0.026202,
      0.038915,
      0.041519,
      0.087587,
      0.040356,
      0.079898,
      0.046722,
      0.049556,
      0.045352,
      0.048434,
      0.025238,
      0.04862,
      0.063077,
      0.033631,
      0.0403,
      0.026921,
      0.029862,
      0.030781,
      0.023186,
      0.027492,
      0.022139,
      0.025342,
      0.031554,
      0.025199,
      0.022073,
      0.027701,
      0.024408,
      0.019706,
      0.029841,
      0.014424,
      0.032456,
      0.028313,
      0.019648,
      0.021763,
      0.022576,
      0.022933,
      0.033457,
      0.02073,
      0.029575,
      0.026446,
      0.027143,
      0.019429,
      0.028837,
      0.044018,
      0.027054,
      0.035651,
      0.023211,
      0.021728,
      0.030555,
      0.011555
    ],
    "spectral_centroid": [
      1541.87,
      1814.7,
      1580.17,
      1766.74,
      1828.34,
      1655.81,
      1749.91,
      1470.19,
      1585.94,
      1819.13,
      1671.27,
      1459.72,
      1697.61,
      1832.18,
      1749.68,
      1935.83,
      2103.5,
      1872.95,
      1889.88,
      1908.58,
      1799.86,
      1719.49,
      1528.0,
      1666.47,
      2033.2,
      1700.72,
      1777.14,
      1738.32,
      1467.4,
      1607.69,
      2186.62,
      1774.38,
      1936.05,
      1547.12,
      2293.99,
      1986.96,
      1513.13,
      1487.86,
      1410.89,
      1690.34,
      1606.32,
      1536.01,
      1510.89,
      1628.71,
      1674.2,
      2169.16,
      1672.52,
      1703.76,
      1714.59,
      1452.6,
      1515.15,
      1534.97,
      1475.73,
      1919.18,
      1867.72,
      2318.39,
      2030.52,
      1448.0,
      1380.18,
      1361.15,
      2010.82,
      1833.12,
      1466.44
    ]
  }
}