{
  "id": "8efb70b5-0226-4188-9be5-cedb0b5e3728",
  "duration": 10.475,
  "pitch": {
    "mean": 615.96,
    "max": 1767.69,
    "std": 354.62,
    "max_mean_ratio": 2.87
  },
  "energy": {
    "mean": 0.087105,
    "max": 0.241579,
    "std": 0.054115,
    "rate_of_change": 0.021026
  },
  "speech_rate": {
    "chars_per_sec": 7.57,
    "words_per_sec": 1.25,
    "segment_count": 1
  },
  "spectral_centroid": {
    "mean": 2028.34
  },
  "timeseries": {
    "frame_sec": 0.5,
    "pitch": [
      568.5,
      691.73,
      1060.89,
      1085.5,
      834.64,
      732.14,
      551.17,
      541.96,
      461.77,
      667.54,
      538.92,
      513.54,
      463.74,
      301.56,
      428.93,
      383.26,
      743.25,
      503.53,
      680.03,
      635.89,
      728.49
    ],
    "energy": [
      0.068122,
      0.078711,
      0.054149,
      0.037919,
      0.043875,
      0.043173,
      0.111518,
      0.077775,
      0.054195,
      0.089368,
      0.051079,
      0.048401,
      0.063792,
      0.05901,
      0.095903,
      0.029529,
      0.197733,
      0.086326,
      0.153856,
      0.150321,
      0.160966
    ],
    "spectral_centroid": [
      2033.39,
      2365.95,
      2186.61,
      2243.91,
      2185.38,
      2026.28,
      1853.43,
      1676.53,
      2184.35,
      2013.59,
      1769.24,
      1905.55,
      2181.04,
      1981.29,
      2160.6,
      2093.87,
      1432.92,
      1936.88,
      1790.13,
      2248.59,
      2264.23
    ]
  }
}