{
  "id": "8f36c5fe-6274-4e6e-8609-a5e42f77bf49",
  "duration": 11.008,
  "pitch": {
    "mean": 367.26,
    "max": 1337.23,
    "std": 274.37,
    "max_mean_ratio": 3.64
  },
  "energy": {
    "mean": 0.077833,
    "max": 0.237996,
    "std": 0.05701,
    "rate_of_change": 0.020558
  },
  "speech_rate": {
    "chars_per_sec": 13.21,
    "words_per_sec": 2.46,
    "segment_count": 5
  },
  "spectral_centroid": {
    "mean": 1857.37
  },
  "timeseries": {
    "frame_sec": 0.5,
    "pitch": [
      421.49,
      224.83,
      153.7,
      354.79,
      368.7,
      586.66,
      505.7,
      675.1,
      173.53,
      472.53,
      598.87,
      531.29,
      421.81,
      441.79,
      469.41,
      466.69,
      422.51,
      148.26,
      162.27,
      141.54,
      149.4,
      356.26,
      615.5
    ],
    "energy": [
      0.133273,
      0.024406,
      0.015286,
      0.115812,
      0.086699,
      0.097375,
      0.128005,
      0.105386,
      0.014197,
      0.090849,
      0.099865,
      0.085617,
      0.103277,
      0.087046,
      0.086833,
      0.090457,
      0.054723,
      0.024288,
      0.013767,
      0.02003,
      0.033532,
      0.124389,
      0.038491
    ],
    "spectral_centroid": [
      2040.46,
      1302.05,
      2288.36,
      2560.66,
      1902.37,
      1831.2,
      1677.59,
      1962.93,
      1580.17,
      1748.49,
      1949.86,
      2178.11,
      1856.1,
      1823.14,
      2005.34,
      1731.72,
      1649.3,
      1316.91,
      1569.93,
      1832.5,
      1713.39,
      2388.23,
      1689.81
    ]
  }
}