{
  "id": "8f38ab8a-f0d4-4f6a-905d-44c6a8bd646a",
  "duration": 8.661,
  "pitch": {
    "mean": 392.72,
    "max": 1782.66,
    "std": 282.67,
    "max_mean_ratio": 4.54
  },
  "energy": {
    "mean": 0.070434,
    "max": 0.201083,
    "std": 0.050355,
    "rate_of_change": 0.021874
  },
  "speech_rate": {
    "chars_per_sec": 12.63,
    "words_per_sec": 2.11,
    "segment_count": 1
  },
  "spectral_centroid": {
    "mean": 2192.94
  },
  "timeseries": {
    "frame_sec": 0.5,
    "pitch": [
      576.29,
      503.77,
      248.85,
      449.04,
      436.72,
      228.19,
      410.62,
      212.49,
      309.89,
      555.17,
      612.87,
      320.56,
      273.2,
      372.1,
      288.83,
      374.13,
      629.72,
      405.59
    ],
    "energy": [
      0.080591,
      0.051739,
      0.05684,
      0.093159,
      0.028587,
      0.015624,
      0.032985,
      0.015102,
      0.047563,
      0.099708,
      0.113502,
      0.09949,
      0.079899,
      0.094629,
      0.075042,
      0.048628,
      0.109802,
      0.047339
    ],
    "spectral_centroid": [
      1698.54,
      1717.06,
      4038.16,
      1861.18,
      2139.45,
      2595.7,
      1825.49,
      2070.24,
      1951.91,
      1580.87,
      1879.54,
      2192.12,
      3795.94,
      1588.43,
      1931.92,
      2211.3,
      2184.3,
      1821.8
    ]
  }
}