{
  "id": "8f425648-dd7a-4425-928f-ba72e76a22a9",
  "duration": 9.515,
  "pitch": {
    "mean": 425.94,
    "max": 2050.65,
    "std": 267.64,
    "max_mean_ratio": 4.81
  },
  "energy": {
    "mean": 0.042241,
    "max": 0.117553,
    "std": 0.026786,
    "rate_of_change": 0.012006
  },
  "speech_rate": {
    "chars_per_sec": 21.05,
    "words_per_sec": 3.58,
    "segment_count": 4
  },
  "spectral_centroid": {
    "mean": 1760.11
  },
  "timeseries": {
    "frame_sec": 0.5,
    "pitch": [
      423.46,
      329.0,
      434.55,
      256.36,
      205.26,
      121.06,
      417.87,
      533.44,
      416.84,
      440.28,
      493.41,
      523.07,
      405.77,
      356.65,
      769.28,
      447.48,
      334.07,
      576.52,
      476.65,
      222.31
    ],
    "energy": [
      0.02226,
      0.033898,
      0.032667,
      0.008677,
      0.00729,
      0.00836,
      0.031899,
      0.066334,
      0.047037,
      0.041797,
      0.045212,
      0.041443,
      0.049101,
      0.052706,
      0.053573,
      0.041579,
      0.046873,
      0.060122,
      0.075249,
      0.003565
    ],
    "spectral_centroid": [
      1922.16,
      1804.28,
      2343.63,
      1958.61,
      1892.61,
      1888.28,
      1858.87,
      1445.03,
      1445.07,
      1609.49,
      1404.45,
      1732.63,
      1525.72,
      2627.16,
      2124.86,
      1728.35,
      1803.78,
      1262.16,
      1184.31,
      1323.36
    ]
  }
}