{
  "id": "8f641c01-f001-4fbb-89d9-bb8fc72db23a",
  "duration": 8.448,
  "pitch": {
    "mean": 314.24,
    "max": 1768.37,
    "std": 320.87,
    "max_mean_ratio": 5.63
  },
  "energy": {
    "mean": 0.037659,
    "max": 0.146375,
    "std": 0.041526,
    "rate_of_change": 0.016819
  },
  "speech_rate": {
    "chars_per_sec": 5.34,
    "words_per_sec": 0.95,
    "segment_count": 2
  },
  "spectral_centroid": {
    "mean": 1786.55
  },
  "timeseries": {
    "frame_sec": 0.5,
    "pitch": [
      243.05,
      263.58,
      162.51,
      109.58,
      122.0,
      141.26,
      267.39,
      385.23,
      516.64,
      296.74,
      253.22,
      466.43,
      399.4,
      415.56,
      511.7,
      368.08,
      349.29
    ],
    "energy": [
      0.008106,
      0.006955,
      0.007811,
      0.011147,
      0.007878,
      0.008431,
      0.00753,
      0.006592,
      0.006453,
      0.007655,
      0.046353,
      0.078976,
      0.06061,
      0.091154,
      0.107832,
      0.073615,
      0.077274
    ],
    "spectral_centroid": [
      1389.06,
      1722.51,
      1690.41,
      1559.52,
      1571.8,
      1777.73,
      2481.25,
      2551.65,
      2360.84,
      2457.63,
      2133.82,
      1049.32,
      1188.59,
      1165.41,
      1434.98,
      1654.25,
      2176.09
    ]
  }
}