{
  "id": "8f8e0c86-1f2e-401c-b3c5-f3c255bfe909",
  "duration": 12.565,
  "pitch": {
    "mean": 504.45,
    "max": 1378.44,
    "std": 230.36,
    "max_mean_ratio": 2.73
  },
  "energy": {
    "mean": 0.048279,
    "max": 0.156716,
    "std": 0.030093,
    "rate_of_change": 0.011759
  },
  "speech_rate": {
    "chars_per_sec": 20.21,
    "words_per_sec": 4.29,
    "segment_count": 1
  },
  "spectral_centroid": {
    "mean": 1588.09
  },
  "timeseries": {
    "frame_sec": 0.5,
    "pitch": [
      516.5,
      476.65,
      330.59,
      387.49,
      483.09,
      477.19,
      429.64,
      391.54,
      425.7,
      431.82,
      437.16,
      453.11,
      398.36,
      641.58,
      487.43,
      393.6,
      440.1,
      329.86,
      528.67,
      727.11,
      695.89,
      719.76,
      713.21,
      705.45,
      656.15,
      402.05
    ],
    "energy": [
      0.047203,
      0.062908,
      0.048079,
      0.033324,
      0.029893,
      0.025617,
      0.024083,
      0.023446,
      0.023818,
      0.026586,
      0.025721,
      0.027141,
      0.038717,
      0.058757,
      0.033339,
      0.047168,
      0.038268,
      0.026234,
      0.043222,
      0.110252,
      0.087587,
      0.111282,
      0.043317,
      0.053373,
      0.06755,
      0.051396
    ],
    "spectral_centroid": [
      1540.29,
      1385.96,
      2017.94,
      1474.93,
      1372.32,
      1563.76,
      1488.36,
      1633.47,
      1444.95,
      1638.69,
      1412.61,
      1631.69,
      1757.0,
      1604.33,
      1630.12,
      1581.09,
      1483.42,
      1859.0,
      1372.99,
      1975.98,
      1668.2,
      1895.68,
      1667.74,
      1482.85,
      1197.02,
      1278.93
    ]
  }
}