{
  "id": "8faf4f7a-4285-4a51-a27c-d86c0c2a8d16",
  "duration": 12.181,
  "pitch": {
    "mean": 453.67,
    "max": 2054.98,
    "std": 354.66,
    "max_mean_ratio": 4.53
  },
  "energy": {
    "mean": 0.02113,
    "max": 0.066937,
    "std": 0.013489,
    "rate_of_change": 0.005057
  },
  "speech_rate": {
    "chars_per_sec": 15.41,
    "words_per_sec": 3.11,
    "segment_count": 1
  },
  "spectral_centroid": {
    "mean": 1959.85
  },
  "timeseries": {
    "frame_sec": 0.5,
    "pitch": [
      380.58,
      629.68,
      671.45,
      645.89,
      268.4,
      625.85,
      223.23,
      197.23,
      166.25,
      427.42,
      239.77,
      324.08,
      671.67,
      259.29,
      352.35,
      625.37,
      464.43,
      227.05,
      595.27,
      769.65,
      522.99,
      560.59,
      568.64,
      388.13,
      416.13
    ],
    "energy": [
      0.01851,
      0.020332,
      0.040382,
      0.018402,
      0.013111,
      0.022222,
      0.010542,
      0.006938,
      0.005957,
      0.01525,
      0.011946,
      0.016737,
      0.019925,
      0.013176,
      0.01397,
      0.036185,
      0.024058,
      0.014839,
      0.011548,
      0.049331,
      0.031227,
      0.018875,
      0.029382,
      0.027173,
      0.010905
    ],
    "spectral_centroid": [
      1935.16,
      2433.55,
      1808.0,
      1760.77,
      2015.8,
      1579.58,
      2594.63,
      2154.31,
      2220.19,
      1791.8,
      2472.92,
      1627.82,
      2044.96,
      1923.42,
      1849.3,
      1713.56,
      1714.19,
      1855.47,
      2069.31,
      1792.27,
      1889.89,
      1989.71,
      1579.33,
      1922.95,
      2632.21
    ]
  }
}