{
  "id": "8fdc4fa4-7bb8-4fc7-8f4d-0d3d987dfdb7",
  "duration": 5.781,
  "pitch": {
    "mean": 499.63,
    "max": 2061.32,
    "std": 409.61,
    "max_mean_ratio": 4.13
  },
  "energy": {
    "mean": 0.04586,
    "max": 0.148008,
    "std": 0.025426,
    "rate_of_change": 0.023395
  },
  "speech_rate": {
    "chars_per_sec": 10.98,
    "words_per_sec": 1.83,
    "segment_count": 3
  },
  "spectral_centroid": {
    "mean": 1842.19
  },
  "timeseries": {
    "frame_sec": 0.5,
    "pitch": [
      477.1,
      562.26,
      571.01,
      351.38,
      613.6,
      666.48,
      313.36,
      184.33,
      867.58,
      410.53,
      497.86,
      228.78
    ],
    "energy": [
      0.034577,
      0.039028,
      0.041448,
      0.033041,
      0.043411,
      0.039607,
      0.020612,
      0.039309,
      0.074685,
      0.079497,
      0.050617,
      0.0184
    ],
    "spectral_centroid": [
      1786.51,
      1870.88,
      1810.92,
      1633.1,
      1906.53,
      1828.74,
      1725.28,
      1671.99,
      1805.59,
      2039.59,
      2099.73,
      2011.79
    ]
  }
}