{
  "id": "90079d6a-517f-47cb-ae7e-45b5fb8cf6a7",
  "duration": 10.688,
  "pitch": {
    "mean": 388.11,
    "max": 1565.77,
    "std": 287.33,
    "max_mean_ratio": 4.03
  },
  "energy": {
    "mean": 0.133816,
    "max": 0.397769,
    "std": 0.083605,
    "rate_of_change": 0.034944
  },
  "speech_rate": {
    "chars_per_sec": 21.3,
    "words_per_sec": 4.63,
    "segment_count": 4
  },
  "spectral_centroid": {
    "mean": 1869.82
  },
  "timeseries": {
    "frame_sec": 0.5,
    "pitch": [
      234.32,
      325.41,
      515.17,
      299.95,
      321.52,
      283.85,
      564.3,
      371.38,
      510.39,
      445.11,
      248.68,
      469.09,
      305.48,
      382.07,
      476.14,
      437.05,
      502.89,
      210.59,
      463.51,
      446.5,
      344.4,
      355.55
    ],
    "energy": [
      0.054546,
      0.103566,
      0.229531,
      0.138531,
      0.107932,
      0.065323,
      0.048551,
      0.118798,
      0.085674,
      0.135541,
      0.10602,
      0.03974,
      0.099861,
      0.164476,
      0.206089,
      0.23474,
      0.192033,
      0.056933,
      0.178012,
      0.193018,
      0.143088,
      0.079008
    ],
    "spectral_centroid": [
      2058.11,
      1836.04,
      1807.99,
      1774.33,
      1656.73,
      1763.75,
      1916.1,
      1538.21,
      1781.88,
      2047.86,
      1953.04,
      1878.2,
      2002.59,
      2081.18,
      1782.24,
      1816.04,
      2079.52,
      1630.01,
      1848.49,
      2072.22,
      1957.37,
      1699.2
    ]
  }
}