{
  "id": "90140e35-0609-46d7-beea-4ae609ffecf7",
  "duration": 11.541,
  "pitch": {
    "mean": 535.94,
    "max": 2026.83,
    "std": 420.88,
    "max_mean_ratio": 3.78
  },
  "energy": {
    "mean": 0.085203,
    "max": 0.270862,
    "std": 0.061028,
    "rate_of_change": 0.02315
  },
  "speech_rate": {
    "chars_per_sec": 11.95,
    "words_per_sec": 2.36,
    "segment_count": 5
  },
  "spectral_centroid": {
    "mean": 2054.98
  },
  "timeseries": {
    "frame_sec": 0.5,
    "pitch": [
      817.49,
      454.96,
      471.51,
      760.72,
      518.17,
      428.22,
      431.87,
      582.25,
      810.48,
      465.18,
      284.74,
      142.29,
      241.31,
      345.45,
      633.07,
      451.91,
      775.63,
      788.54,
      703.55,
      556.02,
      730.25,
      440.88,
      460.2,
      662.75
    ],
    "energy": [
      0.116297,
      0.088346,
      0.078139,
      0.108953,
      0.096783,
      0.07087,
      0.09895,
      0.141016,
      0.170059,
      0.006966,
      0.008166,
      0.00924,
      0.004349,
      0.00541,
      0.089678,
      0.087568,
      0.108,
      0.095839,
      0.07351,
      0.083735,
      0.12327,
      0.086183,
      0.123378,
      0.061683
    ],
    "spectral_centroid": [
      2154.26,
      2306.88,
      2629.78,
      2010.04,
      2048.77,
      2560.91,
      2142.99,
      2017.66,
      2174.37,
      1708.27,
      1545.23,
      1711.28,
      1791.69,
      2443.6,
      2326.64,
      1479.97,
      1782.0,
      2172.83,
      2174.27,
      1895.44,
      2144.97,
      1754.95,
      2195.39,
      2099.33
    ]
  }
}