{
  "id": "901747bf-49b7-4a0b-8d5d-3c4d481f276f",
  "duration": 9.024,
  "pitch": {
    "mean": 226.12,
    "max": 828.79,
    "std": 180.87,
    "max_mean_ratio": 3.67
  },
  "energy": {
    "mean": 0.048141,
    "max": 0.120686,
    "std": 0.018253,
    "rate_of_change": 0.010861
  },
  "speech_rate": {
    "chars_per_sec": 6.25,
    "words_per_sec": 1.25,
    "segment_count": 2
  },
  "spectral_centroid": {
    "mean": 1895.21
  },
  "timeseries": {
    "frame_sec": 0.5,
    "pitch": [
      191.66,
      198.92,
      141.06,
      159.24,
      154.83,
      178.89,
      154.73,
      307.67,
      129.19,
      171.84,
      159.17,
      170.27,
      235.27,
      226.08,
      160.45,
      370.88,
      321.78,
      640.07,
      705.26
    ],
    "energy": [
      0.048429,
      0.039997,
      0.037618,
      0.037138,
      0.035047,
      0.029221,
      0.046338,
      0.039019,
      0.0441,
      0.035997,
      0.036614,
      0.028643,
      0.048598,
      0.044622,
      0.049702,
      0.060729,
      0.072084,
      0.093004,
      0.038561
    ],
    "spectral_centroid": [
      2326.45,
      1804.68,
      2054.86,
      1837.9,
      1679.91,
      1645.02,
      1812.13,
      1811.74,
      1933.8,
      1636.82,
      1939.45,
      1796.64,
      1974.76,
      1810.13,
      2154.94,
      1977.0,
      1884.84,
      2085.42,
      1776.99
    ]
  }
}