{
  "id": "9028d598-74de-48a9-994d-2148355b2778",
  "duration": 10.389,
  "pitch": {
    "mean": 184.17,
    "max": 1981.14,
    "std": 243.91,
    "max_mean_ratio": 10.76
  },
  "energy": {
    "mean": 0.069942,
    "max": 0.13894,
    "std": 0.021792,
    "rate_of_change": 0.010291
  },
  "speech_rate": {
    "chars_per_sec": 0.0,
    "words_per_sec": 0.0,
    "segment_count": 0
  },
  "spectral_centroid": {
    "mean": 2141.62
  },
  "timeseries": {
    "frame_sec": 0.5,
    "pitch": [
      131.0,
      126.1,
      154.7,
      201.56,
      159.32,
      127.35,
      124.94,
      368.99,
      351.65,
      156.08,
      406.32,
      181.03,
      430.74,
      137.81,
      120.38,
      129.44,
      157.64,
      164.48,
      120.14,
      108.85,
      165.82
    ],
    "energy": [
      0.059986,
      0.069015,
      0.067151,
      0.053313,
      0.051624,
      0.0625,
      0.084293,
      0.060259,
      0.054965,
      0.05607,
      0.04925,
      0.050578,
      0.094254,
      0.084019,
      0.109465,
      0.092052,
      0.07775,
      0.051766,
      0.044002,
      0.063518,
      0.072555
    ],
    "spectral_centroid": [
      2681.2,
      1918.09,
      1934.57,
      1987.62,
      2107.3,
      2407.07,
      2264.56,
      2013.53,
      2128.27,
      2095.55,
      2131.38,
      2393.9,
      2569.55,
      2250.11,
      2617.66,
      1954.09,
      1701.07,
      2011.24,
      2013.79,
      1826.39,
      1818.32
    ]
  }
}