{
  "id": "90a20a80-4181-4925-bad8-74b3c57eaef0",
  "duration": 13.525,
  "pitch": {
    "mean": 421.28,
    "max": 1349.54,
    "std": 206.88,
    "max_mean_ratio": 3.2
  },
  "energy": {
    "mean": 0.050168,
    "max": 0.121697,
    "std": 0.023557,
    "rate_of_change": 0.00853
  },
  "speech_rate": {
    "chars_per_sec": 25.96,
    "words_per_sec": 4.75,
    "segment_count": 4
  },
  "spectral_centroid": {
    "mean": 1866.37
  },
  "timeseries": {
    "frame_sec": 0.5,
    "pitch": [
      400.75,
      304.83,
      437.28,
      360.73,
      389.0,
      562.64,
      453.61,
      449.78,
      327.21,
      352.38,
      323.46,
      417.07,
      508.86,
      408.58,
      440.09,
      391.55,
      376.1,
      407.17,
      217.17,
      547.05,
      359.1,
      533.01,
      376.93,
      412.52,
      501.93,
      345.07,
      479.09,
      483.17
    ],
    "energy": [
      0.04203,
      0.045772,
      0.055562,
      0.0714,
      0.051897,
      0.055129,
      0.04923,
      0.032092,
      0.047738,
      0.052957,
      0.059494,
      0.044243,
      0.05029,
      0.027422,
      0.036247,
      0.027902,
      0.075615,
      0.064853,
      0.015592,
      0.061586,
      0.048799,
      0.038889,
      0.0534,
      0.048292,
      0.042235,
      0.039471,
      0.0579,
      0.016346
    ],
    "spectral_centroid": [
      1755.64,
      1841.18,
      1766.53,
      1691.58,
      1878.38,
      2107.67,
      2050.81,
      1736.87,
      2169.22,
      1323.13,
      1607.95,
      2118.78,
      1390.64,
      2971.25,
      2030.92,
      1854.21,
      1550.73,
      1642.49,
      1846.41,
      1848.72,
      2115.05,
      1886.14,
      1838.73,
      1949.81,
      1839.84,
      1836.6,
      1722.87,
      1261.43
    ]
  }
}