{
  "id": "90e6fabd-1a9d-46bd-9d91-3a5cab478bfe",
  "duration": 8.789,
  "pitch": {
    "mean": 549.98,
    "max": 2012.96,
    "std": 453.91,
    "max_mean_ratio": 3.66
  },
  "energy": {
    "mean": 0.092326,
    "max": 0.477081,
    "std": 0.08382,
    "rate_of_change": 0.053729
  },
  "speech_rate": {
    "chars_per_sec": 14.0,
    "words_per_sec": 2.51,
    "segment_count": 4
  },
  "spectral_centroid": {
    "mean": 2223.49
  },
  "timeseries": {
    "frame_sec": 0.5,
    "pitch": [
      538.4,
      487.22,
      479.95,
      683.53,
      146.68,
      224.28,
      463.25,
      579.83,
      736.15,
      506.99,
      576.93,
      557.95,
      425.49,
      1112.01,
      828.65,
      389.81,
      604.31,
      233.32
    ],
    "energy": [
      0.040114,
      0.071329,
      0.060399,
      0.165358,
      0.010168,
      0.008499,
      0.08158,
      0.059077,
      0.112881,
      0.077563,
      0.050567,
      0.120204,
      0.061879,
      0.183008,
      0.248163,
      0.100649,
      0.076704,
      0.017948
    ],
    "spectral_centroid": [
      3137.76,
      2975.68,
      2428.34,
      1581.49,
      1875.91,
      2043.29,
      1940.35,
      2665.63,
      1815.18,
      1926.76,
      2089.6,
      2063.6,
      2417.5,
      2277.71,
      1673.8,
      2327.45,
      2461.09,
      2110.46
    ]
  }
}