{
  "id": "90f3af42-00b8-4d98-937c-1bb1dd5b0b16",
  "duration": 8.747,
  "pitch": {
    "mean": 352.89,
    "max": 1712.02,
    "std": 307.51,
    "max_mean_ratio": 4.85
  },
  "energy": {
    "mean": 0.078572,
    "max": 0.27093,
    "std": 0.044576,
    "rate_of_change": 0.028843
  },
  "speech_rate": {
    "chars_per_sec": 12.56,
    "words_per_sec": 2.42,
    "segment_count": 5
  },
  "spectral_centroid": {
    "mean": 2011.36
  },
  "timeseries": {
    "frame_sec": 0.5,
    "pitch": [
      464.43,
      205.34,
      263.27,
      138.73,
      276.2,
      216.37,
      511.96,
      359.83,
      549.83,
      401.44,
      398.48,
      316.5,
      356.95,
      375.98,
      415.42,
      266.65,
      473.85,
      529.32
    ],
    "energy": [
      0.077533,
      0.058076,
      0.039335,
      0.066813,
      0.039684,
      0.042632,
      0.032667,
      0.062082,
      0.140981,
      0.064414,
      0.088013,
      0.089445,
      0.078986,
      0.055906,
      0.108204,
      0.131151,
      0.099113,
      0.063319
    ],
    "spectral_centroid": [
      2048.51,
      2169.88,
      2122.6,
      1944.39,
      1928.04,
      1857.21,
      1956.94,
      1815.79,
      1637.13,
      1780.86,
      2174.81,
      1864.15,
      2092.08,
      1951.52,
      2389.5,
      2404.86,
      2067.68,
      1828.54
    ]
  }
}