{
  "id": "911bbb6c-f63d-46f8-8d7b-3eece1c34b09",
  "duration": 7.488,
  "pitch": {
    "mean": 587.25,
    "max": 2069.9,
    "std": 424.56,
    "max_mean_ratio": 3.52
  },
  "energy": {
    "mean": 0.060774,
    "max": 0.212215,
    "std": 0.043595,
    "rate_of_change": 0.027441
  },
  "speech_rate": {
    "chars_per_sec": 17.02,
    "words_per_sec": 3.08,
    "segment_count": 4
  },
  "spectral_centroid": {
    "mean": 2149.83
  },
  "timeseries": {
    "frame_sec": 0.5,
    "pitch": [
      537.76,
      529.07,
      494.33,
      836.62,
      688.72,
      804.14,
      349.06,
      294.61,
      840.37,
      568.25,
      502.71,
      336.96,
      877.93,
      563.45,
      720.88
    ],
    "energy": [
      0.041079,
      0.06051,
      0.072461,
      0.065975,
      0.07407,
      0.008212,
      0.033155,
      0.061941,
      0.062401,
      0.047366,
      0.033962,
      0.055452,
      0.09396,
      0.104446,
      0.055483
    ],
    "spectral_centroid": [
      2193.18,
      1776.72,
      1856.99,
      1986.89,
      2281.03,
      2851.98,
      1878.25,
      2172.45,
      1956.94,
      2110.69,
      2140.88,
      2386.88,
      2223.42,
      2316.52,
      2147.1
    ]
  }
}