{
  "id": "9124bdcd-957d-49ef-9026-46e53756f90e",
  "duration": 13.269,
  "pitch": {
    "mean": 555.85,
    "max": 2088.15,
    "std": 499.35,
    "max_mean_ratio": 3.76
  },
  "energy": {
    "mean": 0.245704,
    "max": 0.672383,
    "std": 0.187749,
    "rate_of_change": 0.047282
  },
  "speech_rate": {
    "chars_per_sec": 12.69,
    "words_per_sec": 2.42,
    "segment_count": 6
  },
  "spectral_centroid": {
    "mean": 2144.62
  },
  "timeseries": {
    "frame_sec": 0.5,
    "pitch": [
      517.63,
      598.55,
      588.54,
      274.91,
      956.8,
      289.59,
      351.93,
      361.74,
      737.59,
      495.54,
      179.02,
      441.24,
      406.17,
      831.36,
      652.19,
      495.64,
      205.16,
      377.34,
      454.32,
      491.93,
      677.81,
      1253.19,
      561.12,
      548.53,
      717.03,
      629.95,
      555.27
    ],
    "energy": [
      0.172838,
      0.344494,
      0.201976,
      0.127117,
      0.276657,
      0.111423,
      0.054118,
      0.220908,
      0.337212,
      0.218311,
      0.198804,
      0.214477,
      0.146951,
      0.055201,
      0.055665,
      0.053465,
      0.074336,
      0.058882,
      0.086646,
      0.087328,
      0.450503,
      0.529602,
      0.528505,
      0.469837,
      0.407885,
      0.51104,
      0.459495
    ],
    "spectral_centroid": [
      3023.48,
      1775.87,
      1908.94,
      1744.88,
      2025.82,
      1687.38,
      1786.3,
      1982.29,
      2101.25,
      1812.74,
      1965.46,
      2093.47,
      2270.07,
      2221.23,
      1895.88,
      1972.24,
      2083.6,
      2241.9,
      2398.86,
      2156.9,
      2326.16,
      2542.3,
      2373.42,
      2552.51,
      2947.2,
      1954.67,
      1819.35
    ]
  }
}