{
  "id": "91a52b0f-cc66-483a-b2c9-b9d0527894b9",
  "duration": 13.461,
  "pitch": {
    "mean": 371.04,
    "max": 2057.01,
    "std": 313.38,
    "max_mean_ratio": 5.54
  },
  "energy": {
    "mean": 0.046337,
    "max": 0.176994,
    "std": 0.030468,
    "rate_of_change": 0.012134
  },
  "speech_rate": {
    "chars_per_sec": 12.2,
    "words_per_sec": 2.23,
    "segment_count": 3
  },
  "spectral_centroid": {
    "mean": 1797.25
  },
  "timeseries": {
    "frame_sec": 0.5,
    "pitch": [
      466.57,
      224.9,
      263.17,
      409.24,
      210.1,
      279.45,
      668.41,
      541.51,
      323.94,
      251.2,
      222.79,
      231.92,
      325.65,
      454.53,
      420.51,
      306.57,
      505.35,
      437.41,
      339.47,
      232.87,
      378.39,
      756.93,
      401.41,
      362.13,
      268.21,
      461.01,
      490.39
    ],
    "energy": [
      0.030694,
      0.017919,
      0.017726,
      0.024514,
      0.036195,
      0.041068,
      0.040779,
      0.051784,
      0.042578,
      0.01823,
      0.016986,
      0.01522,
      0.017618,
      0.027941,
      0.045832,
      0.044561,
      0.049221,
      0.048451,
      0.044889,
      0.050211,
      0.120521,
      0.044458,
      0.08735,
      0.058718,
      0.05743,
      0.088471,
      0.058765
    ],
    "spectral_centroid": [
      1552.96,
      1762.05,
      1740.57,
      1705.04,
      1942.45,
      1879.32,
      1916.95,
      1542.39,
      1567.58,
      1603.51,
      1726.23,
      1681.97,
      1693.85,
      1465.34,
      1838.88,
      2285.65,
      1993.85,
      2016.65,
      1875.0,
      2310.24,
      1707.74,
      1718.62,
      1523.92,
      1907.36,
      2003.72,
      1928.11,
      1595.18
    ]
  }
}