{
  "id": "91deb409-b7b5-427b-a3e5-61960afde9c8",
  "duration": 5.035,
  "pitch": {
    "mean": 353.61,
    "max": 874.03,
    "std": 178.93,
    "max_mean_ratio": 2.47
  },
  "energy": {
    "mean": 0.096631,
    "max": 0.221454,
    "std": 0.060251,
    "rate_of_change": 0.041726
  },
  "speech_rate": {
    "chars_per_sec": 12.35,
    "words_per_sec": 2.19,
    "segment_count": 3
  },
  "spectral_centroid": {
    "mean": 1967.93
  },
  "timeseries": {
    "frame_sec": 0.5,
    "pitch": [
      443.94,
      128.56,
      281.83,
      379.48,
      421.89,
      404.6,
      358.45,
      290.54,
      401.75,
      423.09,
      244.51
    ],
    "energy": [
      0.088422,
      0.014593,
      0.069007,
      0.087881,
      0.037367,
      0.129272,
      0.14342,
      0.116729,
      0.090327,
      0.152343,
      0.055117
    ],
    "spectral_centroid": [
      1725.53,
      2137.02,
      1815.96,
      1938.19,
      1839.91,
      2065.06,
      2006.78,
      1760.24,
      2603.1,
      1691.04,
      2470.02
    ]
  }
}