{
  "id": "91f63c64-6fb3-4385-a385-6eb3cf111562",
  "duration": 12.651,
  "pitch": {
    "mean": 420.93,
    "max": 1485.33,
    "std": 293.53,
    "max_mean_ratio": 3.53
  },
  "energy": {
    "mean": 0.045702,
    "max": 0.38203,
    "std": 0.053777,
    "rate_of_change": 0.029731
  },
  "speech_rate": {
    "chars_per_sec": 14.72,
    "words_per_sec": 2.37,
    "segment_count": 8
  },
  "spectral_centroid": {
    "mean": 2055.25
  },
  "timeseries": {
    "frame_sec": 0.5,
    "pitch": [
      364.5,
      414.44,
      465.52,
      396.66,
      340.92,
      524.73,
      379.99,
      698.81,
      370.26,
      298.25,
      158.02,
      151.63,
      428.53,
      474.97,
      347.64,
      241.76,
      391.57,
      610.1,
      455.51,
      347.51,
      451.13,
      394.86,
      679.43,
      574.24,
      593.14,
      642.06
    ],
    "energy": [
      0.028088,
      0.036597,
      0.019481,
      0.030431,
      0.026613,
      0.07165,
      0.024548,
      0.006426,
      0.016828,
      0.023894,
      0.018899,
      0.010785,
      0.01635,
      0.028589,
      0.027523,
      0.018025,
      0.041218,
      0.047567,
      0.054301,
      0.039526,
      0.031405,
      0.044844,
      0.204883,
      0.107727,
      0.065511,
      0.154775
    ],
    "spectral_centroid": [
      2058.77,
      1951.55,
      2075.14,
      2237.61,
      1851.48,
      1751.17,
      2151.25,
      2370.92,
      1926.43,
      2079.04,
      2329.07,
      2256.97,
      2104.45,
      2021.28,
      2106.12,
      1885.9,
      2016.23,
      1954.64,
      1934.82,
      1886.2,
      1872.56,
      2304.77,
      1870.94,
      2058.27,
      2503.09,
      1579.06
    ]
  }
}