{
  "id": "926f2132-dc24-4abe-ae7b-bdec68bc3805",
  "duration": 10.432,
  "pitch": {
    "mean": 333.85,
    "max": 789.21,
    "std": 210.76,
    "max_mean_ratio": 2.36
  },
  "energy": {
    "mean": 0.047426,
    "max": 0.156157,
    "std": 0.027615,
    "rate_of_change": 0.013814
  },
  "speech_rate": {
    "chars_per_sec": 11.71,
    "words_per_sec": 2.21,
    "segment_count": 4
  },
  "spectral_centroid": {
    "mean": 1927.55
  },
  "timeseries": {
    "frame_sec": 0.5,
    "pitch": [
      410.52,
      265.32,
      466.15,
      431.76,
      354.97,
      252.44,
      110.66,
      138.77,
      498.89,
      424.29,
      166.39,
      120.27,
      278.8,
      398.31,
      390.16,
      395.97,
      313.17,
      335.81,
      527.37,
      386.8,
      334.15
    ],
    "energy": [
      0.046001,
      0.031826,
      0.040245,
      0.038939,
      0.035027,
      0.02596,
      0.025916,
      0.018739,
      0.055591,
      0.050879,
      0.03854,
      0.030817,
      0.071256,
      0.08669,
      0.07649,
      0.047245,
      0.057135,
      0.056772,
      0.053856,
      0.016804,
      0.054953
    ],
    "spectral_centroid": [
      2199.29,
      2257.01,
      1832.73,
      1965.09,
      2157.36,
      1936.87,
      1491.55,
      1265.7,
      1830.56,
      1606.46,
      1925.74,
      1587.64,
      1755.65,
      2256.36,
      2386.97,
      2384.71,
      1895.13,
      2166.04,
      2114.6,
      1844.68,
      1498.92
    ]
  }
}