{
  "id": "929d1bd1-0c4a-4568-a2a1-f5d53554c676",
  "duration": 11.925,
  "pitch": {
    "mean": 507.14,
    "max": 1779.0,
    "std": 275.75,
    "max_mean_ratio": 3.51
  },
  "energy": {
    "mean": 0.074645,
    "max": 0.238271,
    "std": 0.034794,
    "rate_of_change": 0.019486
  },
  "speech_rate": {
    "chars_per_sec": 18.71,
    "words_per_sec": 2.85,
    "segment_count": 3
  },
  "spectral_centroid": {
    "mean": 1804.31
  },
  "timeseries": {
    "frame_sec": 0.5,
    "pitch": [
      537.64,
      523.69,
      630.71,
      483.51,
      605.65,
      630.05,
      407.47,
      268.47,
      229.15,
      554.74,
      365.51,
      523.76,
      259.85,
      539.07,
      457.76,
      905.27,
      169.33,
      491.06,
      569.29,
      459.49,
      654.39,
      575.81,
      538.87,
      529.4
    ],
    "energy": [
      0.077486,
      0.078966,
      0.070617,
      0.072766,
      0.084065,
      0.084082,
      0.061925,
      0.012062,
      0.043303,
      0.084515,
      0.065873,
      0.073065,
      0.062837,
      0.071941,
      0.067402,
      0.07933,
      0.015581,
      0.068892,
      0.080158,
      0.075818,
      0.117775,
      0.085565,
      0.081106,
      0.101258
    ],
    "spectral_centroid": [
      1366.67,
      1988.1,
      1478.31,
      1673.48,
      1729.9,
      1459.76,
      2052.39,
      2154.32,
      2287.47,
      1707.89,
      1964.56,
      1864.6,
      1982.94,
      1522.44,
      1857.59,
      1551.27,
      2016.31,
      1441.79,
      1655.87,
      2166.65,
      1693.11,
      2079.25,
      1955.29,
      1743.23
    ]
  }
}