{
  "id": "92ce7c85-64ee-45c9-b18e-d3d358d0d8ae",
  "duration": 4.949,
  "pitch": {
    "mean": 559.6,
    "max": 2075.78,
    "std": 572.05,
    "max_mean_ratio": 3.71
  },
  "energy": {
    "mean": 0.068409,
    "max": 0.180861,
    "std": 0.050997,
    "rate_of_change": 0.035147
  },
  "speech_rate": {
    "chars_per_sec": 14.55,
    "words_per_sec": 2.38,
    "segment_count": 4
  },
  "spectral_centroid": {
    "mean": 2310.94
  },
  "timeseries": {
    "frame_sec": 0.5,
    "pitch": [
      277.16,
      395.68,
      217.84,
      457.87,
      401.67,
      657.91,
      189.13,
      501.86,
      1272.31,
      1345.56
    ],
    "energy": [
      0.079934,
      0.074925,
      0.024548,
      0.123751,
      0.099638,
      0.049291,
      0.022166,
      0.125367,
      0.024276,
      0.024571
    ],
    "spectral_centroid": [
      2360.8,
      2041.37,
      3117.19,
      2553.64,
      1674.07,
      1926.4,
      2783.43,
      1942.02,
      2426.2,
      2254.92
    ]
  }
}