{
  "id": "92dda298-a605-4e3a-b2f1-468476f92c38",
  "duration": 7.723,
  "pitch": {
    "mean": 367.6,
    "max": 854.51,
    "std": 199.48,
    "max_mean_ratio": 2.32
  },
  "energy": {
    "mean": 0.062038,
    "max": 0.174857,
    "std": 0.037135,
    "rate_of_change": 0.021858
  },
  "speech_rate": {
    "chars_per_sec": 14.1,
    "words_per_sec": 3.0,
    "segment_count": 4
  },
  "spectral_centroid": {
    "mean": 1647.94
  },
  "timeseries": {
    "frame_sec": 0.5,
    "pitch": [
      521.77,
      451.2,
      386.46,
      512.86,
      420.26,
      402.76,
      387.08,
      140.27,
      181.38,
      325.58,
      162.78,
      411.94,
      451.49,
      328.81,
      391.25,
      554.05
    ],
    "energy": [
      0.073673,
      0.058909,
      0.046297,
      0.059281,
      0.059972,
      0.066639,
      0.039836,
      0.009182,
      0.032543,
      0.055669,
      0.022917,
      0.079447,
      0.098456,
      0.072162,
      0.08413,
      0.119294
    ],
    "spectral_centroid": [
      1321.08,
      1541.41,
      1384.17,
      1060.96,
      1872.53,
      1802.92,
      1939.42,
      1596.7,
      1652.26,
      1242.01,
      1568.23,
      2048.19,
      2057.81,
      2052.58,
      1704.23,
      1427.64
    ]
  }
}