{
  "id": "934c2fb7-3dea-4515-931b-f2a3a929035c",
  "duration": 14.763,
  "pitch": {
    "mean": 417.11,
    "max": 1196.32,
    "std": 210.74,
    "max_mean_ratio": 2.87
  },
  "energy": {
    "mean": 0.086436,
    "max": 0.284314,
    "std": 0.049217,
    "rate_of_change": 0.018387
  },
  "speech_rate": {
    "chars_per_sec": 11.19,
    "words_per_sec": 1.97,
    "segment_count": 9
  },
  "spectral_centroid": {
    "mean": 2135.95
  },
  "timeseries": {
    "frame_sec": 0.5,
    "pitch": [
      371.55,
      286.91,
      404.8,
      524.86,
      458.33,
      470.92,
      261.87,
      441.09,
      545.95,
      455.06,
      355.54,
      508.53,
      347.17,
      277.92,
      570.19,
      337.68,
      505.4,
      395.95,
      378.85,
      389.65,
      207.79,
      148.17,
      328.84,
      480.69,
      259.11,
      517.24,
      526.28,
      441.6,
      533.42,
      665.19
    ],
    "energy": [
      0.037341,
      0.043983,
      0.076432,
      0.073344,
      0.069615,
      0.061376,
      0.031791,
      0.159963,
      0.114149,
      0.094107,
      0.108599,
      0.090037,
      0.083232,
      0.034839,
      0.086084,
      0.080834,
      0.107442,
      0.051471,
      0.078514,
      0.100129,
      0.02507,
      0.034236,
      0.065579,
      0.083158,
      0.050411,
      0.142245,
      0.170275,
      0.106355,
      0.112128,
      0.135355
    ],
    "spectral_centroid": [
      2289.17,
      2830.88,
      2330.23,
      1737.04,
      2124.96,
      1889.11,
      1863.3,
      2368.62,
      2218.82,
      2101.7,
      1678.58,
      2285.86,
      2029.62,
      2182.53,
      2394.38,
      1971.49,
      1940.98,
      1680.73,
      2459.34,
      2056.03,
      2410.95,
      2046.32,
      1905.3,
      2672.78,
      2345.16,
      1578.36,
      1658.98,
      2135.19,
      2466.42,
      2585.06
    ]
  }
}