{
  "id": "93887db6-6098-4205-b9b9-5647c8253dcb",
  "duration": 30.336,
  "pitch": {
    "mean": 434.37,
    "max": 2070.91,
    "std": 341.08,
    "max_mean_ratio": 4.77
  },
  "energy": {
    "mean": 0.046009,
    "max": 0.141726,
    "std": 0.028644,
    "rate_of_change": 0.004423
  },
  "speech_rate": {
    "chars_per_sec": 13.85,
    "words_per_sec": 2.47,
    "segment_count": 18
  },
  "spectral_centroid": {
    "mean": 1953.43
  },
  "timeseries": {
    "frame_sec": 0.5,
    "pitch": [
      154.71,
      98.15,
      153.15,
      144.19,
      259.25,
      321.03,
      462.79,
      546.44,
      193.12,
      548.78,
      754.42,
      448.55,
      249.59,
      491.59,
      471.87,
      355.96,
      239.81,
      365.02,
      135.51,
      194.02,
      377.47,
      553.5,
      116.66,
      141.96,
      419.26,
      298.6,
      132.72,
      421.8,
      472.86,
      125.76,
      122.73,
      247.53,
      449.25,
      755.53,
      196.12,
      524.65,
      565.52,
      729.69,
      568.71,
      551.53,
      435.19,
      883.01,
      299.42,
      259.23,
      635.28,
      650.33,
      979.75,
      503.07,
      333.48,
      587.13,
      422.04,
      476.88,
      644.54,
      758.84,
      830.28,
      514.37,
      831.81,
      859.71,
      420.73,
      429.29,
      590.17
    ],
    "energy": [
      0.023,
      0.025184,
      0.020336,
      0.019615,
      0.025754,
      0.029924,
      0.03368,
      0.063379,
      0.03334,
      0.073128,
      0.086683,
      0.05944,
      0.0485,
      0.07233,
      0.033008,
      0.046552,
      0.019181,
      0.014294,
      0.015426,
      0.024388,
      0.037856,
      0.04859,
      0.020162,
      0.022127,
      0.036648,
      0.042535,
      0.025592,
      0.053937,
      0.048934,
      0.009259,
      0.013966,
      0.020824,
      0.047516,
      0.055451,
      0.031068,
      0.036934,
      0.056377,
      0.087203,
      0.062511,
      0.055739,
      0.060658,
      0.072634,
      0.011246,
      0.011348,
      0.052634,
      0.049776,
      0.055233,
      0.046795,
      0.031605,
      0.045364,
      0.041359,
      0.055915,
      0.074271,
      0.097201,
      0.070161,
      0.064629,
      0.067787,
      0.044055,
      0.057812,
      0.051358,
      0.027729
    ],
    "spectral_centroid": [
      1899.74,
      1537.53,
      1765.93,
      1810.72,
      1971.53,
      2876.95,
      2300.11,
      2330.25,
      1911.57,
      1963.06,
      1883.84,
      1809.52,
      1955.95,
      1912.94,
      1833.05,
      1762.67,
      2081.06,
      1981.35,
      1895.62,
      1843.24,
      2090.77,
      2059.24,
      1505.71,
      1581.43,
      1901.42,
      1610.8,
      1716.05,
      2015.65,
      2161.25,
      1856.18,
      1945.07,
      1858.12,
      2069.9,
      2082.88,
      1892.86,
      2032.58,
      2020.71,
      2022.06,
      2104.15,
      2105.11,
      2150.18,
      2150.24,
      1847.59,
      1823.19,
      2390.4,
      1963.65,
      2019.43,
      2256.09,
      1552.87,
      1480.34,
      1908.53,
      1416.61,
      1744.33,
      2001.78,
      2031.45,
      2149.19,
      2415.63,
      2151.79,
      1545.23,
      2146.96,
      1892.48
    ]
  }
}