{
  "id": "93aac521-df8d-43fe-a9b6-b4a6e32c8322",
  "duration": 11.371,
  "pitch": {
    "mean": 430.63,
    "max": 2057.12,
    "std": 365.94,
    "max_mean_ratio": 4.78
  },
  "energy": {
    "mean": 0.078524,
    "max": 0.115005,
    "std": 0.021197,
    "rate_of_change": 0.008835
  },
  "speech_rate": {
    "chars_per_sec": 23.68,
    "words_per_sec": 4.58,
    "segment_count": 3
  },
  "spectral_centroid": {
    "mean": 1997.64
  },
  "timeseries": {
    "frame_sec": 0.5,
    "pitch": [
      357.11,
      381.47,
      359.62,
      359.16,
      412.71,
      343.34,
      332.02,
      420.54,
      375.69,
      326.9,
      412.99,
      426.4,
      593.09,
      712.67,
      350.8,
      344.7,
      367.92,
      699.03,
      319.19,
      387.91,
      474.91,
      890.82,
      302.53
    ],
    "energy": [
      0.077261,
      0.085907,
      0.082338,
      0.077837,
      0.08746,
      0.07975,
      0.078657,
      0.075878,
      0.073374,
      0.07661,
      0.074673,
      0.069844,
      0.071072,
      0.079396,
      0.080327,
      0.08503,
      0.06635,
      0.070713,
      0.018858,
      0.084994,
      0.075599,
      0.082899,
      0.073141
    ],
    "spectral_centroid": [
      1777.98,
      1717.76,
      1652.89,
      1902.22,
      1458.55,
      1481.35,
      1974.74,
      2197.63,
      2078.26,
      2186.86,
      1971.99,
      2208.2,
      1813.45,
      2010.11,
      2251.34,
      1851.77,
      2389.27,
      1969.45,
      2275.06,
      1573.29,
      2537.23,
      1891.7,
      3001.31
    ]
  }
}