{
  "id": "93d70727-35ef-4135-bd15-4d39fb69cccd",
  "duration": 10.091,
  "pitch": {
    "mean": 475.92,
    "max": 2076.49,
    "std": 456.57,
    "max_mean_ratio": 4.36
  },
  "energy": {
    "mean": 0.093437,
    "max": 0.26012,
    "std": 0.064135,
    "rate_of_change": 0.024843
  },
  "speech_rate": {
    "chars_per_sec": 11.11,
    "words_per_sec": 1.88,
    "segment_count": 4
  },
  "spectral_centroid": {
    "mean": 2465.95
  },
  "timeseries": {
    "frame_sec": 0.5,
    "pitch": [
      407.13,
      450.36,
      288.03,
      521.24,
      366.0,
      589.34,
      271.43,
      174.03,
      119.45,
      340.09,
      627.67,
      979.95,
      740.73,
      678.26,
      939.81,
      232.43,
      651.72,
      147.14,
      302.69,
      440.4,
      125.99
    ],
    "energy": [
      0.071355,
      0.091552,
      0.076019,
      0.138304,
      0.082537,
      0.099372,
      0.058096,
      0.031318,
      0.024504,
      0.076989,
      0.163469,
      0.168717,
      0.123945,
      0.121258,
      0.146793,
      0.055924,
      0.100834,
      0.015613,
      0.062624,
      0.096831,
      0.009965
    ],
    "spectral_centroid": [
      2757.69,
      2690.63,
      2617.31,
      2443.69,
      2204.59,
      2245.77,
      2734.36,
      2030.06,
      1849.63,
      2202.88,
      3120.87,
      2438.24,
      2269.25,
      2783.94,
      2412.02,
      3075.5,
      2222.48,
      2008.82,
      2643.55,
      2680.74,
      2106.67
    ]
  }
}