{
  "id": "9483172e-4a3d-4233-96a6-1adc49f06d02",
  "duration": 7.979,
  "pitch": {
    "mean": 306.99,
    "max": 1347.78,
    "std": 273.11,
    "max_mean_ratio": 4.39
  },
  "energy": {
    "mean": 0.022915,
    "max": 0.136613,
    "std": 0.026215,
    "rate_of_change": 0.016731
  },
  "speech_rate": {
    "chars_per_sec": 8.42,
    "words_per_sec": 1.28,
    "segment_count": 3
  },
  "spectral_centroid": {
    "mean": 1838.94
  },
  "timeseries": {
    "frame_sec": 0.5,
    "pitch": [
      314.96,
      231.02,
      367.29,
      119.62,
      139.87,
      112.48,
      89.53,
      190.64,
      551.61,
      526.26,
      405.13,
      459.0,
      494.91,
      292.09,
      386.29,
      281.79
    ],
    "energy": [
      0.011993,
      0.01105,
      0.009405,
      0.003557,
      0.003655,
      0.003976,
      0.004609,
      0.011477,
      0.088163,
      0.026154,
      0.044962,
      0.01969,
      0.00872,
      0.044887,
      0.026117,
      0.031097
    ],
    "spectral_centroid": [
      1595.15,
      1562.17,
      1725.49,
      1615.39,
      1649.62,
      2207.46,
      2033.87,
      1954.9,
      1365.95,
      1654.43,
      1586.07,
      1827.04,
      2394.1,
      2097.77,
      2142.16,
      1974.74
    ]
  }
}