{
  "id": "94d1e002-5b3d-4d79-8c9d-80c0b393d454",
  "duration": 10.496,
  "pitch": {
    "mean": 304.24,
    "max": 2080.56,
    "std": 447.02,
    "max_mean_ratio": 6.84
  },
  "energy": {
    "mean": 0.042337,
    "max": 0.093011,
    "std": 0.018498,
    "rate_of_change": 0.007696
  },
  "speech_rate": {
    "chars_per_sec": 0.0,
    "words_per_sec": 0.0,
    "segment_count": 0
  },
  "spectral_centroid": {
    "mean": 2376.24
  },
  "timeseries": {
    "frame_sec": 0.5,
    "pitch": [
      562.03,
      341.06,
      419.07,
      463.91,
      479.64,
      447.06,
      336.35,
      215.51,
      197.92,
      237.68,
      180.5,
      133.07,
      132.85,
      320.1,
      752.45,
      154.17,
      112.98,
      128.97,
      372.94,
      336.99,
      166.14
    ],
    "energy": [
      0.022493,
      0.027385,
      0.058209,
      0.053131,
      0.035866,
      0.042037,
      0.032673,
      0.023897,
      0.025374,
      0.028438,
      0.032541,
      0.030846,
      0.042884,
      0.059927,
      0.056443,
      0.025925,
      0.029338,
      0.038892,
      0.068351,
      0.05991,
      0.058333
    ],
    "spectral_centroid": [
      2471.54,
      2083.37,
      2188.46,
      2327.39,
      2219.96,
      2561.78,
      2175.48,
      2534.58,
      2443.45,
      2346.51,
      2633.63,
      2691.51,
      2284.51,
      2154.27,
      2642.36,
      2441.32,
      2217.34,
      2235.57,
      2251.74,
      2451.03,
      2495.18
    ]
  }
}