{
  "id": "94d22250-1183-47b8-9ee7-cdec8b7beb7e",
  "duration": 13.888,
  "pitch": {
    "mean": 552.61,
    "max": 1967.08,
    "std": 411.98,
    "max_mean_ratio": 3.56
  },
  "energy": {
    "mean": 0.103618,
    "max": 0.329826,
    "std": 0.070548,
    "rate_of_change": 0.023378
  },
  "speech_rate": {
    "chars_per_sec": 18.87,
    "words_per_sec": 3.43,
    "segment_count": 11
  },
  "spectral_centroid": {
    "mean": 1949.9
  },
  "timeseries": {
    "frame_sec": 0.5,
    "pitch": [
      1103.08,
      751.73,
      352.56,
      555.03,
      500.68,
      619.18,
      750.93,
      535.94,
      463.22,
      643.98,
      397.75,
      466.68,
      355.24,
      414.95,
      438.02,
      546.84,
      151.33,
      329.51,
      585.52,
      854.17,
      834.28,
      523.01,
      1556.21,
      800.05,
      178.31,
      192.02,
      177.82,
      183.59
    ],
    "energy": [
      0.162184,
      0.108134,
      0.077765,
      0.073106,
      0.10453,
      0.125466,
      0.108769,
      0.129879,
      0.091943,
      0.108189,
      0.086903,
      0.08705,
      0.060479,
      0.066481,
      0.077325,
      0.105731,
      0.027422,
      0.092762,
      0.24552,
      0.194273,
      0.187359,
      0.127017,
      0.178307,
      0.060434,
      0.011413,
      0.014827,
      0.029413,
      0.015763
    ],
    "spectral_centroid": [
      2481.62,
      2503.69,
      1627.88,
      1644.93,
      1635.92,
      1868.58,
      1716.78,
      1812.6,
      2106.53,
      1992.27,
      1598.47,
      1677.72,
      1646.96,
      1874.01,
      1602.13,
      1497.64,
      2174.71,
      2345.27,
      1481.54,
      1948.1,
      2477.02,
      2540.26,
      2187.02,
      1965.81,
      1954.7,
      2238.99,
      1665.79,
      2253.71
    ]
  }
}