{
  "id": "95b7b23c-d205-43ae-9408-75cea21fb432",
  "duration": 10.944,
  "pitch": {
    "mean": 425.8,
    "max": 1987.83,
    "std": 299.3,
    "max_mean_ratio": 4.67
  },
  "energy": {
    "mean": 0.049452,
    "max": 0.133787,
    "std": 0.030351,
    "rate_of_change": 0.011751
  },
  "speech_rate": {
    "chars_per_sec": 13.64,
    "words_per_sec": 2.84,
    "segment_count": 8
  },
  "spectral_centroid": {
    "mean": 1826.09
  },
  "timeseries": {
    "frame_sec": 0.5,
    "pitch": [
      332.49,
      268.14,
      114.39,
      223.77,
      295.44,
      347.61,
      443.29,
      508.03,
      593.97,
      365.66,
      466.49,
      501.51,
      508.11,
      441.16,
      309.51,
      385.03,
      627.27,
      546.17,
      554.34,
      532.5,
      478.11,
      186.48
    ],
    "energy": [
      0.035663,
      0.031827,
      0.008248,
      0.025859,
      0.019632,
      0.027366,
      0.049855,
      0.066235,
      0.04686,
      0.051459,
      0.060194,
      0.041271,
      0.04382,
      0.048729,
      0.030689,
      0.05637,
      0.089888,
      0.074178,
      0.071589,
      0.054265,
      0.083746,
      0.020346
    ],
    "spectral_centroid": [
      1635.71,
      1837.21,
      1570.99,
      1467.36,
      1445.45,
      1778.98,
      1854.8,
      2460.8,
      2108.97,
      1984.07,
      2372.49,
      2181.96,
      1538.23,
      1663.43,
      1393.52,
      1934.13,
      1730.75,
      1988.36,
      1977.31,
      1144.91,
      1741.01,
      2330.15
    ]
  }
}