{
  "id": "9620cb6a-cc59-4543-8f3b-d395bfcb95a6",
  "duration": 5.781,
  "pitch": {
    "mean": 371.95,
    "max": 867.49,
    "std": 201.66,
    "max_mean_ratio": 2.33
  },
  "energy": {
    "mean": 0.24054,
    "max": 0.657012,
    "std": 0.174697,
    "rate_of_change": 0.109633
  },
  "speech_rate": {
    "chars_per_sec": 18.86,
    "words_per_sec": 3.56,
    "segment_count": 1
  },
  "spectral_centroid": {
    "mean": 2006.91
  },
  "timeseries": {
    "frame_sec": 0.5,
    "pitch": [
      500.14,
      407.19,
      211.22,
      344.92,
      282.4,
      504.4,
      258.31,
      284.53,
      329.83,
      446.34,
      410.98,
      429.85
    ],
    "energy": [
      0.194126,
      0.152416,
      0.050235,
      0.360088,
      0.127565,
      0.370918,
      0.130299,
      0.124896,
      0.360574,
      0.436125,
      0.247151,
      0.153619
    ],
    "spectral_centroid": [
      1288.24,
      1438.27,
      1735.71,
      1593.83,
      1620.17,
      1523.93,
      2427.07,
      2849.35,
      2772.12,
      1840.17,
      2441.09,
      2917.5
    ]
  }
}