{
  "id": "96202228-5626-4a20-85ae-13e5342f9adb",
  "duration": 9.664,
  "pitch": {
    "mean": 524.41,
    "max": 1916.29,
    "std": 300.21,
    "max_mean_ratio": 3.65
  },
  "energy": {
    "mean": 0.025025,
    "max": 0.065143,
    "std": 0.014138,
    "rate_of_change": 0.006105
  },
  "speech_rate": {
    "chars_per_sec": 20.88,
    "words_per_sec": 3.82,
    "segment_count": 7
  },
  "spectral_centroid": {
    "mean": 1786.12
  },
  "timeseries": {
    "frame_sec": 0.5,
    "pitch": [
      574.78,
      401.81,
      414.71,
      375.7,
      681.28,
      661.29,
      453.2,
      380.22,
      363.78,
      277.26,
      549.6,
      483.34,
      589.66,
      519.33,
      535.84,
      440.2,
      704.53,
      745.09,
      605.49,
      715.27
    ],
    "energy": [
      0.009751,
      0.017063,
      0.009136,
      0.013999,
      0.025767,
      0.027553,
      0.013084,
      0.010631,
      0.015369,
      0.012965,
      0.034688,
      0.029359,
      0.042583,
      0.051938,
      0.032728,
      0.031266,
      0.023454,
      0.023147,
      0.029246,
      0.0264
    ],
    "spectral_centroid": [
      1972.9,
      2044.64,
      1719.86,
      2011.1,
      1795.45,
      1854.35,
      1885.94,
      1638.09,
      1674.94,
      2095.19,
      1831.34,
      1478.26,
      1752.3,
      1822.85,
      1575.66,
      1676.33,
      1570.15,
      1770.45,
      1779.09,
      1519.4
    ]
  }
}