{
  "id": "966fec59-f0f8-4fcd-b932-f93b48726b2f",
  "duration": 16.491,
  "pitch": {
    "mean": 340.82,
    "max": 1698.37,
    "std": 241.44,
    "max_mean_ratio": 4.98
  },
  "energy": {
    "mean": 0.074984,
    "max": 0.270542,
    "std": 0.051246,
    "rate_of_change": 0.015893
  },
  "speech_rate": {
    "chars_per_sec": 8.74,
    "words_per_sec": 1.4,
    "segment_count": 5
  },
  "spectral_centroid": {
    "mean": 1818.79
  },
  "timeseries": {
    "frame_sec": 0.5,
    "pitch": [
      333.37,
      598.12,
      383.7,
      351.52,
      482.71,
      347.87,
      123.54,
      305.22,
      432.71,
      547.57,
      486.18,
      335.87,
      486.36,
      331.48,
      309.63,
      416.4,
      361.2,
      518.76,
      391.62,
      296.71,
      374.65,
      195.54,
      101.91,
      164.12,
      291.48,
      371.32,
      208.66,
      118.49,
      120.63,
      172.47,
      383.16,
      223.03,
      532.83
    ],
    "energy": [
      0.123553,
      0.143461,
      0.102956,
      0.09154,
      0.116894,
      0.03413,
      0.016624,
      0.096633,
      0.109049,
      0.072676,
      0.119965,
      0.074326,
      0.078182,
      0.082391,
      0.078424,
      0.065119,
      0.057562,
      0.099234,
      0.090266,
      0.055471,
      0.054596,
      0.011635,
      0.016006,
      0.018634,
      0.061897,
      0.081969,
      0.061088,
      0.029433,
      0.029673,
      0.061097,
      0.07636,
      0.051205,
      0.091169
    ],
    "spectral_centroid": [
      1898.88,
      1667.97,
      2579.67,
      2545.16,
      2043.34,
      1658.35,
      1623.91,
      1888.51,
      1220.47,
      1388.78,
      1647.44,
      2163.0,
      1524.07,
      1559.6,
      1903.6,
      1845.69,
      1950.51,
      2083.24,
      1741.26,
      2049.17,
      1808.12,
      1754.19,
      1400.98,
      1402.56,
      1478.03,
      1400.04,
      1835.79,
      1491.98,
      1816.12,
      1842.3,
      2212.54,
      2750.08,
      1769.58
    ]
  }
}