{
  "id": "97892ea1-ab88-4de0-bad8-972cd9e2e7fa",
  "duration": 10.411,
  "pitch": {
    "mean": 427.75,
    "max": 2079.52,
    "std": 346.68,
    "max_mean_ratio": 4.86
  },
  "energy": {
    "mean": 0.060095,
    "max": 0.209076,
    "std": 0.045796,
    "rate_of_change": 0.019773
  },
  "speech_rate": {
    "chars_per_sec": 10.57,
    "words_per_sec": 2.03,
    "segment_count": 6
  },
  "spectral_centroid": {
    "mean": 2077.34
  },
  "timeseries": {
    "frame_sec": 0.5,
    "pitch": [
      367.22,
      359.74,
      605.74,
      487.45,
      123.85,
      335.09,
      443.52,
      384.83,
      158.21,
      476.67,
      306.14,
      527.6,
      675.38,
      678.8,
      221.05,
      111.43,
      431.22,
      886.76,
      650.5,
      506.74,
      204.81
    ],
    "energy": [
      0.05836,
      0.072391,
      0.082251,
      0.041653,
      0.009045,
      0.064966,
      0.058537,
      0.041294,
      0.010402,
      0.074215,
      0.025186,
      0.093662,
      0.068274,
      0.060431,
      0.009185,
      0.006732,
      0.0906,
      0.081886,
      0.128603,
      0.088237,
      0.028495
    ],
    "spectral_centroid": [
      2405.04,
      2240.72,
      1641.72,
      2038.06,
      2222.08,
      2623.82,
      1963.43,
      2167.23,
      2009.08,
      1888.35,
      1859.87,
      1789.86,
      1807.8,
      1790.0,
      1460.92,
      2467.93,
      2469.15,
      2102.91,
      2352.66,
      1856.28,
      2614.42
    ]
  }
}