{
  "id": "97aef7a7-d5c0-4b89-9c93-79b2d7b91e84",
  "duration": 8.491,
  "pitch": {
    "mean": 627.97,
    "max": 2026.65,
    "std": 449.66,
    "max_mean_ratio": 3.23
  },
  "energy": {
    "mean": 0.12553,
    "max": 0.44092,
    "std": 0.101419,
    "rate_of_change": 0.051387
  },
  "speech_rate": {
    "chars_per_sec": 12.63,
    "words_per_sec": 2.5,
    "segment_count": 6
  },
  "spectral_centroid": {
    "mean": 1989.28
  },
  "timeseries": {
    "frame_sec": 0.5,
    "pitch": [
      588.96,
      395.03,
      758.09,
      493.04,
      249.69,
      440.81,
      791.03,
      376.17,
      500.05,
      710.87,
      641.86,
      1321.61,
      553.91,
      719.43,
      865.77,
      616.33,
      672.03
    ],
    "energy": [
      0.099049,
      0.057918,
      0.083314,
      0.103283,
      0.014597,
      0.075142,
      0.094952,
      0.05792,
      0.087173,
      0.208684,
      0.217095,
      0.181335,
      0.226055,
      0.037468,
      0.165033,
      0.217547,
      0.120798
    ],
    "spectral_centroid": [
      1881.39,
      1965.25,
      2338.12,
      1813.48,
      1736.8,
      2024.45,
      1745.95,
      1879.1,
      2017.3,
      1498.99,
      1682.15,
      2189.16,
      2596.73,
      1960.54,
      2756.06,
      1960.02,
      1734.26
    ]
  }
}