{
  "id": "97cf5696-0537-48ee-91be-5b26d3e0d401",
  "duration": 22.037,
  "pitch": {
    "mean": 517.52,
    "max": 2077.31,
    "std": 370.79,
    "max_mean_ratio": 4.01
  },
  "energy": {
    "mean": 0.068612,
    "max": 0.162812,
    "std": 0.038132,
    "rate_of_change": 0.00724
  },
  "speech_rate": {
    "chars_per_sec": 13.01,
    "words_per_sec": 2.46,
    "segment_count": 5
  },
  "spectral_centroid": {
    "mean": 2010.86
  },
  "timeseries": {
    "frame_sec": 0.5,
    "pitch": [
      443.3,
      557.82,
      565.01,
      431.01,
      838.46,
      460.72,
      563.06,
      466.85,
      555.84,
      428.24,
      273.85,
      465.97,
      338.73,
      474.48,
      390.96,
      485.93,
      766.46,
      315.83,
      372.41,
      425.64,
      534.83,
      166.07,
      377.89,
      1075.55,
      494.65,
      524.67,
      538.03,
      637.33,
      692.18,
      133.61,
      726.75,
      697.92,
      540.17,
      417.19,
      899.86,
      315.11,
      448.61,
      742.86,
      645.22,
      434.83,
      540.11,
      301.03,
      568.33,
      596.3,
      147.16
    ],
    "energy": [
      0.06561,
      0.078701,
      0.066849,
      0.081744,
      0.065051,
      0.086763,
      0.085744,
      0.054073,
      0.105392,
      0.050386,
      0.043426,
      0.080548,
      0.056652,
      0.051566,
      0.065004,
      0.064602,
      0.078469,
      0.008679,
      0.085513,
      0.072194,
      0.067858,
      0.006462,
      0.057017,
      0.083284,
      0.060511,
      0.059868,
      0.08344,
      0.077788,
      0.111729,
      0.007585,
      0.068009,
      0.094704,
      0.068073,
      0.062524,
      0.057462,
      0.004682,
      0.032731,
      0.107629,
      0.098146,
      0.077233,
      0.085858,
      0.044837,
      0.056625,
      0.066112,
      0.002497
    ],
    "spectral_centroid": [
      1946.34,
      2117.3,
      1574.15,
      1871.94,
      1739.6,
      2220.29,
      2248.29,
      1803.42,
      2035.55,
      2001.92,
      1768.93,
      1664.66,
      2359.31,
      1819.72,
      1945.7,
      1712.13,
      2235.22,
      1834.1,
      2430.02,
      2386.24,
      1900.86,
      1383.73,
      1639.65,
      2053.34,
      1785.88,
      2821.44,
      1878.0,
      2653.39,
      2356.67,
      1728.3,
      2151.5,
      2252.21,
      1868.01,
      2072.41,
      2300.78,
      1443.09,
      1792.09,
      1850.23,
      2559.38,
      2260.7,
      2113.37,
      2307.85,
      1641.14,
      2106.79,
      1792.41
    ]
  }
}