{
  "id": "98395007-666b-4154-ba8a-aea1b55a547a",
  "duration": 10.453,
  "pitch": {
    "mean": 475.46,
    "max": 2056.39,
    "std": 400.74,
    "max_mean_ratio": 4.33
  },
  "energy": {
    "mean": 0.070872,
    "max": 0.223007,
    "std": 0.050162,
    "rate_of_change": 0.020913
  },
  "speech_rate": {
    "chars_per_sec": 16.38,
    "words_per_sec": 3.07,
    "segment_count": 3
  },
  "spectral_centroid": {
    "mean": 2159.91
  },
  "timeseries": {
    "frame_sec": 0.5,
    "pitch": [
      507.62,
      187.9,
      442.64,
      259.8,
      398.85,
      243.51,
      124.08,
      549.49,
      410.08,
      699.27,
      685.36,
      465.04,
      594.23,
      333.12,
      760.09,
      330.45,
      880.73,
      496.92,
      616.63,
      573.7,
      591.67
    ],
    "energy": [
      0.090588,
      0.008169,
      0.008978,
      0.005789,
      0.007359,
      0.007859,
      0.01678,
      0.09387,
      0.06954,
      0.074737,
      0.083007,
      0.097803,
      0.085468,
      0.070523,
      0.096981,
      0.08378,
      0.116991,
      0.148456,
      0.088674,
      0.091631,
      0.082811
    ],
    "spectral_centroid": [
      1522.14,
      1995.21,
      2252.04,
      2140.86,
      2627.48,
      2273.79,
      1432.59,
      2110.94,
      2114.34,
      2092.37,
      2542.07,
      2047.39,
      2240.92,
      2586.24,
      2393.33,
      2466.22,
      1972.98,
      2665.64,
      2196.97,
      1482.29,
      2150.65
    ]
  }
}