{
  "id": "9886ae63-a660-4b33-a578-7b74cde65e7b",
  "duration": 9.664,
  "pitch": {
    "mean": 399.94,
    "max": 992.43,
    "std": 239.6,
    "max_mean_ratio": 2.48
  },
  "energy": {
    "mean": 0.028781,
    "max": 0.112613,
    "std": 0.024313,
    "rate_of_change": 0.011114
  },
  "speech_rate": {
    "chars_per_sec": 19.16,
    "words_per_sec": 3.97,
    "segment_count": 2
  },
  "spectral_centroid": {
    "mean": 1840.43
  },
  "timeseries": {
    "frame_sec": 0.5,
    "pitch": [
      346.31,
      384.17,
      469.58,
      617.22,
      391.83,
      380.5,
      280.5,
      295.27,
      335.16,
      396.64,
      505.57,
      312.41,
      450.82,
      388.15,
      313.26,
      375.89,
      373.65,
      568.22,
      514.6,
      537.05
    ],
    "energy": [
      0.012204,
      0.022064,
      0.025606,
      0.029694,
      0.020229,
      0.020961,
      0.010607,
      0.018798,
      0.024945,
      0.026292,
      0.010157,
      0.019993,
      0.026609,
      0.019992,
      0.017194,
      0.021482,
      0.022449,
      0.062794,
      0.099686,
      0.05458
    ],
    "spectral_centroid": [
      1500.67,
      1623.35,
      1974.63,
      1984.24,
      1892.45,
      2109.3,
      1807.79,
      2604.11,
      1634.61,
      1591.62,
      1620.18,
      1897.11,
      1319.28,
      1641.76,
      2613.25,
      1915.97,
      2277.75,
      1589.78,
      1450.89,
      1425.22
    ]
  }
}