{
  "id": "98a25dde-3192-4a55-ab2f-09a36e41ee02",
  "duration": 6.827,
  "pitch": {
    "mean": 420.53,
    "max": 1961.17,
    "std": 242.1,
    "max_mean_ratio": 4.66
  },
  "energy": {
    "mean": 0.065267,
    "max": 0.185476,
    "std": 0.039491,
    "rate_of_change": 0.026555
  },
  "speech_rate": {
    "chars_per_sec": 13.31,
    "words_per_sec": 2.11,
    "segment_count": 4
  },
  "spectral_centroid": {
    "mean": 1932.56
  },
  "timeseries": {
    "frame_sec": 0.5,
    "pitch": [
      428.82,
      280.28,
      357.67,
      483.67,
      283.12,
      450.93,
      456.52,
      392.42,
      414.75,
      795.21,
      510.17,
      392.35,
      330.33,
      724.81
    ],
    "energy": [
      0.067057,
      0.036091,
      0.049747,
      0.066646,
      0.089634,
      0.101871,
      0.069208,
      0.083139,
      0.04712,
      0.063027,
      0.064072,
      0.06889,
      0.042597,
      0.005451
    ],
    "spectral_centroid": [
      1272.45,
      1991.2,
      1528.74,
      1504.89,
      1935.8,
      1842.1,
      2400.29,
      2168.72,
      2134.48,
      2215.09,
      2119.47,
      1651.46,
      1978.41,
      2500.08
    ]
  }
}