{
  "id": "98b1d0c1-0a9b-42e4-8bf6-15ff7ec5d4f3",
  "duration": 11.947,
  "pitch": {
    "mean": 149.01,
    "max": 524.07,
    "std": 74.78,
    "max_mean_ratio": 3.52
  },
  "energy": {
    "mean": 0.020686,
    "max": 0.040782,
    "std": 0.007616,
    "rate_of_change": 0.002658
  },
  "speech_rate": {
    "chars_per_sec": 3.5,
    "words_per_sec": 1.0,
    "segment_count": 6
  },
  "spectral_centroid": {
    "mean": 1717.38
  },
  "timeseries": {
    "frame_sec": 0.5,
    "pitch": [
      116.39,
      119.47,
      108.15,
      123.24,
      119.59,
      115.12,
      100.37,
      113.49,
      128.79,
      137.21,
      138.55,
      199.02,
      170.56,
      247.73,
      206.86,
      185.63,
      148.73,
      178.9,
      179.6,
      154.63,
      108.16,
      112.96,
      115.03,
      233.03
    ],
    "energy": [
      0.012789,
      0.013003,
      0.011711,
      0.011072,
      0.012888,
      0.011682,
      0.016582,
      0.015483,
      0.015845,
      0.016622,
      0.014781,
      0.022183,
      0.020823,
      0.02002,
      0.020823,
      0.01891,
      0.025023,
      0.032276,
      0.034588,
      0.030043,
      0.031278,
      0.028552,
      0.021492,
      0.017715
    ],
    "spectral_centroid": [
      1873.61,
      1782.45,
      1642.37,
      1838.93,
      1742.59,
      1708.21,
      2544.08,
      1823.45,
      1515.27,
      1694.08,
      1764.32,
      1421.02,
      1171.53,
      1483.42,
      1315.14,
      1579.1,
      1345.75,
      2158.38,
      1508.76,
      1524.49,
      1581.46,
      2275.03,
      1985.12,
      1922.53
    ]
  }
}