{
  "id": "98f124f4-63da-4f98-9af3-c1442f4ea4fc",
  "duration": 14.08,
  "pitch": {
    "mean": 408.9,
    "max": 2085.55,
    "std": 253.29,
    "max_mean_ratio": 5.1
  },
  "energy": {
    "mean": 0.073253,
    "max": 0.258272,
    "std": 0.05126,
    "rate_of_change": 0.017222
  },
  "speech_rate": {
    "chars_per_sec": 13.89,
    "words_per_sec": 2.53,
    "segment_count": 4
  },
  "spectral_centroid": {
    "mean": 1772.54
  },
  "timeseries": {
    "frame_sec": 0.5,
    "pitch": [
      225.49,
      442.52,
      379.73,
      441.1,
      414.27,
      363.21,
      467.11,
      481.33,
      375.72,
      363.01,
      506.08,
      436.52,
      373.85,
      446.23,
      328.39,
      439.21,
      510.89,
      744.8,
      333.9,
      459.09,
      396.03,
      292.57,
      465.02,
      279.78,
      448.96,
      419.18,
      298.51,
      306.45,
      176.08
    ],
    "energy": [
      0.029791,
      0.059935,
      0.157458,
      0.134394,
      0.115118,
      0.134465,
      0.09908,
      0.025261,
      0.105951,
      0.074236,
      0.047802,
      0.033585,
      0.021552,
      0.023584,
      0.036096,
      0.073258,
      0.108545,
      0.099564,
      0.073635,
      0.084224,
      0.113764,
      0.049529,
      0.032649,
      0.0218,
      0.049755,
      0.084875,
      0.055278,
      0.024528,
      0.016178
    ],
    "spectral_centroid": [
      1768.67,
      1540.06,
      1902.54,
      1993.51,
      2018.57,
      2017.71,
      1751.26,
      1496.2,
      1669.39,
      1902.89,
      1722.55,
      1725.82,
      1605.6,
      1581.51,
      1567.3,
      1679.06,
      1961.2,
      1877.2,
      2458.98,
      2082.65,
      1581.0,
      1789.87,
      1604.97,
      1538.57,
      1539.52,
      1886.19,
      1720.74,
      1700.0,
      1787.61
    ]
  }
}