{
  "id": "992a725b-2389-470d-9c5c-b9acc00cde2f",
  "duration": 10.923,
  "pitch": {
    "mean": 434.72,
    "max": 2080.92,
    "std": 256.18,
    "max_mean_ratio": 4.79
  },
  "energy": {
    "mean": 0.029736,
    "max": 0.123777,
    "std": 0.023545,
    "rate_of_change": 0.010711
  },
  "speech_rate": {
    "chars_per_sec": 16.94,
    "words_per_sec": 3.52,
    "segment_count": 2
  },
  "spectral_centroid": {
    "mean": 1839.99
  },
  "timeseries": {
    "frame_sec": 0.5,
    "pitch": [
      479.52,
      377.35,
      464.04,
      390.77,
      294.53,
      543.37,
      335.13,
      386.88,
      449.62,
      535.0,
      389.95,
      202.14,
      181.17,
      180.99,
      470.41,
      487.9,
      374.61,
      684.86,
      440.44,
      797.2,
      702.65,
      488.92
    ],
    "energy": [
      0.027605,
      0.029409,
      0.031997,
      0.01826,
      0.016277,
      0.028004,
      0.025591,
      0.028156,
      0.017398,
      0.030103,
      0.029546,
      0.008875,
      0.00735,
      0.00746,
      0.018545,
      0.027775,
      0.058231,
      0.027729,
      0.020189,
      0.092131,
      0.048452,
      0.026443
    ],
    "spectral_centroid": [
      1817.49,
      1947.31,
      1986.52,
      1952.38,
      1952.99,
      1544.83,
      1554.01,
      1979.73,
      1880.92,
      1509.89,
      1827.22,
      1912.17,
      1905.79,
      1946.26,
      1580.87,
      1965.98,
      1703.65,
      2040.65,
      1802.11,
      1998.78,
      2038.79,
      1528.9
    ]
  }
}