{
  "id": "99bfd633-b5b9-4a8a-8fd3-07145beb8656",
  "duration": 12.096,
  "pitch": {
    "mean": 438.2,
    "max": 1991.36,
    "std": 321.52,
    "max_mean_ratio": 4.54
  },
  "energy": {
    "mean": 0.068355,
    "max": 0.226707,
    "std": 0.045656,
    "rate_of_change": 0.018456
  },
  "speech_rate": {
    "chars_per_sec": 11.08,
    "words_per_sec": 2.13,
    "segment_count": 4
  },
  "spectral_centroid": {
    "mean": 1955.05
  },
  "timeseries": {
    "frame_sec": 0.5,
    "pitch": [
      457.07,
      513.87,
      409.57,
      341.32,
      810.35,
      707.19,
      198.92,
      418.13,
      481.21,
      434.75,
      498.47,
      559.91,
      247.56,
      137.12,
      503.04,
      463.14,
      274.28,
      204.65,
      771.37,
      351.9,
      709.22,
      585.53,
      442.36,
      118.24,
      215.48
    ],
    "energy": [
      0.066418,
      0.074221,
      0.078638,
      0.068315,
      0.101348,
      0.073045,
      0.009372,
      0.06742,
      0.061283,
      0.078173,
      0.064951,
      0.062717,
      0.038802,
      0.011372,
      0.069956,
      0.054957,
      0.040944,
      0.037398,
      0.052037,
      0.123054,
      0.149198,
      0.085665,
      0.115146,
      0.007145,
      0.003304
    ],
    "spectral_centroid": [
      1621.4,
      1939.11,
      2420.29,
      2125.58,
      1747.51,
      2252.61,
      1598.13,
      1794.64,
      1753.95,
      1689.09,
      1732.66,
      2033.09,
      1830.37,
      1692.01,
      1759.57,
      1965.15,
      1986.56,
      1785.95,
      2346.24,
      2323.39,
      1887.72,
      2331.55,
      2109.33,
      2191.56,
      1819.28
    ]
  }
}