{
  "id": "9a4fca9a-8de5-467b-8071-aa0fc0e4cf7d",
  "duration": 8.725,
  "pitch": {
    "mean": 405.65,
    "max": 1593.69,
    "std": 262.28,
    "max_mean_ratio": 3.93
  },
  "energy": {
    "mean": 0.03115,
    "max": 0.088871,
    "std": 0.019565,
    "rate_of_change": 0.009602
  },
  "speech_rate": {
    "chars_per_sec": 18.06,
    "words_per_sec": 3.65,
    "segment_count": 2
  },
  "spectral_centroid": {
    "mean": 1788.86
  },
  "timeseries": {
    "frame_sec": 0.5,
    "pitch": [
      262.19,
      415.84,
      279.78,
      286.08,
      508.11,
      418.67,
      480.52,
      403.94,
      183.32,
      188.72,
      434.72,
      285.08,
      242.76,
      631.14,
      548.76,
      521.88,
      568.64,
      748.89
    ],
    "energy": [
      0.038374,
      0.037011,
      0.021887,
      0.035871,
      0.048903,
      0.041846,
      0.037181,
      0.027604,
      0.006345,
      0.01213,
      0.013845,
      0.016981,
      0.028108,
      0.059078,
      0.018421,
      0.035447,
      0.028087,
      0.018826
    ],
    "spectral_centroid": [
      1954.74,
      1514.03,
      1835.62,
      1835.15,
      1797.73,
      1416.31,
      1667.02,
      1459.95,
      1804.95,
      2231.55,
      1913.37,
      1755.4,
      2027.05,
      1925.99,
      2041.85,
      1761.07,
      1732.51,
      1481.76
    ]
  }
}