{
  "id": "9a7bfc20-1635-4416-a587-e316a1b11cb4",
  "duration": 14.421,
  "pitch": {
    "mean": 376.06,
    "max": 1855.84,
    "std": 306.34,
    "max_mean_ratio": 4.93
  },
  "energy": {
    "mean": 0.06131,
    "max": 0.118012,
    "std": 0.031871,
    "rate_of_change": 0.007581
  },
  "speech_rate": {
    "chars_per_sec": 15.31,
    "words_per_sec": 2.92,
    "segment_count": 4
  },
  "spectral_centroid": {
    "mean": 2107.86
  },
  "timeseries": {
    "frame_sec": 0.5,
    "pitch": [
      308.72,
      462.6,
      465.65,
      714.94,
      144.12,
      120.87,
      140.64,
      202.29,
      273.64,
      332.14,
      230.54,
      521.63,
      521.41,
      405.04,
      333.88,
      377.0,
      393.19,
      346.21,
      346.94,
      482.83,
      448.77,
      651.9,
      379.12,
      318.47,
      316.09,
      690.49,
      505.58,
      425.2,
      466.39
    ],
    "energy": [
      0.062701,
      0.056604,
      0.056618,
      0.051653,
      0.019507,
      0.017793,
      0.010417,
      0.015404,
      0.057925,
      0.085627,
      0.065568,
      0.060483,
      0.075495,
      0.056028,
      0.070592,
      0.069278,
      0.070445,
      0.066315,
      0.053569,
      0.026,
      0.068305,
      0.068389,
      0.046894,
      0.069335,
      0.089405,
      0.072254,
      0.086045,
      0.091294,
      0.053933
    ],
    "spectral_centroid": [
      1775.9,
      2011.06,
      1658.79,
      1704.35,
      2413.46,
      2110.8,
      2154.55,
      2667.48,
      3003.96,
      1414.01,
      2475.32,
      2096.45,
      1534.54,
      2468.84,
      2061.32,
      2166.04,
      2089.31,
      2458.43,
      2204.77,
      2676.65,
      2071.24,
      1740.17,
      2043.24,
      1652.46,
      2144.02,
      2854.17,
      1522.96,
      1290.59,
      2579.09
    ]
  }
}