{
  "id": "9ad9a284-6b3f-412c-8dbd-03014a689e80",
  "duration": 7.552,
  "pitch": {
    "mean": 578.67,
    "max": 1535.74,
    "std": 291.94,
    "max_mean_ratio": 2.65
  },
  "energy": {
    "mean": 0.049577,
    "max": 0.194884,
    "std": 0.037464,
    "rate_of_change": 0.025239
  },
  "speech_rate": {
    "chars_per_sec": 19.97,
    "words_per_sec": 4.1,
    "segment_count": 2
  },
  "spectral_centroid": {
    "mean": 1619.67
  },
  "timeseries": {
    "frame_sec": 0.5,
    "pitch": [
      395.71,
      361.85,
      436.15,
      473.81,
      587.77,
      469.64,
      661.31,
      502.6,
      656.9,
      474.12,
      733.23,
      499.6,
      959.95,
      1002.88,
      503.67,
      589.61
    ],
    "energy": [
      0.024888,
      0.025178,
      0.019965,
      0.016943,
      0.020853,
      0.027632,
      0.033483,
      0.024806,
      0.063806,
      0.045239,
      0.047647,
      0.052902,
      0.119757,
      0.109895,
      0.077797,
      0.041759
    ],
    "spectral_centroid": [
      1753.62,
      1632.07,
      1556.15,
      1506.2,
      1450.22,
      1295.69,
      1517.08,
      2075.91,
      1593.39,
      1501.58,
      1708.47,
      1705.26,
      1821.8,
      1518.11,
      1657.37,
      1709.69
    ]
  }
}