{
  "id": "9adad467-89d4-4b0d-96fa-501f3a5a485b",
  "duration": 11.456,
  "pitch": {
    "mean": 482.13,
    "max": 1968.5,
    "std": 299.19,
    "max_mean_ratio": 4.08
  },
  "energy": {
    "mean": 0.064742,
    "max": 0.156924,
    "std": 0.032592,
    "rate_of_change": 0.012876
  },
  "speech_rate": {
    "chars_per_sec": 11.84,
    "words_per_sec": 2.11,
    "segment_count": 6
  },
  "spectral_centroid": {
    "mean": 1921.05
  },
  "timeseries": {
    "frame_sec": 0.5,
    "pitch": [
      520.15,
      542.63,
      350.17,
      440.2,
      557.02,
      703.76,
      557.16,
      417.72,
      257.18,
      579.44,
      816.81,
      932.59,
      100.27,
      259.63,
      524.37,
      489.68,
      279.21,
      463.1,
      311.45,
      357.87,
      480.06,
      479.84,
      579.47
    ],
    "energy": [
      0.082085,
      0.087248,
      0.068894,
      0.060592,
      0.072327,
      0.057908,
      0.059681,
      0.065166,
      0.068653,
      0.080806,
      0.086627,
      0.040265,
      0.01296,
      0.039182,
      0.061252,
      0.060402,
      0.029801,
      0.071727,
      0.045399,
      0.067423,
      0.074762,
      0.071073,
      0.063976
    ],
    "spectral_centroid": [
      1542.83,
      1936.75,
      2098.09,
      1845.69,
      2064.44,
      2572.06,
      2048.35,
      1795.21,
      1767.76,
      1739.9,
      2228.82,
      2333.44,
      2122.21,
      1719.73,
      1424.29,
      1476.02,
      1870.98,
      1485.42,
      1747.18,
      1925.71,
      2003.17,
      2067.8,
      2375.67
    ]
  }
}