{
  "id": "9b7bef9e-1f6f-43a5-af41-b585c85940bc",
  "duration": 4.245,
  "pitch": {
    "mean": 590.14,
    "max": 1975.47,
    "std": 360.48,
    "max_mean_ratio": 3.35
  },
  "energy": {
    "mean": 0.06679,
    "max": 0.147295,
    "std": 0.034344,
    "rate_of_change": 0.03138
  },
  "speech_rate": {
    "chars_per_sec": 21.86,
    "words_per_sec": 4.64,
    "segment_count": 2
  },
  "spectral_centroid": {
    "mean": 1869.19
  },
  "timeseries": {
    "frame_sec": 0.5,
    "pitch": [
      600.11,
      367.34,
      468.11,
      812.44,
      615.07,
      282.75,
      730.75,
      736.77,
      644.04
    ],
    "energy": [
      0.044997,
      0.048112,
      0.058071,
      0.051095,
      0.037358,
      0.046155,
      0.102059,
      0.091913,
      0.123477
    ],
    "spectral_centroid": [
      1767.47,
      1922.23,
      1782.71,
      1753.98,
      1941.48,
      2397.82,
      1711.62,
      1796.89,
      1589.64
    ]
  }
}