{
  "id": "9b88286f-f5ea-4002-b1b8-2242fb177b24",
  "duration": 16.043,
  "pitch": {
    "mean": 528.96,
    "max": 2032.86,
    "std": 345.73,
    "max_mean_ratio": 3.84
  },
  "energy": {
    "mean": 0.073912,
    "max": 0.239434,
    "std": 0.052867,
    "rate_of_change": 0.014485
  },
  "speech_rate": {
    "chars_per_sec": 17.31,
    "words_per_sec": 3.81,
    "segment_count": 4
  },
  "spectral_centroid": {
    "mean": 1874.74
  },
  "timeseries": {
    "frame_sec": 0.5,
    "pitch": [
      498.23,
      433.97,
      477.35,
      745.67,
      411.64,
      358.0,
      513.92,
      422.23,
      445.38,
      573.44,
      653.98,
      448.37,
      507.49,
      615.57,
      508.24,
      723.7,
      427.21,
      609.2,
      795.06,
      800.73,
      489.14,
      705.01,
      601.85,
      617.89,
      628.41,
      551.33,
      909.49,
      441.68,
      332.22,
      149.52,
      356.26,
      319.21,
      467.64
    ],
    "energy": [
      0.046992,
      0.05045,
      0.069198,
      0.125694,
      0.065771,
      0.056937,
      0.067663,
      0.051013,
      0.074326,
      0.075803,
      0.063643,
      0.092986,
      0.107394,
      0.082629,
      0.085193,
      0.077031,
      0.108629,
      0.158402,
      0.126261,
      0.101817,
      0.007884,
      0.031157,
      0.049142,
      0.038997,
      0.033426,
      0.049838,
      0.172478,
      0.069825,
      0.039863,
      0.014785,
      0.045863,
      0.022881,
      0.026451
    ],
    "spectral_centroid": [
      1563.69,
      2072.03,
      1774.75,
      1441.74,
      1911.76,
      2112.16,
      1687.68,
      2206.73,
      1978.06,
      1808.48,
      1739.77,
      1656.85,
      1458.68,
      1724.33,
      1761.96,
      1828.2,
      2282.59,
      1762.72,
      1784.49,
      1594.14,
      2390.35,
      1690.34,
      1622.39,
      1933.68,
      1850.22,
      2271.99,
      1792.11,
      1855.58,
      1866.77,
      2188.87,
      2239.05,
      2059.11,
      2484.27
    ]
  }
}