{
  "id": "9b9a49e0-5ba2-41a4-ab95-b33f07ce12a1",
  "duration": 16.213,
  "pitch": {
    "mean": 445.68,
    "max": 2071.33,
    "std": 350.95,
    "max_mean_ratio": 4.65
  },
  "energy": {
    "mean": 0.055023,
    "max": 0.248222,
    "std": 0.041936,
    "rate_of_change": 0.014973
  },
  "speech_rate": {
    "chars_per_sec": 10.54,
    "words_per_sec": 1.7,
    "segment_count": 8
  },
  "spectral_centroid": {
    "mean": 2096.94
  },
  "timeseries": {
    "frame_sec": 0.5,
    "pitch": [
      403.99,
      284.24,
      311.51,
      132.57,
      339.48,
      359.32,
      452.68,
      668.37,
      548.75,
      443.56,
      410.7,
      343.87,
      477.19,
      199.7,
      472.32,
      324.27,
      195.99,
      427.62,
      227.38,
      119.94,
      562.38,
      426.08,
      201.33,
      653.6,
      661.83,
      430.77,
      1209.57,
      779.98,
      440.15,
      610.73,
      709.61,
      563.66,
      480.43
    ],
    "energy": [
      0.078966,
      0.036342,
      0.010599,
      0.017232,
      0.04843,
      0.042428,
      0.053367,
      0.060401,
      0.046842,
      0.035376,
      0.048204,
      0.032552,
      0.012424,
      0.02248,
      0.061036,
      0.027305,
      0.012935,
      0.037806,
      0.02561,
      0.016915,
      0.080844,
      0.047579,
      0.062864,
      0.126202,
      0.11305,
      0.066037,
      0.086547,
      0.031512,
      0.061605,
      0.117788,
      0.079427,
      0.075231,
      0.040589
    ],
    "spectral_centroid": [
      1959.93,
      1878.94,
      2030.35,
      1875.29,
      2501.1,
      2163.76,
      2015.01,
      2176.25,
      2308.41,
      2466.15,
      2251.72,
      2539.59,
      1770.72,
      1890.86,
      2019.01,
      2018.33,
      2094.69,
      1969.24,
      1887.49,
      2056.84,
      2137.58,
      2115.97,
      1685.3,
      2110.2,
      2217.42,
      2283.54,
      2237.2,
      2126.91,
      2038.59,
      2364.81,
      1973.5,
      1893.84,
      1923.08
    ]
  }
}