{
  "id": "9bbb17a5-ac6b-4818-b56a-09df9afa4fca",
  "duration": 14.784,
  "pitch": {
    "mean": 316.96,
    "max": 1840.41,
    "std": 230.3,
    "max_mean_ratio": 5.81
  },
  "energy": {
    "mean": 0.044488,
    "max": 0.193734,
    "std": 0.030429,
    "rate_of_change": 0.012544
  },
  "speech_rate": {
    "chars_per_sec": 12.72,
    "words_per_sec": 2.37,
    "segment_count": 7
  },
  "spectral_centroid": {
    "mean": 2093.5
  },
  "timeseries": {
    "frame_sec": 0.5,
    "pitch": [
      265.39,
      172.44,
      422.42,
      571.67,
      206.76,
      295.0,
      319.69,
      175.58,
      229.4,
      342.41,
      286.78,
      535.06,
      172.52,
      229.38,
      288.66,
      281.51,
      280.45,
      499.75,
      189.44,
      180.4,
      177.74,
      234.51,
      289.24,
      416.48,
      397.23,
      453.29,
      416.14,
      717.11,
      154.29,
      473.23
    ],
    "energy": [
      0.034025,
      0.02551,
      0.064722,
      0.03828,
      0.023231,
      0.053943,
      0.042771,
      0.028623,
      0.027967,
      0.032157,
      0.028593,
      0.03727,
      0.03114,
      0.034787,
      0.041735,
      0.034686,
      0.026506,
      0.026845,
      0.023915,
      0.024374,
      0.030034,
      0.038663,
      0.043485,
      0.096222,
      0.095649,
      0.084272,
      0.052395,
      0.073828,
      0.025503,
      0.059123
    ],
    "spectral_centroid": [
      1670.09,
      1783.92,
      1763.96,
      1859.47,
      1570.94,
      2068.13,
      1870.63,
      1753.83,
      2598.9,
      2419.97,
      2281.07,
      2216.18,
      2463.69,
      1905.96,
      2357.75,
      1828.57,
      1943.11,
      1925.02,
      2440.14,
      2341.83,
      2179.46,
      2288.21,
      1972.18,
      2084.83,
      2138.99,
      2136.78,
      2432.44,
      2250.12,
      2005.75,
      2128.17
    ]
  }
}