{
  "id": "9c55df53-86ed-4031-adbc-1c8cf1792126",
  "duration": 13.397,
  "pitch": {
    "mean": 425.52,
    "max": 1400.7,
    "std": 229.41,
    "max_mean_ratio": 3.29
  },
  "energy": {
    "mean": 0.036872,
    "max": 0.099403,
    "std": 0.018461,
    "rate_of_change": 0.006973
  },
  "speech_rate": {
    "chars_per_sec": 19.42,
    "words_per_sec": 4.18,
    "segment_count": 3
  },
  "spectral_centroid": {
    "mean": 1638.1
  },
  "timeseries": {
    "frame_sec": 0.5,
    "pitch": [
      320.62,
      364.8,
      360.61,
      401.05,
      671.34,
      337.51,
      534.4,
      364.71,
      394.55,
      411.1,
      369.02,
      323.74,
      361.68,
      428.32,
      392.99,
      487.53,
      305.78,
      346.32,
      231.2,
      448.77,
      846.12,
      506.43,
      359.66,
      663.97,
      448.87,
      531.49,
      426.08
    ],
    "energy": [
      0.016912,
      0.033107,
      0.03841,
      0.033411,
      0.045769,
      0.048319,
      0.046321,
      0.036405,
      0.038227,
      0.038713,
      0.030963,
      0.048324,
      0.040641,
      0.030172,
      0.039082,
      0.032706,
      0.0361,
      0.044877,
      0.009185,
      0.014728,
      0.064177,
      0.030897,
      0.028667,
      0.03835,
      0.02802,
      0.028473,
      0.0301
    ],
    "spectral_centroid": [
      1646.49,
      1538.68,
      1367.05,
      2143.6,
      1524.75,
      1307.89,
      1662.62,
      1468.29,
      1393.76,
      1498.39,
      1848.94,
      1547.36,
      1389.56,
      1885.76,
      1261.59,
      1510.52,
      1643.23,
      1760.35,
      2629.15,
      2021.76,
      1275.88,
      1364.09,
      1327.92,
      1609.7,
      1897.62,
      2003.38,
      1617.39
    ]
  }
}