{
  "id": "9c975ed9-41bd-4467-830c-6c2f7856aff2",
  "duration": 10.923,
  "pitch": {
    "mean": 420.76,
    "max": 1771.7,
    "std": 286.64,
    "max_mean_ratio": 4.21
  },
  "energy": {
    "mean": 0.060074,
    "max": 0.167752,
    "std": 0.027172,
    "rate_of_change": 0.013809
  },
  "speech_rate": {
    "chars_per_sec": 6.5,
    "words_per_sec": 1.1,
    "segment_count": 3
  },
  "spectral_centroid": {
    "mean": 1848.5
  },
  "timeseries": {
    "frame_sec": 0.5,
    "pitch": [
      120.36,
      300.49,
      400.57,
      341.75,
      411.4,
      425.7,
      376.67,
      150.22,
      194.4,
      444.41,
      525.76,
      591.83,
      586.97,
      630.04,
      470.85,
      500.83,
      432.03,
      239.45,
      300.66,
      395.75,
      699.08,
      483.77
    ],
    "energy": [
      0.028928,
      0.047853,
      0.061929,
      0.064653,
      0.047422,
      0.039305,
      0.048355,
      0.036401,
      0.048631,
      0.062749,
      0.066086,
      0.066503,
      0.060252,
      0.064983,
      0.058343,
      0.059491,
      0.051874,
      0.043031,
      0.061059,
      0.074541,
      0.1232,
      0.046738
    ],
    "spectral_centroid": [
      2501.97,
      1563.55,
      1572.53,
      1895.53,
      2164.53,
      1529.54,
      1605.48,
      1473.15,
      1667.23,
      2090.17,
      2015.12,
      1924.14,
      2059.29,
      2235.87,
      1938.27,
      1648.13,
      1441.56,
      1754.72,
      1666.68,
      1660.56,
      1945.22,
      2212.85
    ]
  }
}