{
  "id": "9cf1ae4f-7034-4e93-b1bf-10791600ca91",
  "duration": 8.384,
  "pitch": {
    "mean": 443.5,
    "max": 1895.74,
    "std": 350.51,
    "max_mean_ratio": 4.27
  },
  "energy": {
    "mean": 0.066854,
    "max": 0.223118,
    "std": 0.071951,
    "rate_of_change": 0.025984
  },
  "speech_rate": {
    "chars_per_sec": 10.85,
    "words_per_sec": 2.05,
    "segment_count": 3
  },
  "spectral_centroid": {
    "mean": 2035.43
  },
  "timeseries": {
    "frame_sec": 0.5,
    "pitch": [
      803.53,
      237.92,
      348.13,
      227.4,
      389.67,
      208.01,
      391.6,
      715.04,
      539.22,
      445.84,
      454.24,
      347.99,
      537.04,
      936.66,
      344.41,
      497.36,
      267.02
    ],
    "energy": [
      0.049871,
      0.012596,
      0.008743,
      0.011197,
      0.008416,
      0.009463,
      0.01344,
      0.150466,
      0.10335,
      0.11845,
      0.104749,
      0.077143,
      0.143499,
      0.19659,
      0.025435,
      0.016748,
      0.014061
    ],
    "spectral_centroid": [
      2164.85,
      1874.28,
      2320.45,
      2404.12,
      2397.48,
      2161.28,
      2652.02,
      1611.44,
      1699.78,
      1609.55,
      1788.11,
      1716.59,
      2048.82,
      2053.6,
      1986.0,
      2119.17,
      1980.96
    ]
  }
}