{
  "id": "9ddba57c-6acb-41dc-b47a-b4578efd8aa3",
  "duration": 14.741,
  "pitch": {
    "mean": 533.46,
    "max": 1686.98,
    "std": 338.6,
    "max_mean_ratio": 3.16
  },
  "energy": {
    "mean": 0.069969,
    "max": 0.273937,
    "std": 0.050573,
    "rate_of_change": 0.018161
  },
  "speech_rate": {
    "chars_per_sec": 10.39,
    "words_per_sec": 1.8,
    "segment_count": 7
  },
  "spectral_centroid": {
    "mean": 2232.69
  },
  "timeseries": {
    "frame_sec": 0.5,
    "pitch": [
      437.27,
      417.43,
      134.39,
      339.73,
      431.13,
      409.59,
      514.75,
      412.05,
      462.86,
      368.8,
      512.55,
      599.56,
      296.19,
      504.2,
      521.39,
      656.77,
      794.24,
      667.18,
      759.24,
      666.18,
      670.17,
      1053.36,
      729.06,
      215.72,
      95.12,
      475.5,
      746.27,
      774.73,
      518.02,
      586.82
    ],
    "energy": [
      0.043987,
      0.061011,
      0.012634,
      0.06198,
      0.07013,
      0.0503,
      0.064762,
      0.053863,
      0.060103,
      0.066409,
      0.065345,
      0.078251,
      0.035984,
      0.142051,
      0.108119,
      0.102462,
      0.102714,
      0.110628,
      0.083815,
      0.077029,
      0.122596,
      0.092313,
      0.007408,
      0.035906,
      0.045798,
      0.031366,
      0.039571,
      0.019139,
      0.08637,
      0.10175
    ],
    "spectral_centroid": [
      2065.92,
      1961.37,
      2314.85,
      2601.22,
      1810.26,
      1664.97,
      2050.48,
      1711.71,
      2359.06,
      2322.37,
      1811.12,
      2254.42,
      2811.22,
      2391.48,
      2512.25,
      2260.62,
      1924.8,
      2105.3,
      2282.1,
      2136.31,
      2332.08,
      2053.29,
      2675.12,
      2433.79,
      2406.65,
      2544.19,
      2496.44,
      2328.91,
      2101.56,
      2214.54
    ]
  }
}