{
  "id": "9e2da11f-d702-4629-9fc3-63604df31837",
  "duration": 35.221,
  "pitch": {
    "mean": 555.57,
    "max": 1859.11,
    "std": 401.63,
    "max_mean_ratio": 3.35
  },
  "energy": {
    "mean": 0.072805,
    "max": 0.213154,
    "std": 0.067627,
    "rate_of_change": 0.005965
  },
  "speech_rate": {
    "chars_per_sec": 7.24,
    "words_per_sec": 1.36,
    "segment_count": 16
  },
  "spectral_centroid": {
    "mean": 1984.75
  },
  "timeseries": {
    "frame_sec": 0.5,
    "pitch": [
      181.19,
      556.9,
      549.13,
      441.46,
      601.17,
      286.94,
      149.93,
      685.55,
      463.32,
      570.64,
      464.69,
      543.77,
      792.19,
      1136.01,
      920.22,
      640.93,
      789.8,
      752.8,
      467.36,
      435.62,
      342.92,
      328.26,
      378.49,
      317.44,
      326.46,
      372.23,
      526.59,
      402.78,
      554.07,
      602.94,
      904.03,
      965.77,
      1118.36,
      1129.83,
      1064.34,
      904.73,
      884.07,
      886.37,
      727.32,
      588.2,
      169.66,
      384.07,
      394.91,
      562.74,
      275.7,
      370.06,
      147.53,
      274.23,
      311.97,
      495.37,
      1780.5,
      1312.68,
      580.43,
      360.5,
      430.34,
      348.64,
      122.31,
      141.42,
      131.77,
      372.06,
      608.75,
      592.27,
      746.0,
      535.17,
      120.44,
      669.57,
      508.25,
      649.19,
      464.89,
      269.41,
      85.98
    ],
    "energy": [
      0.043525,
      0.139281,
      0.147537,
      0.021402,
      0.036119,
      0.043628,
      0.011665,
      0.015874,
      0.069029,
      0.106392,
      0.056066,
      0.132837,
      0.162107,
      0.173291,
      0.020042,
      0.022727,
      0.130101,
      0.113531,
      0.067001,
      0.067145,
      0.060329,
      0.004814,
      0.098852,
      0.033125,
      0.008014,
      0.137452,
      0.060351,
      0.121803,
      0.117412,
      0.125362,
      0.184159,
      0.147255,
      0.16525,
      0.158626,
      0.161253,
      0.08727,
      0.017166,
      0.013676,
      0.005632,
      0.011618,
      0.019118,
      0.013586,
      0.032846,
      0.027397,
      0.029422,
      0.031643,
      0.03231,
      0.028478,
      0.021741,
      0.018376,
      0.012643,
      0.013141,
      0.00492,
      0.003594,
      0.079714,
      0.022936,
      0.004852,
      0.005965,
      0.005398,
      0.090798,
      0.134963,
      0.136724,
      0.159108,
      0.08261,
      0.006382,
      0.142838,
      0.113402,
      0.142189,
      0.123625,
      0.052069,
      0.017713
    ],
    "spectral_centroid": [
      1726.44,
      1631.61,
      2323.94,
      1920.74,
      1912.78,
      1544.53,
      1857.59,
      1881.65,
      1723.67,
      1990.99,
      1731.39,
      1755.94,
      2238.04,
      2591.93,
      1860.6,
      1669.31,
      1774.86,
      1964.39,
      1558.68,
      1736.52,
      1723.74,
      1560.05,
      1776.59,
      1343.36,
      1451.56,
      2092.74,
      1433.77,
      1368.62,
      1675.9,
      2357.38,
      1966.38,
      2292.04,
      2430.95,
      2453.95,
      2423.91,
      1969.45,
      2116.79,
      2128.18,
      2419.59,
      2524.39,
      2400.15,
      2200.7,
      2030.43,
      2040.31,
      2119.85,
      1702.71,
      1924.32,
      2050.96,
      2263.79,
      2366.8,
      2516.75,
      2034.79,
      2519.3,
      1803.92,
      1421.13,
      1821.56,
      1923.79,
      1652.32,
      1742.17,
      2552.72,
      2196.15,
      2395.34,
      2077.71,
      1836.11,
      1749.28,
      2018.87,
      2260.7,
      2199.65,
      2494.33,
      1783.61,
      1379.37
    ]
  }
}