{
  "id": "9e35e096-9f0b-4a11-86ed-3b865b031676",
  "duration": 14.763,
  "pitch": {
    "mean": 466.44,
    "max": 2077.2,
    "std": 341.88,
    "max_mean_ratio": 4.45
  },
  "energy": {
    "mean": 0.033878,
    "max": 0.158371,
    "std": 0.028042,
    "rate_of_change": 0.010366
  },
  "speech_rate": {
    "chars_per_sec": 15.29,
    "words_per_sec": 2.92,
    "segment_count": 3
  },
  "spectral_centroid": {
    "mean": 1920.36
  },
  "timeseries": {
    "frame_sec": 0.5,
    "pitch": [
      448.98,
      412.94,
      312.96,
      237.41,
      282.76,
      243.12,
      577.07,
      517.15,
      225.46,
      515.82,
      464.37,
      401.72,
      613.9,
      310.59,
      401.74,
      306.17,
      474.09,
      716.99,
      633.37,
      376.27,
      945.13,
      503.59,
      570.44,
      896.83,
      713.89,
      463.77,
      269.27,
      307.21,
      291.44,
      375.46
    ],
    "energy": [
      0.014628,
      0.014597,
      0.017581,
      0.011867,
      0.018423,
      0.01126,
      0.055225,
      0.022149,
      0.010101,
      0.033582,
      0.035435,
      0.022842,
      0.030384,
      0.018534,
      0.022441,
      0.021537,
      0.043734,
      0.03574,
      0.040698,
      0.022675,
      0.056909,
      0.04566,
      0.026627,
      0.06969,
      0.062416,
      0.080091,
      0.035088,
      0.033215,
      0.015986,
      0.043098
    ],
    "spectral_centroid": [
      2006.12,
      2056.2,
      1672.02,
      1894.15,
      1930.35,
      2943.93,
      1584.13,
      1497.45,
      1836.88,
      1665.16,
      2075.95,
      1563.69,
      1451.6,
      2231.43,
      1829.63,
      2314.58,
      1752.96,
      1672.19,
      1436.21,
      1795.14,
      1765.72,
      1737.02,
      2176.86,
      1905.66,
      2293.06,
      1831.22,
      2190.99,
      2517.79,
      2212.89,
      1662.3
    ]
  }
}