{
  "id": "9e4f39d8-869a-4190-b2d9-c6af165900ec",
  "duration": 9.195,
  "pitch": {
    "mean": 405.33,
    "max": 1489.88,
    "std": 331.05,
    "max_mean_ratio": 3.68
  },
  "energy": {
    "mean": 0.124921,
    "max": 0.272206,
    "std": 0.060322,
    "rate_of_change": 0.025608
  },
  "speech_rate": {
    "chars_per_sec": 15.69,
    "words_per_sec": 3.05,
    "segment_count": 5
  },
  "spectral_centroid": {
    "mean": 1809.08
  },
  "timeseries": {
    "frame_sec": 0.5,
    "pitch": [
      646.73,
      375.18,
      402.17,
      406.56,
      167.52,
      488.78,
      554.42,
      673.42,
      524.61,
      373.9,
      621.59,
      90.45,
      173.38,
      505.27,
      357.71,
      526.01,
      298.8,
      197.65,
      530.11
    ],
    "energy": [
      0.183572,
      0.111081,
      0.147069,
      0.062667,
      0.069116,
      0.12214,
      0.142293,
      0.116233,
      0.140119,
      0.138486,
      0.19468,
      0.040197,
      0.065652,
      0.137726,
      0.073595,
      0.157308,
      0.117184,
      0.099296,
      0.170829
    ],
    "spectral_centroid": [
      1816.59,
      1594.57,
      1882.9,
      1762.54,
      1972.45,
      1885.72,
      1801.28,
      2079.37,
      2102.52,
      1480.36,
      1454.15,
      1429.83,
      1829.13,
      1724.27,
      2037.99,
      1768.82,
      2037.65,
      1891.21,
      1798.13
    ]
  }
}