{
  "id": "9e5e5d25-c508-4cc6-84f8-a12648cd5167",
  "duration": 9.749,
  "pitch": {
    "mean": 395.31,
    "max": 825.29,
    "std": 191.85,
    "max_mean_ratio": 2.09
  },
  "energy": {
    "mean": 0.079001,
    "max": 0.396405,
    "std": 0.081972,
    "rate_of_change": 0.040005
  },
  "speech_rate": {
    "chars_per_sec": 12.21,
    "words_per_sec": 2.17,
    "segment_count": 5
  },
  "spectral_centroid": {
    "mean": 1498.09
  },
  "timeseries": {
    "frame_sec": 0.5,
    "pitch": [
      434.88,
      637.32,
      456.62,
      387.65,
      434.43,
      373.72,
      453.01,
      484.47,
      527.37,
      300.29,
      211.32,
      250.16,
      255.01,
      284.96,
      541.0,
      387.1,
      357.78,
      324.15,
      314.24,
      486.96
    ],
    "energy": [
      0.227407,
      0.257734,
      0.152067,
      0.100431,
      0.123931,
      0.070216,
      0.079368,
      0.083673,
      0.107936,
      0.018814,
      0.022274,
      0.024893,
      0.007591,
      0.021319,
      0.0442,
      0.025845,
      0.029447,
      0.028792,
      0.024831,
      0.032932
    ],
    "spectral_centroid": [
      1813.53,
      1356.93,
      1414.21,
      1642.92,
      1824.13,
      1838.21,
      1444.7,
      1199.79,
      1433.59,
      1521.92,
      1481.39,
      1395.24,
      1360.03,
      1286.75,
      1227.55,
      1408.44,
      1364.02,
      1966.64,
      1601.46,
      1409.87
    ]
  }
}