{
  "id": "9e8397c8-6c2f-474b-a79b-a10bf657d32e",
  "duration": 9.323,
  "pitch": {
    "mean": 280.52,
    "max": 1099.9,
    "std": 233.97,
    "max_mean_ratio": 3.92
  },
  "energy": {
    "mean": 0.087508,
    "max": 0.380582,
    "std": 0.053981,
    "rate_of_change": 0.03803
  },
  "speech_rate": {
    "chars_per_sec": 13.2,
    "words_per_sec": 2.36,
    "segment_count": 1
  },
  "spectral_centroid": {
    "mean": 1878.54
  },
  "timeseries": {
    "frame_sec": 0.5,
    "pitch": [
      204.56,
      250.88,
      155.66,
      363.89,
      247.61,
      326.11,
      303.46,
      295.57,
      372.24,
      424.37,
      225.79,
      277.75,
      201.55,
      301.15,
      172.71,
      429.56,
      440.51,
      201.94,
      235.09
    ],
    "energy": [
      0.064882,
      0.095488,
      0.064688,
      0.029596,
      0.035057,
      0.053687,
      0.094469,
      0.081085,
      0.114797,
      0.100374,
      0.071868,
      0.097038,
      0.070264,
      0.072866,
      0.076022,
      0.145718,
      0.181674,
      0.072678,
      0.072471
    ],
    "spectral_centroid": [
      1939.93,
      2388.96,
      2269.07,
      1912.79,
      2023.34,
      1661.06,
      1689.7,
      2151.09,
      2086.07,
      1651.41,
      1671.84,
      1684.25,
      1473.6,
      1601.09,
      1791.34,
      1682.6,
      2322.83,
      1928.7,
      1712.95
    ]
  }
}