{
  "id": "9e9760b5-a7aa-4e52-900a-c0deb21b1d72",
  "duration": 13.419,
  "pitch": {
    "mean": 424.79,
    "max": 2046.37,
    "std": 236.88,
    "max_mean_ratio": 4.82
  },
  "energy": {
    "mean": 0.0894,
    "max": 0.286959,
    "std": 0.062267,
    "rate_of_change": 0.020817
  },
  "speech_rate": {
    "chars_per_sec": 15.52,
    "words_per_sec": 2.84,
    "segment_count": 8
  },
  "spectral_centroid": {
    "mean": 2010.16
  },
  "timeseries": {
    "frame_sec": 0.5,
    "pitch": [
      122.04,
      369.08,
      507.43,
      592.73,
      309.71,
      425.84,
      596.75,
      496.04,
      388.7,
      255.73,
      475.62,
      128.24,
      293.84,
      304.79,
      321.9,
      114.2,
      403.2,
      387.9,
      776.26,
      651.27,
      597.37,
      633.39,
      491.61,
      416.17,
      392.75,
      498.73,
      510.42
    ],
    "energy": [
      0.025056,
      0.10063,
      0.220381,
      0.171033,
      0.027322,
      0.065238,
      0.08226,
      0.082134,
      0.062863,
      0.061513,
      0.07841,
      0.052295,
      0.065206,
      0.049952,
      0.033479,
      0.015131,
      0.04833,
      0.059595,
      0.242371,
      0.136165,
      0.133544,
      0.109181,
      0.066509,
      0.068872,
      0.067054,
      0.072249,
      0.120232
    ],
    "spectral_centroid": [
      1943.48,
      2068.86,
      2063.38,
      2301.39,
      2358.13,
      2382.37,
      1839.86,
      2029.02,
      1830.97,
      2071.79,
      1684.66,
      2093.03,
      1807.53,
      2216.18,
      1943.46,
      2046.38,
      1756.23,
      1872.96,
      2000.5,
      1979.43,
      2098.14,
      1987.56,
      2046.83,
      1870.42,
      1994.27,
      1761.56,
      2170.01
    ]
  }
}