{
  "id": "9ef26dc9-4f5e-43f3-8e05-745cab52b3ab",
  "duration": 13.611,
  "pitch": {
    "mean": 531.48,
    "max": 2079.31,
    "std": 457.58,
    "max_mean_ratio": 3.91
  },
  "energy": {
    "mean": 0.113264,
    "max": 0.31961,
    "std": 0.082118,
    "rate_of_change": 0.022567
  },
  "speech_rate": {
    "chars_per_sec": 10.34,
    "words_per_sec": 1.9,
    "segment_count": 7
  },
  "spectral_centroid": {
    "mean": 2286.78
  },
  "timeseries": {
    "frame_sec": 0.5,
    "pitch": [
      701.74,
      685.92,
      666.44,
      674.78,
      696.77,
      1070.68,
      576.89,
      850.44,
      257.91,
      167.83,
      99.47,
      86.77,
      215.23,
      513.49,
      871.1,
      736.44,
      674.79,
      522.29,
      960.9,
      689.26,
      672.9,
      212.58,
      365.92,
      346.43,
      210.61,
      240.52,
      250.37,
      463.31
    ],
    "energy": [
      0.13543,
      0.123347,
      0.155686,
      0.146601,
      0.135614,
      0.189777,
      0.096191,
      0.142202,
      0.028261,
      0.020683,
      0.023406,
      0.01898,
      0.049983,
      0.13932,
      0.200355,
      0.135885,
      0.120686,
      0.219897,
      0.191725,
      0.171182,
      0.188279,
      0.074714,
      0.083057,
      0.016867,
      0.049793,
      0.038964,
      0.033984,
      0.025487
    ],
    "spectral_centroid": [
      2205.84,
      2215.11,
      2715.39,
      2422.43,
      2402.36,
      2410.1,
      1851.55,
      2128.77,
      1959.94,
      1750.12,
      1664.84,
      1703.63,
      2202.25,
      2080.68,
      2297.46,
      2706.48,
      2631.03,
      2545.12,
      2272.96,
      2436.87,
      2635.97,
      2498.18,
      2628.2,
      2337.92,
      3147.96,
      1935.88,
      2041.83,
      1792.59
    ]
  }
}