{
  "id": "9f4ddf62-a241-4ba2-a76d-0dd3bc311439",
  "duration": 10.027,
  "pitch": {
    "mean": 415.69,
    "max": 1483.56,
    "std": 272.58,
    "max_mean_ratio": 3.57
  },
  "energy": {
    "mean": 0.055017,
    "max": 0.211659,
    "std": 0.04939,
    "rate_of_change": 0.020727
  },
  "speech_rate": {
    "chars_per_sec": 16.34,
    "words_per_sec": 2.74,
    "segment_count": 4
  },
  "spectral_centroid": {
    "mean": 2025.97
  },
  "timeseries": {
    "frame_sec": 0.5,
    "pitch": [
      175.11,
      189.09,
      412.75,
      445.28,
      278.73,
      489.44,
      439.76,
      460.07,
      553.24,
      371.88,
      840.4,
      387.68,
      400.38,
      643.95,
      222.11,
      537.47,
      444.89,
      438.95,
      444.84,
      182.35,
      96.07
    ],
    "energy": [
      0.012691,
      0.009219,
      0.080281,
      0.069155,
      0.054316,
      0.048811,
      0.046726,
      0.050546,
      0.090979,
      0.008838,
      0.006374,
      0.041918,
      0.050409,
      0.092379,
      0.009707,
      0.10818,
      0.097589,
      0.10389,
      0.065188,
      0.00666,
      0.002154
    ],
    "spectral_centroid": [
      2317.79,
      1952.82,
      1797.38,
      1875.61,
      2092.85,
      1591.75,
      1908.0,
      1926.23,
      2154.71,
      2086.79,
      2131.22,
      1913.15,
      2488.31,
      2286.55,
      2310.57,
      2301.93,
      1898.18,
      2090.39,
      1687.69,
      1638.52,
      1865.81
    ]
  }
}