{
  "id": "9f7ddda1-6976-46f5-92ed-f7d0fcd12de3",
  "duration": 10.816,
  "pitch": {
    "mean": 305.88,
    "max": 2081.12,
    "std": 311.91,
    "max_mean_ratio": 6.8
  },
  "energy": {
    "mean": 0.031871,
    "max": 0.104148,
    "std": 0.026194,
    "rate_of_change": 0.009218
  },
  "speech_rate": {
    "chars_per_sec": 11.57,
    "words_per_sec": 2.35,
    "segment_count": 3
  },
  "spectral_centroid": {
    "mean": 2055.11
  },
  "timeseries": {
    "frame_sec": 0.5,
    "pitch": [
      124.99,
      118.61,
      234.46,
      98.39,
      219.96,
      534.0,
      255.7,
      583.05,
      346.78,
      124.84,
      96.94,
      111.26,
      185.45,
      457.94,
      351.89,
      492.29,
      375.88,
      355.67,
      577.4,
      465.31,
      228.42,
      146.55
    ],
    "energy": [
      0.010551,
      0.009372,
      0.009049,
      0.011817,
      0.038329,
      0.082471,
      0.05356,
      0.050667,
      0.01181,
      0.010181,
      0.011494,
      0.009982,
      0.013214,
      0.039921,
      0.038403,
      0.062306,
      0.057739,
      0.04043,
      0.032673,
      0.03687,
      0.026774,
      0.008712
    ],
    "spectral_centroid": [
      2231.58,
      2211.63,
      2532.39,
      2205.92,
      1561.24,
      1256.65,
      1802.58,
      1509.02,
      2183.09,
      1937.01,
      2085.48,
      2100.79,
      2200.3,
      1742.0,
      2093.68,
      1895.74,
      1650.76,
      1936.24,
      2206.76,
      1956.98,
      2821.71,
      3561.66
    ]
  }
}