{
  "id": "9f7e19c2-d87d-4607-9fc3-1059d9011dee",
  "duration": 12.117,
  "pitch": {
    "mean": 391.6,
    "max": 1838.04,
    "std": 379.3,
    "max_mean_ratio": 4.69
  },
  "energy": {
    "mean": 0.060621,
    "max": 0.118136,
    "std": 0.02241,
    "rate_of_change": 0.008196
  },
  "speech_rate": {
    "chars_per_sec": 8.68,
    "words_per_sec": 1.57,
    "segment_count": 6
  },
  "spectral_centroid": {
    "mean": 2416.34
  },
  "timeseries": {
    "frame_sec": 0.5,
    "pitch": [
      294.39,
      174.01,
      177.91,
      196.38,
      246.08,
      407.8,
      571.69,
      636.36,
      246.65,
      385.48,
      384.74,
      343.33,
      841.16,
      144.99,
      259.04,
      511.99,
      811.64,
      640.36,
      202.98,
      489.0,
      223.36,
      135.14,
      231.36,
      647.51,
      958.51
    ],
    "energy": [
      0.036486,
      0.036096,
      0.038339,
      0.031556,
      0.088307,
      0.045304,
      0.041154,
      0.052706,
      0.032772,
      0.048442,
      0.044083,
      0.059817,
      0.073322,
      0.090475,
      0.088633,
      0.065953,
      0.055165,
      0.049552,
      0.054494,
      0.045723,
      0.083359,
      0.09858,
      0.073843,
      0.0626,
      0.057779
    ],
    "spectral_centroid": [
      2228.57,
      2339.9,
      2293.62,
      2479.76,
      2210.06,
      2329.31,
      2396.86,
      2795.27,
      2915.78,
      2938.75,
      2513.51,
      2490.01,
      2476.28,
      1996.04,
      2114.18,
      2239.71,
      2487.59,
      2505.28,
      2263.94,
      2501.33,
      2213.48,
      2637.2,
      2343.54,
      2302.03,
      2250.9
    ]
  }
}