{
  "id": "9fa958da-43e4-4945-b67b-0d344ff8864f",
  "duration": 6.635,
  "pitch": {
    "mean": 577.84,
    "max": 1576.37,
    "std": 437.58,
    "max_mean_ratio": 2.73
  },
  "energy": {
    "mean": 0.066086,
    "max": 0.274517,
    "std": 0.063511,
    "rate_of_change": 0.039824
  },
  "speech_rate": {
    "chars_per_sec": 9.48,
    "words_per_sec": 1.8,
    "segment_count": 4
  },
  "spectral_centroid": {
    "mean": 1930.3
  },
  "timeseries": {
    "frame_sec": 0.5,
    "pitch": [
      518.91,
      694.54,
      767.75,
      338.28,
      354.46,
      1013.43,
      509.26,
      623.27,
      727.99,
      618.39,
      480.6,
      487.89,
      582.35,
      884.91
    ],
    "energy": [
      0.016659,
      0.011658,
      0.015623,
      0.061032,
      0.102591,
      0.036656,
      0.084512,
      0.019794,
      0.056398,
      0.142028,
      0.067357,
      0.104831,
      0.111111,
      0.012543
    ],
    "spectral_centroid": [
      1905.11,
      1839.83,
      1997.89,
      1961.26,
      2309.06,
      1479.54,
      1457.48,
      1829.29,
      1697.75,
      2048.84,
      2191.23,
      2363.66,
      1898.6,
      2253.74
    ]
  }
}