{
  "id": "a0183d08-2384-4e93-b07e-5e36cfdf1a5b",
  "duration": 5.547,
  "pitch": {
    "mean": 265.88,
    "max": 1958.34,
    "std": 258.15,
    "max_mean_ratio": 7.37
  },
  "energy": {
    "mean": 0.055876,
    "max": 0.192481,
    "std": 0.044852,
    "rate_of_change": 0.032663
  },
  "speech_rate": {
    "chars_per_sec": 13.59,
    "words_per_sec": 2.36,
    "segment_count": 3
  },
  "spectral_centroid": {
    "mean": 2014.09
  },
  "timeseries": {
    "frame_sec": 0.5,
    "pitch": [
      155.97,
      246.56,
      248.6,
      170.34,
      169.6,
      354.64,
      276.04,
      331.15,
      135.38,
      337.26,
      268.07,
      229.43
    ],
    "energy": [
      0.032856,
      0.047093,
      0.032298,
      0.018458,
      0.021627,
      0.05894,
      0.06345,
      0.033382,
      0.03607,
      0.10529,
      0.135938,
      0.057066
    ],
    "spectral_centroid": [
      1870.55,
      1889.24,
      2302.34,
      2304.72,
      2125.52,
      2408.33,
      2131.67,
      1789.31,
      2456.13,
      1559.3,
      1340.29,
      1599.28
    ]
  }
}