{
  "id": "a0488d1a-1c34-4b49-bbb3-54c2621b9bda",
  "duration": 13.717,
  "pitch": {
    "mean": 383.01,
    "max": 1838.22,
    "std": 252.46,
    "max_mean_ratio": 4.8
  },
  "energy": {
    "mean": 0.048971,
    "max": 0.410364,
    "std": 0.061629,
    "rate_of_change": 0.029459
  },
  "speech_rate": {
    "chars_per_sec": 20.39,
    "words_per_sec": 3.94,
    "segment_count": 3
  },
  "spectral_centroid": {
    "mean": 1814.58
  },
  "timeseries": {
    "frame_sec": 0.5,
    "pitch": [
      303.35,
      337.96,
      412.16,
      276.86,
      159.02,
      324.14,
      628.24,
      509.77,
      368.4,
      294.49,
      200.68,
      226.61,
      190.02,
      215.38,
      362.57,
      637.06,
      344.51,
      180.45,
      484.09,
      300.95,
      441.6,
      462.17,
      483.34,
      444.99,
      431.42,
      584.09,
      482.41,
      321.6
    ],
    "energy": [
      0.027162,
      0.023704,
      0.018263,
      0.021534,
      0.0143,
      0.01381,
      0.038855,
      0.045858,
      0.029384,
      0.021085,
      0.017319,
      0.025431,
      0.020812,
      0.01994,
      0.02097,
      0.032445,
      0.021965,
      0.007313,
      0.008307,
      0.017953,
      0.048545,
      0.113143,
      0.212187,
      0.141148,
      0.122872,
      0.132511,
      0.050404,
      0.051359
    ],
    "spectral_centroid": [
      1422.48,
      1840.33,
      1967.28,
      1925.69,
      2247.97,
      1749.96,
      1601.12,
      1582.85,
      1713.07,
      1801.5,
      1963.74,
      2344.77,
      1647.2,
      2096.84,
      2089.57,
      1773.13,
      2575.06,
      1785.19,
      1592.19,
      1573.72,
      1413.03,
      1694.22,
      1537.04,
      1662.25,
      1655.19,
      1546.72,
      2372.83,
      1608.52
    ]
  }
}