{
  "id": "a0678a91-3691-4341-9789-dd07cfd36ecd",
  "duration": 17.301,
  "pitch": {
    "mean": 455.55,
    "max": 2080.92,
    "std": 325.59,
    "max_mean_ratio": 4.57
  },
  "energy": {
    "mean": 0.053675,
    "max": 0.13227,
    "std": 0.031818,
    "rate_of_change": 0.00739
  },
  "speech_rate": {
    "chars_per_sec": 17.17,
    "words_per_sec": 2.81,
    "segment_count": 8
  },
  "spectral_centroid": {
    "mean": 1914.22
  },
  "timeseries": {
    "frame_sec": 0.5,
    "pitch": [
      550.0,
      386.9,
      526.53,
      146.14,
      547.26,
      529.14,
      323.06,
      247.8,
      620.28,
      500.43,
      290.51,
      500.58,
      663.46,
      189.8,
      490.98,
      330.3,
      550.83,
      750.8,
      522.95,
      536.65,
      645.14,
      291.13,
      225.15,
      402.55,
      422.5,
      597.38,
      405.94,
      471.83,
      406.31,
      371.04,
      420.25,
      450.17,
      573.87,
      411.48,
      463.41
    ],
    "energy": [
      0.073217,
      0.054716,
      0.062404,
      0.009305,
      0.071619,
      0.063065,
      0.028099,
      0.030122,
      0.055569,
      0.071368,
      0.03191,
      0.058187,
      0.053579,
      0.025262,
      0.069419,
      0.068495,
      0.071774,
      0.075806,
      0.055995,
      0.065347,
      0.058297,
      0.009176,
      0.028749,
      0.047805,
      0.027216,
      0.070792,
      0.036809,
      0.006203,
      0.073238,
      0.057222,
      0.038416,
      0.054302,
      0.084698,
      0.061081,
      0.03486
    ],
    "spectral_centroid": [
      1734.03,
      1642.37,
      1367.9,
      1811.88,
      1809.34,
      1872.19,
      1692.59,
      2085.84,
      2002.78,
      2198.22,
      1898.19,
      1321.0,
      2420.65,
      1859.6,
      2261.51,
      2203.24,
      2212.51,
      2111.63,
      2067.34,
      1771.63,
      1992.78,
      1925.14,
      1684.68,
      2257.89,
      1901.47,
      2013.78,
      1936.3,
      1757.71,
      2120.6,
      1673.62,
      2217.12,
      1974.12,
      1733.07,
      1862.21,
      1577.76
    ]
  }
}