{
  "id": "a1667d37-b23d-423d-84d3-491632585f80",
  "duration": 9.685,
  "pitch": {
    "mean": 415.13,
    "max": 1514.7,
    "std": 263.39,
    "max_mean_ratio": 3.65
  },
  "energy": {
    "mean": 0.060784,
    "max": 0.185329,
    "std": 0.038457,
    "rate_of_change": 0.018347
  },
  "speech_rate": {
    "chars_per_sec": 19.89,
    "words_per_sec": 3.37,
    "segment_count": 3
  },
  "spectral_centroid": {
    "mean": 2016.49
  },
  "timeseries": {
    "frame_sec": 0.5,
    "pitch": [
      189.52,
      394.21,
      351.37,
      387.87,
      317.49,
      444.93,
      310.91,
      433.87,
      155.19,
      257.0,
      497.98,
      649.23,
      433.73,
      495.42,
      616.78,
      375.63,
      442.47,
      456.21,
      472.53,
      975.66
    ],
    "energy": [
      0.042932,
      0.04557,
      0.054353,
      0.04302,
      0.045168,
      0.051524,
      0.039954,
      0.027953,
      0.02091,
      0.02487,
      0.064797,
      0.100872,
      0.028425,
      0.063505,
      0.072705,
      0.058772,
      0.102032,
      0.108692,
      0.077552,
      0.116893
    ],
    "spectral_centroid": [
      1928.49,
      2180.23,
      2754.82,
      1859.04,
      1747.27,
      1896.29,
      1834.53,
      1676.71,
      1588.21,
      1610.91,
      2005.23,
      1903.34,
      1959.78,
      1655.02,
      2048.63,
      2503.66,
      2371.68,
      2208.66,
      2386.21,
      2355.5
    ]
  }
}