{
  "id": "a16967e5-c6f4-4b65-95a9-5ba7383899e7",
  "duration": 7.829,
  "pitch": {
    "mean": 360.55,
    "max": 2018.09,
    "std": 275.7,
    "max_mean_ratio": 5.6
  },
  "energy": {
    "mean": 0.068207,
    "max": 0.162019,
    "std": 0.03539,
    "rate_of_change": 0.019229
  },
  "speech_rate": {
    "chars_per_sec": 14.49,
    "words_per_sec": 2.82,
    "segment_count": 3
  },
  "spectral_centroid": {
    "mean": 1734.6
  },
  "timeseries": {
    "frame_sec": 0.5,
    "pitch": [
      76.31,
      168.31,
      140.59,
      234.19,
      305.23,
      493.14,
      455.48,
      292.53,
      364.93,
      512.26,
      504.55,
      571.37,
      627.94,
      183.13,
      359.39,
      623.94
    ],
    "energy": [
      0.038559,
      0.023024,
      0.020637,
      0.05013,
      0.076536,
      0.10639,
      0.090319,
      0.050919,
      0.060845,
      0.083463,
      0.082904,
      0.059184,
      0.06044,
      0.066318,
      0.084643,
      0.099525
    ],
    "spectral_centroid": [
      1797.14,
      1997.25,
      1894.8,
      1659.17,
      1532.99,
      1645.31,
      1576.54,
      1858.61,
      1725.67,
      1578.05,
      1635.61,
      1597.73,
      1704.76,
      1875.07,
      1952.85,
      1796.29
    ]
  }
}