{
  "id": "a1801a68-70b7-4ac4-aecc-9093642da93d",
  "duration": 9.749,
  "pitch": {
    "mean": 293.2,
    "max": 1927.37,
    "std": 295.89,
    "max_mean_ratio": 6.57
  },
  "energy": {
    "mean": 0.039838,
    "max": 0.165057,
    "std": 0.029281,
    "rate_of_change": 0.015985
  },
  "speech_rate": {
    "chars_per_sec": 13.68,
    "words_per_sec": 2.47,
    "segment_count": 6
  },
  "spectral_centroid": {
    "mean": 2088.85
  },
  "timeseries": {
    "frame_sec": 0.5,
    "pitch": [
      546.74,
      207.85,
      115.78,
      197.9,
      160.24,
      391.91,
      171.55,
      174.99,
      188.34,
      163.32,
      247.67,
      362.55,
      370.51,
      147.79,
      278.97,
      106.82,
      690.76,
      388.79,
      665.2,
      113.56
    ],
    "energy": [
      0.045361,
      0.023533,
      0.028247,
      0.026615,
      0.025412,
      0.014154,
      0.04141,
      0.026067,
      0.015293,
      0.015565,
      0.04584,
      0.063503,
      0.046926,
      0.015742,
      0.026006,
      0.066311,
      0.100576,
      0.064552,
      0.034088,
      0.036948
    ],
    "spectral_centroid": [
      2349.59,
      2341.03,
      2378.95,
      2432.78,
      2365.04,
      2063.6,
      1907.29,
      2207.07,
      2066.63,
      1687.43,
      1936.12,
      1829.07,
      1961.94,
      1808.91,
      1810.07,
      1980.58,
      2265.56,
      1945.54,
      2355.62,
      1992.49
    ]
  }
}