{
  "id": "a18a996a-fe71-4329-956c-e4df23e7e5c7",
  "duration": 5.589,
  "pitch": {
    "mean": 462.3,
    "max": 1048.42,
    "std": 202.73,
    "max_mean_ratio": 2.27
  },
  "energy": {
    "mean": 0.026422,
    "max": 0.057542,
    "std": 0.01015,
    "rate_of_change": 0.009016
  },
  "speech_rate": {
    "chars_per_sec": 23.29,
    "words_per_sec": 4.51,
    "segment_count": 1
  },
  "spectral_centroid": {
    "mean": 1687.37
  },
  "timeseries": {
    "frame_sec": 0.5,
    "pitch": [
      441.93,
      537.42,
      479.65,
      406.06,
      483.75,
      373.85,
      532.95,
      445.52,
      455.93,
      444.11,
      462.26,
      337.71
    ],
    "energy": [
      0.021568,
      0.041711,
      0.024781,
      0.015734,
      0.026042,
      0.021644,
      0.022344,
      0.023646,
      0.027587,
      0.025413,
      0.026202,
      0.024328
    ],
    "spectral_centroid": [
      1770.49,
      1802.39,
      1848.08,
      1782.93,
      1798.7,
      1574.89,
      1373.23,
      1663.91,
      1480.08,
      1617.18,
      1823.17,
      1520.2
    ]
  }
}