{
  "id": "a1b57794-97a0-4d1f-b7b2-137bf7296657",
  "duration": 9.344,
  "pitch": {
    "mean": 315.54,
    "max": 938.03,
    "std": 224.3,
    "max_mean_ratio": 2.97
  },
  "energy": {
    "mean": 0.054285,
    "max": 0.201318,
    "std": 0.04034,
    "rate_of_change": 0.020942
  },
  "speech_rate": {
    "chars_per_sec": 15.87,
    "words_per_sec": 3.04,
    "segment_count": 2
  },
  "spectral_centroid": {
    "mean": 1599.15
  },
  "timeseries": {
    "frame_sec": 0.5,
    "pitch": [
      210.21,
      435.48,
      220.82,
      412.1,
      414.23,
      267.12,
      104.0,
      111.99,
      193.01,
      162.68,
      118.4,
      377.94,
      459.12,
      356.18,
      496.38,
      449.6,
      381.6,
      294.64,
      467.93
    ],
    "energy": [
      0.047299,
      0.072278,
      0.043741,
      0.071037,
      0.070624,
      0.017515,
      0.008746,
      0.009734,
      0.01045,
      0.007865,
      0.010711,
      0.070625,
      0.061928,
      0.069649,
      0.072767,
      0.094719,
      0.074887,
      0.070474,
      0.122257
    ],
    "spectral_centroid": [
      2064.18,
      1799.14,
      1537.85,
      1728.42,
      1736.66,
      1305.05,
      1262.66,
      1504.39,
      1461.89,
      1414.16,
      1530.21,
      1265.16,
      1281.64,
      1525.65,
      1744.44,
      1565.81,
      2126.23,
      1974.92,
      1886.84
    ]
  }
}