{
  "id": "a1bca30e-19c0-4a1b-aa40-ef57559984b2",
  "duration": 11.029,
  "pitch": {
    "mean": 429.59,
    "max": 1887.51,
    "std": 274.82,
    "max_mean_ratio": 4.39
  },
  "energy": {
    "mean": 0.030785,
    "max": 0.047389,
    "std": 0.008032,
    "rate_of_change": 0.003699
  },
  "speech_rate": {
    "chars_per_sec": 22.57,
    "words_per_sec": 4.51,
    "segment_count": 8
  },
  "spectral_centroid": {
    "mean": 1837.34
  },
  "timeseries": {
    "frame_sec": 0.5,
    "pitch": [
      453.62,
      423.75,
      460.14,
      233.25,
      495.45,
      497.92,
      402.24,
      584.56,
      396.01,
      516.21,
      428.63,
      370.24,
      360.29,
      302.35,
      458.77,
      409.69,
      287.76,
      632.82,
      625.24,
      508.0,
      402.64,
      460.38,
      90.22
    ],
    "energy": [
      0.01192,
      0.026017,
      0.031308,
      0.028861,
      0.032597,
      0.027635,
      0.033209,
      0.033993,
      0.026359,
      0.026348,
      0.030633,
      0.020832,
      0.028435,
      0.031897,
      0.03282,
      0.027851,
      0.021245,
      0.03543,
      0.037284,
      0.034398,
      0.034731,
      0.03526,
      0.011214
    ],
    "spectral_centroid": [
      1708.99,
      1755.64,
      1857.08,
      2099.72,
      1857.63,
      1894.59,
      1735.89,
      2116.32,
      1848.83,
      1653.5,
      1659.16,
      1970.9,
      1626.49,
      1903.41,
      2033.42,
      1612.52,
      1617.33,
      1930.36,
      1747.18,
      1546.53,
      2003.63,
      2209.18,
      2004.66
    ]
  }
}