{
  "id": "a1f956c1-2895-4164-9ed4-11617acd1b41",
  "duration": 6.528,
  "pitch": {
    "mean": 334.29,
    "max": 1605.79,
    "std": 214.91,
    "max_mean_ratio": 4.8
  },
  "energy": {
    "mean": 0.024442,
    "max": 0.094688,
    "std": 0.015593,
    "rate_of_change": 0.013588
  },
  "speech_rate": {
    "chars_per_sec": 12.82,
    "words_per_sec": 2.22,
    "segment_count": 1
  },
  "spectral_centroid": {
    "mean": 2078.53
  },
  "timeseries": {
    "frame_sec": 0.5,
    "pitch": [
      303.47,
      486.57,
      481.13,
      231.41,
      291.96,
      243.77,
      370.16,
      304.17,
      352.37,
      370.73,
      243.3,
      419.59,
      256.18,
      394.34
    ],
    "energy": [
      0.026496,
      0.030283,
      0.024292,
      0.021063,
      0.018968,
      0.02065,
      0.037243,
      0.0098,
      0.025975,
      0.035639,
      0.022478,
      0.016872,
      0.015488,
      0.008633
    ],
    "spectral_centroid": [
      1528.42,
      1549.01,
      1991.55,
      2255.45,
      1849.8,
      2392.84,
      2063.03,
      1913.36,
      2864.54,
      1738.92,
      2445.26,
      2301.73,
      2255.01,
      1329.75
    ]
  }
}