{
  "id": "a2736320-a291-4fa8-8369-2416ae0fa8e6",
  "duration": 9.195,
  "pitch": {
    "mean": 347.89,
    "max": 1543.95,
    "std": 276.11,
    "max_mean_ratio": 4.44
  },
  "energy": {
    "mean": 0.041529,
    "max": 0.140326,
    "std": 0.025424,
    "rate_of_change": 0.014678
  },
  "speech_rate": {
    "chars_per_sec": 16.23,
    "words_per_sec": 2.94,
    "segment_count": 6
  },
  "spectral_centroid": {
    "mean": 1986.31
  },
  "timeseries": {
    "frame_sec": 0.5,
    "pitch": [
      200.32,
      515.07,
      455.67,
      543.83,
      412.5,
      415.44,
      191.47,
      227.35,
      494.3,
      152.3,
      502.2,
      748.35,
      226.35,
      482.75,
      183.2,
      164.26,
      150.75,
      223.79,
      355.17
    ],
    "energy": [
      0.017023,
      0.049464,
      0.042516,
      0.052558,
      0.02334,
      0.039702,
      0.029559,
      0.04466,
      0.042866,
      0.025386,
      0.062272,
      0.075204,
      0.017636,
      0.073917,
      0.020788,
      0.029521,
      0.036835,
      0.036513,
      0.039164
    ],
    "spectral_centroid": [
      1549.77,
      1790.62,
      2157.55,
      2044.12,
      1819.3,
      2132.58,
      1894.69,
      2178.04,
      1813.39,
      1732.88,
      2022.47,
      2146.69,
      1873.86,
      1835.97,
      2041.06,
      2247.97,
      2470.07,
      2223.71,
      1355.74
    ]
  }
}