{
  "id": "a2b6161a-44eb-4c97-aaa8-041ce8a1dca7",
  "duration": 11.968,
  "pitch": {
    "mean": 416.17,
    "max": 1802.07,
    "std": 253.52,
    "max_mean_ratio": 4.33
  },
  "energy": {
    "mean": 0.048682,
    "max": 0.150319,
    "std": 0.030502,
    "rate_of_change": 0.012039
  },
  "speech_rate": {
    "chars_per_sec": 14.66,
    "words_per_sec": 2.51,
    "segment_count": 5
  },
  "spectral_centroid": {
    "mean": 2072.77
  },
  "timeseries": {
    "frame_sec": 0.5,
    "pitch": [
      352.41,
      375.79,
      409.87,
      342.83,
      334.39,
      345.25,
      560.35,
      371.84,
      308.0,
      476.37,
      523.25,
      277.78,
      177.58,
      412.65,
      362.72,
      444.06,
      415.82,
      462.04,
      396.5,
      272.72,
      528.85,
      608.98,
      505.66,
      379.37
    ],
    "energy": [
      0.056909,
      0.051398,
      0.021089,
      0.018383,
      0.008556,
      0.0271,
      0.055449,
      0.022522,
      0.059062,
      0.08067,
      0.057839,
      0.046951,
      0.01704,
      0.040492,
      0.049641,
      0.058234,
      0.054207,
      0.053981,
      0.035982,
      0.038833,
      0.08752,
      0.059453,
      0.045751,
      0.063754
    ],
    "spectral_centroid": [
      1660.09,
      2039.03,
      1998.65,
      1991.8,
      2104.83,
      1995.3,
      2091.12,
      1991.98,
      2087.87,
      1904.44,
      1765.58,
      2320.75,
      2436.68,
      2212.38,
      1817.81,
      1807.98,
      1815.64,
      2266.89,
      2593.04,
      2437.82,
      2036.36,
      2106.16,
      2144.0,
      2077.31
    ]
  }
}