{
  "id": "a2d37be9-dc02-420a-9c5b-319e174617d5",
  "duration": 6.592,
  "pitch": {
    "mean": 340.1,
    "max": 1218.29,
    "std": 239.81,
    "max_mean_ratio": 3.58
  },
  "energy": {
    "mean": 0.091132,
    "max": 0.294868,
    "std": 0.066084,
    "rate_of_change": 0.043221
  },
  "speech_rate": {
    "chars_per_sec": 10.49,
    "words_per_sec": 2.13,
    "segment_count": 1
  },
  "spectral_centroid": {
    "mean": 2011.09
  },
  "timeseries": {
    "frame_sec": 0.5,
    "pitch": [
      421.03,
      389.41,
      293.49,
      317.18,
      179.81,
      126.75,
      262.85,
      412.47,
      394.54,
      298.72,
      545.35,
      404.23,
      560.55,
      449.04
    ],
    "energy": [
      0.106453,
      0.123332,
      0.074095,
      0.090116,
      0.017626,
      0.026579,
      0.077539,
      0.151447,
      0.106642,
      0.102437,
      0.108801,
      0.033431,
      0.113777,
      0.088018
    ],
    "spectral_centroid": [
      1729.48,
      1956.09,
      1648.4,
      2075.35,
      2022.27,
      2574.75,
      2046.13,
      1667.84,
      1956.91,
      2124.22,
      2060.62,
      2305.2,
      1996.58,
      1654.2
    ]
  }
}