{
  "id": "a36076f9-e827-4bfc-9d1b-b5cb72e98e40",
  "duration": 4.16,
  "pitch": {
    "mean": 449.28,
    "max": 1098.15,
    "std": 230.03,
    "max_mean_ratio": 2.44
  },
  "energy": {
    "mean": 0.063101,
    "max": 0.203299,
    "std": 0.05848,
    "rate_of_change": 0.045921
  },
  "speech_rate": {
    "chars_per_sec": 21.88,
    "words_per_sec": 4.09,
    "segment_count": 1
  },
  "spectral_centroid": {
    "mean": 1644.56
  },
  "timeseries": {
    "frame_sec": 0.5,
    "pitch": [
      398.92,
      421.43,
      335.08,
      400.82,
      413.39,
      472.94,
      649.7,
      566.52,
      313.2
    ],
    "energy": [
      0.020365,
      0.022197,
      0.02032,
      0.034473,
      0.032971,
      0.06904,
      0.16096,
      0.135211,
      0.031051
    ],
    "spectral_centroid": [
      1562.81,
      1601.51,
      2124.3,
      1698.56,
      1669.59,
      1564.05,
      1547.19,
      1321.67,
      1656.66
    ]
  }
}