{
  "id": "a3b161bd-1c28-4215-8722-baa7b7448b80",
  "duration": 8.875,
  "pitch": {
    "mean": 494.61,
    "max": 1412.61,
    "std": 289.53,
    "max_mean_ratio": 2.86
  },
  "energy": {
    "mean": 0.039413,
    "max": 0.131489,
    "std": 0.027127,
    "rate_of_change": 0.014315
  },
  "speech_rate": {
    "chars_per_sec": 21.48,
    "words_per_sec": 4.49,
    "segment_count": 3
  },
  "spectral_centroid": {
    "mean": 1768.36
  },
  "timeseries": {
    "frame_sec": 0.5,
    "pitch": [
      356.93,
      297.57,
      390.75,
      400.65,
      337.83,
      366.92,
      299.41,
      403.36,
      556.74,
      734.43,
      468.06,
      878.58,
      601.14,
      480.95,
      441.12,
      556.09,
      589.65,
      619.98
    ],
    "energy": [
      0.0169,
      0.016633,
      0.022071,
      0.016002,
      0.022224,
      0.034147,
      0.042726,
      0.067193,
      0.044477,
      0.047275,
      0.031578,
      0.060578,
      0.029257,
      0.022338,
      0.029771,
      0.057119,
      0.042604,
      0.082491
    ],
    "spectral_centroid": [
      2155.39,
      1741.34,
      1834.3,
      2093.62,
      1629.41,
      2088.06,
      1713.55,
      1394.4,
      1603.19,
      1421.19,
      1717.83,
      1671.25,
      1604.9,
      2109.4,
      1846.78,
      1650.29,
      1613.79,
      1906.76
    ]
  }
}