{
  "id": "a3c129b2-1a0f-4b56-af1c-dacd0aa7e235",
  "duration": 14.4,
  "pitch": {
    "mean": 339.96,
    "max": 1109.65,
    "std": 220.4,
    "max_mean_ratio": 3.26
  },
  "energy": {
    "mean": 0.05413,
    "max": 0.139123,
    "std": 0.028411,
    "rate_of_change": 0.00875
  },
  "speech_rate": {
    "chars_per_sec": 11.23,
    "words_per_sec": 2.22,
    "segment_count": 9
  },
  "spectral_centroid": {
    "mean": 1813.66
  },
  "timeseries": {
    "frame_sec": 0.5,
    "pitch": [
      639.96,
      347.27,
      205.53,
      304.64,
      346.46,
      434.81,
      333.9,
      247.81,
      276.05,
      368.12,
      548.24,
      121.48,
      277.84,
      315.67,
      318.23,
      339.28,
      405.06,
      319.78,
      426.43,
      216.18,
      120.37,
      166.1,
      381.43,
      394.06,
      151.79,
      482.28,
      202.3,
      563.69,
      501.65
    ],
    "energy": [
      0.101775,
      0.052026,
      0.037968,
      0.052748,
      0.052538,
      0.066721,
      0.034236,
      0.033221,
      0.041739,
      0.043779,
      0.061465,
      0.035151,
      0.053301,
      0.042975,
      0.045669,
      0.042644,
      0.053598,
      0.037949,
      0.065136,
      0.037232,
      0.023545,
      0.026104,
      0.040768,
      0.043623,
      0.043845,
      0.097635,
      0.075277,
      0.109686,
      0.055293
    ],
    "spectral_centroid": [
      2483.03,
      1963.56,
      2666.76,
      2482.29,
      1843.45,
      1545.6,
      2170.09,
      2246.34,
      1507.68,
      1577.29,
      1615.32,
      1987.61,
      1914.78,
      2039.03,
      1886.48,
      1658.67,
      1587.43,
      1465.82,
      1531.99,
      1528.32,
      1515.52,
      1678.35,
      1638.85,
      1513.16,
      1311.31,
      1657.62,
      1847.58,
      1820.99,
      1871.35
    ]
  }
}