{
  "id": "a3c399fa-6d5e-4f77-b7e9-5fad08d2beeb",
  "duration": 13.461,
  "pitch": {
    "mean": 464.33,
    "max": 2084.09,
    "std": 372.01,
    "max_mean_ratio": 4.49
  },
  "energy": {
    "mean": 0.052477,
    "max": 0.217756,
    "std": 0.046436,
    "rate_of_change": 0.015963
  },
  "speech_rate": {
    "chars_per_sec": 13.32,
    "words_per_sec": 2.21,
    "segment_count": 6
  },
  "spectral_centroid": {
    "mean": 1834.59
  },
  "timeseries": {
    "frame_sec": 0.5,
    "pitch": [
      136.02,
      436.47,
      866.92,
      349.26,
      416.21,
      338.04,
      622.65,
      481.68,
      503.95,
      655.56,
      719.12,
      419.03,
      323.58,
      353.16,
      574.9,
      471.01,
      759.18,
      527.88,
      500.61,
      382.07,
      286.72,
      202.93,
      184.32,
      281.65,
      452.55,
      722.16,
      231.16
    ],
    "energy": [
      0.008587,
      0.044856,
      0.072887,
      0.025094,
      0.004776,
      0.02139,
      0.074018,
      0.078781,
      0.074804,
      0.064857,
      0.093543,
      0.017632,
      0.006181,
      0.003881,
      0.074041,
      0.070402,
      0.091396,
      0.07796,
      0.087255,
      0.032182,
      0.006249,
      0.004913,
      0.004276,
      0.072183,
      0.101086,
      0.114227,
      0.01035
    ],
    "spectral_centroid": [
      1598.74,
      1990.03,
      1808.28,
      1530.66,
      1436.37,
      1361.65,
      2166.32,
      1810.49,
      1761.4,
      2067.67,
      1819.89,
      2033.44,
      1494.38,
      1892.32,
      1956.03,
      1909.04,
      1815.53,
      1755.83,
      1832.55,
      1784.45,
      1711.26,
      1420.3,
      1619.67,
      2116.5,
      2119.4,
      2545.71,
      2161.33
    ]
  }
}