{
  "id": "a3ca54b4-bb55-47b3-8ffe-dd0e4fff6fe6",
  "duration": 9.344,
  "pitch": {
    "mean": 428.45,
    "max": 1569.37,
    "std": 245.94,
    "max_mean_ratio": 3.66
  },
  "energy": {
    "mean": 0.034602,
    "max": 0.100743,
    "std": 0.024466,
    "rate_of_change": 0.010481
  },
  "speech_rate": {
    "chars_per_sec": 17.31,
    "words_per_sec": 3.42,
    "segment_count": 2
  },
  "spectral_centroid": {
    "mean": 1758.09
  },
  "timeseries": {
    "frame_sec": 0.5,
    "pitch": [
      428.18,
      472.37,
      248.28,
      442.25,
      443.15,
      414.38,
      412.97,
      378.53,
      325.38,
      457.84,
      507.39,
      495.78,
      441.01,
      417.9,
      473.09,
      655.93,
      546.39,
      495.56,
      123.95
    ],
    "energy": [
      0.003713,
      0.030793,
      0.019199,
      0.044032,
      0.03214,
      0.012048,
      0.026266,
      0.02404,
      0.025266,
      0.024866,
      0.039823,
      0.052295,
      0.034475,
      0.032913,
      0.054856,
      0.05814,
      0.058327,
      0.043178,
      0.0088
    ],
    "spectral_centroid": [
      2112.64,
      1660.21,
      2015.55,
      1814.1,
      1595.88,
      1983.29,
      1714.36,
      2359.25,
      1560.99,
      1574.72,
      1522.11,
      1395.63,
      1628.12,
      1686.77,
      1589.09,
      1422.02,
      1637.5,
      1889.99,
      2472.72
    ]
  }
}