{
  "id": "a3d1a0a3-4db4-4957-a52f-d94cd0763923",
  "duration": 5.461,
  "pitch": {
    "mean": 483.47,
    "max": 1203.13,
    "std": 256.21,
    "max_mean_ratio": 2.49
  },
  "energy": {
    "mean": 0.04192,
    "max": 0.140818,
    "std": 0.031515,
    "rate_of_change": 0.024516
  },
  "speech_rate": {
    "chars_per_sec": 23.45,
    "words_per_sec": 4.87,
    "segment_count": 2
  },
  "spectral_centroid": {
    "mean": 1836.49
  },
  "timeseries": {
    "frame_sec": 0.5,
    "pitch": [
      309.07,
      472.59,
      394.99,
      537.51,
      253.48,
      240.56,
      601.46,
      709.24,
      638.49,
      452.13,
      586.6
    ],
    "energy": [
      0.026163,
      0.031556,
      0.024515,
      0.036339,
      0.00967,
      0.016019,
      0.049603,
      0.107971,
      0.079513,
      0.039075,
      0.019983
    ],
    "spectral_centroid": [
      2587.88,
      1631.54,
      1688.95,
      1740.89,
      2113.57,
      1632.06,
      1662.84,
      1580.18,
      1481.0,
      1880.41,
      2177.46
    ]
  }
}