{
  "id": "a3d2da2e-1c71-4816-88a5-fdc37ca53414",
  "duration": 17.088,
  "pitch": {
    "mean": 380.05,
    "max": 1676.97,
    "std": 242.5,
    "max_mean_ratio": 4.41
  },
  "energy": {
    "mean": 0.067616,
    "max": 0.130444,
    "std": 0.029908,
    "rate_of_change": 0.007387
  },
  "speech_rate": {
    "chars_per_sec": 17.23,
    "words_per_sec": 3.52,
    "segment_count": 4
  },
  "spectral_centroid": {
    "mean": 1951.55
  },
  "timeseries": {
    "frame_sec": 0.5,
    "pitch": [
      272.83,
      291.36,
      457.75,
      470.59,
      285.71,
      415.59,
      428.39,
      534.68,
      164.17,
      334.3,
      614.88,
      375.43,
      297.65,
      350.86,
      323.78,
      274.38,
      270.87,
      188.09,
      260.05,
      331.6,
      456.4,
      459.32,
      400.42,
      407.48,
      455.43,
      562.56,
      495.46,
      417.61,
      438.85,
      513.76,
      344.73,
      244.91,
      157.38,
      500.44,
      298.41
    ],
    "energy": [
      0.057096,
      0.061943,
      0.056957,
      0.064642,
      0.074002,
      0.063479,
      0.067795,
      0.082786,
      0.038394,
      0.063341,
      0.066771,
      0.070731,
      0.064546,
      0.043528,
      0.045033,
      0.040209,
      0.066103,
      0.015159,
      0.061676,
      0.087063,
      0.087732,
      0.083703,
      0.073786,
      0.081556,
      0.081881,
      0.098253,
      0.080408,
      0.080181,
      0.066993,
      0.073006,
      0.058004,
      0.045877,
      0.018478,
      0.079643,
      0.065834
    ],
    "spectral_centroid": [
      2911.24,
      2309.47,
      1859.06,
      2139.01,
      1550.35,
      2047.44,
      1576.34,
      1656.0,
      2155.99,
      1770.03,
      1925.6,
      1716.33,
      1420.37,
      1883.78,
      1601.7,
      2114.47,
      1807.75,
      2195.79,
      2274.18,
      1467.91,
      1852.71,
      1748.74,
      1985.0,
      1139.86,
      1641.8,
      1832.67,
      2339.05,
      1651.03,
      2163.02,
      2007.63,
      2903.35,
      1647.66,
      3142.22,
      2142.22,
      1371.41
    ]
  }
}