{
  "id": "a4cb20b8-9130-4eca-985d-e73cc93d4ebc",
  "duration": 8.811,
  "pitch": {
    "mean": 497.86,
    "max": 2024.53,
    "std": 405.38,
    "max_mean_ratio": 4.07
  },
  "energy": {
    "mean": 0.125423,
    "max": 0.274455,
    "std": 0.066255,
    "rate_of_change": 0.028889
  },
  "speech_rate": {
    "chars_per_sec": 18.8,
    "words_per_sec": 3.19,
    "segment_count": 6
  },
  "spectral_centroid": {
    "mean": 1992.71
  },
  "timeseries": {
    "frame_sec": 0.5,
    "pitch": [
      333.9,
      331.96,
      498.33,
      354.78,
      160.93,
      622.07,
      443.34,
      506.35,
      524.4,
      886.33,
      217.84,
      499.02,
      315.31,
      732.08,
      755.82,
      915.6,
      645.63,
      381.2
    ],
    "energy": [
      0.031893,
      0.070147,
      0.14725,
      0.109858,
      0.035411,
      0.034804,
      0.115734,
      0.149545,
      0.149314,
      0.115207,
      0.09745,
      0.170938,
      0.123614,
      0.187477,
      0.165287,
      0.129632,
      0.188348,
      0.135219
    ],
    "spectral_centroid": [
      1695.81,
      1872.78,
      1609.09,
      1782.77,
      1762.77,
      2058.52,
      1801.97,
      1791.87,
      2081.86,
      1872.64,
      1911.56,
      2343.29,
      2896.65,
      1919.1,
      2393.2,
      1944.02,
      1946.8,
      2190.08
    ]
  }
}