{
  "id": "a4f28d7d-bd0c-4c67-9d8d-c0c8282645f3",
  "duration": 11.797,
  "pitch": {
    "mean": 539.31,
    "max": 1626.6,
    "std": 292.93,
    "max_mean_ratio": 3.02
  },
  "energy": {
    "mean": 0.086915,
    "max": 0.245593,
    "std": 0.053943,
    "rate_of_change": 0.02022
  },
  "speech_rate": {
    "chars_per_sec": 16.81,
    "words_per_sec": 3.21,
    "segment_count": 1
  },
  "spectral_centroid": {
    "mean": 1793.79
  },
  "timeseries": {
    "frame_sec": 0.5,
    "pitch": [
      698.13,
      412.74,
      387.3,
      535.48,
      325.8,
      595.34,
      563.32,
      551.1,
      677.47,
      467.56,
      505.13,
      372.87,
      505.93,
      430.07,
      466.38,
      416.09,
      652.81,
      533.19,
      498.63,
      770.64,
      642.38,
      637.61,
      646.18,
      621.24
    ],
    "energy": [
      0.052173,
      0.033965,
      0.037235,
      0.053778,
      0.036036,
      0.06229,
      0.096879,
      0.086844,
      0.090956,
      0.068384,
      0.07301,
      0.058778,
      0.11571,
      0.061752,
      0.080735,
      0.069974,
      0.065104,
      0.084561,
      0.137894,
      0.149373,
      0.151071,
      0.093569,
      0.098923,
      0.158263
    ],
    "spectral_centroid": [
      1729.71,
      1810.07,
      2054.77,
      2255.27,
      2175.87,
      1701.79,
      1685.94,
      1481.28,
      1671.04,
      1681.55,
      1640.51,
      1883.55,
      1511.17,
      1774.34,
      1452.51,
      1533.22,
      1875.32,
      1917.93,
      1904.66,
      1823.2,
      1987.29,
      1929.79,
      1848.42,
      1757.59
    ]
  }
}