{
  "id": "a516d582-4463-4053-92c7-3eeb21d7f2c6",
  "duration": 11.115,
  "pitch": {
    "mean": 277.03,
    "max": 1726.05,
    "std": 269.29,
    "max_mean_ratio": 6.23
  },
  "energy": {
    "mean": 0.049096,
    "max": 0.227141,
    "std": 0.043099,
    "rate_of_change": 0.019685
  },
  "speech_rate": {
    "chars_per_sec": 17.82,
    "words_per_sec": 3.64,
    "segment_count": 6
  },
  "spectral_centroid": {
    "mean": 1984.97
  },
  "timeseries": {
    "frame_sec": 0.5,
    "pitch": [
      116.94,
      124.68,
      128.16,
      146.51,
      152.16,
      332.3,
      100.25,
      214.08,
      320.08,
      190.14,
      490.78,
      212.47,
      194.6,
      199.61,
      149.39,
      435.39,
      368.65,
      132.35,
      405.18,
      707.37,
      401.55,
      706.5,
      100.25
    ],
    "energy": [
      0.018385,
      0.024271,
      0.014961,
      0.017128,
      0.023183,
      0.025317,
      0.034598,
      0.038519,
      0.072184,
      0.016575,
      0.061857,
      0.027057,
      0.030544,
      0.024589,
      0.01882,
      0.067824,
      0.06166,
      0.039236,
      0.105517,
      0.142808,
      0.071377,
      0.110993,
      0.00971
    ],
    "spectral_centroid": [
      2122.0,
      2266.1,
      2152.6,
      2021.79,
      1608.92,
      1982.75,
      1637.4,
      1738.42,
      1934.84,
      1826.57,
      2176.54,
      2006.09,
      2188.23,
      2172.94,
      2008.58,
      1783.45,
      1526.13,
      1880.8,
      1914.31,
      2010.92,
      2479.48,
      2191.48,
      1809.35
    ]
  }
}