{
  "id": "a51ffe63-7ea7-4da5-ba43-e7e6fb565ea4",
  "duration": 27.307,
  "pitch": {
    "mean": 503.22,
    "max": 2089.63,
    "std": 436.27,
    "max_mean_ratio": 4.15
  },
  "energy": {
    "mean": 0.079642,
    "max": 0.296786,
    "std": 0.069823,
    "rate_of_change": 0.01067
  },
  "speech_rate": {
    "chars_per_sec": 14.55,
    "words_per_sec": 2.73,
    "segment_count": 9
  },
  "spectral_centroid": {
    "mean": 2005.75
  },
  "timeseries": {
    "frame_sec": 0.5,
    "pitch": [
      328.01,
      472.17,
      601.81,
      433.94,
      270.9,
      296.78,
      480.11,
      313.0,
      371.63,
      321.94,
      532.5,
      409.9,
      214.74,
      263.03,
      448.07,
      654.45,
      523.95,
      462.96,
      678.57,
      571.24,
      548.88,
      189.89,
      199.52,
      464.16,
      652.79,
      550.36,
      408.8,
      669.43,
      195.53,
      397.06,
      676.08,
      893.1,
      817.08,
      798.23,
      784.91,
      1127.02,
      1431.74,
      708.92,
      244.14,
      231.81,
      208.21,
      168.91,
      149.12,
      353.45,
      562.4,
      503.57,
      603.1,
      608.14,
      739.96,
      419.15,
      853.89,
      553.95,
      282.26,
      340.25,
      235.63
    ],
    "energy": [
      0.064935,
      0.059277,
      0.080188,
      0.04964,
      0.054211,
      0.062361,
      0.052266,
      0.027565,
      0.105359,
      0.084189,
      0.081277,
      0.03891,
      0.035485,
      0.068656,
      0.082093,
      0.096007,
      0.104519,
      0.068974,
      0.048809,
      0.146256,
      0.094006,
      0.016082,
      0.028659,
      0.061431,
      0.032247,
      0.067537,
      0.102582,
      0.082061,
      0.017586,
      0.124151,
      0.152392,
      0.183315,
      0.137853,
      0.080724,
      0.142,
      0.235921,
      0.258414,
      0.076221,
      0.00851,
      0.005902,
      0.006334,
      0.017454,
      0.024687,
      0.030583,
      0.029683,
      0.02616,
      0.056855,
      0.14035,
      0.089141,
      0.123668,
      0.154873,
      0.097359,
      0.021002,
      0.013917,
      0.010516
    ],
    "spectral_centroid": [
      1749.6,
      1593.68,
      1834.26,
      2547.8,
      2061.4,
      1736.53,
      2239.46,
      1817.13,
      1637.65,
      2179.69,
      1869.53,
      2035.39,
      2625.8,
      1870.7,
      1950.14,
      1569.22,
      2141.46,
      1896.77,
      1817.14,
      1754.89,
      1646.33,
      1943.57,
      1851.97,
      1642.5,
      1740.74,
      1838.48,
      1968.52,
      1942.34,
      2365.56,
      2416.07,
      2164.02,
      2207.62,
      1776.01,
      2217.01,
      2885.28,
      2302.31,
      2201.5,
      2020.82,
      1474.14,
      1713.75,
      1492.05,
      3129.65,
      2127.52,
      1821.04,
      1788.06,
      2109.54,
      2745.85,
      1900.83,
      2200.73,
      2226.81,
      2075.66,
      1617.37,
      1843.32,
      1666.85,
      2429.08
    ]
  }
}