{
  "id": "a5a08d96-a8c8-483b-8e8a-52c29e1b6356",
  "duration": 10.432,
  "pitch": {
    "mean": 456.82,
    "max": 2001.82,
    "std": 294.52,
    "max_mean_ratio": 4.38
  },
  "energy": {
    "mean": 0.040299,
    "max": 0.249812,
    "std": 0.045187,
    "rate_of_change": 0.023447
  },
  "speech_rate": {
    "chars_per_sec": 15.14,
    "words_per_sec": 3.27,
    "segment_count": 2
  },
  "spectral_centroid": {
    "mean": 1803.19
  },
  "timeseries": {
    "frame_sec": 0.5,
    "pitch": [
      594.22,
      529.26,
      689.88,
      544.68,
      393.06,
      427.9,
      524.4,
      362.73,
      306.61,
      415.13,
      319.1,
      605.61,
      320.92,
      459.98,
      292.32,
      557.58,
      451.85,
      309.22,
      600.42,
      386.99,
      537.51
    ],
    "energy": [
      0.02851,
      0.0391,
      0.027019,
      0.022628,
      0.013916,
      0.018205,
      0.016057,
      0.029872,
      0.025827,
      0.027728,
      0.013843,
      0.032829,
      0.005754,
      0.030214,
      0.018727,
      0.027008,
      0.051213,
      0.023781,
      0.149846,
      0.142102,
      0.060775
    ],
    "spectral_centroid": [
      1692.6,
      1616.68,
      1683.1,
      1840.41,
      1889.93,
      2030.18,
      1633.31,
      1978.19,
      2065.23,
      2244.35,
      1963.36,
      1971.53,
      1701.34,
      1574.66,
      1770.9,
      1601.54,
      1727.59,
      2190.93,
      1558.34,
      1447.23,
      1712.31
    ]
  }
}