{
  "id": "a6a73b76-8e1f-49d4-a8c2-105cd1a2511b",
  "duration": 8.725,
  "pitch": {
    "mean": 489.87,
    "max": 2078.52,
    "std": 414.76,
    "max_mean_ratio": 4.24
  },
  "energy": {
    "mean": 0.075781,
    "max": 0.21198,
    "std": 0.052344,
    "rate_of_change": 0.023619
  },
  "speech_rate": {
    "chars_per_sec": 8.83,
    "words_per_sec": 1.61,
    "segment_count": 4
  },
  "spectral_centroid": {
    "mean": 1967.86
  },
  "timeseries": {
    "frame_sec": 0.5,
    "pitch": [
      581.85,
      117.77,
      455.45,
      519.63,
      637.94,
      562.64,
      233.86,
      661.8,
      423.46,
      1081.99,
      767.49,
      611.45,
      299.74,
      91.05,
      144.87,
      454.38,
      854.64,
      475.47
    ],
    "energy": [
      0.096372,
      0.012751,
      0.099025,
      0.067606,
      0.102902,
      0.083999,
      0.036687,
      0.090864,
      0.081076,
      0.106321,
      0.083209,
      0.087917,
      0.007777,
      0.010191,
      0.03031,
      0.122341,
      0.121209,
      0.037053
    ],
    "spectral_centroid": [
      2032.82,
      2013.13,
      1882.77,
      2487.02,
      1855.06,
      1421.1,
      1730.3,
      2327.92,
      2171.22,
      2068.3,
      1856.77,
      1971.72,
      1557.93,
      1478.74,
      1790.63,
      2556.82,
      2258.21,
      1680.57
    ]
  }
}