{
  "id": "a6b6c7b5-8377-43a5-a9af-0cafc94497ed",
  "duration": 8.277,
  "pitch": {
    "mean": 431.4,
    "max": 1413.4,
    "std": 305.64,
    "max_mean_ratio": 3.28
  },
  "energy": {
    "mean": 0.116419,
    "max": 0.307052,
    "std": 0.064479,
    "rate_of_change": 0.034301
  },
  "speech_rate": {
    "chars_per_sec": 10.77,
    "words_per_sec": 1.82,
    "segment_count": 4
  },
  "spectral_centroid": {
    "mean": 1933.27
  },
  "timeseries": {
    "frame_sec": 0.5,
    "pitch": [
      537.96,
      98.53,
      386.91,
      569.33,
      725.55,
      463.94,
      399.38,
      712.29,
      161.92,
      458.61,
      590.19,
      383.74,
      559.38,
      112.22,
      430.4,
      270.08,
      476.07
    ],
    "energy": [
      0.104282,
      0.052537,
      0.097504,
      0.169162,
      0.10804,
      0.114946,
      0.136983,
      0.106348,
      0.040938,
      0.077746,
      0.150091,
      0.121719,
      0.140069,
      0.056824,
      0.139771,
      0.136968,
      0.175895
    ],
    "spectral_centroid": [
      1942.02,
      1733.95,
      2055.7,
      2086.99,
      2332.3,
      1868.38,
      2341.63,
      1877.1,
      1671.53,
      1694.8,
      1811.08,
      2072.64,
      1701.71,
      1802.05,
      2003.76,
      2037.78,
      1683.16
    ]
  }
}