{
  "id": "a70bff85-0184-4157-ad73-2206387a9b5d",
  "duration": 63.381,
  "pitch": {
    "mean": 441.86,
    "max": 2089.35,
    "std": 386.07,
    "max_mean_ratio": 4.73
  },
  "energy": {
    "mean": 0.044945,
    "max": 0.201427,
    "std": 0.031571,
    "rate_of_change": 0.003019
  },
  "speech_rate": {
    "chars_per_sec": 10.24,
    "words_per_sec": 1.94,
    "segment_count": 19
  },
  "spectral_centroid": {
    "mean": 1878.7
  },
  "timeseries": {
    "frame_sec": 0.5,
    "pitch": [
      324.68,
      420.25,
      259.39,
      428.65,
      536.6,
      245.26,
      349.09,
      606.71,
      333.2,
      350.65,
      483.32,
      423.02,
      292.29,
      395.59,
      710.19,
      405.68,
      202.54,
      380.17,
      484.96,
      428.26,
      300.84,
      361.33,
      243.63,
      428.68,
      220.83,
      286.32,
      486.67,
      391.87,
      274.63,
      330.47,
      747.99,
      300.5,
      970.01,
      249.94,
      335.99,
      580.06,
      291.54,
      834.73,
      570.73,
      307.49,
      408.03,
      248.89,
      419.21,
      388.83,
      574.48,
      599.53,
      944.41,
      744.91,
      356.48,
      370.74,
      428.11,
      411.69,
      576.47,
      406.06,
      411.84,
      723.01,
      527.32,
      679.26,
      391.14,
      200.46,
      603.26,
      482.08,
      232.04,
      392.39,
      305.37,
      522.01,
      447.35,
      484.77,
      874.05,
      457.06,
      296.41,
      282.54,
      265.93,
      200.61,
      358.91,
      386.24,
      357.43,
      553.3,
      469.33,
      1072.3,
      339.82,
      318.65,
      605.18,
      409.27,
      780.29,
      434.23,
      324.06,
      581.88,
      637.04,
      878.84,
      428.7,
      320.99,
      511.51,
      525.32,
      1083.7,
      482.29,
      757.87,
      469.4,
      577.68,
      517.08,
      335.31,
      245.16,
      207.69,
      284.7,
      243.59,
      302.25,
      211.38,
      220.26,
      198.44,
      428.57,
      539.01,
      355.66,
      387.89,
      199.81,
      287.15,
      257.37,
      370.99,
      192.33,
      327.99,
      488.02,
      404.56,
      141.63,
      435.64,
      439.4,
      439.34,
      944.18,
      301.8
    ],
    "energy": [
      0.015493,
      0.029198,
      0.043454,
      0.09297,
      0.054622,
      0.043174,
      0.033221,
      0.013311,
      0.01492,
      0.014944,
      0.017016,
      0.02031,
      0.043411,
      0.075906,
      0.107059,
      0.109845,
      0.061038,
      0.092728,
      0.03663,
      0.038713,
      0.045289,
      0.069284,
      0.048565,
      0.064123,
      0.057978,
      0.06904,
      0.114681,
      0.055543,
      0.021943,
      0.037805,
      0.037681,
      0.044916,
      0.068098,
      0.03246,
      0.032334,
      0.03504,
      0.032399,
      0.065665,
      0.036756,
      0.014808,
      0.015165,
      0.030413,
      0.064437,
      0.049449,
      0.057228,
      0.054848,
      0.024383,
      0.019965,
      0.028048,
      0.064832,
      0.076828,
      0.056511,
      0.110201,
      0.059068,
      0.070305,
      0.072032,
      0.038051,
      0.019274,
      0.013631,
      0.019861,
      0.064217,
      0.051309,
      0.017238,
      0.015247,
      0.01764,
      0.049013,
      0.051097,
      0.036558,
      0.071661,
      0.051338,
      0.021374,
      0.013512,
      0.015585,
      0.030413,
      0.07197,
      0.038454,
      0.054711,
      0.084989,
      0.073234,
      0.08275,
      0.017992,
      0.015725,
      0.01854,
      0.017364,
      0.018906,
      0.018527,
      0.047701,
      0.041635,
      0.052718,
      0.066887,
      0.019343,
      0.033415,
      0.069998,
      0.057648,
      0.030493,
      0.049826,
      0.03388,
      0.044764,
      0.043782,
      0.023113,
      0.01705,
      0.015474,
      0.014761,
      0.042331,
      0.035072,
      0.013515,
      0.029149,
      0.028224,
      0.015106,
      0.05944,
      0.039312,
      0.030981,
      0.013206,
      0.013863,
      0.02199,
      0.028317,
      0.015588,
      0.01628,
      0.021865,
      0.040213,
      0.055586,
      0.022911,
      0.07207,
      0.084127,
      0.083834,
      0.073706,
      0.022712
    ],
    "spectral_centroid": [
      1815.99,
      1772.16,
      1680.03,
      1359.41,
      1936.63,
      2004.21,
      1871.79,
      1831.47,
      1691.06,
      2087.08,
      2540.65,
      2277.95,
      1772.65,
      1746.28,
      1948.85,
      2218.66,
      2336.61,
      2314.57,
      1920.65,
      1667.13,
      2115.95,
      1767.25,
      1706.84,
      1727.68,
      1647.51,
      2030.31,
      1770.61,
      1440.19,
      2076.21,
      2018.87,
      1726.98,
      1851.0,
      1961.24,
      1716.45,
      2248.63,
      1745.96,
      2028.37,
      1812.71,
      2350.5,
      1700.96,
      1948.31,
      1764.92,
      1601.34,
      1734.31,
      1870.83,
      1583.61,
      1732.24,
      1565.4,
      2102.09,
      1936.24,
      1539.18,
      1929.9,
      1250.29,
      1914.28,
      2258.67,
      2046.96,
      1892.39,
      2542.93,
      2163.4,
      1608.91,
      1744.66,
      1881.72,
      2090.69,
      1684.36,
      1689.77,
      2245.26,
      2184.78,
      2040.83,
      1921.76,
      2398.53,
      1484.64,
      1619.48,
      2111.99,
      2152.78,
      1636.21,
      1670.72,
      1931.88,
      1506.44,
      1825.09,
      1794.28,
      1860.48,
      1648.51,
      1714.84,
      1757.17,
      2035.7,
      2045.93,
      1699.46,
      1756.09,
      1709.82,
      1726.7,
      1921.62,
      2002.39,
      1650.55,
      1726.62,
      1973.75,
      1885.15,
      2291.94,
      1838.36,
      1707.46,
      1630.69,
      1705.33,
      1869.29,
      1984.0,
      1831.6,
      2862.19,
      2153.26,
      1560.71,
      1743.8,
      1753.62,
      1422.48,
      1713.84,
      1603.75,
      1876.54,
      1746.17,
      1635.37,
      1893.61,
      1618.02,
      1775.48,
      1738.28,
      2356.63,
      1942.72,
      2028.56,
      2280.12,
      1904.8,
      2009.18,
      2254.21,
      2075.2
    ]
  }
}