{
  "id": "a71635d4-126a-425b-b33e-8a13c06bc4fc",
  "duration": 11.947,
  "pitch": {
    "mean": 375.45,
    "max": 1962.25,
    "std": 275.68,
    "max_mean_ratio": 5.23
  },
  "energy": {
    "mean": 0.054518,
    "max": 0.169208,
    "std": 0.032181,
    "rate_of_change": 0.013566
  },
  "speech_rate": {
    "chars_per_sec": 12.59,
    "words_per_sec": 2.08,
    "segment_count": 6
  },
  "spectral_centroid": {
    "mean": 1782.75
  },
  "timeseries": {
    "frame_sec": 0.5,
    "pitch": [
      314.68,
      193.06,
      426.7,
      376.14,
      423.99,
      399.53,
      226.67,
      227.72,
      392.13,
      432.14,
      239.15,
      131.15,
      123.2,
      293.36,
      411.33,
      463.69,
      242.55,
      153.48,
      369.83,
      460.16,
      478.93,
      629.53,
      736.12,
      633.3
    ],
    "energy": [
      0.032499,
      0.023957,
      0.041179,
      0.03631,
      0.046311,
      0.052095,
      0.036409,
      0.040947,
      0.062231,
      0.044253,
      0.038841,
      0.047194,
      0.023437,
      0.034429,
      0.043588,
      0.056475,
      0.02007,
      0.061546,
      0.064164,
      0.091126,
      0.078692,
      0.100329,
      0.091651,
      0.092625
    ],
    "spectral_centroid": [
      1852.28,
      1580.18,
      1676.6,
      1552.94,
      1678.23,
      1699.07,
      1677.11,
      1712.66,
      1552.87,
      1901.6,
      1560.21,
      1246.76,
      1866.81,
      1848.58,
      1776.31,
      1665.34,
      1807.27,
      1640.11,
      1697.81,
      1743.41,
      2151.64,
      2390.67,
      2290.59,
      2098.41
    ]
  }
}