{
  "id": "a71ae0a2-79df-4b10-b5c2-c7945e2513e5",
  "duration": 10.027,
  "pitch": {
    "mean": 409.55,
    "max": 1959.74,
    "std": 373.78,
    "max_mean_ratio": 4.79
  },
  "energy": {
    "mean": 0.205815,
    "max": 0.616524,
    "std": 0.132533,
    "rate_of_change": 0.058283
  },
  "speech_rate": {
    "chars_per_sec": 12.3,
    "words_per_sec": 2.2,
    "segment_count": 5
  },
  "spectral_centroid": {
    "mean": 2120.41
  },
  "timeseries": {
    "frame_sec": 0.5,
    "pitch": [
      278.91,
      355.63,
      598.69,
      382.72,
      407.01,
      421.44,
      488.07,
      426.86,
      452.64,
      203.8,
      347.73,
      509.33,
      306.1,
      221.93,
      639.71,
      268.65,
      239.54,
      451.74,
      254.58,
      796.33,
      1630.28
    ],
    "energy": [
      0.088363,
      0.069362,
      0.157022,
      0.135626,
      0.211458,
      0.280402,
      0.352399,
      0.276605,
      0.208116,
      0.062637,
      0.202394,
      0.185525,
      0.146297,
      0.075791,
      0.251033,
      0.127217,
      0.069249,
      0.315072,
      0.264718,
      0.441114,
      0.295974
    ],
    "spectral_centroid": [
      1840.66,
      2092.36,
      1915.02,
      2009.0,
      1728.88,
      1874.0,
      2181.67,
      2536.47,
      2289.26,
      2394.68,
      1783.69,
      2716.54,
      1882.29,
      1730.34,
      1524.0,
      1925.52,
      2261.02,
      2760.05,
      2385.24,
      2549.53,
      2592.99
    ]
  }
}