{
  "id": "a724db19-ac2c-4215-9472-b87d74c76ede",
  "duration": 26.944,
  "pitch": {
    "mean": 342.68,
    "max": 1927.34,
    "std": 261.05,
    "max_mean_ratio": 5.62
  },
  "energy": {
    "mean": 0.04704,
    "max": 0.174197,
    "std": 0.032212,
    "rate_of_change": 0.00631
  },
  "speech_rate": {
    "chars_per_sec": 12.34,
    "words_per_sec": 2.14,
    "segment_count": 5
  },
  "spectral_centroid": {
    "mean": 2079.62
  },
  "timeseries": {
    "frame_sec": 0.5,
    "pitch": [
      264.02,
      483.84,
      121.09,
      110.71,
      222.0,
      311.82,
      298.4,
      328.09,
      337.61,
      195.89,
      153.14,
      223.72,
      136.0,
      454.61,
      514.21,
      560.44,
      353.13,
      512.42,
      431.88,
      452.12,
      313.56,
      112.11,
      453.75,
      177.41,
      319.92,
      502.93,
      179.3,
      212.95,
      460.57,
      679.74,
      519.99,
      151.43,
      130.13,
      235.39,
      512.05,
      397.67,
      335.41,
      113.23,
      393.5,
      340.63,
      560.19,
      349.09,
      191.01,
      463.92,
      188.46,
      405.08,
      539.99,
      465.6,
      618.08,
      231.03,
      318.9,
      461.85,
      347.46,
      317.69
    ],
    "energy": [
      0.033084,
      0.060139,
      0.018547,
      0.030755,
      0.04401,
      0.053614,
      0.044024,
      0.063781,
      0.053977,
      0.031387,
      0.023622,
      0.019822,
      0.016,
      0.060157,
      0.043139,
      0.103717,
      0.064713,
      0.074502,
      0.035871,
      0.051887,
      0.046869,
      0.009709,
      0.012866,
      0.014972,
      0.047082,
      0.071065,
      0.024975,
      0.044777,
      0.068522,
      0.07892,
      0.074265,
      0.010647,
      0.02374,
      0.024576,
      0.054846,
      0.049009,
      0.066815,
      0.018607,
      0.051785,
      0.032503,
      0.058265,
      0.024306,
      0.024198,
      0.05091,
      0.040106,
      0.069669,
      0.0748,
      0.065753,
      0.085865,
      0.01158,
      0.035221,
      0.0516,
      0.045003,
      0.032871
    ],
    "spectral_centroid": [
      2060.42,
      2074.88,
      2025.84,
      1956.98,
      1824.83,
      2091.83,
      2270.5,
      2234.73,
      1825.58,
      1961.09,
      2054.4,
      1829.8,
      1848.43,
      1792.51,
      2140.62,
      1834.69,
      2302.57,
      1943.57,
      1928.05,
      1893.38,
      2268.4,
      2215.21,
      2133.48,
      1735.31,
      1748.25,
      1701.23,
      2164.59,
      1958.81,
      2606.5,
      2078.78,
      2258.79,
      2009.59,
      1948.54,
      2020.76,
      2046.35,
      2387.48,
      2174.15,
      1945.89,
      2197.99,
      2306.41,
      1814.32,
      1957.16,
      1672.4,
      2107.78,
      2014.98,
      2323.65,
      2310.13,
      2325.11,
      2524.81,
      2269.22,
      2041.49,
      2438.06,
      2585.97,
      2045.87
    ]
  }
}