{
  "id": "a7cdb47c-31d6-4d4f-9b5e-fffd1ac75d5b",
  "duration": 4.053,
  "pitch": {
    "mean": 312.74,
    "max": 1078.64,
    "std": 226.41,
    "max_mean_ratio": 3.45
  },
  "energy": {
    "mean": 0.055736,
    "max": 0.13209,
    "std": 0.030728,
    "rate_of_change": 0.030641
  },
  "speech_rate": {
    "chars_per_sec": 11.39,
    "words_per_sec": 2.23,
    "segment_count": 3
  },
  "spectral_centroid": {
    "mean": 2171.72
  },
  "timeseries": {
    "frame_sec": 0.5,
    "pitch": [
      131.95,
      216.82,
      387.72,
      407.19,
      346.53,
      123.38,
      461.93,
      408.73,
      610.96
    ],
    "energy": [
      0.011854,
      0.040416,
      0.061299,
      0.060809,
      0.067085,
      0.039402,
      0.077855,
      0.065278,
      0.07853
    ],
    "spectral_centroid": [
      1728.05,
      1928.97,
      2412.83,
      2430.58,
      2484.29,
      2049.87,
      1984.9,
      2328.05,
      2180.82
    ]
  }
}