{
  "id": "a8007acd-5692-4852-8a75-b37832c11ea4",
  "duration": 12.075,
  "pitch": {
    "mean": 362.92,
    "max": 2086.68,
    "std": 260.52,
    "max_mean_ratio": 5.75
  },
  "energy": {
    "mean": 0.055351,
    "max": 0.125618,
    "std": 0.031567,
    "rate_of_change": 0.009849
  },
  "speech_rate": {
    "chars_per_sec": 15.23,
    "words_per_sec": 3.23,
    "segment_count": 2
  },
  "spectral_centroid": {
    "mean": 2006.41
  },
  "timeseries": {
    "frame_sec": 0.5,
    "pitch": [
      305.42,
      288.15,
      464.02,
      282.64,
      668.87,
      599.34,
      324.68,
      239.11,
      133.13,
      111.44,
      174.33,
      367.14,
      331.86,
      414.16,
      394.18,
      443.87,
      483.47,
      314.27,
      474.19,
      288.55,
      472.83,
      501.12,
      308.94,
      506.03,
      685.67
    ],
    "energy": [
      0.032634,
      0.035917,
      0.066086,
      0.028855,
      0.022691,
      0.052377,
      0.040274,
      0.029414,
      0.011757,
      0.009575,
      0.033948,
      0.080696,
      0.055031,
      0.060489,
      0.064982,
      0.059498,
      0.083925,
      0.058186,
      0.064645,
      0.067064,
      0.069378,
      0.067988,
      0.076049,
      0.089814,
      0.081026
    ],
    "spectral_centroid": [
      1903.49,
      1919.04,
      1621.13,
      2099.15,
      2167.99,
      2326.08,
      2646.61,
      2319.71,
      2233.33,
      2708.73,
      3355.81,
      1413.51,
      1974.05,
      1674.87,
      2242.92,
      1815.54,
      1194.57,
      2305.7,
      1438.35,
      1981.03,
      1629.07,
      1749.15,
      2142.05,
      1440.5,
      1737.15
    ]
  }
}