{
  "id": "a8015a9c-23cb-4522-8cc7-44104e79b4b4",
  "duration": 12.181,
  "pitch": {
    "mean": 471.36,
    "max": 2076.52,
    "std": 338.47,
    "max_mean_ratio": 4.41
  },
  "energy": {
    "mean": 0.080668,
    "max": 0.39288,
    "std": 0.066951,
    "rate_of_change": 0.032039
  },
  "speech_rate": {
    "chars_per_sec": 13.75,
    "words_per_sec": 2.42,
    "segment_count": 9
  },
  "spectral_centroid": {
    "mean": 1845.53
  },
  "timeseries": {
    "frame_sec": 0.5,
    "pitch": [
      402.57,
      490.19,
      474.07,
      644.51,
      271.89,
      729.42,
      416.43,
      467.68,
      468.65,
      538.54,
      475.52,
      1149.14,
      286.77,
      492.02,
      154.36,
      326.23,
      489.13,
      436.64,
      547.06,
      745.09,
      431.73,
      562.75,
      298.93,
      264.06,
      330.52
    ],
    "energy": [
      0.118926,
      0.105396,
      0.096926,
      0.096544,
      0.06525,
      0.092871,
      0.038623,
      0.060239,
      0.049828,
      0.053742,
      0.058265,
      0.087412,
      0.019457,
      0.053781,
      0.03042,
      0.02556,
      0.062589,
      0.061294,
      0.168242,
      0.160394,
      0.112795,
      0.162296,
      0.0038,
      0.067175,
      0.095088
    ],
    "spectral_centroid": [
      1273.85,
      1820.42,
      1375.45,
      1428.9,
      1671.59,
      1812.7,
      1971.45,
      1765.5,
      1671.19,
      1795.73,
      2205.02,
      1945.66,
      2377.62,
      1308.88,
      1494.33,
      1461.51,
      1924.88,
      2098.01,
      2319.91,
      2054.57,
      2447.38,
      1790.12,
      2002.99,
      1944.25,
      2449.63
    ]
  }
}