{
  "id": "a813c063-50b0-4044-a829-f5bd1bf3e28b",
  "duration": 12.395,
  "pitch": {
    "mean": 381.84,
    "max": 1755.57,
    "std": 354.6,
    "max_mean_ratio": 4.6
  },
  "energy": {
    "mean": 0.043301,
    "max": 0.209912,
    "std": 0.036682,
    "rate_of_change": 0.016326
  },
  "speech_rate": {
    "chars_per_sec": 12.28,
    "words_per_sec": 2.1,
    "segment_count": 9
  },
  "spectral_centroid": {
    "mean": 2433.03
  },
  "timeseries": {
    "frame_sec": 0.5,
    "pitch": [
      320.07,
      479.73,
      410.58,
      507.65,
      101.36,
      101.46,
      140.98,
      141.17,
      450.92,
      371.42,
      282.92,
      153.8,
      215.1,
      186.72,
      103.21,
      269.65,
      472.26,
      401.87,
      395.74,
      317.95,
      608.38,
      291.69,
      427.58,
      1322.17,
      1018.21
    ],
    "energy": [
      0.039242,
      0.058623,
      0.042064,
      0.041141,
      0.014764,
      0.012354,
      0.020336,
      0.032976,
      0.070955,
      0.041271,
      0.028243,
      0.013058,
      0.022378,
      0.020924,
      0.016658,
      0.02065,
      0.047763,
      0.021865,
      0.045157,
      0.027909,
      0.04399,
      0.032994,
      0.093264,
      0.129514,
      0.106081
    ],
    "spectral_centroid": [
      2553.53,
      2076.91,
      2324.84,
      2282.01,
      2069.83,
      2034.04,
      2430.28,
      2484.88,
      2039.94,
      2072.31,
      2994.74,
      2578.6,
      3005.49,
      3116.35,
      2395.17,
      2213.42,
      2428.43,
      2539.62,
      2371.91,
      2369.36,
      2248.28,
      3040.08,
      2302.1,
      2251.44,
      2585.05
    ]
  }
}