{
  "id": "a8efdf9b-015c-4ff9-97db-a921b0c784ad",
  "duration": 4.928,
  "pitch": {
    "mean": 374.61,
    "max": 1054.51,
    "std": 224.24,
    "max_mean_ratio": 2.81
  },
  "energy": {
    "mean": 0.05734,
    "max": 0.121898,
    "std": 0.024296,
    "rate_of_change": 0.023422
  },
  "speech_rate": {
    "chars_per_sec": 13.62,
    "words_per_sec": 2.24,
    "segment_count": 3
  },
  "spectral_centroid": {
    "mean": 1796.24
  },
  "timeseries": {
    "frame_sec": 0.5,
    "pitch": [
      264.59,
      423.23,
      285.2,
      381.48,
      363.05,
      312.47,
      410.47,
      510.29,
      326.33,
      479.39
    ],
    "energy": [
      0.028929,
      0.048701,
      0.062672,
      0.04034,
      0.039981,
      0.049306,
      0.050099,
      0.076967,
      0.081178,
      0.074825
    ],
    "spectral_centroid": [
      1617.53,
      2077.31,
      1527.52,
      1487.47,
      2030.25,
      1470.58,
      1907.04,
      2211.04,
      1788.63,
      1807.55
    ]
  }
}