{
  "id": "a9217f98-2e5d-4128-9953-f37148c05d94",
  "duration": 8.256,
  "pitch": {
    "mean": 342.81,
    "max": 2048.47,
    "std": 235.46,
    "max_mean_ratio": 5.98
  },
  "energy": {
    "mean": 0.050137,
    "max": 0.140651,
    "std": 0.019429,
    "rate_of_change": 0.014472
  },
  "speech_rate": {
    "chars_per_sec": 8.65,
    "words_per_sec": 1.6,
    "segment_count": 2
  },
  "spectral_centroid": {
    "mean": 1737.49
  },
  "timeseries": {
    "frame_sec": 0.5,
    "pitch": [
      337.13,
      336.44,
      340.75,
      430.55,
      225.67,
      317.6,
      346.88,
      461.99,
      290.78,
      328.96,
      340.98,
      308.13,
      496.86,
      342.35,
      261.47,
      296.95,
      317.18
    ],
    "energy": [
      0.068425,
      0.042165,
      0.072609,
      0.082102,
      0.048948,
      0.037372,
      0.032202,
      0.042142,
      0.044184,
      0.04272,
      0.031518,
      0.036709,
      0.053669,
      0.052015,
      0.044122,
      0.045083,
      0.037414
    ],
    "spectral_centroid": [
      1669.81,
      1765.83,
      1811.01,
      1721.09,
      1941.41,
      1842.22,
      1643.86,
      1496.44,
      1624.7,
      1554.54,
      1578.33,
      1706.97,
      1674.28,
      1562.62,
      1772.0,
      2153.72,
      2203.55
    ]
  }
}