{
  "id": "a95e685f-e4d5-4a7f-872e-53deb74cfcad",
  "duration": 6.805,
  "pitch": {
    "mean": 407.52,
    "max": 1978.43,
    "std": 265.99,
    "max_mean_ratio": 4.85
  },
  "energy": {
    "mean": 0.07453,
    "max": 0.126184,
    "std": 0.023799,
    "rate_of_change": 0.015452
  },
  "speech_rate": {
    "chars_per_sec": 18.44,
    "words_per_sec": 3.39,
    "segment_count": 3
  },
  "spectral_centroid": {
    "mean": 1963.88
  },
  "timeseries": {
    "frame_sec": 0.5,
    "pitch": [
      242.04,
      418.01,
      354.22,
      496.31,
      277.81,
      347.57,
      189.92,
      407.42,
      332.24,
      502.64,
      472.79,
      710.49,
      325.72,
      747.32
    ],
    "energy": [
      0.05956,
      0.0731,
      0.068981,
      0.07607,
      0.053971,
      0.067601,
      0.054084,
      0.048515,
      0.054278,
      0.080152,
      0.083058,
      0.109126,
      0.083727,
      0.095629
    ],
    "spectral_centroid": [
      1548.59,
      2051.44,
      2205.95,
      1874.17,
      1797.07,
      2009.09,
      1920.87,
      1805.88,
      1577.74,
      1750.04,
      2051.23,
      2207.29,
      2502.97,
      2191.85
    ]
  }
}