{
  "id": "aa183a3a-f077-4cf4-8736-acc3b46c1576",
  "duration": 17.6,
  "pitch": {
    "mean": 434.32,
    "max": 2085.1,
    "std": 412.05,
    "max_mean_ratio": 4.8
  },
  "energy": {
    "mean": 0.041003,
    "max": 0.179635,
    "std": 0.033576,
    "rate_of_change": 0.009601
  },
  "speech_rate": {
    "chars_per_sec": 9.54,
    "words_per_sec": 1.86,
    "segment_count": 6
  },
  "spectral_centroid": {
    "mean": 1864.91
  },
  "timeseries": {
    "frame_sec": 0.5,
    "pitch": [
      396.46,
      318.86,
      344.03,
      286.19,
      632.61,
      343.76,
      621.76,
      750.68,
      508.69,
      385.05,
      429.36,
      358.37,
      788.11,
      288.15,
      537.6,
      508.62,
      392.77,
      287.01,
      212.05,
      279.71,
      253.31,
      338.06,
      344.8,
      362.34,
      447.12,
      252.37,
      352.43,
      807.49,
      545.21,
      535.07,
      948.41,
      545.11,
      207.89,
      234.73,
      187.83,
      269.7
    ],
    "energy": [
      0.035441,
      0.031597,
      0.019743,
      0.017545,
      0.015852,
      0.032752,
      0.039719,
      0.052913,
      0.060134,
      0.018695,
      0.016863,
      0.016021,
      0.022663,
      0.02147,
      0.040802,
      0.036241,
      0.016972,
      0.043024,
      0.03959,
      0.020985,
      0.017696,
      0.05182,
      0.061477,
      0.034544,
      0.021281,
      0.018931,
      0.091174,
      0.10363,
      0.08785,
      0.103056,
      0.101211,
      0.044695,
      0.013887,
      0.01475,
      0.013989,
      0.013133
    ],
    "spectral_centroid": [
      2008.94,
      1895.69,
      1964.93,
      1846.33,
      1999.68,
      1581.89,
      2023.11,
      1746.11,
      1766.17,
      1757.06,
      2167.09,
      1978.0,
      1916.26,
      1836.46,
      1771.62,
      1652.44,
      1675.51,
      1506.04,
      1458.32,
      1799.56,
      1608.49,
      1714.44,
      1805.55,
      2367.05,
      2446.51,
      2084.52,
      2040.78,
      2023.68,
      2237.04,
      2322.45,
      1832.6,
      1932.0,
      1605.3,
      1476.43,
      1479.15,
      1744.4
    ]
  }
}