{
  "id": "aac02094-fe0d-4beb-a2fa-8c9edbbbae80",
  "duration": 3.691,
  "pitch": {
    "mean": 425.33,
    "max": 1494.64,
    "std": 502.33,
    "max_mean_ratio": 3.51
  },
  "energy": {
    "mean": 0.053017,
    "max": 0.098959,
    "std": 0.024362,
    "rate_of_change": 0.022433
  },
  "speech_rate": {
    "chars_per_sec": 0.0,
    "words_per_sec": 0.0,
    "segment_count": 0
  },
  "spectral_centroid": {
    "mean": 2445.97
  },
  "timeseries": {
    "frame_sec": 0.5,
    "pitch": [
      127.62,
      329.94,
      127.69,
      490.93,
      552.28,
      616.52,
      911.7,
      244.17
    ],
    "energy": [
      0.034359,
      0.032395,
      0.025754,
      0.051596,
      0.049305,
      0.07927,
      0.084466,
      0.050467
    ],
    "spectral_centroid": [
      2814.23,
      2198.0,
      2650.18,
      2709.91,
      2414.83,
      2144.3,
      2361.93,
      1994.96
    ]
  }
}