{
  "id": "aacff815-185f-4fc8-98ae-c89073a97802",
  "duration": 19.605,
  "pitch": {
    "mean": 372.88,
    "max": 1846.99,
    "std": 248.52,
    "max_mean_ratio": 4.95
  },
  "energy": {
    "mean": 0.071779,
    "max": 0.283066,
    "std": 0.054612,
    "rate_of_change": 0.014141
  },
  "speech_rate": {
    "chars_per_sec": 11.55,
    "words_per_sec": 2.16,
    "segment_count": 11
  },
  "spectral_centroid": {
    "mean": 2118.66
  },
  "timeseries": {
    "frame_sec": 0.5,
    "pitch": [
      228.79,
      241.61,
      438.43,
      318.81,
      157.82,
      450.37,
      368.47,
      417.71,
      534.22,
      347.77,
      302.67,
      144.67,
      529.97,
      463.91,
      343.35,
      392.19,
      346.64,
      380.74,
      426.89,
      494.77,
      512.08,
      231.92,
      275.51,
      489.14,
      515.32,
      371.04,
      178.76,
      398.83,
      381.41,
      448.21,
      339.16,
      538.24,
      117.13,
      282.75,
      321.18,
      385.09,
      546.29,
      380.72,
      530.41,
      1003.62
    ],
    "energy": [
      0.010646,
      0.037659,
      0.074198,
      0.047713,
      0.017126,
      0.089351,
      0.110436,
      0.063188,
      0.057069,
      0.042615,
      0.023758,
      0.03355,
      0.08219,
      0.075701,
      0.070352,
      0.044407,
      0.04717,
      0.063478,
      0.051239,
      0.086752,
      0.014367,
      0.023359,
      0.055145,
      0.06945,
      0.099264,
      0.025559,
      0.026094,
      0.143358,
      0.127245,
      0.048614,
      0.093375,
      0.095179,
      0.008514,
      0.05523,
      0.092505,
      0.104597,
      0.117277,
      0.130414,
      0.179226,
      0.104309
    ],
    "spectral_centroid": [
      2198.13,
      2109.05,
      2073.47,
      1897.28,
      2158.36,
      1864.88,
      2081.53,
      1926.7,
      2007.81,
      1966.14,
      2054.9,
      1717.35,
      1938.56,
      2352.82,
      2171.29,
      2431.72,
      2045.27,
      2349.63,
      2172.09,
      2290.22,
      2006.67,
      1991.73,
      2054.89,
      1869.21,
      2383.75,
      2084.61,
      2426.23,
      2075.66,
      2282.82,
      2131.01,
      2248.24,
      2074.62,
      2269.8,
      2546.3,
      1849.37,
      2164.72,
      2254.79,
      2113.22,
      1999.25,
      2048.17
    ]
  }
}