{
  "id": "aaf8a86a-19e7-44e9-b02b-75bdb4b6c87a",
  "duration": 14.72,
  "pitch": {
    "mean": 423.15,
    "max": 1800.62,
    "std": 258.92,
    "max_mean_ratio": 4.26
  },
  "energy": {
    "mean": 0.015942,
    "max": 0.047184,
    "std": 0.007683,
    "rate_of_change": 0.002863
  },
  "speech_rate": {
    "chars_per_sec": 15.45,
    "words_per_sec": 2.95,
    "segment_count": 3
  },
  "spectral_centroid": {
    "mean": 1941.68
  },
  "timeseries": {
    "frame_sec": 0.5,
    "pitch": [
      477.57,
      388.17,
      317.17,
      529.8,
      419.38,
      487.38,
      515.37,
      545.48,
      303.84,
      412.68,
      327.99,
      548.07,
      382.53,
      290.69,
      363.57,
      360.49,
      295.76,
      396.04,
      479.81,
      743.01,
      353.78,
      251.85,
      307.74,
      372.01,
      227.21,
      344.15,
      576.28,
      477.58,
      493.38,
      446.63
    ],
    "energy": [
      0.032977,
      0.014024,
      0.012637,
      0.021827,
      0.015334,
      0.019843,
      0.012218,
      0.012078,
      0.010047,
      0.01117,
      0.011695,
      0.012817,
      0.009857,
      0.011133,
      0.01056,
      0.017437,
      0.007219,
      0.014582,
      0.021276,
      0.024229,
      0.013277,
      0.012151,
      0.012978,
      0.018482,
      0.013468,
      0.021295,
      0.013685,
      0.017807,
      0.013802,
      0.022324
    ],
    "spectral_centroid": [
      1412.27,
      1888.79,
      2100.69,
      1562.43,
      1652.71,
      1592.67,
      1842.29,
      1940.57,
      1885.26,
      1871.94,
      2008.44,
      1919.55,
      2024.75,
      1822.71,
      1946.45,
      1862.24,
      2090.1,
      1965.38,
      1974.48,
      1959.39,
      2049.24,
      2149.13,
      1944.8,
      2025.82,
      2467.95,
      2037.66,
      2020.76,
      2172.33,
      2258.89,
      1652.35
    ]
  }
}