{
  "id": "aaff1e89-6b97-4a22-bcd0-c6c02cdf2f7c",
  "duration": 16.107,
  "pitch": {
    "mean": 413.73,
    "max": 1813.71,
    "std": 354.4,
    "max_mean_ratio": 4.38
  },
  "energy": {
    "mean": 0.048724,
    "max": 0.164199,
    "std": 0.029744,
    "rate_of_change": 0.009491
  },
  "speech_rate": {
    "chars_per_sec": 9.76,
    "words_per_sec": 1.81,
    "segment_count": 8
  },
  "spectral_centroid": {
    "mean": 2204.77
  },
  "timeseries": {
    "frame_sec": 0.5,
    "pitch": [
      365.65,
      415.14,
      347.78,
      579.56,
      122.99,
      100.87,
      374.71,
      473.1,
      355.1,
      311.31,
      150.41,
      126.95,
      339.41,
      542.06,
      464.57,
      519.7,
      134.73,
      174.77,
      585.34,
      439.32,
      437.14,
      204.11,
      318.97,
      277.82,
      491.81,
      833.73,
      1004.42,
      709.46,
      725.39,
      521.3,
      283.11,
      333.85,
      388.49
    ],
    "energy": [
      0.043515,
      0.065962,
      0.035966,
      0.057665,
      0.024838,
      0.014821,
      0.036184,
      0.061537,
      0.0381,
      0.030507,
      0.030541,
      0.03461,
      0.044527,
      0.058277,
      0.054737,
      0.062149,
      0.015629,
      0.015791,
      0.058441,
      0.058091,
      0.044251,
      0.019139,
      0.024574,
      0.056127,
      0.090767,
      0.083838,
      0.049356,
      0.062518,
      0.099897,
      0.034927,
      0.03994,
      0.048999,
      0.020939
    ],
    "spectral_centroid": [
      2534.3,
      1787.78,
      2168.33,
      2572.88,
      2227.22,
      1837.32,
      2174.85,
      2165.41,
      1646.16,
      1715.95,
      1646.89,
      2026.97,
      2586.05,
      2256.54,
      2455.7,
      2661.84,
      2783.79,
      2440.82,
      1663.55,
      2282.38,
      2050.95,
      2138.43,
      2268.46,
      2092.12,
      2187.72,
      2289.79,
      2311.63,
      2500.25,
      2579.86,
      2465.92,
      2351.17,
      1628.61,
      1773.47
    ]
  }
}