{
  "id": "ab8eda76-b3a9-4266-8a19-66dfaacfa377",
  "duration": 8.704,
  "pitch": {
    "mean": 435.18,
    "max": 1390.45,
    "std": 222.6,
    "max_mean_ratio": 3.2
  },
  "energy": {
    "mean": 0.036895,
    "max": 0.117936,
    "std": 0.027021,
    "rate_of_change": 0.012861
  },
  "speech_rate": {
    "chars_per_sec": 21.4,
    "words_per_sec": 3.95,
    "segment_count": 3
  },
  "spectral_centroid": {
    "mean": 1847.84
  },
  "timeseries": {
    "frame_sec": 0.5,
    "pitch": [
      426.82,
      335.56,
      637.01,
      460.76,
      450.68,
      281.97,
      459.26,
      517.89,
      479.99,
      537.7,
      568.78,
      559.51,
      362.7,
      331.19,
      500.39,
      155.25,
      433.36,
      451.98
    ],
    "energy": [
      0.036328,
      0.012304,
      0.020866,
      0.017919,
      0.020659,
      0.016828,
      0.033379,
      0.039216,
      0.038775,
      0.083433,
      0.096222,
      0.055177,
      0.027771,
      0.024732,
      0.031406,
      0.006578,
      0.032249,
      0.043807
    ],
    "spectral_centroid": [
      1759.51,
      1877.6,
      1750.39,
      2162.46,
      1752.54,
      2244.48,
      1475.31,
      2134.17,
      1914.4,
      1409.65,
      1643.55,
      1935.15,
      1833.52,
      2430.28,
      1760.55,
      1812.15,
      1634.02,
      1513.71
    ]
  }
}