{
  "id": "ab939c9d-d238-4a98-b13a-c559ef7b21f9",
  "duration": 51.115,
  "pitch": {
    "mean": 367.03,
    "max": 1979.6,
    "std": 283.61,
    "max_mean_ratio": 5.39
  },
  "energy": {
    "mean": 0.059416,
    "max": 0.219571,
    "std": 0.041538,
    "rate_of_change": 0.004242
  },
  "speech_rate": {
    "chars_per_sec": 11.5,
    "words_per_sec": 1.95,
    "segment_count": 8
  },
  "spectral_centroid": {
    "mean": 1907.43
  },
  "timeseries": {
    "frame_sec": 0.5,
    "pitch": [
      659.3,
      787.43,
      1040.68,
      579.2,
      434.83,
      117.41,
      170.65,
      436.02,
      319.52,
      236.22,
      237.46,
      131.76,
      600.55,
      273.17,
      524.23,
      177.48,
      314.05,
      363.8,
      298.71,
      110.41,
      224.29,
      381.19,
      338.64,
      392.57,
      610.33,
      573.25,
      568.85,
      355.74,
      468.05,
      654.32,
      422.49,
      110.73,
      107.76,
      217.15,
      115.3,
      290.65,
      267.77,
      339.84,
      432.77,
      548.58,
      181.41,
      522.44,
      354.31,
      116.28,
      370.44,
      498.2,
      342.73,
      311.85,
      458.02,
      453.22,
      106.74,
      190.26,
      478.44,
      291.69,
      509.62,
      498.76,
      92.8,
      101.17,
      183.81,
      225.76,
      360.55,
      442.81,
      217.35,
      587.32,
      130.55,
      472.98,
      755.62,
      309.75,
      499.72,
      401.13,
      451.8,
      431.93,
      303.89,
      299.25,
      316.48,
      352.68,
      244.41,
      406.47,
      248.64,
      429.48,
      765.55,
      271.03,
      155.3,
      277.59,
      115.53,
      225.33,
      362.92,
      373.68,
      456.69,
      241.23,
      374.07,
      354.66,
      341.48,
      426.29,
      259.9,
      249.58,
      459.11,
      627.95,
      437.93,
      532.88,
      790.82,
      450.53,
      209.95
    ],
    "energy": [
      0.092565,
      0.137314,
      0.119295,
      0.08409,
      0.059665,
      0.010215,
      0.019112,
      0.054541,
      0.055344,
      0.039249,
      0.030456,
      0.033068,
      0.12714,
      0.056813,
      0.126531,
      0.036473,
      0.05671,
      0.068577,
      0.01558,
      0.01712,
      0.012564,
      0.060254,
      0.0518,
      0.056212,
      0.101997,
      0.080131,
      0.073852,
      0.050301,
      0.064904,
      0.119476,
      0.049186,
      0.019422,
      0.023855,
      0.01564,
      0.032495,
      0.063692,
      0.044216,
      0.040652,
      0.050734,
      0.071573,
      0.011457,
      0.06409,
      0.062894,
      0.016928,
      0.034608,
      0.119466,
      0.0521,
      0.086081,
      0.055338,
      0.070901,
      0.019458,
      0.028571,
      0.100941,
      0.030657,
      0.047853,
      0.073443,
      0.010867,
      0.054031,
      0.038717,
      0.038789,
      0.049986,
      0.06793,
      0.017974,
      0.037048,
      0.02839,
      0.038119,
      0.060563,
      0.013196,
      0.056581,
      0.075654,
      0.05615,
      0.088982,
      0.033813,
      0.050841,
      0.037734,
      0.055583,
      0.059803,
      0.058034,
      0.043494,
      0.062581,
      0.091082,
      0.03195,
      0.02097,
      0.034119,
      0.045949,
      0.0738,
      0.054267,
      0.055875,
      0.061471,
      0.04802,
      0.064596,
      0.048146,
      0.035828,
      0.067858,
      0.056775,
      0.065768,
      0.105185,
      0.140111,
      0.096604,
      0.093158,
      0.107208,
      0.062313,
      0.007313
    ],
    "spectral_centroid": [
      2089.09,
      1844.21,
      1976.8,
      2369.81,
      1807.55,
      1949.47,
      2069.63,
      1939.93,
      1777.93,
      2087.79,
      2009.83,
      2057.1,
      1847.79,
      1765.47,
      1368.94,
      1659.68,
      1565.05,
      1783.4,
      1842.66,
      2563.45,
      1918.28,
      1957.68,
      2233.94,
      2541.18,
      2305.27,
      2270.11,
      2013.23,
      1851.62,
      2419.09,
      2388.24,
      1897.56,
      1555.21,
      1899.03,
      2138.97,
      1632.0,
      1763.14,
      1615.48,
      1828.15,
      2013.57,
      2050.95,
      2286.71,
      1709.4,
      1782.68,
      1417.84,
      2327.92,
      2255.32,
      2306.52,
      1458.38,
      2319.42,
      2093.39,
      1848.08,
      1944.92,
      1890.16,
      2346.85,
      1975.4,
      1625.43,
      2066.6,
      1369.07,
      1737.14,
      1585.9,
      1560.87,
      1525.11,
      2073.67,
      1739.75,
      1553.39,
      2147.14,
      2139.14,
      2220.09,
      2065.2,
      2041.25,
      1921.09,
      1268.54,
      1765.51,
      1704.34,
      1566.92,
      1928.5,
      1742.99,
      1677.94,
      2178.75,
      1734.7,
      1679.41,
      1637.0,
      1679.09,
      1803.89,
      1582.52,
      1413.74,
      1831.56,
      2074.42,
      2274.29,
      1794.14,
      1913.3,
      1787.54,
      2192.93,
      1443.95,
      1821.58,
      2093.68,
      1559.16,
      1846.28,
      2354.54,
      2129.31,
      1864.31,
      1826.04,
      2086.47
    ]
  }
}