{
  "id": "ab9c4c3a-90f5-44ea-ab54-d9e5ca60deb3",
  "duration": 22.613,
  "pitch": {
    "mean": 556.01,
    "max": 2082.48,
    "std": 485.99,
    "max_mean_ratio": 3.75
  },
  "energy": {
    "mean": 0.06112,
    "max": 0.273074,
    "std": 0.050369,
    "rate_of_change": 0.01161
  },
  "speech_rate": {
    "chars_per_sec": 12.8,
    "words_per_sec": 2.26,
    "segment_count": 12
  },
  "spectral_centroid": {
    "mean": 2345.17
  },
  "timeseries": {
    "frame_sec": 0.5,
    "pitch": [
      821.67,
      885.99,
      577.44,
      589.99,
      542.81,
      566.11,
      362.22,
      463.85,
      463.11,
      505.03,
      424.73,
      611.87,
      567.05,
      540.23,
      179.65,
      274.63,
      209.76,
      441.58,
      700.12,
      345.25,
      213.98,
      487.25,
      453.23,
      162.31,
      1007.3,
      1018.92,
      911.82,
      736.14,
      861.89,
      760.03,
      873.92,
      136.83,
      153.22,
      420.76,
      181.21,
      796.36,
      509.53,
      313.08,
      282.45,
      1011.52,
      1003.83,
      875.41,
      1083.61,
      651.31,
      897.3,
      437.27
    ],
    "energy": [
      0.055407,
      0.071276,
      0.095282,
      0.077461,
      0.070668,
      0.042623,
      0.012784,
      0.039828,
      0.046819,
      0.052813,
      0.042029,
      0.01492,
      0.111868,
      0.070442,
      0.016844,
      0.013591,
      0.026769,
      0.047432,
      0.054047,
      0.033725,
      0.018228,
      0.031292,
      0.063519,
      0.024504,
      0.094748,
      0.076223,
      0.140194,
      0.056251,
      0.060163,
      0.070985,
      0.091134,
      0.014729,
      0.030354,
      0.06409,
      0.019064,
      0.049796,
      0.071094,
      0.046804,
      0.042537,
      0.153796,
      0.13418,
      0.086044,
      0.1045,
      0.094927,
      0.015349,
      0.01143
    ],
    "spectral_centroid": [
      2318.66,
      2509.22,
      2425.24,
      2559.92,
      2116.5,
      2061.54,
      2285.93,
      2262.41,
      2328.35,
      2498.9,
      2386.08,
      2150.15,
      2712.88,
      2198.76,
      2063.99,
      2137.4,
      2605.81,
      2385.14,
      2043.83,
      2190.22,
      2126.37,
      2552.46,
      2763.74,
      2277.46,
      2526.57,
      2617.59,
      2704.39,
      2469.4,
      2222.33,
      2157.6,
      2124.92,
      2153.11,
      2227.84,
      2011.8,
      1920.14,
      2132.51,
      2268.26,
      2287.3,
      2255.9,
      2532.73,
      2782.09,
      2393.17,
      2730.52,
      2569.89,
      2366.47,
      2469.99
    ]
  }
}