{
  "id": "abe5743f-b335-4f0e-87c7-e74a91522a54",
  "duration": 12.011,
  "pitch": {
    "mean": 482.31,
    "max": 2087.43,
    "std": 397.15,
    "max_mean_ratio": 4.33
  },
  "energy": {
    "mean": 0.081157,
    "max": 0.232146,
    "std": 0.062743,
    "rate_of_change": 0.019087
  },
  "speech_rate": {
    "chars_per_sec": 17.47,
    "words_per_sec": 3.01,
    "segment_count": 5
  },
  "spectral_centroid": {
    "mean": 2217.12
  },
  "timeseries": {
    "frame_sec": 0.5,
    "pitch": [
      328.68,
      404.3,
      328.08,
      472.48,
      717.32,
      701.54,
      385.67,
      486.35,
      1040.33,
      373.7,
      311.78,
      396.18,
      562.07,
      659.8,
      620.51,
      588.06,
      261.84,
      189.81,
      178.54,
      149.27,
      324.96,
      719.32,
      477.87,
      666.55,
      594.92
    ],
    "energy": [
      0.079045,
      0.073301,
      0.107633,
      0.160662,
      0.102073,
      0.156886,
      0.075861,
      0.070076,
      0.102984,
      0.005268,
      0.004504,
      0.059561,
      0.083415,
      0.07882,
      0.107533,
      0.111198,
      0.004676,
      0.007484,
      0.011538,
      0.011876,
      0.050335,
      0.109519,
      0.126227,
      0.170672,
      0.038158
    ],
    "spectral_centroid": [
      2067.44,
      2116.34,
      1762.24,
      1857.34,
      2537.26,
      2151.67,
      2137.9,
      2247.49,
      2182.43,
      1864.89,
      2116.49,
      1897.58,
      2616.38,
      2805.17,
      2408.76,
      2120.45,
      2006.92,
      2028.66,
      2423.37,
      2409.66,
      2734.38,
      2343.96,
      2407.76,
      2091.48,
      2513.46
    ]
  }
}