{
  "id": "abf10d54-fc6e-4fd1-9115-db2f6aa9f1df",
  "duration": 4.715,
  "pitch": {
    "mean": 298.86,
    "max": 1571.22,
    "std": 258.92,
    "max_mean_ratio": 5.26
  },
  "energy": {
    "mean": 0.058217,
    "max": 0.143859,
    "std": 0.033262,
    "rate_of_change": 0.026384
  },
  "speech_rate": {
    "chars_per_sec": 7.23,
    "words_per_sec": 1.49,
    "segment_count": 2
  },
  "spectral_centroid": {
    "mean": 1864.2
  },
  "timeseries": {
    "frame_sec": 0.5,
    "pitch": [
      479.54,
      419.09,
      362.19,
      172.14,
      111.27,
      314.42,
      254.76,
      190.48,
      516.41,
      421.49
    ],
    "energy": [
      0.0797,
      0.079614,
      0.070732,
      0.046481,
      0.023322,
      0.025796,
      0.028302,
      0.035313,
      0.116745,
      0.039797
    ],
    "spectral_centroid": [
      1848.57,
      1874.42,
      1819.49,
      1694.6,
      2110.44,
      1675.31,
      1760.96,
      1992.68,
      1779.01,
      2388.43
    ]
  }
}