{
  "id": "acc0c4a6-7c1a-4d5f-b308-c661832492f6",
  "duration": 5.696,
  "pitch": {
    "mean": 356.01,
    "max": 1588.93,
    "std": 289.49,
    "max_mean_ratio": 4.46
  },
  "energy": {
    "mean": 0.058489,
    "max": 0.123559,
    "std": 0.027281,
    "rate_of_change": 0.018939
  },
  "speech_rate": {
    "chars_per_sec": 22.22,
    "words_per_sec": 5.23,
    "segment_count": 5
  },
  "spectral_centroid": {
    "mean": 1888.6
  },
  "timeseries": {
    "frame_sec": 0.5,
    "pitch": [
      411.05,
      210.83,
      221.43,
      366.62,
      340.54,
      560.3,
      324.67,
      525.26,
      271.38,
      404.91,
      272.05,
      437.24
    ],
    "energy": [
      0.066352,
      0.033912,
      0.031317,
      0.037664,
      0.03682,
      0.045707,
      0.08238,
      0.084783,
      0.066975,
      0.078568,
      0.052222,
      0.058739
    ],
    "spectral_centroid": [
      1991.72,
      1791.66,
      1721.3,
      1829.12,
      2058.04,
      1800.92,
      2060.89,
      1705.84,
      1848.02,
      1675.69,
      2054.62,
      2418.54
    ]
  }
}