{
  "id": "ad288dc2-a1e5-4137-94db-8abfd00eea0f",
  "duration": 11.712,
  "pitch": {
    "mean": 290.14,
    "max": 1807.74,
    "std": 298.4,
    "max_mean_ratio": 6.23
  },
  "energy": {
    "mean": 0.030763,
    "max": 0.128301,
    "std": 0.032592,
    "rate_of_change": 0.010701
  },
  "speech_rate": {
    "chars_per_sec": 6.75,
    "words_per_sec": 1.11,
    "segment_count": 3
  },
  "spectral_centroid": {
    "mean": 1968.75
  },
  "timeseries": {
    "frame_sec": 0.5,
    "pitch": [
      352.15,
      191.96,
      105.47,
      155.06,
      269.18,
      427.96,
      143.23,
      147.93,
      104.66,
      137.48,
      112.82,
      89.93,
      272.95,
      228.88,
      417.34,
      571.1,
      228.76,
      287.02,
      333.61,
      1259.4,
      295.94,
      416.62,
      157.98,
      175.41
    ],
    "energy": [
      0.026155,
      0.006521,
      0.007463,
      0.012773,
      0.068895,
      0.05273,
      0.007897,
      0.009012,
      0.009165,
      0.01025,
      0.00609,
      0.00448,
      0.006225,
      0.005032,
      0.050219,
      0.047934,
      0.066702,
      0.03752,
      0.045644,
      0.093521,
      0.057387,
      0.044844,
      0.006957,
      0.007209
    ],
    "spectral_centroid": [
      2018.42,
      2378.8,
      2099.18,
      2205.38,
      2020.16,
      1632.68,
      1779.69,
      1676.2,
      1940.42,
      1851.53,
      1860.54,
      1999.17,
      2059.69,
      2348.65,
      2069.61,
      1645.97,
      1959.64,
      1538.33,
      2051.91,
      2066.99,
      2060.51,
      2031.45,
      1889.3,
      2046.26
    ]
  }
}