{
  "id": "ad3bb98f-73b5-4413-ad9c-cf0046b1fdda",
  "duration": 10.219,
  "pitch": {
    "mean": 309.08,
    "max": 953.79,
    "std": 202.28,
    "max_mean_ratio": 3.09
  },
  "energy": {
    "mean": 0.031212,
    "max": 0.139904,
    "std": 0.02793,
    "rate_of_change": 0.013252
  },
  "speech_rate": {
    "chars_per_sec": 8.77,
    "words_per_sec": 1.57,
    "segment_count": 2
  },
  "spectral_centroid": {
    "mean": 1918.51
  },
  "timeseries": {
    "frame_sec": 0.5,
    "pitch": [
      432.43,
      343.25,
      456.37,
      427.05,
      131.68,
      136.15,
      188.34,
      129.22,
      196.49,
      180.35,
      173.36,
      305.03,
      482.08,
      300.15,
      279.27,
      282.57,
      305.8,
      419.36,
      456.66,
      369.06,
      521.28
    ],
    "energy": [
      0.028589,
      0.038227,
      0.015838,
      0.011547,
      0.01382,
      0.007848,
      0.008997,
      0.006338,
      0.007668,
      0.00931,
      0.008548,
      0.051975,
      0.076391,
      0.046389,
      0.023287,
      0.024431,
      0.044519,
      0.058221,
      0.047863,
      0.050521,
      0.056341
    ],
    "spectral_centroid": [
      1572.6,
      2082.6,
      1472.97,
      1524.15,
      1826.38,
      1864.83,
      1965.11,
      2063.5,
      2361.5,
      2288.72,
      2097.64,
      2044.1,
      1869.24,
      1956.28,
      1816.49,
      1954.82,
      1879.23,
      1923.19,
      1908.09,
      2030.18,
      1638.94
    ]
  }
}