{
  "id": "ad511fe3-4318-4e37-89b2-1a76d82e157e",
  "duration": 8.299,
  "pitch": {
    "mean": 397.4,
    "max": 1780.67,
    "std": 280.59,
    "max_mean_ratio": 4.48
  },
  "energy": {
    "mean": 0.079665,
    "max": 0.224829,
    "std": 0.050399,
    "rate_of_change": 0.025598
  },
  "speech_rate": {
    "chars_per_sec": 12.68,
    "words_per_sec": 2.17,
    "segment_count": 6
  },
  "spectral_centroid": {
    "mean": 2045.71
  },
  "timeseries": {
    "frame_sec": 0.5,
    "pitch": [
      379.42,
      257.67,
      332.96,
      322.84,
      327.2,
      448.23,
      476.93,
      331.29,
      639.74,
      276.16,
      243.15,
      341.9,
      363.04,
      278.96,
      351.78,
      514.12,
      1033.16
    ],
    "energy": [
      0.118846,
      0.091174,
      0.044098,
      0.019099,
      0.082027,
      0.113266,
      0.110628,
      0.11489,
      0.09607,
      0.015864,
      0.013608,
      0.013967,
      0.076249,
      0.072973,
      0.129207,
      0.116688,
      0.059325
    ],
    "spectral_centroid": [
      1687.89,
      1712.18,
      1758.29,
      1931.39,
      1938.59,
      2252.32,
      2173.17,
      2208.2,
      1974.37,
      1903.5,
      1773.88,
      1831.95,
      2541.73,
      2653.77,
      2203.13,
      2024.39,
      2125.1
    ]
  }
}