{
  "id": "ad7b440b-67c3-41bf-88ec-57d2b64268db",
  "duration": 9.003,
  "pitch": {
    "mean": 618.28,
    "max": 2085.51,
    "std": 569.9,
    "max_mean_ratio": 3.37
  },
  "energy": {
    "mean": 0.232151,
    "max": 0.619303,
    "std": 0.143912,
    "rate_of_change": 0.064139
  },
  "speech_rate": {
    "chars_per_sec": 14.59,
    "words_per_sec": 2.67,
    "segment_count": 6
  },
  "spectral_centroid": {
    "mean": 2097.52
  },
  "timeseries": {
    "frame_sec": 0.5,
    "pitch": [
      448.18,
      1088.94,
      421.67,
      453.84,
      482.07,
      1381.08,
      356.08,
      594.11,
      450.72,
      917.16,
      599.42,
      514.77,
      505.16,
      632.86,
      747.92,
      396.01,
      714.82,
      366.25,
      575.66
    ],
    "energy": [
      0.236159,
      0.304629,
      0.0498,
      0.139126,
      0.24694,
      0.24972,
      0.157171,
      0.156714,
      0.196707,
      0.368352,
      0.335589,
      0.399553,
      0.047397,
      0.301921,
      0.311527,
      0.048101,
      0.24459,
      0.229955,
      0.051164
    ],
    "spectral_centroid": [
      1799.81,
      1949.43,
      2137.59,
      1925.33,
      2020.36,
      2160.2,
      1913.99,
      2551.86,
      2190.45,
      2097.48,
      2930.56,
      1430.48,
      2053.65,
      1986.8,
      2047.76,
      2047.35,
      1987.73,
      2473.76,
      1225.27
    ]
  }
}