{
  "id": "ad998638-65f5-4b13-bbf7-3110a559426e",
  "duration": 12.053,
  "pitch": {
    "mean": 425.68,
    "max": 1513.95,
    "std": 207.5,
    "max_mean_ratio": 3.56
  },
  "energy": {
    "mean": 0.249304,
    "max": 0.734635,
    "std": 0.16123,
    "rate_of_change": 0.059046
  },
  "speech_rate": {
    "chars_per_sec": 21.26,
    "words_per_sec": 4.57,
    "segment_count": 3
  },
  "spectral_centroid": {
    "mean": 1907.19
  },
  "timeseries": {
    "frame_sec": 0.5,
    "pitch": [
      364.48,
      269.21,
      326.66,
      372.22,
      489.03,
      406.75,
      447.53,
      515.73,
      315.33,
      570.42,
      471.3,
      321.86,
      335.01,
      309.23,
      524.22,
      430.91,
      561.07,
      176.09,
      351.18,
      603.48,
      469.99,
      585.32,
      341.82,
      637.8,
      500.66
    ],
    "energy": [
      0.07804,
      0.236486,
      0.277647,
      0.168341,
      0.171479,
      0.170426,
      0.123458,
      0.175695,
      0.201278,
      0.236854,
      0.188027,
      0.155841,
      0.374442,
      0.158912,
      0.217341,
      0.28064,
      0.198493,
      0.073893,
      0.19844,
      0.584606,
      0.394728,
      0.418632,
      0.332191,
      0.30991,
      0.054901
    ],
    "spectral_centroid": [
      2500.17,
      1456.75,
      2266.87,
      2073.01,
      1459.0,
      1293.34,
      1325.55,
      1914.06,
      2199.45,
      1783.75,
      1406.16,
      2406.81,
      2695.59,
      2840.01,
      1460.7,
      1918.74,
      1628.99,
      1636.77,
      2001.52,
      2114.66,
      1878.08,
      1779.74,
      2085.67,
      1774.85,
      1881.4
    ]
  }
}