{
  "id": "add21eaa-67fe-46c7-adc3-d4f1794f7ac5",
  "duration": 6.571,
  "pitch": {
    "mean": 453.52,
    "max": 1770.11,
    "std": 287.64,
    "max_mean_ratio": 3.9
  },
  "energy": {
    "mean": 0.046804,
    "max": 0.291496,
    "std": 0.062428,
    "rate_of_change": 0.043399
  },
  "speech_rate": {
    "chars_per_sec": 13.26,
    "words_per_sec": 2.29,
    "segment_count": 4
  },
  "spectral_centroid": {
    "mean": 2207.89
  },
  "timeseries": {
    "frame_sec": 0.5,
    "pitch": [
      427.11,
      408.09,
      549.01,
      467.58,
      786.42,
      325.54,
      147.21,
      442.6,
      324.95,
      258.33,
      536.28,
      473.6,
      659.94,
      704.58
    ],
    "energy": [
      0.009183,
      0.024167,
      0.047213,
      0.021785,
      0.03325,
      0.018579,
      0.011633,
      0.024322,
      0.018098,
      0.013477,
      0.031451,
      0.168189,
      0.154459,
      0.058995
    ],
    "spectral_centroid": [
      2552.28,
      2292.69,
      1949.74,
      1935.84,
      1989.94,
      2197.73,
      2147.93,
      1982.93,
      2168.02,
      2236.22,
      2246.14,
      2098.9,
      2526.92,
      4267.94
    ]
  }
}