{
  "id": "adedc26d-1614-443a-a488-472f63ab3d3d",
  "duration": 25.451,
  "pitch": {
    "mean": 558.28,
    "max": 2017.43,
    "std": 344.82,
    "max_mean_ratio": 3.61
  },
  "energy": {
    "mean": 0.094827,
    "max": 0.331438,
    "std": 0.068408,
    "rate_of_change": 0.012789
  },
  "speech_rate": {
    "chars_per_sec": 13.8,
    "words_per_sec": 2.28,
    "segment_count": 4
  },
  "spectral_centroid": {
    "mean": 2030.8
  },
  "timeseries": {
    "frame_sec": 0.5,
    "pitch": [
      477.47,
      527.8,
      625.36,
      515.0,
      344.65,
      617.32,
      360.34,
      721.32,
      565.21,
      501.39,
      590.62,
      613.26,
      453.35,
      441.61,
      399.93,
      738.77,
      525.24,
      482.1,
      316.65,
      302.38,
      337.93,
      362.01,
      163.33,
      233.71,
      393.97,
      542.68,
      433.59,
      136.43,
      131.84,
      483.57,
      524.33,
      581.12,
      831.63,
      832.88,
      584.49,
      704.62,
      719.37,
      617.33,
      128.02,
      597.66,
      666.11,
      883.24,
      827.07,
      865.35,
      1663.98,
      832.85,
      549.68,
      700.45,
      737.01,
      526.13,
      581.05
    ],
    "energy": [
      0.119023,
      0.115131,
      0.090493,
      0.07937,
      0.085408,
      0.022609,
      0.014347,
      0.100813,
      0.063152,
      0.104535,
      0.096225,
      0.073829,
      0.062439,
      0.07507,
      0.068159,
      0.105729,
      0.089171,
      0.073171,
      0.04044,
      0.046924,
      0.052236,
      0.036663,
      0.046306,
      0.035141,
      0.058623,
      0.055395,
      0.054827,
      0.020045,
      0.037902,
      0.100832,
      0.098477,
      0.094536,
      0.083983,
      0.154499,
      0.09284,
      0.110594,
      0.244588,
      0.166596,
      0.014431,
      0.163692,
      0.201311,
      0.11092,
      0.151816,
      0.161978,
      0.141109,
      0.041044,
      0.22342,
      0.026925,
      0.073761,
      0.154756,
      0.071353
    ],
    "spectral_centroid": [
      2040.3,
      1867.27,
      1906.42,
      1953.72,
      2223.98,
      1714.03,
      1985.11,
      1983.83,
      1918.35,
      1835.48,
      1802.33,
      1746.43,
      2129.92,
      2322.3,
      1934.3,
      2033.69,
      1900.78,
      2301.06,
      1954.24,
      2486.22,
      2223.89,
      1878.86,
      1694.03,
      2154.56,
      1599.55,
      2152.43,
      2371.53,
      1683.18,
      1677.38,
      1806.15,
      2257.73,
      2037.05,
      2315.1,
      2063.68,
      2210.65,
      2191.04,
      1939.32,
      1758.17,
      1927.51,
      2332.68,
      2084.85,
      2124.37,
      2226.78,
      2247.4,
      2369.3,
      2354.76,
      2023.17,
      2093.44,
      2167.46,
      1739.24,
      1745.4
    ]
  }
}