{
  "id": "adee36e5-7260-4f30-ace4-0e5e4a173d66",
  "duration": 17.792,
  "pitch": {
    "mean": 449.79,
    "max": 1872.29,
    "std": 294.91,
    "max_mean_ratio": 4.16
  },
  "energy": {
    "mean": 0.062702,
    "max": 0.251479,
    "std": 0.055205,
    "rate_of_change": 0.013789
  },
  "speech_rate": {
    "chars_per_sec": 11.4,
    "words_per_sec": 2.02,
    "segment_count": 10
  },
  "spectral_centroid": {
    "mean": 1983.96
  },
  "timeseries": {
    "frame_sec": 0.5,
    "pitch": [
      352.85,
      334.75,
      431.73,
      525.83,
      423.87,
      266.67,
      439.26,
      320.07,
      259.97,
      424.77,
      284.91,
      226.01,
      364.0,
      429.1,
      465.85,
      378.85,
      497.67,
      635.14,
      125.92,
      409.29,
      429.98,
      299.68,
      433.95,
      309.26,
      911.87,
      482.76,
      577.09,
      117.92,
      441.13,
      821.85,
      712.31,
      584.54,
      848.87,
      542.19,
      778.85,
      752.42
    ],
    "energy": [
      0.03545,
      0.033977,
      0.049134,
      0.062219,
      0.042192,
      0.026928,
      0.033395,
      0.029147,
      0.015866,
      0.030256,
      0.024487,
      0.029733,
      0.049367,
      0.03577,
      0.059308,
      0.036697,
      0.068105,
      0.107049,
      0.020615,
      0.062888,
      0.016513,
      0.054253,
      0.110621,
      0.053239,
      0.057298,
      0.145812,
      0.007638,
      0.019432,
      0.160747,
      0.160109,
      0.125354,
      0.14349,
      0.126014,
      0.012298,
      0.051427,
      0.079068
    ],
    "spectral_centroid": [
      2071.24,
      1753.07,
      1643.98,
      2115.96,
      2021.27,
      1753.02,
      2222.43,
      2151.34,
      1958.57,
      1695.38,
      2085.85,
      2258.77,
      1889.92,
      2152.31,
      1665.61,
      1977.67,
      2124.28,
      1949.11,
      2046.43,
      1657.54,
      2030.01,
      2506.61,
      1915.82,
      1661.07,
      2216.81,
      1995.06,
      2379.02,
      2551.28,
      2032.39,
      1863.45,
      1692.89,
      1607.06,
      1611.69,
      2330.63,
      1981.2,
      1850.5
    ]
  }
}