{
  "id": "ae01f306-deff-4fb1-b7f2-651345d30450",
  "duration": 12.693,
  "pitch": {
    "mean": 315.09,
    "max": 1988.07,
    "std": 272.83,
    "max_mean_ratio": 6.31
  },
  "energy": {
    "mean": 0.037627,
    "max": 0.101896,
    "std": 0.01841,
    "rate_of_change": 0.007294
  },
  "speech_rate": {
    "chars_per_sec": 14.47,
    "words_per_sec": 2.7,
    "segment_count": 7
  },
  "spectral_centroid": {
    "mean": 1980.32
  },
  "timeseries": {
    "frame_sec": 0.5,
    "pitch": [
      102.55,
      210.49,
      238.07,
      374.56,
      166.73,
      698.02,
      116.37,
      279.19,
      312.44,
      378.63,
      324.09,
      107.06,
      182.53,
      295.35,
      401.98,
      372.05,
      537.42,
      319.56,
      586.91,
      456.28,
      257.35,
      545.63,
      195.89,
      240.4,
      235.05,
      189.75
    ],
    "energy": [
      0.016212,
      0.029658,
      0.035494,
      0.029255,
      0.019607,
      0.043539,
      0.023343,
      0.024645,
      0.040169,
      0.031691,
      0.030521,
      0.016511,
      0.036564,
      0.048975,
      0.052418,
      0.050203,
      0.06773,
      0.022447,
      0.051595,
      0.042923,
      0.029405,
      0.062997,
      0.041577,
      0.033677,
      0.02355,
      0.022466
    ],
    "spectral_centroid": [
      2171.28,
      1852.77,
      1975.0,
      2227.82,
      2150.81,
      2051.2,
      2113.3,
      2091.25,
      1848.07,
      2280.49,
      2075.09,
      1981.64,
      1680.9,
      2192.26,
      1801.52,
      1894.82,
      2170.14,
      1778.24,
      1981.98,
      1505.27,
      2140.01,
      1945.38,
      2044.57,
      1781.71,
      1934.56,
      1613.28
    ]
  }
}