{
  "id": "ae4ad60a-87a2-42fa-8a11-21c2ff206522",
  "duration": 8.384,
  "pitch": {
    "mean": 409.26,
    "max": 2077.72,
    "std": 327.11,
    "max_mean_ratio": 5.08
  },
  "energy": {
    "mean": 0.046291,
    "max": 0.149353,
    "std": 0.028372,
    "rate_of_change": 0.016368
  },
  "speech_rate": {
    "chars_per_sec": 9.64,
    "words_per_sec": 1.57,
    "segment_count": 4
  },
  "spectral_centroid": {
    "mean": 1750.73
  },
  "timeseries": {
    "frame_sec": 0.5,
    "pitch": [
      388.78,
      513.12,
      746.09,
      284.66,
      423.43,
      356.18,
      388.2,
      353.82,
      451.26,
      452.91,
      705.77,
      270.01,
      241.7,
      178.0,
      321.79,
      318.5,
      509.63
    ],
    "energy": [
      0.018816,
      0.066912,
      0.057647,
      0.027904,
      0.067402,
      0.051668,
      0.060037,
      0.046501,
      0.040041,
      0.029437,
      0.021135,
      0.02029,
      0.019003,
      0.023364,
      0.07974,
      0.052431,
      0.078442
    ],
    "spectral_centroid": [
      1871.29,
      1821.05,
      1616.97,
      1536.02,
      1709.42,
      1545.0,
      1529.31,
      1728.67,
      1727.57,
      1789.58,
      1801.44,
      1850.68,
      1584.39,
      1725.21,
      1902.91,
      2287.49,
      1746.31
    ]
  }
}