{
  "id": "ae58e57e-ae03-418f-a06d-9821e6923578",
  "duration": 10.069,
  "pitch": {
    "mean": 416.26,
    "max": 1795.7,
    "std": 281.53,
    "max_mean_ratio": 4.31
  },
  "energy": {
    "mean": 0.055693,
    "max": 0.206313,
    "std": 0.037253,
    "rate_of_change": 0.019674
  },
  "speech_rate": {
    "chars_per_sec": 12.73,
    "words_per_sec": 2.51,
    "segment_count": 4
  },
  "spectral_centroid": {
    "mean": 2076.63
  },
  "timeseries": {
    "frame_sec": 0.5,
    "pitch": [
      207.24,
      400.68,
      364.71,
      332.75,
      352.17,
      369.15,
      472.24,
      401.14,
      320.39,
      148.3,
      441.86,
      371.46,
      342.87,
      467.91,
      372.53,
      448.33,
      463.44,
      600.71,
      621.81,
      568.35,
      131.91
    ],
    "energy": [
      0.030911,
      0.04816,
      0.034998,
      0.012733,
      0.023117,
      0.04309,
      0.047922,
      0.059158,
      0.055167,
      0.033106,
      0.046875,
      0.057135,
      0.040714,
      0.063267,
      0.059618,
      0.085149,
      0.116033,
      0.080469,
      0.072257,
      0.064748,
      0.007558
    ],
    "spectral_centroid": [
      2541.54,
      2054.35,
      1947.59,
      2125.02,
      2003.63,
      2055.42,
      1873.35,
      1786.31,
      1684.33,
      2033.0,
      2031.86,
      2009.27,
      2086.65,
      2122.4,
      2098.88,
      2062.22,
      2149.35,
      2255.46,
      2240.41,
      2377.22,
      2394.95
    ]
  }
}