{
  "id": "ae5bf0fb-14fc-4c32-bdc1-9ff140243a0c",
  "duration": 9.899,
  "pitch": {
    "mean": 401.46,
    "max": 2011.28,
    "std": 251.25,
    "max_mean_ratio": 5.01
  },
  "energy": {
    "mean": 0.00789,
    "max": 0.05334,
    "std": 0.007767,
    "rate_of_change": 0.005316
  },
  "speech_rate": {
    "chars_per_sec": 14.95,
    "words_per_sec": 2.75,
    "segment_count": 4
  },
  "spectral_centroid": {
    "mean": 1706.35
  },
  "timeseries": {
    "frame_sec": 0.5,
    "pitch": [
      321.97,
      364.74,
      525.13,
      304.01,
      351.99,
      431.21,
      418.96,
      283.11,
      336.21,
      288.92,
      360.69,
      346.7,
      275.08,
      337.0,
      388.98,
      315.48,
      421.36,
      352.69,
      865.26,
      319.5
    ],
    "energy": [
      0.006619,
      0.012552,
      0.001299,
      0.003956,
      0.00732,
      0.00687,
      0.010307,
      0.007893,
      0.007203,
      0.004011,
      0.008118,
      0.006142,
      0.008767,
      0.008614,
      0.003944,
      0.004089,
      0.004546,
      0.010076,
      0.026693,
      0.001123
    ],
    "spectral_centroid": [
      1675.86,
      1603.0,
      1845.58,
      1858.96,
      1602.95,
      2153.91,
      1439.23,
      1304.31,
      1440.71,
      2110.24,
      1798.27,
      1904.45,
      1762.36,
      1677.98,
      1467.38,
      1438.63,
      1369.17,
      1655.59,
      1996.55,
      2089.65
    ]
  }
}