{
  "id": "ae8850df-30b5-4c16-b39e-833985a15c60",
  "duration": 9.429,
  "pitch": {
    "mean": 486.65,
    "max": 1769.66,
    "std": 322.69,
    "max_mean_ratio": 3.64
  },
  "energy": {
    "mean": 0.070039,
    "max": 0.195025,
    "std": 0.034843,
    "rate_of_change": 0.019397
  },
  "speech_rate": {
    "chars_per_sec": 12.46,
    "words_per_sec": 2.63,
    "segment_count": 2
  },
  "spectral_centroid": {
    "mean": 2019.62
  },
  "timeseries": {
    "frame_sec": 0.5,
    "pitch": [
      418.5,
      529.42,
      418.59,
      423.34,
      609.65,
      671.87,
      505.44,
      376.67,
      341.05,
      590.02,
      527.2,
      391.2,
      563.11,
      644.02,
      370.56,
      407.12,
      606.66,
      336.9,
      568.35
    ],
    "energy": [
      0.108472,
      0.081039,
      0.05835,
      0.04707,
      0.06439,
      0.054528,
      0.065725,
      0.041224,
      0.114427,
      0.060116,
      0.10987,
      0.074497,
      0.061065,
      0.063974,
      0.063258,
      0.02529,
      0.031795,
      0.068765,
      0.089189
    ],
    "spectral_centroid": [
      1675.89,
      2329.94,
      2066.49,
      1739.74,
      1592.82,
      2988.34,
      2201.04,
      1918.57,
      1725.15,
      1501.17,
      1561.0,
      2036.4,
      2673.74,
      2465.28,
      1546.86,
      1794.2,
      2215.71,
      2166.93,
      2134.8
    ]
  }
}