{
  "id": "aeed93e5-26b8-4a95-8b40-8a661bf20914",
  "duration": 7.637,
  "pitch": {
    "mean": 299.71,
    "max": 1234.3,
    "std": 225.11,
    "max_mean_ratio": 4.12
  },
  "energy": {
    "mean": 0.046328,
    "max": 0.127222,
    "std": 0.02267,
    "rate_of_change": 0.014716
  },
  "speech_rate": {
    "chars_per_sec": 6.72,
    "words_per_sec": 1.54,
    "segment_count": 3
  },
  "spectral_centroid": {
    "mean": 1807.3
  },
  "timeseries": {
    "frame_sec": 0.5,
    "pitch": [
      153.7,
      132.39,
      127.31,
      153.47,
      98.19,
      553.8,
      428.62,
      204.59,
      474.41,
      354.1,
      379.47,
      397.32,
      400.6,
      304.37,
      191.68,
      432.8
    ],
    "energy": [
      0.02324,
      0.026126,
      0.024575,
      0.027101,
      0.025958,
      0.066556,
      0.051811,
      0.043022,
      0.061147,
      0.043575,
      0.046925,
      0.054103,
      0.048575,
      0.054265,
      0.0505,
      0.087045
    ],
    "spectral_centroid": [
      1657.38,
      1341.01,
      1179.47,
      1551.27,
      1278.56,
      1694.7,
      1992.58,
      2095.15,
      1886.46,
      1942.28,
      2282.45,
      2247.03,
      2010.01,
      2387.85,
      1603.18,
      1602.88
    ]
  }
}