{
  "id": "af7adf10-c11c-453a-9aaa-37b83bf66cb2",
  "duration": 9.067,
  "pitch": {
    "mean": 465.73,
    "max": 2089.36,
    "std": 331.31,
    "max_mean_ratio": 4.49
  },
  "energy": {
    "mean": 0.095199,
    "max": 0.245822,
    "std": 0.05007,
    "rate_of_change": 0.026445
  },
  "speech_rate": {
    "chars_per_sec": 13.94,
    "words_per_sec": 3.21,
    "segment_count": 5
  },
  "spectral_centroid": {
    "mean": 2059.01
  },
  "timeseries": {
    "frame_sec": 0.5,
    "pitch": [
      161.22,
      232.76,
      302.0,
      375.11,
      493.23,
      566.44,
      620.48,
      390.62,
      499.15,
      348.69,
      411.56,
      469.13,
      403.32,
      570.09,
      474.49,
      761.33,
      569.78,
      469.23,
      179.71
    ],
    "energy": [
      0.027533,
      0.027565,
      0.061037,
      0.065847,
      0.103828,
      0.112092,
      0.116048,
      0.104503,
      0.138245,
      0.081028,
      0.119392,
      0.136888,
      0.073716,
      0.113648,
      0.10133,
      0.102433,
      0.084246,
      0.077493,
      0.020774
    ],
    "spectral_centroid": [
      1901.41,
      2062.35,
      2557.25,
      1908.97,
      1964.14,
      1629.67,
      1753.28,
      2397.09,
      1830.74,
      2482.54,
      2163.77,
      2441.43,
      1853.65,
      1706.65,
      1999.97,
      2065.98,
      1697.92,
      2236.32,
      4291.89
    ]
  }
}