{
  "id": "b0042d52-f77b-4161-9121-facfbaacdb15",
  "duration": 10.901,
  "pitch": {
    "mean": 296.33,
    "max": 1870.23,
    "std": 309.79,
    "max_mean_ratio": 6.31
  },
  "energy": {
    "mean": 0.061709,
    "max": 0.220766,
    "std": 0.054775,
    "rate_of_change": 0.01911
  },
  "speech_rate": {
    "chars_per_sec": 12.32,
    "words_per_sec": 2.3,
    "segment_count": 5
  },
  "spectral_centroid": {
    "mean": 2170.21
  },
  "timeseries": {
    "frame_sec": 0.5,
    "pitch": [
      452.27,
      179.6,
      188.33,
      124.91,
      193.31,
      478.26,
      592.29,
      436.61,
      726.64,
      146.28,
      107.83,
      108.06,
      116.0,
      148.13,
      137.14,
      115.55,
      150.97,
      427.09,
      218.25,
      469.48,
      536.25,
      381.45
    ],
    "energy": [
      0.067222,
      0.034187,
      0.039218,
      0.019308,
      0.038233,
      0.084067,
      0.116392,
      0.095645,
      0.136038,
      0.020637,
      0.022263,
      0.016478,
      0.017899,
      0.019294,
      0.02154,
      0.024383,
      0.03245,
      0.111849,
      0.054225,
      0.114383,
      0.10914,
      0.108643
    ],
    "spectral_centroid": [
      1782.39,
      3006.97,
      2519.56,
      1398.76,
      1970.77,
      2348.79,
      2533.11,
      1816.76,
      2558.51,
      1907.18,
      1749.89,
      1678.92,
      1923.74,
      1891.86,
      1647.3,
      1752.01,
      2086.7,
      2344.1,
      2683.02,
      2823.08,
      2596.57,
      2835.4
    ]
  }
}