{
  "id": "b0166082-12fa-498c-8994-dea8559a9794",
  "duration": 19.861,
  "pitch": {
    "mean": 510.33,
    "max": 1849.12,
    "std": 309.74,
    "max_mean_ratio": 3.62
  },
  "energy": {
    "mean": 0.085373,
    "max": 0.278503,
    "std": 0.058829,
    "rate_of_change": 0.01374
  },
  "speech_rate": {
    "chars_per_sec": 8.39,
    "words_per_sec": 1.57,
    "segment_count": 11
  },
  "spectral_centroid": {
    "mean": 2136.86
  },
  "timeseries": {
    "frame_sec": 0.5,
    "pitch": [
      751.27,
      474.72,
      382.95,
      255.84,
      614.68,
      145.68,
      478.97,
      442.85,
      438.9,
      384.45,
      385.47,
      395.51,
      551.45,
      603.07,
      430.3,
      406.99,
      462.84,
      553.72,
      528.63,
      536.04,
      129.69,
      216.16,
      468.27,
      475.3,
      427.23,
      615.17,
      493.89,
      490.88,
      698.54,
      831.66,
      1187.77,
      916.33,
      360.4,
      621.47,
      814.56,
      893.12,
      498.01,
      332.16,
      305.3,
      256.83
    ],
    "energy": [
      0.05492,
      0.044947,
      0.045161,
      0.032933,
      0.077683,
      0.028974,
      0.075081,
      0.051076,
      0.072338,
      0.060718,
      0.065489,
      0.104517,
      0.079644,
      0.104168,
      0.094627,
      0.087888,
      0.069322,
      0.088961,
      0.063815,
      0.061955,
      0.013927,
      0.01942,
      0.065018,
      0.067503,
      0.084975,
      0.107362,
      0.165647,
      0.08418,
      0.095488,
      0.216514,
      0.223447,
      0.135611,
      0.0659,
      0.090051,
      0.118223,
      0.138766,
      0.026604,
      0.054746,
      0.065285,
      0.051622
    ],
    "spectral_centroid": [
      1916.29,
      2129.69,
      2138.94,
      2109.45,
      1934.09,
      1958.73,
      1648.73,
      2150.24,
      2147.89,
      1935.68,
      2167.29,
      2439.12,
      2355.34,
      2296.05,
      1947.71,
      2051.09,
      1996.21,
      1977.45,
      1866.28,
      2343.63,
      1942.49,
      1613.83,
      1779.83,
      2000.55,
      2206.9,
      2196.28,
      2320.42,
      2328.15,
      2292.79,
      2144.77,
      2106.65,
      2227.67,
      2417.63,
      2329.91,
      2353.55,
      2490.15,
      2297.19,
      2452.43,
      2158.79,
      2142.81
    ]
  }
}