{
  "id": "b0a20e6c-7bae-478c-b40d-b561317d44b9",
  "duration": 5.355,
  "pitch": {
    "mean": 432.09,
    "max": 2074.42,
    "std": 319.03,
    "max_mean_ratio": 4.8
  },
  "energy": {
    "mean": 0.062531,
    "max": 0.223532,
    "std": 0.050218,
    "rate_of_change": 0.040037
  },
  "speech_rate": {
    "chars_per_sec": 10.49,
    "words_per_sec": 2.06,
    "segment_count": 3
  },
  "spectral_centroid": {
    "mean": 2072.9
  },
  "timeseries": {
    "frame_sec": 0.5,
    "pitch": [
      355.56,
      468.62,
      387.97,
      662.18,
      569.23,
      347.66,
      365.43,
      126.53,
      327.57,
      622.39,
      653.47
    ],
    "energy": [
      0.031375,
      0.046645,
      0.049549,
      0.129776,
      0.065829,
      0.045264,
      0.023135,
      0.021584,
      0.04796,
      0.133255,
      0.060009
    ],
    "spectral_centroid": [
      2223.27,
      1870.83,
      1916.88,
      2165.37,
      2061.3,
      2386.36,
      2156.85,
      1900.84,
      2062.64,
      1964.05,
      1970.04
    ]
  }
}