{
  "id": "b0a8f4e8-5875-47cc-9e06-ca794b5eb039",
  "duration": 37.419,
  "pitch": {
    "mean": 485.39,
    "max": 2041.91,
    "std": 297.0,
    "max_mean_ratio": 4.21
  },
  "energy": {
    "mean": 0.066806,
    "max": 0.304882,
    "std": 0.051394,
    "rate_of_change": 0.008027
  },
  "speech_rate": {
    "chars_per_sec": 13.77,
    "words_per_sec": 2.25,
    "segment_count": 5
  },
  "spectral_centroid": {
    "mean": 1929.99
  },
  "timeseries": {
    "frame_sec": 0.5,
    "pitch": [
      468.31,
      420.46,
      635.87,
      266.84,
      492.35,
      491.35,
      420.27,
      493.21,
      203.55,
      535.92,
      655.09,
      353.57,
      425.2,
      471.2,
      416.48,
      444.18,
      498.42,
      473.9,
      584.9,
      395.72,
      392.92,
      402.78,
      378.76,
      408.54,
      381.05,
      274.8,
      498.33,
      437.62,
      465.45,
      505.41,
      271.35,
      159.14,
      343.74,
      528.97,
      542.74,
      408.06,
      752.22,
      1037.84,
      662.79,
      426.18,
      874.1,
      882.11,
      317.63,
      194.93,
      453.39,
      408.86,
      466.34,
      620.84,
      265.42,
      666.77,
      677.82,
      735.6,
      981.79,
      700.19,
      471.56,
      324.15,
      460.26,
      399.36,
      593.63,
      658.16,
      500.75,
      136.93,
      364.44,
      475.59,
      614.47,
      688.32,
      488.7,
      385.66,
      442.43,
      335.64,
      404.53,
      403.68,
      489.01,
      573.24,
      417.03
    ],
    "energy": [
      0.079878,
      0.035342,
      0.107963,
      0.055093,
      0.080875,
      0.049695,
      0.050823,
      0.062395,
      0.011966,
      0.028096,
      0.082979,
      0.035537,
      0.043463,
      0.059027,
      0.037272,
      0.051374,
      0.071261,
      0.043946,
      0.136833,
      0.061046,
      0.069664,
      0.050614,
      0.033311,
      0.046501,
      0.014355,
      0.019316,
      0.044841,
      0.116746,
      0.04338,
      0.056181,
      0.021845,
      0.022927,
      0.045119,
      0.132326,
      0.011847,
      0.070098,
      0.156616,
      0.079449,
      0.109667,
      0.057393,
      0.149868,
      0.140482,
      0.062429,
      0.014541,
      0.047997,
      0.070753,
      0.057499,
      0.104177,
      0.009438,
      0.012984,
      0.147204,
      0.124754,
      0.123041,
      0.055658,
      0.063808,
      0.038451,
      0.021571,
      0.133391,
      0.045961,
      0.106882,
      0.079601,
      0.020107,
      0.061701,
      0.089017,
      0.069234,
      0.084193,
      0.052097,
      0.053678,
      0.066776,
      0.034215,
      0.060487,
      0.040359,
      0.061432,
      0.042097,
      0.038265
    ],
    "spectral_centroid": [
      1268.73,
      1745.41,
      1636.01,
      2271.84,
      1703.7,
      1923.89,
      1865.81,
      1940.46,
      1914.21,
      1940.81,
      1882.54,
      2379.43,
      1766.69,
      1685.49,
      2128.4,
      1910.22,
      1415.11,
      1722.29,
      1220.26,
      2128.97,
      2209.69,
      1923.93,
      1834.12,
      1492.69,
      1648.51,
      1669.91,
      1593.69,
      1548.16,
      1703.71,
      1881.09,
      2420.75,
      2087.78,
      1790.43,
      1409.94,
      2604.66,
      2490.01,
      2112.86,
      1861.6,
      2001.46,
      1921.26,
      1861.13,
      1804.5,
      1838.01,
      1835.87,
      2197.24,
      1985.79,
      2308.48,
      1825.11,
      1872.2,
      2841.98,
      1992.22,
      1813.15,
      1849.53,
      2148.92,
      2252.91,
      2013.92,
      2536.36,
      2704.51,
      2948.19,
      1755.55,
      2121.51,
      2460.55,
      1918.33,
      1929.34,
      1804.28,
      1506.47,
      1857.2,
      1842.03,
      1635.21,
      1963.21,
      2195.26,
      2197.86,
      1463.05,
      1402.18,
      1491.01
    ]
  }
}