{
  "id": "b10decc4-21e8-47aa-be25-ebe210057596",
  "duration": 7.723,
  "pitch": {
    "mean": 393.81,
    "max": 2088.84,
    "std": 253.34,
    "max_mean_ratio": 5.3
  },
  "energy": {
    "mean": 0.020423,
    "max": 0.077268,
    "std": 0.017258,
    "rate_of_change": 0.00971
  },
  "speech_rate": {
    "chars_per_sec": 16.23,
    "words_per_sec": 3.04,
    "segment_count": 2
  },
  "spectral_centroid": {
    "mean": 1760.05
  },
  "timeseries": {
    "frame_sec": 0.5,
    "pitch": [
      600.88,
      421.21,
      446.99,
      263.23,
      239.53,
      408.48,
      565.12,
      483.14,
      349.28,
      373.42,
      210.16,
      509.24,
      377.63,
      455.66,
      257.89,
      347.98
    ],
    "energy": [
      0.02807,
      0.008026,
      0.009882,
      0.004447,
      0.003418,
      0.033298,
      0.028561,
      0.026085,
      0.023149,
      0.007104,
      0.013058,
      0.041758,
      0.025165,
      0.017488,
      0.018804,
      0.025835
    ],
    "spectral_centroid": [
      1319.55,
      1916.61,
      1373.52,
      1941.5,
      1801.77,
      1452.99,
      1871.29,
      1924.59,
      1569.34,
      1759.76,
      1690.54,
      1597.47,
      1600.02,
      2666.47,
      1801.08,
      2028.9
    ]
  }
}