{
  "id": "b11522b2-5c85-484e-916a-ffeb55ae7dd0",
  "duration": 13.653,
  "pitch": {
    "mean": 569.82,
    "max": 2088.69,
    "std": 528.08,
    "max_mean_ratio": 3.67
  },
  "energy": {
    "mean": 0.062751,
    "max": 0.190023,
    "std": 0.044282,
    "rate_of_change": 0.013544
  },
  "speech_rate": {
    "chars_per_sec": 10.89,
    "words_per_sec": 1.73,
    "segment_count": 4
  },
  "spectral_centroid": {
    "mean": 2272.92
  },
  "timeseries": {
    "frame_sec": 0.5,
    "pitch": [
      567.83,
      663.31,
      403.58,
      942.97,
      650.39,
      915.11,
      583.4,
      429.71,
      121.91,
      595.82,
      498.58,
      700.48,
      1140.85,
      467.86,
      737.0,
      817.21,
      576.74,
      431.72,
      604.41,
      569.73,
      143.17,
      278.18,
      392.27,
      312.82,
      394.11,
      402.67,
      990.58,
      173.37
    ],
    "energy": [
      0.071119,
      0.062179,
      0.053984,
      0.087196,
      0.092328,
      0.061276,
      0.071994,
      0.043089,
      0.008121,
      0.070514,
      0.042874,
      0.06121,
      0.093788,
      0.070376,
      0.112499,
      0.093007,
      0.060647,
      0.066646,
      0.111062,
      0.045192,
      0.01383,
      0.010292,
      0.007955,
      0.007343,
      0.048922,
      0.089087,
      0.077076,
      0.010925
    ],
    "spectral_centroid": [
      1770.61,
      1867.31,
      2192.72,
      1768.82,
      2144.03,
      2123.75,
      1971.27,
      2265.5,
      2173.27,
      1509.5,
      1865.27,
      2452.22,
      2158.6,
      2277.84,
      2448.62,
      3203.28,
      2794.81,
      3185.81,
      2917.88,
      2171.52,
      2448.53,
      2159.48,
      2257.89,
      2184.56,
      2868.6,
      1776.0,
      2566.21,
      1681.93
    ]
  }
}