{
  "id": "b1166f9b-b3d7-4845-99e4-dfb1e2864a66",
  "duration": 12.352,
  "pitch": {
    "mean": 348.98,
    "max": 2004.46,
    "std": 292.65,
    "max_mean_ratio": 5.74
  },
  "energy": {
    "mean": 0.043223,
    "max": 0.147722,
    "std": 0.029279,
    "rate_of_change": 0.011044
  },
  "speech_rate": {
    "chars_per_sec": 10.13,
    "words_per_sec": 1.86,
    "segment_count": 7
  },
  "spectral_centroid": {
    "mean": 1740.43
  },
  "timeseries": {
    "frame_sec": 0.5,
    "pitch": [
      249.26,
      404.99,
      460.7,
      304.2,
      438.26,
      281.4,
      503.27,
      191.7,
      178.2,
      184.99,
      378.45,
      393.27,
      602.59,
      554.61,
      381.25,
      341.0,
      194.7,
      319.81,
      531.0,
      244.24,
      343.83,
      140.38,
      253.72,
      375.78,
      287.42
    ],
    "energy": [
      0.033019,
      0.047695,
      0.037536,
      0.048487,
      0.063381,
      0.02978,
      0.082385,
      0.013624,
      0.014802,
      0.01661,
      0.064119,
      0.051996,
      0.073285,
      0.069923,
      0.02314,
      0.019681,
      0.026643,
      0.032494,
      0.037728,
      0.017089,
      0.023984,
      0.027934,
      0.056578,
      0.078587,
      0.047273
    ],
    "spectral_centroid": [
      1606.71,
      1749.48,
      1722.19,
      1542.52,
      1895.68,
      1653.14,
      1462.27,
      1885.8,
      1977.15,
      1995.74,
      1571.83,
      1616.28,
      1590.48,
      1815.94,
      1933.34,
      1722.28,
      1733.02,
      1484.43,
      1712.42,
      1741.78,
      1795.11,
      1887.7,
      1745.21,
      1776.51,
      1843.42
    ]
  }
}