{
  "id": "b13b4b9a-5196-419e-a772-12fae38e5b22",
  "duration": 11.52,
  "pitch": {
    "mean": 238.07,
    "max": 2046.5,
    "std": 267.9,
    "max_mean_ratio": 8.6
  },
  "energy": {
    "mean": 0.022826,
    "max": 0.052319,
    "std": 0.009835,
    "rate_of_change": 0.003627
  },
  "speech_rate": {
    "chars_per_sec": 0.37,
    "words_per_sec": 0.07,
    "segment_count": 1
  },
  "spectral_centroid": {
    "mean": 2152.1
  },
  "timeseries": {
    "frame_sec": 0.5,
    "pitch": [
      125.04,
      189.35,
      124.86,
      140.46,
      136.6,
      236.8,
      304.67,
      407.84,
      109.96,
      143.24,
      197.64,
      206.17,
      131.33,
      191.3,
      281.97,
      687.93,
      205.04,
      159.37,
      157.03,
      412.69,
      225.43,
      361.61,
      224.9,
      142.49
    ],
    "energy": [
      0.027129,
      0.015007,
      0.015944,
      0.020576,
      0.014966,
      0.016638,
      0.018312,
      0.028378,
      0.012404,
      0.017278,
      0.019787,
      0.018462,
      0.01846,
      0.013194,
      0.022896,
      0.037717,
      0.019197,
      0.037255,
      0.031662,
      0.038297,
      0.026887,
      0.016825,
      0.01615,
      0.017616
    ],
    "spectral_centroid": [
      2462.25,
      1887.8,
      2266.7,
      2230.06,
      2532.03,
      2035.25,
      2190.15,
      2210.26,
      1961.76,
      1960.8,
      1974.63,
      1962.87,
      2029.14,
      2122.03,
      2248.5,
      2167.66,
      2341.01,
      2281.78,
      2192.42,
      2442.57,
      1851.94,
      2265.76,
      1889.2,
      1429.68
    ]
  }
}