{
  "id": "b15fc549-7153-470c-b60d-1c98ae67931d",
  "duration": 16.491,
  "pitch": {
    "mean": 381.93,
    "max": 2040.71,
    "std": 347.24,
    "max_mean_ratio": 5.34
  },
  "energy": {
    "mean": 0.052806,
    "max": 0.123076,
    "std": 0.025808,
    "rate_of_change": 0.006675
  },
  "speech_rate": {
    "chars_per_sec": 14.9,
    "words_per_sec": 3.37,
    "segment_count": 3
  },
  "spectral_centroid": {
    "mean": 1837.44
  },
  "timeseries": {
    "frame_sec": 0.5,
    "pitch": [
      291.98,
      374.33,
      170.78,
      100.63,
      118.31,
      225.21,
      449.52,
      480.04,
      385.64,
      105.68,
      106.88,
      130.07,
      164.75,
      601.96,
      329.58,
      852.42,
      337.61,
      379.0,
      369.55,
      446.84,
      406.3,
      478.64,
      388.78,
      240.8,
      267.52,
      760.82,
      502.45,
      200.69,
      445.3,
      636.0,
      634.94,
      600.26,
      529.57
    ],
    "energy": [
      0.050535,
      0.048615,
      0.028212,
      0.018208,
      0.024325,
      0.022991,
      0.047724,
      0.067919,
      0.066144,
      0.03237,
      0.027234,
      0.020852,
      0.040402,
      0.062124,
      0.063504,
      0.066442,
      0.039631,
      0.048086,
      0.048422,
      0.057286,
      0.055782,
      0.064055,
      0.060118,
      0.059855,
      0.065075,
      0.08325,
      0.051085,
      0.036723,
      0.083025,
      0.056784,
      0.055953,
      0.050168,
      0.066163
    ],
    "spectral_centroid": [
      1931.85,
      1617.4,
      1678.39,
      1821.56,
      2027.38,
      1570.45,
      1462.61,
      1592.98,
      1692.87,
      2458.54,
      2418.58,
      1774.97,
      1831.85,
      1900.88,
      1699.46,
      1949.67,
      1717.42,
      1794.97,
      1941.65,
      1783.54,
      1794.3,
      1939.73,
      1812.37,
      1559.98,
      1728.93,
      1815.47,
      1747.85,
      2318.48,
      2087.97,
      2036.04,
      1646.01,
      1751.08,
      1710.86
    ]
  }
}