{
  "id": "b178af0d-272f-4b5d-82db-716da121b870",
  "duration": 13.525,
  "pitch": {
    "mean": 260.23,
    "max": 1505.16,
    "std": 203.49,
    "max_mean_ratio": 5.78
  },
  "energy": {
    "mean": 0.020732,
    "max": 0.129798,
    "std": 0.021945,
    "rate_of_change": 0.00936
  },
  "speech_rate": {
    "chars_per_sec": 6.69,
    "words_per_sec": 1.19,
    "segment_count": 4
  },
  "spectral_centroid": {
    "mean": 1897.33
  },
  "timeseries": {
    "frame_sec": 0.5,
    "pitch": [
      224.56,
      159.6,
      240.85,
      191.63,
      414.52,
      402.58,
      420.46,
      134.91,
      114.36,
      151.0,
      141.6,
      147.54,
      175.85,
      141.79,
      128.06,
      121.46,
      108.44,
      409.84,
      114.77,
      291.51,
      314.86,
      388.47,
      372.2,
      149.0,
      391.88,
      392.1,
      555.92,
      501.04
    ],
    "energy": [
      0.010016,
      0.00844,
      0.015417,
      0.015697,
      0.038076,
      0.02057,
      0.019442,
      0.010392,
      0.006946,
      0.005904,
      0.005697,
      0.007116,
      0.008737,
      0.007318,
      0.005628,
      0.007573,
      0.007653,
      0.053261,
      0.007145,
      0.006338,
      0.031772,
      0.034311,
      0.017087,
      0.010975,
      0.063774,
      0.064994,
      0.041943,
      0.043707
    ],
    "spectral_centroid": [
      1825.62,
      2093.29,
      2074.94,
      2026.4,
      1728.54,
      1358.92,
      1171.01,
      2140.84,
      1679.5,
      1873.86,
      2038.72,
      2203.8,
      2084.05,
      2142.33,
      1718.19,
      1726.86,
      2078.23,
      1578.47,
      1727.11,
      2161.82,
      2251.28,
      1626.74,
      1554.05,
      2284.9,
      2068.45,
      2176.61,
      1856.33,
      2031.4
    ]
  }
}