{
  "id": "b1eb9489-2941-4002-b9f3-9a57a1321ba9",
  "duration": 9.707,
  "pitch": {
    "mean": 375.1,
    "max": 1974.67,
    "std": 438.9,
    "max_mean_ratio": 5.26
  },
  "energy": {
    "mean": 0.00497,
    "max": 0.011621,
    "std": 0.002662,
    "rate_of_change": 0.001181
  },
  "speech_rate": {
    "chars_per_sec": 0.0,
    "words_per_sec": 0.0,
    "segment_count": 0
  },
  "spectral_centroid": {
    "mean": 2078.1
  },
  "timeseries": {
    "frame_sec": 0.5,
    "pitch": [
      891.27,
      515.34,
      526.36,
      143.87,
      153.55,
      869.01,
      495.55,
      651.05,
      405.76,
      558.71,
      132.84,
      129.44,
      137.68,
      318.39,
      614.52,
      357.13,
      233.32,
      189.91,
      113.67,
      118.5
    ],
    "energy": [
      0.004558,
      0.00482,
      0.008699,
      0.005958,
      0.006174,
      0.004624,
      0.006274,
      0.006883,
      0.004365,
      0.003197,
      0.002318,
      0.005271,
      0.005981,
      0.008135,
      0.006639,
      0.004497,
      0.001876,
      0.0013,
      0.001007,
      0.000252
    ],
    "spectral_centroid": [
      1974.16,
      1899.2,
      2014.34,
      2759.91,
      2053.15,
      2155.45,
      2382.49,
      2483.27,
      2573.01,
      1677.42,
      2313.66,
      1401.82,
      2408.28,
      1643.67,
      2284.45,
      2268.7,
      2208.84,
      2118.94,
      1211.62,
      1283.19
    ]
  }
}