{
  "id": "b1f93c91-393d-4423-a0d9-e42ac5822361",
  "duration": 9.835,
  "pitch": {
    "mean": 357.19,
    "max": 1577.76,
    "std": 472.38,
    "max_mean_ratio": 4.42
  },
  "energy": {
    "mean": 0.065326,
    "max": 0.130593,
    "std": 0.029785,
    "rate_of_change": 0.011053
  },
  "speech_rate": {
    "chars_per_sec": 1.53,
    "words_per_sec": 0.31,
    "segment_count": 1
  },
  "spectral_centroid": {
    "mean": 2230.01
  },
  "timeseries": {
    "frame_sec": 0.5,
    "pitch": [
      637.87,
      610.77,
      698.21,
      788.63,
      177.13,
      311.32,
      743.56,
      886.7,
      261.08,
      288.94,
      212.95,
      222.85,
      180.54,
      150.86,
      147.77,
      202.96,
      102.66,
      135.39,
      109.0,
      159.49
    ],
    "energy": [
      0.034512,
      0.030592,
      0.045073,
      0.053663,
      0.074544,
      0.06921,
      0.050517,
      0.037887,
      0.049759,
      0.055754,
      0.062382,
      0.044832,
      0.101084,
      0.106338,
      0.084342,
      0.03652,
      0.054896,
      0.094401,
      0.081692,
      0.094199
    ],
    "spectral_centroid": [
      1994.74,
      1989.91,
      2801.16,
      2782.81,
      2092.19,
      1795.86,
      2270.59,
      2681.75,
      2829.47,
      1979.91,
      2026.76,
      2012.49,
      2067.43,
      1891.47,
      1984.21,
      2237.34,
      2421.19,
      1966.99,
      2144.87,
      2757.69
    ]
  }
}