{
  "id": "b29d33ab-b53d-4940-963d-13a68ee717f4",
  "duration": 13.888,
  "pitch": {
    "mean": 347.95,
    "max": 1487.29,
    "std": 241.64,
    "max_mean_ratio": 4.27
  },
  "energy": {
    "mean": 0.039813,
    "max": 0.111851,
    "std": 0.032135,
    "rate_of_change": 0.007901
  },
  "speech_rate": {
    "chars_per_sec": 8.4,
    "words_per_sec": 1.37,
    "segment_count": 3
  },
  "spectral_centroid": {
    "mean": 1740.38
  },
  "timeseries": {
    "frame_sec": 0.5,
    "pitch": [
      391.46,
      255.32,
      184.21,
      215.89,
      108.87,
      239.47,
      474.98,
      326.35,
      432.55,
      394.75,
      183.44,
      115.86,
      122.46,
      128.27,
      210.42,
      605.24,
      501.76,
      311.54,
      495.57,
      461.03,
      497.96,
      438.44,
      402.48,
      533.99,
      312.94,
      471.48,
      563.22,
      196.23
    ],
    "energy": [
      0.038292,
      0.004694,
      0.004917,
      0.00635,
      0.008179,
      0.019957,
      0.058928,
      0.046074,
      0.031646,
      0.049651,
      0.008798,
      0.014766,
      0.007328,
      0.008657,
      0.015855,
      0.058677,
      0.050283,
      0.057029,
      0.07638,
      0.081142,
      0.039914,
      0.060036,
      0.062685,
      0.076574,
      0.062312,
      0.06179,
      0.045881,
      0.005371
    ],
    "spectral_centroid": [
      2053.89,
      1559.12,
      1302.51,
      1510.79,
      1576.41,
      1518.23,
      1409.55,
      1941.59,
      3592.8,
      1565.99,
      1806.08,
      2010.7,
      1600.52,
      1657.01,
      1658.59,
      1815.81,
      1385.82,
      1472.52,
      1254.23,
      1734.01,
      2174.66,
      2126.05,
      1308.56,
      1492.9,
      1786.19,
      1729.3,
      1601.24,
      1992.2
    ]
  }
}