{
  "id": "b2bb788b-135c-472c-b06b-e587d44b6037",
  "duration": 7.659,
  "pitch": {
    "mean": 402.35,
    "max": 1045.02,
    "std": 222.6,
    "max_mean_ratio": 2.6
  },
  "energy": {
    "mean": 0.090042,
    "max": 0.200336,
    "std": 0.052528,
    "rate_of_change": 0.024595
  },
  "speech_rate": {
    "chars_per_sec": 6.54,
    "words_per_sec": 1.05,
    "segment_count": 4
  },
  "spectral_centroid": {
    "mean": 1802.66
  },
  "timeseries": {
    "frame_sec": 0.5,
    "pitch": [
      416.4,
      547.32,
      330.64,
      430.92,
      375.33,
      371.32,
      503.53,
      506.17,
      448.18,
      379.93,
      591.19,
      92.06,
      166.38,
      374.34,
      442.87,
      565.35
    ],
    "energy": [
      0.094267,
      0.114628,
      0.084453,
      0.119598,
      0.067841,
      0.08995,
      0.104469,
      0.042578,
      0.110168,
      0.080699,
      0.071243,
      0.016256,
      0.038381,
      0.105305,
      0.125913,
      0.1662
    ],
    "spectral_centroid": [
      1992.85,
      1412.95,
      1521.14,
      1490.82,
      1572.02,
      1839.59,
      1812.48,
      1953.0,
      1624.9,
      1729.87,
      1515.2,
      2082.71,
      1814.52,
      2432.37,
      2031.78,
      2073.88
    ]
  }
}