{
  "id": "b2c50fe9-6082-4f66-9b31-5200e12a3efa",
  "duration": 9.92,
  "pitch": {
    "mean": 360.74,
    "max": 1777.39,
    "std": 253.85,
    "max_mean_ratio": 4.93
  },
  "energy": {
    "mean": 0.048814,
    "max": 0.304948,
    "std": 0.056757,
    "rate_of_change": 0.030111
  },
  "speech_rate": {
    "chars_per_sec": 19.59,
    "words_per_sec": 3.85,
    "segment_count": 6
  },
  "spectral_centroid": {
    "mean": 2113.72
  },
  "timeseries": {
    "frame_sec": 0.5,
    "pitch": [
      391.12,
      434.69,
      246.41,
      304.64,
      270.47,
      272.31,
      259.93,
      196.25,
      321.67,
      390.89,
      228.17,
      302.65,
      542.97,
      501.05,
      532.07,
      641.13,
      277.9,
      155.67,
      170.28,
      762.98
    ],
    "energy": [
      0.043705,
      0.030119,
      0.01428,
      0.029299,
      0.034822,
      0.026121,
      0.026567,
      0.023187,
      0.035983,
      0.029701,
      0.020042,
      0.027518,
      0.065943,
      0.067483,
      0.105337,
      0.167143,
      0.010013,
      0.010105,
      0.008784,
      0.180239
    ],
    "spectral_centroid": [
      1966.27,
      1844.77,
      2236.81,
      2183.75,
      1908.6,
      2347.36,
      2261.38,
      2374.06,
      1955.08,
      1794.3,
      1995.74,
      1768.1,
      1568.97,
      2444.43,
      2317.9,
      2199.43,
      2329.6,
      2537.91,
      2174.74,
      2098.11
    ]
  }
}