{
  "id": "b2f5656d-7f03-4021-a467-e036269a5745",
  "duration": 8.64,
  "pitch": {
    "mean": 397.83,
    "max": 955.16,
    "std": 219.94,
    "max_mean_ratio": 2.4
  },
  "energy": {
    "mean": 0.034508,
    "max": 0.119196,
    "std": 0.024664,
    "rate_of_change": 0.013213
  },
  "speech_rate": {
    "chars_per_sec": 24.25,
    "words_per_sec": 4.38,
    "segment_count": 4
  },
  "spectral_centroid": {
    "mean": 1811.28
  },
  "timeseries": {
    "frame_sec": 0.5,
    "pitch": [
      419.52,
      394.3,
      517.83,
      284.74,
      165.88,
      266.21,
      232.35,
      433.01,
      227.52,
      416.86,
      479.61,
      336.21,
      365.57,
      493.91,
      549.76,
      703.38,
      503.52,
      192.72
    ],
    "energy": [
      0.028819,
      0.02974,
      0.037618,
      0.022627,
      0.01399,
      0.020607,
      0.020755,
      0.025823,
      0.015264,
      0.025255,
      0.0389,
      0.019847,
      0.021986,
      0.034106,
      0.064171,
      0.095951,
      0.056988,
      0.00699
    ],
    "spectral_centroid": [
      1772.13,
      2238.78,
      1628.27,
      2041.37,
      2047.71,
      1739.4,
      1785.6,
      1700.76,
      1823.31,
      1667.47,
      1687.72,
      1920.9,
      2208.84,
      1835.96,
      1580.54,
      1567.02,
      1664.46,
      1854.26
    ]
  }
}