{
  "id": "b3769922-c2ce-42ad-b659-f3471b24aa0e",
  "duration": 12.8,
  "pitch": {
    "mean": 489.42,
    "max": 2041.57,
    "std": 331.49,
    "max_mean_ratio": 4.17
  },
  "energy": {
    "mean": 0.094867,
    "max": 0.280806,
    "std": 0.057476,
    "rate_of_change": 0.021668
  },
  "speech_rate": {
    "chars_per_sec": 19.48,
    "words_per_sec": 3.65,
    "segment_count": 8
  },
  "spectral_centroid": {
    "mean": 1944.69
  },
  "timeseries": {
    "frame_sec": 0.5,
    "pitch": [
      462.85,
      509.84,
      535.39,
      413.54,
      477.06,
      247.61,
      521.95,
      717.82,
      450.04,
      360.6,
      335.55,
      295.32,
      566.24,
      603.7,
      258.63,
      363.66,
      480.04,
      495.61,
      447.1,
      777.47,
      583.85,
      524.12,
      639.56,
      523.82,
      353.73,
      678.56
    ],
    "energy": [
      0.073717,
      0.076271,
      0.099596,
      0.076352,
      0.086105,
      0.03869,
      0.074612,
      0.089359,
      0.08093,
      0.068295,
      0.054673,
      0.068085,
      0.065836,
      0.036248,
      0.008868,
      0.083162,
      0.17057,
      0.194908,
      0.093622,
      0.115751,
      0.155085,
      0.111142,
      0.084909,
      0.105005,
      0.127816,
      0.137028
    ],
    "spectral_centroid": [
      2014.37,
      1792.82,
      1773.9,
      1754.9,
      1992.01,
      1769.1,
      1631.49,
      1645.98,
      1577.38,
      1932.09,
      1680.42,
      1938.98,
      1739.33,
      1800.45,
      2176.95,
      1984.44,
      1962.94,
      2376.49,
      2101.52,
      2302.2,
      1809.63,
      1966.34,
      2033.44,
      2099.22,
      2446.44,
      2545.13
    ]
  }
}