{
  "id": "b37ae004-7135-43e4-a568-b5f01bb57f75",
  "duration": 11.925,
  "pitch": {
    "mean": 488.57,
    "max": 1633.81,
    "std": 332.62,
    "max_mean_ratio": 3.34
  },
  "energy": {
    "mean": 0.031142,
    "max": 0.05078,
    "std": 0.007653,
    "rate_of_change": 0.00363
  },
  "speech_rate": {
    "chars_per_sec": 19.0,
    "words_per_sec": 3.92,
    "segment_count": 7
  },
  "spectral_centroid": {
    "mean": 1965.97
  },
  "timeseries": {
    "frame_sec": 0.5,
    "pitch": [
      445.89,
      410.55,
      604.54,
      449.68,
      455.55,
      346.29,
      373.56,
      256.0,
      362.23,
      448.01,
      736.61,
      766.28,
      569.9,
      675.34,
      545.16,
      218.19,
      726.13,
      511.6,
      473.02,
      423.44,
      529.4,
      546.46,
      516.19,
      252.13
    ],
    "energy": [
      0.023346,
      0.031414,
      0.033124,
      0.021178,
      0.026145,
      0.028971,
      0.025556,
      0.020423,
      0.018107,
      0.032513,
      0.030987,
      0.034108,
      0.028945,
      0.034395,
      0.036912,
      0.031433,
      0.035395,
      0.032427,
      0.033492,
      0.032897,
      0.03247,
      0.031939,
      0.033372,
      0.027554
    ],
    "spectral_centroid": [
      1638.45,
      1912.47,
      1697.98,
      1601.09,
      2524.62,
      1770.39,
      1873.29,
      1892.35,
      1713.19,
      1905.77,
      1883.12,
      1842.66,
      1713.63,
      2179.07,
      2317.33,
      1702.88,
      2309.37,
      2164.68,
      1908.76,
      2016.03,
      2061.66,
      2099.25,
      2148.91,
      2203.6
    ]
  }
}