{
  "id": "b38cee8c-6ece-4ccb-9d96-eb231e6ad3c9",
  "duration": 8.256,
  "pitch": {
    "mean": 557.5,
    "max": 1790.06,
    "std": 380.08,
    "max_mean_ratio": 3.21
  },
  "energy": {
    "mean": 0.091779,
    "max": 0.312608,
    "std": 0.057128,
    "rate_of_change": 0.035722
  },
  "speech_rate": {
    "chars_per_sec": 17.82,
    "words_per_sec": 3.47,
    "segment_count": 3
  },
  "spectral_centroid": {
    "mean": 2129.27
  },
  "timeseries": {
    "frame_sec": 0.5,
    "pitch": [
      443.35,
      370.56,
      528.83,
      912.91,
      700.16,
      588.57,
      508.22,
      712.72,
      532.75,
      290.63,
      737.65,
      492.03,
      349.34,
      312.49,
      641.93,
      755.32,
      518.11
    ],
    "energy": [
      0.209447,
      0.123318,
      0.064531,
      0.076559,
      0.075107,
      0.081876,
      0.066757,
      0.099806,
      0.043803,
      0.062354,
      0.091997,
      0.092534,
      0.071085,
      0.05438,
      0.115295,
      0.088859,
      0.066248
    ],
    "spectral_centroid": [
      2176.76,
      3034.23,
      1949.46,
      1489.65,
      2445.63,
      2009.91,
      1934.01,
      1934.28,
      2276.19,
      2944.28,
      1714.79,
      1928.49,
      2255.04,
      1917.38,
      2039.87,
      1844.8,
      2446.37
    ]
  }
}