{
  "id": "b3b26995-f45d-4bef-b56f-c2b74af19ad4",
  "duration": 10.667,
  "pitch": {
    "mean": 364.77,
    "max": 1084.51,
    "std": 203.95,
    "max_mean_ratio": 2.97
  },
  "energy": {
    "mean": 0.046582,
    "max": 0.119213,
    "std": 0.025461,
    "rate_of_change": 0.010839
  },
  "speech_rate": {
    "chars_per_sec": 15.23,
    "words_per_sec": 2.73,
    "segment_count": 4
  },
  "spectral_centroid": {
    "mean": 1597.86
  },
  "timeseries": {
    "frame_sec": 0.5,
    "pitch": [
      347.03,
      494.78,
      345.44,
      353.13,
      172.51,
      108.71,
      370.36,
      336.54,
      376.42,
      425.6,
      363.27,
      419.85,
      520.75,
      419.31,
      410.62,
      493.45,
      396.85,
      352.75,
      231.25,
      336.1,
      495.72,
      276.89
    ],
    "energy": [
      0.040564,
      0.047705,
      0.049666,
      0.034742,
      0.004818,
      0.007537,
      0.040864,
      0.047303,
      0.046721,
      0.0448,
      0.051112,
      0.051129,
      0.064826,
      0.015778,
      0.075455,
      0.077853,
      0.060752,
      0.024186,
      0.028828,
      0.055954,
      0.066361,
      0.036742
    ],
    "spectral_centroid": [
      1553.54,
      1696.64,
      2014.84,
      1763.52,
      1677.08,
      1678.32,
      1237.79,
      1668.28,
      1176.35,
      1658.58,
      1857.94,
      1447.46,
      1303.14,
      1642.77,
      1559.84,
      1456.94,
      1906.1,
      1697.86,
      1730.3,
      1450.77,
      1591.32,
      1446.39
    ]
  }
}