{
  "id": "b3bdbc55-b085-414d-9271-b63cceaf85c1",
  "duration": 9.28,
  "pitch": {
    "mean": 388.23,
    "max": 1887.12,
    "std": 309.5,
    "max_mean_ratio": 4.86
  },
  "energy": {
    "mean": 0.047904,
    "max": 0.291394,
    "std": 0.041406,
    "rate_of_change": 0.030681
  },
  "speech_rate": {
    "chars_per_sec": 7.88,
    "words_per_sec": 1.51,
    "segment_count": 2
  },
  "spectral_centroid": {
    "mean": 1846.92
  },
  "timeseries": {
    "frame_sec": 0.5,
    "pitch": [
      196.68,
      201.3,
      419.85,
      483.31,
      256.13,
      310.52,
      289.34,
      455.42,
      297.22,
      327.37,
      421.83,
      227.33,
      162.22,
      284.96,
      462.71,
      782.65,
      563.33,
      868.89,
      406.59
    ],
    "energy": [
      0.02208,
      0.019222,
      0.043703,
      0.025744,
      0.015528,
      0.042686,
      0.042669,
      0.065005,
      0.03594,
      0.041361,
      0.032951,
      0.058299,
      0.011437,
      0.039556,
      0.076216,
      0.134415,
      0.068521,
      0.055677,
      0.043199
    ],
    "spectral_centroid": [
      1685.86,
      1687.1,
      2180.63,
      1624.92,
      1491.79,
      1613.61,
      2088.47,
      1709.03,
      2021.51,
      1528.31,
      2281.29,
      1767.29,
      1500.21,
      1532.89,
      1822.09,
      1850.57,
      1885.07,
      2438.89,
      2752.86
    ]
  }
}