{
  "id": "b3d62929-3400-4e20-8aa1-d4ac02820a95",
  "duration": 13.909,
  "pitch": {
    "mean": 593.49,
    "max": 2038.3,
    "std": 425.06,
    "max_mean_ratio": 3.43
  },
  "energy": {
    "mean": 0.08132,
    "max": 0.448397,
    "std": 0.080622,
    "rate_of_change": 0.031972
  },
  "speech_rate": {
    "chars_per_sec": 12.73,
    "words_per_sec": 1.8,
    "segment_count": 7
  },
  "spectral_centroid": {
    "mean": 1894.59
  },
  "timeseries": {
    "frame_sec": 0.5,
    "pitch": [
      329.41,
      508.24,
      388.01,
      526.22,
      779.75,
      493.79,
      754.03,
      391.66,
      692.04,
      605.19,
      249.97,
      449.97,
      520.55,
      768.02,
      748.07,
      654.27,
      533.67,
      477.49,
      634.06,
      331.51,
      721.16,
      576.39,
      685.52,
      508.85,
      760.44,
      366.83,
      1031.24,
      1091.99
    ],
    "energy": [
      0.021086,
      0.095361,
      0.042033,
      0.066376,
      0.16455,
      0.065295,
      0.163586,
      0.011939,
      0.037394,
      0.147899,
      0.014787,
      0.108095,
      0.079099,
      0.067758,
      0.067791,
      0.064267,
      0.064801,
      0.051677,
      0.048491,
      0.015618,
      0.009113,
      0.030092,
      0.125128,
      0.103669,
      0.196471,
      0.075688,
      0.158787,
      0.054323
    ],
    "spectral_centroid": [
      1611.12,
      2373.27,
      2421.79,
      1789.45,
      1689.98,
      1680.96,
      1597.7,
      1719.7,
      1962.34,
      1417.07,
      1710.89,
      1907.94,
      1659.06,
      1861.64,
      2225.04,
      1627.62,
      1938.72,
      1974.57,
      1615.36,
      1627.55,
      2413.88,
      2667.27,
      1721.04,
      2033.68,
      1680.74,
      2081.29,
      1881.23,
      2164.81
    ]
  }
}