{
  "id": "b3f3674b-19ff-4fb8-aff5-7404f236b198",
  "duration": 16.341,
  "pitch": {
    "mean": 321.74,
    "max": 1306.15,
    "std": 228.43,
    "max_mean_ratio": 4.06
  },
  "energy": {
    "mean": 0.047144,
    "max": 0.134232,
    "std": 0.034154,
    "rate_of_change": 0.007895
  },
  "speech_rate": {
    "chars_per_sec": 8.3,
    "words_per_sec": 1.51,
    "segment_count": 1
  },
  "spectral_centroid": {
    "mean": 1587.76
  },
  "timeseries": {
    "frame_sec": 0.5,
    "pitch": [
      441.81,
      262.98,
      162.25,
      422.51,
      122.78,
      305.7,
      226.45,
      189.04,
      208.23,
      236.55,
      460.64,
      368.25,
      303.11,
      418.47,
      478.02,
      404.11,
      108.99,
      214.37,
      544.38,
      147.98,
      204.93,
      94.02,
      129.81,
      412.55,
      373.27,
      536.52,
      354.78,
      147.17,
      437.12,
      603.99,
      447.16,
      458.11,
      573.64
    ],
    "energy": [
      0.051856,
      0.030298,
      0.022064,
      0.035353,
      0.00735,
      0.010114,
      0.0089,
      0.028829,
      0.029668,
      0.055698,
      0.066125,
      0.080328,
      0.048199,
      0.062112,
      0.083772,
      0.059619,
      0.010562,
      0.040883,
      0.064733,
      0.017987,
      0.032036,
      0.008567,
      0.018931,
      0.077959,
      0.060451,
      0.067522,
      0.047774,
      0.014315,
      0.062613,
      0.084561,
      0.060708,
      0.070636,
      0.070224
    ],
    "spectral_centroid": [
      1794.63,
      1958.6,
      1607.11,
      1577.77,
      1470.52,
      1706.71,
      1385.59,
      1476.28,
      1470.71,
      1766.44,
      1966.91,
      1432.02,
      1949.29,
      2002.66,
      1235.3,
      1339.44,
      1518.53,
      1191.64,
      1684.16,
      1268.69,
      1402.07,
      1445.44,
      1506.56,
      1519.75,
      1538.93,
      1231.34,
      1706.47,
      1648.63,
      1536.77,
      1608.85,
      1769.15,
      2166.53,
      1423.57
    ]
  }
}