{
  "id": "b412332d-b05f-4686-a4cc-75bc942726ee",
  "duration": 12.181,
  "pitch": {
    "mean": 418.1,
    "max": 1909.5,
    "std": 292.0,
    "max_mean_ratio": 4.57
  },
  "energy": {
    "mean": 0.071385,
    "max": 0.193778,
    "std": 0.042129,
    "rate_of_change": 0.015056
  },
  "speech_rate": {
    "chars_per_sec": 12.09,
    "words_per_sec": 2.06,
    "segment_count": 4
  },
  "spectral_centroid": {
    "mean": 1809.65
  },
  "timeseries": {
    "frame_sec": 0.5,
    "pitch": [
      382.51,
      116.59,
      333.08,
      398.49,
      494.55,
      847.87,
      506.02,
      122.75,
      287.85,
      616.81,
      269.49,
      557.14,
      430.88,
      497.18,
      464.66,
      431.56,
      554.58,
      431.36,
      191.66,
      119.75,
      314.91,
      543.94,
      519.31,
      489.16,
      523.75
    ],
    "energy": [
      0.07727,
      0.034379,
      0.072175,
      0.081787,
      0.092777,
      0.099382,
      0.052822,
      0.028965,
      0.062006,
      0.102243,
      0.060393,
      0.071314,
      0.071787,
      0.071087,
      0.084764,
      0.044994,
      0.072732,
      0.037014,
      0.013294,
      0.018084,
      0.048036,
      0.119698,
      0.101188,
      0.095374,
      0.158571
    ],
    "spectral_centroid": [
      1528.41,
      1665.88,
      1854.06,
      2029.35,
      1867.12,
      1708.54,
      1859.38,
      1868.92,
      2043.85,
      1666.77,
      1447.79,
      1776.86,
      1892.59,
      2042.59,
      1462.99,
      2052.05,
      1477.21,
      1840.96,
      2003.44,
      1747.51,
      1775.38,
      1853.33,
      1862.0,
      2031.58,
      1912.5
    ]
  }
}