{
  "id": "b43e910a-4e04-412c-b8a5-60635dd610b1",
  "duration": 13.269,
  "pitch": {
    "mean": 442.34,
    "max": 2080.33,
    "std": 332.8,
    "max_mean_ratio": 4.7
  },
  "energy": {
    "mean": 0.070708,
    "max": 0.177979,
    "std": 0.034979,
    "rate_of_change": 0.013061
  },
  "speech_rate": {
    "chars_per_sec": 14.72,
    "words_per_sec": 2.69,
    "segment_count": 6
  },
  "spectral_centroid": {
    "mean": 1856.9
  },
  "timeseries": {
    "frame_sec": 0.5,
    "pitch": [
      391.2,
      475.04,
      622.85,
      477.66,
      341.11,
      576.12,
      194.03,
      425.88,
      483.75,
      136.2,
      252.61,
      530.66,
      439.34,
      425.33,
      437.84,
      541.52,
      444.89,
      542.19,
      514.46,
      501.42,
      366.96,
      416.81,
      739.41,
      540.5,
      460.46,
      173.24,
      549.63
    ],
    "energy": [
      0.071085,
      0.069119,
      0.084079,
      0.069191,
      0.064619,
      0.067338,
      0.035853,
      0.077129,
      0.083626,
      0.009233,
      0.025064,
      0.090595,
      0.07569,
      0.070115,
      0.070444,
      0.093887,
      0.051624,
      0.076484,
      0.068001,
      0.066207,
      0.070127,
      0.074017,
      0.077707,
      0.097011,
      0.106175,
      0.00944,
      0.074585
    ],
    "spectral_centroid": [
      1673.65,
      2004.42,
      1835.93,
      1989.76,
      2659.23,
      1823.17,
      1895.62,
      1542.67,
      1589.76,
      1775.95,
      1915.24,
      1299.05,
      2231.43,
      1705.61,
      2044.41,
      1618.47,
      1820.43,
      2001.64,
      1832.51,
      2514.49,
      1961.28,
      1933.53,
      1749.95,
      1403.32,
      1646.79,
      2168.13,
      1584.44
    ]
  }
}