{
  "id": "b4a538b8-2123-4152-ae1a-c7ce324e84e2",
  "duration": 10.432,
  "pitch": {
    "mean": 339.15,
    "max": 1476.04,
    "std": 265.43,
    "max_mean_ratio": 4.35
  },
  "energy": {
    "mean": 0.086609,
    "max": 0.214981,
    "std": 0.050034,
    "rate_of_change": 0.019136
  },
  "speech_rate": {
    "chars_per_sec": 15.44,
    "words_per_sec": 3.47,
    "segment_count": 3
  },
  "spectral_centroid": {
    "mean": 1938.6
  },
  "timeseries": {
    "frame_sec": 0.5,
    "pitch": [
      218.04,
      220.04,
      180.63,
      241.19,
      151.88,
      381.25,
      466.05,
      293.31,
      402.22,
      250.87,
      116.15,
      294.24,
      428.13,
      686.05,
      554.0,
      532.46,
      255.21,
      379.82,
      282.94,
      267.01,
      538.88
    ],
    "energy": [
      0.04591,
      0.043658,
      0.061953,
      0.123141,
      0.051124,
      0.128171,
      0.146653,
      0.104091,
      0.137063,
      0.058999,
      0.036993,
      0.022365,
      0.07038,
      0.099142,
      0.091883,
      0.073451,
      0.073549,
      0.122044,
      0.138403,
      0.054628,
      0.051156
    ],
    "spectral_centroid": [
      2071.72,
      1688.8,
      2089.28,
      1903.96,
      1786.04,
      2138.72,
      1545.2,
      2002.48,
      1374.68,
      1861.68,
      2689.86,
      2279.05,
      1746.13,
      1983.6,
      1880.8,
      1846.4,
      1715.16,
      1915.96,
      1817.24,
      2390.47,
      1964.57
    ]
  }
}