{
  "id": "b4aadefa-3ecd-48d7-bad6-68fa8986e897",
  "duration": 11.477,
  "pitch": {
    "mean": 402.51,
    "max": 1889.87,
    "std": 298.96,
    "max_mean_ratio": 4.7
  },
  "energy": {
    "mean": 0.071751,
    "max": 0.225547,
    "std": 0.053323,
    "rate_of_change": 0.019229
  },
  "speech_rate": {
    "chars_per_sec": 10.12,
    "words_per_sec": 1.92,
    "segment_count": 7
  },
  "spectral_centroid": {
    "mean": 2198.74
  },
  "timeseries": {
    "frame_sec": 0.5,
    "pitch": [
      476.44,
      341.69,
      371.9,
      410.02,
      456.05,
      321.4,
      201.22,
      146.17,
      527.96,
      454.33,
      356.23,
      240.76,
      490.89,
      340.73,
      413.79,
      430.91,
      486.76,
      135.11,
      818.93,
      365.53,
      384.43,
      473.36,
      321.8
    ],
    "energy": [
      0.085081,
      0.01257,
      0.113387,
      0.084603,
      0.088112,
      0.051198,
      0.010872,
      0.011268,
      0.086487,
      0.08083,
      0.074592,
      0.039459,
      0.012552,
      0.097061,
      0.07877,
      0.073435,
      0.070275,
      0.0249,
      0.166511,
      0.069103,
      0.079109,
      0.103421,
      0.063857
    ],
    "spectral_centroid": [
      2243.0,
      2475.24,
      2193.55,
      2142.74,
      2250.03,
      1981.32,
      2166.48,
      2135.98,
      1784.65,
      2473.69,
      2347.81,
      2111.59,
      2281.07,
      1889.8,
      2120.41,
      2051.6,
      2031.26,
      2462.15,
      2037.48,
      2207.64,
      2568.99,
      2308.56,
      2344.92
    ]
  }
}