{
  "id": "b4acfe89-b552-4fea-b49c-d764242f02f9",
  "duration": 10.731,
  "pitch": {
    "mean": 638.9,
    "max": 2088.94,
    "std": 480.93,
    "max_mean_ratio": 3.27
  },
  "energy": {
    "mean": 0.079356,
    "max": 0.268197,
    "std": 0.056417,
    "rate_of_change": 0.023983
  },
  "speech_rate": {
    "chars_per_sec": 15.87,
    "words_per_sec": 2.85,
    "segment_count": 6
  },
  "spectral_centroid": {
    "mean": 2340.45
  },
  "timeseries": {
    "frame_sec": 0.5,
    "pitch": [
      274.93,
      819.37,
      965.01,
      480.07,
      849.82,
      711.79,
      724.4,
      581.49,
      569.88,
      857.38,
      302.48,
      485.68,
      648.67,
      515.34,
      601.71,
      671.05,
      490.13,
      659.91,
      435.62,
      930.5,
      710.18,
      789.57
    ],
    "energy": [
      0.05506,
      0.071992,
      0.091837,
      0.015511,
      0.105549,
      0.019871,
      0.056192,
      0.172211,
      0.101433,
      0.111484,
      0.016812,
      0.068389,
      0.082719,
      0.086101,
      0.05317,
      0.019213,
      0.057748,
      0.077533,
      0.127515,
      0.129031,
      0.088154,
      0.053504
    ],
    "spectral_centroid": [
      2823.68,
      2410.36,
      2393.75,
      2697.45,
      2287.86,
      1978.13,
      2630.63,
      1988.19,
      2282.76,
      2075.76,
      2283.98,
      2139.71,
      2468.55,
      3078.86,
      2310.44,
      2083.11,
      2290.96,
      2562.62,
      2161.91,
      2245.77,
      2113.49,
      2082.25
    ]
  }
}