{
  "id": "b4ca0447-4478-4fc2-9ee7-3d5f63c9ce9a",
  "duration": 5.483,
  "pitch": {
    "mean": 446.22,
    "max": 1496.13,
    "std": 301.37,
    "max_mean_ratio": 3.35
  },
  "energy": {
    "mean": 0.06717,
    "max": 0.181048,
    "std": 0.039025,
    "rate_of_change": 0.03098
  },
  "speech_rate": {
    "chars_per_sec": 10.77,
    "words_per_sec": 2.19,
    "segment_count": 1
  },
  "spectral_centroid": {
    "mean": 2122.36
  },
  "timeseries": {
    "frame_sec": 0.5,
    "pitch": [
      392.38,
      310.48,
      722.03,
      388.19,
      352.85,
      284.09,
      524.8,
      414.52,
      271.01,
      517.09,
      645.87
    ],
    "energy": [
      0.052706,
      0.048388,
      0.093686,
      0.040588,
      0.040215,
      0.0478,
      0.057987,
      0.049175,
      0.065831,
      0.092835,
      0.121864
    ],
    "spectral_centroid": [
      2215.09,
      2203.87,
      2068.67,
      2561.28,
      2160.48,
      2006.68,
      1938.68,
      1983.48,
      1807.03,
      2266.37,
      2138.0
    ]
  }
}