{
  "id": "b4d1f7ff-bf8d-4226-b1da-7f57e697917a",
  "duration": 9.707,
  "pitch": {
    "mean": 594.97,
    "max": 1693.49,
    "std": 326.82,
    "max_mean_ratio": 2.85
  },
  "energy": {
    "mean": 0.048638,
    "max": 0.148054,
    "std": 0.030611,
    "rate_of_change": 0.014311
  },
  "speech_rate": {
    "chars_per_sec": 8.98,
    "words_per_sec": 1.95,
    "segment_count": 2
  },
  "spectral_centroid": {
    "mean": 1728.18
  },
  "timeseries": {
    "frame_sec": 0.5,
    "pitch": [
      555.0,
      474.89,
      647.76,
      711.69,
      691.2,
      656.51,
      757.9,
      460.63,
      576.82,
      541.27,
      407.48,
      596.94,
      469.52,
      816.88,
      650.75,
      557.16,
      634.7,
      657.05,
      569.16,
      252.03
    ],
    "energy": [
      0.052607,
      0.058323,
      0.028655,
      0.034006,
      0.060689,
      0.024343,
      0.047406,
      0.035898,
      0.054312,
      0.041819,
      0.027549,
      0.048816,
      0.02322,
      0.044462,
      0.030604,
      0.087831,
      0.060964,
      0.050539,
      0.083244,
      0.022692
    ],
    "spectral_centroid": [
      1612.33,
      1670.46,
      1951.66,
      1888.09,
      1690.4,
      2099.64,
      1564.7,
      1673.04,
      1682.46,
      1555.47,
      1648.02,
      1475.49,
      1594.16,
      1696.34,
      1724.04,
      1797.07,
      1900.61,
      1672.73,
      1619.97,
      2534.51
    ]
  }
}