{
  "id": "b4e330d2-85cb-480a-bc12-21a19bedc02c",
  "duration": 8.853,
  "pitch": {
    "mean": 334.19,
    "max": 1832.09,
    "std": 262.51,
    "max_mean_ratio": 5.48
  },
  "energy": {
    "mean": 0.056046,
    "max": 0.188038,
    "std": 0.02566,
    "rate_of_change": 0.019063
  },
  "speech_rate": {
    "chars_per_sec": 10.81,
    "words_per_sec": 2.02,
    "segment_count": 5
  },
  "spectral_centroid": {
    "mean": 1946.9
  },
  "timeseries": {
    "frame_sec": 0.5,
    "pitch": [
      152.01,
      208.38,
      205.43,
      387.23,
      348.16,
      406.32,
      268.32,
      745.89,
      335.67,
      322.73,
      577.31,
      278.06,
      321.66,
      234.29,
      336.99,
      338.01,
      398.33,
      308.72
    ],
    "energy": [
      0.04844,
      0.051951,
      0.035903,
      0.057834,
      0.05887,
      0.055326,
      0.038264,
      0.123357,
      0.027437,
      0.035303,
      0.048445,
      0.062334,
      0.039516,
      0.0417,
      0.067876,
      0.055953,
      0.070034,
      0.038873
    ],
    "spectral_centroid": [
      1682.29,
      1875.04,
      1771.07,
      2019.88,
      2146.33,
      2171.2,
      1802.23,
      1810.67,
      1954.33,
      2300.36,
      2221.09,
      1786.09,
      1772.46,
      1560.12,
      1830.45,
      1958.44,
      2179.99,
      2304.54
    ]
  }
}