{
  "id": "b4e5033e-76a6-48ec-9e3e-d98d31e7c7c8",
  "duration": 6.229,
  "pitch": {
    "mean": 343.84,
    "max": 773.04,
    "std": 220.91,
    "max_mean_ratio": 2.25
  },
  "energy": {
    "mean": 0.073441,
    "max": 0.209928,
    "std": 0.039646,
    "rate_of_change": 0.029227
  },
  "speech_rate": {
    "chars_per_sec": 3.3,
    "words_per_sec": 0.66,
    "segment_count": 1
  },
  "spectral_centroid": {
    "mean": 1948.17
  },
  "timeseries": {
    "frame_sec": 0.5,
    "pitch": [
      127.82,
      122.45,
      172.24,
      520.21,
      488.93,
      219.36,
      273.14,
      488.75,
      253.51,
      347.21,
      523.88,
      529.32,
      462.13
    ],
    "energy": [
      0.03387,
      0.038743,
      0.047014,
      0.083281,
      0.071548,
      0.047233,
      0.05222,
      0.09249,
      0.054017,
      0.060013,
      0.087723,
      0.148421,
      0.120963
    ],
    "spectral_centroid": [
      1793.78,
      1943.27,
      1967.22,
      1935.63,
      2067.97,
      1985.59,
      2084.98,
      1610.95,
      1967.99,
      2293.64,
      1928.34,
      1887.15,
      1816.28
    ]
  }
}