{
  "id": "b5110f59-48a2-4bc9-8ffe-e39cc6ba22ba",
  "duration": 12.949,
  "pitch": {
    "mean": 435.08,
    "max": 1619.63,
    "std": 229.17,
    "max_mean_ratio": 3.72
  },
  "energy": {
    "mean": 0.234879,
    "max": 0.696395,
    "std": 0.132658,
    "rate_of_change": 0.052306
  },
  "speech_rate": {
    "chars_per_sec": 19.15,
    "words_per_sec": 3.85,
    "segment_count": 4
  },
  "spectral_centroid": {
    "mean": 2119.99
  },
  "timeseries": {
    "frame_sec": 0.5,
    "pitch": [
      431.78,
      623.86,
      511.14,
      546.27,
      481.0,
      561.94,
      422.04,
      550.89,
      313.88,
      361.48,
      392.09,
      378.95,
      312.63,
      414.92,
      397.48,
      379.4,
      343.23,
      242.86,
      332.51,
      468.86,
      530.73,
      391.11,
      236.55,
      460.76,
      737.8,
      422.58
    ],
    "energy": [
      0.148741,
      0.167167,
      0.163734,
      0.099648,
      0.420494,
      0.376566,
      0.333316,
      0.235369,
      0.233256,
      0.215958,
      0.177294,
      0.235867,
      0.182385,
      0.216516,
      0.199438,
      0.17358,
      0.066282,
      0.062458,
      0.151276,
      0.225311,
      0.334048,
      0.261974,
      0.232499,
      0.324524,
      0.265149,
      0.296096
    ],
    "spectral_centroid": [
      1741.46,
      1991.04,
      1605.96,
      1589.51,
      1445.55,
      1932.91,
      1995.75,
      2093.07,
      1995.25,
      2695.96,
      1895.1,
      2444.96,
      1744.19,
      2267.8,
      2282.8,
      1506.32,
      2309.41,
      2450.29,
      2261.96,
      2419.39,
      1818.18,
      2866.49,
      2873.76,
      2480.01,
      2016.24,
      2282.43
    ]
  }
}