{
  "id": "b566c85a-dc58-489b-94c4-6d35434256c0",
  "duration": 14.997,
  "pitch": {
    "mean": 484.9,
    "max": 2083.97,
    "std": 557.83,
    "max_mean_ratio": 4.3
  },
  "energy": {
    "mean": 0.005172,
    "max": 0.011208,
    "std": 0.002313,
    "rate_of_change": 0.000664
  },
  "speech_rate": {
    "chars_per_sec": 0.0,
    "words_per_sec": 0.0,
    "segment_count": 0
  },
  "spectral_centroid": {
    "mean": 2224.59
  },
  "timeseries": {
    "frame_sec": 0.5,
    "pitch": [
      783.17,
      392.6,
      158.36,
      545.89,
      1235.47,
      762.02,
      595.51,
      224.51,
      126.54,
      576.48,
      455.53,
      118.18,
      620.82,
      682.25,
      422.2,
      337.53,
      684.32,
      283.11,
      508.96,
      194.76,
      203.02,
      132.62,
      168.03,
      133.7,
      810.22,
      1600.93,
      129.97,
      828.18,
      354.68,
      213.6
    ],
    "energy": [
      0.005834,
      0.005148,
      0.004096,
      0.006308,
      0.007253,
      0.003345,
      0.003537,
      0.003135,
      0.002649,
      0.002702,
      0.00524,
      0.008273,
      0.003183,
      0.004023,
      0.003987,
      0.003537,
      0.003233,
      0.003672,
      0.003636,
      0.007792,
      0.009362,
      0.006182,
      0.003521,
      0.003875,
      0.006406,
      0.00762,
      0.006825,
      0.006978,
      0.004861,
      0.002477
    ],
    "spectral_centroid": [
      2387.44,
      1750.66,
      1753.53,
      2162.5,
      2013.82,
      1962.53,
      2088.97,
      2335.01,
      2177.76,
      2588.49,
      2472.24,
      1833.67,
      2010.06,
      2390.22,
      1968.19,
      1839.57,
      2408.81,
      2316.96,
      2174.11,
      2360.1,
      2276.43,
      2233.68,
      2168.32,
      2501.86,
      2959.72,
      2646.44,
      2093.78,
      2148.17,
      2407.8,
      2264.53
    ]
  }
}