{
  "id": "b5740415-be86-41e1-b6e3-0c6a2034eb44",
  "duration": 12.459,
  "pitch": {
    "mean": 370.6,
    "max": 1656.96,
    "std": 235.35,
    "max_mean_ratio": 4.47
  },
  "energy": {
    "mean": 0.028149,
    "max": 0.133472,
    "std": 0.023706,
    "rate_of_change": 0.010415
  },
  "speech_rate": {
    "chars_per_sec": 17.26,
    "words_per_sec": 3.65,
    "segment_count": 3
  },
  "spectral_centroid": {
    "mean": 1764.22
  },
  "timeseries": {
    "frame_sec": 0.5,
    "pitch": [
      423.71,
      398.98,
      357.51,
      276.72,
      584.06,
      296.28,
      314.1,
      373.66,
      593.41,
      246.97,
      386.31,
      405.07,
      329.2,
      243.57,
      233.05,
      316.16,
      380.13,
      466.37,
      412.58,
      274.17,
      267.38,
      329.22,
      309.92,
      534.56,
      509.38
    ],
    "energy": [
      0.049635,
      0.034393,
      0.037963,
      0.007307,
      0.008512,
      0.013862,
      0.022537,
      0.020993,
      0.019804,
      0.01612,
      0.029096,
      0.017012,
      0.008271,
      0.036579,
      0.016815,
      0.01967,
      0.023478,
      0.034176,
      0.0353,
      0.014714,
      0.017199,
      0.018085,
      0.01371,
      0.085062,
      0.074831
    ],
    "spectral_centroid": [
      1829.07,
      2130.6,
      2316.05,
      2240.32,
      1629.96,
      2065.7,
      1646.51,
      1649.18,
      1657.21,
      1586.88,
      1559.42,
      1428.67,
      1776.11,
      1275.6,
      1488.92,
      1409.11,
      1689.68,
      1561.36,
      1545.31,
      2627.78,
      1696.33,
      1826.86,
      1862.43,
      1929.58,
      1661.03
    ]
  }
}