{
  "id": "b5998119-052d-4812-815f-b3a242defedf",
  "duration": 8.683,
  "pitch": {
    "mean": 421.33,
    "max": 1881.96,
    "std": 310.65,
    "max_mean_ratio": 4.47
  },
  "energy": {
    "mean": 0.157831,
    "max": 0.434505,
    "std": 0.108762,
    "rate_of_change": 0.04949
  },
  "speech_rate": {
    "chars_per_sec": 18.7,
    "words_per_sec": 3.6,
    "segment_count": 3
  },
  "spectral_centroid": {
    "mean": 2326.2
  },
  "timeseries": {
    "frame_sec": 0.5,
    "pitch": [
      434.76,
      293.87,
      301.28,
      666.41,
      247.76,
      346.11,
      242.85,
      311.13,
      444.42,
      467.9,
      515.73,
      526.76,
      485.48,
      552.2,
      445.0,
      568.75,
      406.28,
      402.32
    ],
    "energy": [
      0.176482,
      0.129294,
      0.168946,
      0.006236,
      0.005527,
      0.100939,
      0.054422,
      0.100138,
      0.167721,
      0.328251,
      0.255976,
      0.187961,
      0.148527,
      0.121329,
      0.182145,
      0.197908,
      0.196907,
      0.186381
    ],
    "spectral_centroid": [
      1934.05,
      2915.27,
      1830.55,
      2169.85,
      2021.0,
      1442.93,
      2904.45,
      3059.37,
      2355.89,
      1614.95,
      2553.7,
      2955.76,
      2542.73,
      2680.74,
      1952.29,
      2836.31,
      2159.36,
      1417.59
    ]
  }
}