{
  "id": "b5c42496-9608-42ae-a3f0-2a21c93b6156",
  "duration": 10.091,
  "pitch": {
    "mean": 267.84,
    "max": 1787.72,
    "std": 274.49,
    "max_mean_ratio": 6.67
  },
  "energy": {
    "mean": 0.03675,
    "max": 0.077067,
    "std": 0.01742,
    "rate_of_change": 0.006449
  },
  "speech_rate": {
    "chars_per_sec": 13.78,
    "words_per_sec": 2.78,
    "segment_count": 4
  },
  "spectral_centroid": {
    "mean": 1877.62
  },
  "timeseries": {
    "frame_sec": 0.5,
    "pitch": [
      183.44,
      514.15,
      332.34,
      230.78,
      350.42,
      260.41,
      210.69,
      185.25,
      116.62,
      93.59,
      334.83,
      394.22,
      283.68,
      234.4,
      221.27,
      190.05,
      389.21,
      321.51,
      564.41,
      242.07,
      144.64
    ],
    "energy": [
      0.028129,
      0.065905,
      0.036008,
      0.036688,
      0.045594,
      0.026128,
      0.027307,
      0.024259,
      0.019252,
      0.019716,
      0.03069,
      0.03848,
      0.039081,
      0.03913,
      0.03503,
      0.019664,
      0.044942,
      0.05064,
      0.046004,
      0.033631,
      0.018485
    ],
    "spectral_centroid": [
      2525.14,
      1292.33,
      1588.24,
      1665.06,
      1762.39,
      1603.91,
      1652.54,
      1741.77,
      1682.32,
      1944.9,
      1851.7,
      2115.0,
      1865.41,
      1877.34,
      1691.1,
      1930.55,
      2169.02,
      1967.63,
      2239.49,
      2175.05,
      2906.06
    ]
  }
}