{
  "id": "b5d8553a-dbcb-442a-9c23-f321302e5f5c",
  "duration": 10.475,
  "pitch": {
    "mean": 394.45,
    "max": 1540.25,
    "std": 262.52,
    "max_mean_ratio": 3.9
  },
  "energy": {
    "mean": 0.063632,
    "max": 0.124848,
    "std": 0.027554,
    "rate_of_change": 0.010824
  },
  "speech_rate": {
    "chars_per_sec": 15.26,
    "words_per_sec": 2.66,
    "segment_count": 7
  },
  "spectral_centroid": {
    "mean": 2046.5
  },
  "timeseries": {
    "frame_sec": 0.5,
    "pitch": [
      243.05,
      356.24,
      356.7,
      364.25,
      422.13,
      326.27,
      379.3,
      587.35,
      505.14,
      486.88,
      392.66,
      421.36,
      503.02,
      369.86,
      348.45,
      368.76,
      355.91,
      341.83,
      531.68,
      327.68,
      273.69
    ],
    "energy": [
      0.047129,
      0.032175,
      0.020041,
      0.025786,
      0.065565,
      0.042674,
      0.063736,
      0.087895,
      0.088055,
      0.048655,
      0.066378,
      0.074658,
      0.074504,
      0.069382,
      0.067008,
      0.078963,
      0.066266,
      0.077661,
      0.072622,
      0.059424,
      0.05213
    ],
    "spectral_centroid": [
      2941.89,
      1909.55,
      2618.77,
      2162.14,
      1637.31,
      2265.81,
      2690.06,
      2012.68,
      1887.12,
      1899.33,
      2012.05,
      1661.26,
      1871.16,
      1971.52,
      2097.36,
      2040.75,
      1740.59,
      1826.4,
      2007.52,
      1717.11,
      1949.23
    ]
  }
}