{
  "id": "b6bd8428-eaa6-413e-af80-238939dda7dc",
  "duration": 10.56,
  "pitch": {
    "mean": 379.76,
    "max": 1837.8,
    "std": 231.54,
    "max_mean_ratio": 4.84
  },
  "energy": {
    "mean": 0.06223,
    "max": 0.173587,
    "std": 0.03259,
    "rate_of_change": 0.015301
  },
  "speech_rate": {
    "chars_per_sec": 9.17,
    "words_per_sec": 1.7,
    "segment_count": 7
  },
  "spectral_centroid": {
    "mean": 2053.8
  },
  "timeseries": {
    "frame_sec": 0.5,
    "pitch": [
      292.32,
      373.24,
      278.26,
      461.89,
      414.31,
      359.64,
      284.26,
      444.82,
      214.92,
      463.74,
      433.14,
      437.06,
      459.04,
      352.04,
      478.29,
      169.24,
      112.0,
      561.88,
      669.8,
      242.72,
      421.29,
      340.7
    ],
    "energy": [
      0.060262,
      0.053564,
      0.038043,
      0.054378,
      0.045157,
      0.038553,
      0.031999,
      0.066203,
      0.038015,
      0.072145,
      0.074046,
      0.064353,
      0.058225,
      0.044599,
      0.07628,
      0.021825,
      0.041483,
      0.132093,
      0.102059,
      0.069214,
      0.072218,
      0.051367
    ],
    "spectral_centroid": [
      1974.32,
      1905.45,
      2138.42,
      1833.11,
      1992.76,
      2313.76,
      2394.25,
      1859.64,
      2110.91,
      2263.62,
      1960.66,
      1938.8,
      2377.02,
      2253.07,
      1849.13,
      1654.71,
      1920.96,
      2326.14,
      2623.86,
      1623.72,
      1853.13,
      1853.12
    ]
  }
}