{
  "id": "b6e78614-1b9a-48cc-a0c3-321cbba364a1",
  "duration": 11.008,
  "pitch": {
    "mean": 348.69,
    "max": 2081.99,
    "std": 297.27,
    "max_mean_ratio": 5.97
  },
  "energy": {
    "mean": 0.029454,
    "max": 0.113873,
    "std": 0.026748,
    "rate_of_change": 0.010189
  },
  "speech_rate": {
    "chars_per_sec": 6.71,
    "words_per_sec": 1.19,
    "segment_count": 3
  },
  "spectral_centroid": {
    "mean": 1952.5
  },
  "timeseries": {
    "frame_sec": 0.5,
    "pitch": [
      281.28,
      134.84,
      139.64,
      143.53,
      156.2,
      287.12,
      196.76,
      469.24,
      305.21,
      358.8,
      417.78,
      164.11,
      285.4,
      435.95,
      246.35,
      379.9,
      487.31,
      592.88,
      234.74,
      699.91,
      710.87,
      458.74,
      549.33
    ],
    "energy": [
      0.023441,
      0.008109,
      0.008141,
      0.012445,
      0.013182,
      0.042345,
      0.013262,
      0.049274,
      0.027168,
      0.026391,
      0.040925,
      0.017559,
      0.024993,
      0.064197,
      0.02707,
      0.015572,
      0.068544,
      0.076818,
      0.046164,
      0.007447,
      0.005857,
      0.003277,
      0.000485
    ],
    "spectral_centroid": [
      1456.17,
      1992.78,
      1924.65,
      1815.42,
      1368.62,
      1776.16,
      1773.73,
      1835.72,
      2145.71,
      1608.16,
      1670.61,
      1713.59,
      2028.86,
      1989.18,
      1844.4,
      2560.78,
      2439.2,
      1805.81,
      2390.68,
      2367.72,
      2439.88,
      2067.34,
      2130.73
    ]
  }
}