{
  "id": "b75441af-d2da-4afd-aa3c-87d447e05366",
  "duration": 13.696,
  "pitch": {
    "mean": 389.87,
    "max": 1100.75,
    "std": 235.24,
    "max_mean_ratio": 2.82
  },
  "energy": {
    "mean": 0.09819,
    "max": 0.369194,
    "std": 0.076779,
    "rate_of_change": 0.026674
  },
  "speech_rate": {
    "chars_per_sec": 15.63,
    "words_per_sec": 3.02,
    "segment_count": 3
  },
  "spectral_centroid": {
    "mean": 2093.78
  },
  "timeseries": {
    "frame_sec": 0.5,
    "pitch": [
      399.19,
      624.44,
      244.65,
      408.31,
      444.76,
      302.75,
      179.41,
      360.88,
      533.31,
      108.89,
      356.1,
      247.02,
      336.05,
      377.3,
      479.67,
      499.03,
      514.38,
      497.32,
      263.03,
      428.62,
      376.33,
      432.88,
      654.03,
      348.3,
      469.64,
      303.1,
      427.64,
      377.67
    ],
    "energy": [
      0.105612,
      0.173333,
      0.066308,
      0.082572,
      0.048795,
      0.041288,
      0.050786,
      0.138439,
      0.219774,
      0.013094,
      0.120001,
      0.106915,
      0.065661,
      0.118684,
      0.22056,
      0.127612,
      0.09913,
      0.110555,
      0.056855,
      0.074908,
      0.049077,
      0.029166,
      0.087741,
      0.087159,
      0.123496,
      0.053963,
      0.070917,
      0.057713
    ],
    "spectral_centroid": [
      1959.61,
      2177.79,
      1854.54,
      1855.77,
      1597.87,
      1700.92,
      1574.85,
      2462.1,
      1723.83,
      2037.09,
      1754.49,
      2338.91,
      2582.33,
      2048.37,
      2892.87,
      2583.53,
      2057.26,
      1513.16,
      2093.72,
      2620.83,
      2558.43,
      2059.81,
      1911.38,
      2447.58,
      2029.95,
      2099.06,
      1821.8,
      2219.89
    ]
  }
}