{
  "id": "b7657c39-1f34-46cd-be8a-c1d65746e854",
  "duration": 5.333,
  "pitch": {
    "mean": 413.11,
    "max": 1983.88,
    "std": 338.11,
    "max_mean_ratio": 4.8
  },
  "energy": {
    "mean": 0.052943,
    "max": 0.167669,
    "std": 0.033887,
    "rate_of_change": 0.028506
  },
  "speech_rate": {
    "chars_per_sec": 13.07,
    "words_per_sec": 2.84,
    "segment_count": 3
  },
  "spectral_centroid": {
    "mean": 2278.77
  },
  "timeseries": {
    "frame_sec": 0.5,
    "pitch": [
      555.34,
      436.19,
      377.08,
      304.99,
      758.58,
      339.79,
      532.85,
      241.84,
      254.69,
      417.45,
      307.78
    ],
    "energy": [
      0.104416,
      0.026846,
      0.047986,
      0.048967,
      0.089648,
      0.038422,
      0.049156,
      0.021262,
      0.024252,
      0.056882,
      0.037765
    ],
    "spectral_centroid": [
      2020.51,
      1959.03,
      2164.18,
      2964.85,
      2440.91,
      2074.12,
      2047.18,
      2425.75,
      2209.35,
      2359.88,
      2516.59
    ]
  }
}