{
  "id": "b7721243-d670-440e-8c46-f4600006202a",
  "duration": 23.36,
  "pitch": {
    "mean": 452.76,
    "max": 1953.62,
    "std": 313.4,
    "max_mean_ratio": 4.31
  },
  "energy": {
    "mean": 0.075593,
    "max": 0.259799,
    "std": 0.055656,
    "rate_of_change": 0.010926
  },
  "speech_rate": {
    "chars_per_sec": 11.02,
    "words_per_sec": 1.78,
    "segment_count": 5
  },
  "spectral_centroid": {
    "mean": 2032.64
  },
  "timeseries": {
    "frame_sec": 0.5,
    "pitch": [
      425.19,
      466.14,
      520.37,
      553.49,
      97.57,
      355.62,
      148.47,
      386.22,
      455.74,
      134.55,
      126.29,
      271.41,
      288.4,
      375.46,
      305.46,
      362.15,
      350.6,
      492.27,
      171.91,
      176.48,
      112.62,
      744.31,
      602.75,
      387.99,
      676.3,
      552.25,
      582.08,
      484.5,
      408.72,
      389.65,
      524.87,
      482.6,
      450.13,
      508.7,
      698.41,
      624.75,
      695.38,
      890.21,
      1010.52,
      840.55,
      846.47,
      304.38,
      176.8,
      507.82,
      489.59,
      361.04,
      232.55
    ],
    "energy": [
      0.052776,
      0.060288,
      0.074516,
      0.075426,
      0.013339,
      0.052285,
      0.021215,
      0.059834,
      0.065221,
      0.011836,
      0.011509,
      0.061546,
      0.060633,
      0.051932,
      0.057958,
      0.047271,
      0.050615,
      0.070662,
      0.01364,
      0.022621,
      0.020103,
      0.113581,
      0.107672,
      0.057548,
      0.104229,
      0.087606,
      0.082068,
      0.086939,
      0.103999,
      0.072125,
      0.084794,
      0.092147,
      0.052873,
      0.086457,
      0.052717,
      0.180613,
      0.187025,
      0.122089,
      0.116433,
      0.131486,
      0.130613,
      0.022614,
      0.012349,
      0.07335,
      0.115761,
      0.092473,
      0.060831
    ],
    "spectral_centroid": [
      1709.22,
      1926.07,
      1849.68,
      1846.02,
      1784.63,
      2058.61,
      2242.09,
      2088.48,
      2230.37,
      1968.57,
      1906.82,
      2077.98,
      2255.34,
      1995.16,
      1583.41,
      2079.57,
      2404.0,
      2278.1,
      1986.26,
      1975.99,
      1688.67,
      1913.32,
      1736.95,
      2181.89,
      2044.06,
      1966.57,
      2305.46,
      1741.76,
      1733.29,
      2300.48,
      1897.33,
      1911.16,
      1923.72,
      1892.18,
      1849.88,
      2270.92,
      2123.72,
      2216.97,
      2243.19,
      2371.66,
      2343.41,
      2215.73,
      2177.26,
      2140.4,
      1741.73,
      2055.28,
      2113.29
    ]
  }
}