{
  "id": "b7adcc48-af3d-41f6-bcba-04428be31434",
  "duration": 11.456,
  "pitch": {
    "mean": 435.14,
    "max": 2085.69,
    "std": 414.72,
    "max_mean_ratio": 4.79
  },
  "energy": {
    "mean": 0.043097,
    "max": 0.148487,
    "std": 0.027736,
    "rate_of_change": 0.01202
  },
  "speech_rate": {
    "chars_per_sec": 11.87,
    "words_per_sec": 2.12,
    "segment_count": 8
  },
  "spectral_centroid": {
    "mean": 2139.98
  },
  "timeseries": {
    "frame_sec": 0.5,
    "pitch": [
      212.64,
      265.52,
      294.0,
      487.92,
      552.6,
      326.11,
      531.69,
      476.3,
      432.5,
      718.23,
      787.34,
      362.28,
      257.77,
      429.04,
      510.15,
      363.41,
      228.06,
      109.79,
      425.7,
      383.38,
      298.21,
      779.75,
      682.6
    ],
    "energy": [
      0.013964,
      0.01327,
      0.031502,
      0.0533,
      0.050279,
      0.025075,
      0.053943,
      0.04859,
      0.044176,
      0.028537,
      0.020616,
      0.026239,
      0.028053,
      0.048878,
      0.051282,
      0.041006,
      0.015687,
      0.020785,
      0.065153,
      0.080621,
      0.058423,
      0.049504,
      0.076283
    ],
    "spectral_centroid": [
      2545.13,
      1983.93,
      2110.93,
      2116.12,
      1936.26,
      2256.47,
      1918.02,
      1829.06,
      1971.98,
      2018.75,
      2145.35,
      2033.71,
      2077.3,
      2670.83,
      1866.74,
      1980.73,
      2292.33,
      2192.91,
      2481.9,
      2102.8,
      2311.6,
      2206.7,
      2108.22
    ]
  }
}