{
  "id": "b7fc9353-f5b0-43cf-a602-9bfab0915994",
  "duration": 10.901,
  "pitch": {
    "mean": 430.13,
    "max": 1102.92,
    "std": 249.95,
    "max_mean_ratio": 2.56
  },
  "energy": {
    "mean": 0.06347,
    "max": 0.174581,
    "std": 0.035792,
    "rate_of_change": 0.014792
  },
  "speech_rate": {
    "chars_per_sec": 12.82,
    "words_per_sec": 2.27,
    "segment_count": 7
  },
  "spectral_centroid": {
    "mean": 1846.41
  },
  "timeseries": {
    "frame_sec": 0.5,
    "pitch": [
      436.36,
      313.13,
      296.93,
      436.36,
      549.1,
      393.58,
      311.54,
      118.79,
      266.89,
      530.89,
      437.4,
      412.8,
      112.35,
      332.24,
      438.44,
      614.49,
      478.33,
      584.93,
      563.56,
      591.61,
      650.65,
      636.29
    ],
    "energy": [
      0.062737,
      0.040478,
      0.041117,
      0.044965,
      0.060723,
      0.032529,
      0.045839,
      0.026357,
      0.042777,
      0.047403,
      0.045875,
      0.037877,
      0.02633,
      0.063122,
      0.058105,
      0.086107,
      0.086108,
      0.116669,
      0.091895,
      0.072722,
      0.09732,
      0.118702
    ],
    "spectral_centroid": [
      1611.24,
      1914.22,
      1898.73,
      1852.16,
      1614.29,
      1646.95,
      1751.21,
      1679.9,
      1752.0,
      1958.0,
      1615.61,
      1753.56,
      2227.05,
      2013.0,
      1634.5,
      1711.74,
      1891.48,
      2034.58,
      1934.23,
      2220.5,
      1917.7,
      1925.95
    ]
  }
}