{
  "id": "b803d314-a80d-4369-8dd1-9625cbc377b8",
  "duration": 21.397,
  "pitch": {
    "mean": 491.35,
    "max": 1778.11,
    "std": 255.49,
    "max_mean_ratio": 3.62
  },
  "energy": {
    "mean": 0.09026,
    "max": 0.240284,
    "std": 0.055447,
    "rate_of_change": 0.010813
  },
  "speech_rate": {
    "chars_per_sec": 23.75,
    "words_per_sec": 4.63,
    "segment_count": 14
  },
  "spectral_centroid": {
    "mean": 2001.53
  },
  "timeseries": {
    "frame_sec": 0.5,
    "pitch": [
      488.37,
      427.51,
      452.75,
      564.74,
      637.12,
      507.29,
      466.49,
      280.61,
      472.54,
      566.96,
      519.28,
      434.18,
      452.71,
      312.71,
      520.1,
      605.14,
      564.67,
      574.77,
      515.17,
      355.0,
      571.29,
      617.13,
      518.3,
      456.01,
      522.81,
      493.74,
      739.63,
      443.85,
      323.98,
      545.47,
      744.2,
      638.84,
      371.42,
      571.66,
      424.8,
      421.06,
      266.4,
      570.17,
      454.65,
      517.01,
      262.67,
      404.3,
      595.41
    ],
    "energy": [
      0.026897,
      0.021417,
      0.077268,
      0.076041,
      0.10916,
      0.119534,
      0.103591,
      0.089485,
      0.151879,
      0.098101,
      0.132161,
      0.114672,
      0.097975,
      0.06567,
      0.067256,
      0.065024,
      0.121264,
      0.075192,
      0.09931,
      0.073124,
      0.015445,
      0.0469,
      0.077394,
      0.06639,
      0.109651,
      0.088537,
      0.045037,
      0.103096,
      0.025135,
      0.09276,
      0.150415,
      0.082399,
      0.082102,
      0.088894,
      0.091955,
      0.075128,
      0.051851,
      0.135053,
      0.116067,
      0.144898,
      0.0411,
      0.106122,
      0.06965
    ],
    "spectral_centroid": [
      1982.8,
      2532.28,
      2196.28,
      1776.55,
      1781.37,
      1563.2,
      2055.67,
      2079.29,
      1993.88,
      1865.37,
      2601.14,
      1910.37,
      1994.61,
      2219.49,
      1781.62,
      1606.2,
      1478.18,
      1919.05,
      1731.99,
      1500.59,
      2048.3,
      2155.91,
      1819.82,
      1773.08,
      1899.07,
      1885.52,
      2456.31,
      1980.73,
      2271.21,
      2249.47,
      1517.4,
      2242.54,
      2363.94,
      2059.75,
      1754.81,
      1989.95,
      2264.16,
      1738.96,
      1985.23,
      1816.4,
      3297.62,
      1672.03,
      2278.32
    ]
  }
}