{
  "id": "b87744c6-6177-421f-81c0-9e5f26d5c456",
  "duration": 11.968,
  "pitch": {
    "mean": 404.71,
    "max": 1235.43,
    "std": 223.28,
    "max_mean_ratio": 3.05
  },
  "energy": {
    "mean": 0.043884,
    "max": 0.161823,
    "std": 0.027672,
    "rate_of_change": 0.013066
  },
  "speech_rate": {
    "chars_per_sec": 21.49,
    "words_per_sec": 4.19,
    "segment_count": 3
  },
  "spectral_centroid": {
    "mean": 1820.92
  },
  "timeseries": {
    "frame_sec": 0.5,
    "pitch": [
      400.52,
      391.05,
      314.83,
      511.37,
      295.92,
      516.11,
      373.27,
      419.9,
      432.74,
      370.32,
      496.88,
      538.81,
      249.46,
      313.65,
      474.01,
      291.84,
      230.05,
      273.95,
      359.7,
      534.61,
      528.8,
      430.77,
      429.68,
      519.41
    ],
    "energy": [
      0.050122,
      0.034807,
      0.03427,
      0.035044,
      0.038371,
      0.058871,
      0.044595,
      0.040378,
      0.048252,
      0.035023,
      0.057537,
      0.061808,
      0.019328,
      0.047179,
      0.051837,
      0.015487,
      0.010104,
      0.010983,
      0.03545,
      0.063489,
      0.050573,
      0.036128,
      0.048556,
      0.075603
    ],
    "spectral_centroid": [
      1911.36,
      1890.06,
      1916.01,
      1840.63,
      1881.69,
      1389.35,
      1611.67,
      1866.26,
      1571.84,
      1666.55,
      1433.68,
      1768.5,
      2185.48,
      1787.42,
      1706.08,
      1809.54,
      1903.17,
      2428.86,
      1925.61,
      1731.97,
      1644.45,
      2216.69,
      2022.0,
      1651.29
    ]
  }
}