{
  "id": "b88d33c8-1e13-4dac-b7f5-da5776aab1f7",
  "duration": 12.843,
  "pitch": {
    "mean": 318.37,
    "max": 1866.82,
    "std": 255.17,
    "max_mean_ratio": 5.86
  },
  "energy": {
    "mean": 0.052113,
    "max": 0.20057,
    "std": 0.037871,
    "rate_of_change": 0.015154
  },
  "speech_rate": {
    "chars_per_sec": 14.81,
    "words_per_sec": 2.51,
    "segment_count": 6
  },
  "spectral_centroid": {
    "mean": 2006.45
  },
  "timeseries": {
    "frame_sec": 0.5,
    "pitch": [
      220.09,
      134.73,
      188.52,
      146.34,
      157.38,
      167.12,
      121.75,
      469.89,
      183.35,
      247.19,
      514.33,
      454.14,
      597.39,
      337.2,
      450.15,
      459.02,
      460.56,
      465.27,
      546.93,
      382.38,
      372.67,
      254.56,
      156.68,
      272.29,
      243.07,
      121.36
    ],
    "energy": [
      0.019116,
      0.027744,
      0.024313,
      0.031502,
      0.022697,
      0.018328,
      0.026466,
      0.077484,
      0.038842,
      0.049107,
      0.071305,
      0.088344,
      0.073881,
      0.042161,
      0.054321,
      0.069204,
      0.091964,
      0.099683,
      0.112362,
      0.055424,
      0.064075,
      0.042522,
      0.033304,
      0.021884,
      0.015943,
      0.01951
    ],
    "spectral_centroid": [
      1874.99,
      2087.38,
      2284.69,
      1709.05,
      1730.9,
      1406.57,
      1556.75,
      2043.69,
      1976.43,
      2275.59,
      2105.06,
      2010.51,
      1945.22,
      2294.74,
      1795.01,
      1976.08,
      1798.45,
      1532.92,
      1830.81,
      2404.71,
      2206.09,
      2058.19,
      2511.55,
      2706.16,
      2023.9,
      1863.96
    ]
  }
}