{
  "id": "b8ce69e8-ae0b-4efd-83d2-b197c95ebd22",
  "duration": 14.421,
  "pitch": {
    "mean": 488.05,
    "max": 1897.13,
    "std": 344.85,
    "max_mean_ratio": 3.89
  },
  "energy": {
    "mean": 0.108139,
    "max": 0.335068,
    "std": 0.084193,
    "rate_of_change": 0.022878
  },
  "speech_rate": {
    "chars_per_sec": 14.86,
    "words_per_sec": 2.57,
    "segment_count": 8
  },
  "spectral_centroid": {
    "mean": 1926.94
  },
  "timeseries": {
    "frame_sec": 0.5,
    "pitch": [
      138.35,
      306.44,
      270.52,
      255.26,
      407.96,
      498.32,
      410.87,
      514.69,
      861.16,
      1130.28,
      800.8,
      446.94,
      410.38,
      497.88,
      497.4,
      315.62,
      262.08,
      495.98,
      326.59,
      540.73,
      547.0,
      834.46,
      837.36,
      489.55,
      413.99,
      483.36,
      293.76,
      267.63,
      360.84
    ],
    "energy": [
      0.009886,
      0.039902,
      0.038705,
      0.038229,
      0.052361,
      0.091693,
      0.081982,
      0.154376,
      0.294844,
      0.256404,
      0.177764,
      0.070382,
      0.102611,
      0.128673,
      0.13683,
      0.08945,
      0.051979,
      0.10069,
      0.031617,
      0.055229,
      0.080942,
      0.211184,
      0.104278,
      0.177544,
      0.145671,
      0.066748,
      0.008024,
      0.102128,
      0.106878
    ],
    "spectral_centroid": [
      2551.3,
      2016.18,
      1860.76,
      1687.79,
      1341.59,
      1413.73,
      1743.21,
      1771.07,
      2563.83,
      2814.75,
      2523.75,
      1920.46,
      1805.56,
      1724.74,
      1496.72,
      1779.51,
      2197.57,
      1615.86,
      1769.73,
      2030.21,
      2374.46,
      2179.84,
      2148.85,
      1702.57,
      1720.99,
      2086.71,
      1885.81,
      1177.48,
      1786.37
    ]
  }
}