{
  "id": "b9ab36a6-f426-4e86-9d3d-0637c02234d4",
  "duration": 5.461,
  "pitch": {
    "mean": 508.96,
    "max": 2068.64,
    "std": 425.24,
    "max_mean_ratio": 4.06
  },
  "energy": {
    "mean": 0.06393,
    "max": 0.172637,
    "std": 0.039447,
    "rate_of_change": 0.029286
  },
  "speech_rate": {
    "chars_per_sec": 14.84,
    "words_per_sec": 2.93,
    "segment_count": 1
  },
  "spectral_centroid": {
    "mean": 1821.4
  },
  "timeseries": {
    "frame_sec": 0.5,
    "pitch": [
      369.52,
      578.28,
      367.82,
      421.93,
      911.26,
      429.62,
      376.51,
      345.89,
      431.28,
      315.32,
      788.06
    ],
    "energy": [
      0.059505,
      0.047352,
      0.057241,
      0.056877,
      0.084443,
      0.051488,
      0.059213,
      0.034263,
      0.0291,
      0.052545,
      0.147311
    ],
    "spectral_centroid": [
      2052.23,
      2094.91,
      1954.66,
      1596.02,
      1571.2,
      1972.64,
      1875.18,
      1757.35,
      1681.48,
      2021.39,
      1520.25
    ]
  }
}