{
  "id": "ba01cb85-45c9-4f67-be99-2662ce4641f7",
  "duration": 8.256,
  "pitch": {
    "mean": 400.58,
    "max": 1978.22,
    "std": 307.82,
    "max_mean_ratio": 4.94
  },
  "energy": {
    "mean": 0.048478,
    "max": 0.155666,
    "std": 0.027625,
    "rate_of_change": 0.017818
  },
  "speech_rate": {
    "chars_per_sec": 16.09,
    "words_per_sec": 3.22,
    "segment_count": 6
  },
  "spectral_centroid": {
    "mean": 1945.76
  },
  "timeseries": {
    "frame_sec": 0.5,
    "pitch": [
      546.09,
      565.94,
      566.63,
      120.83,
      163.26,
      544.67,
      476.6,
      460.79,
      406.65,
      546.0,
      156.08,
      361.53,
      166.66,
      439.44,
      652.02,
      295.16,
      388.78
    ],
    "energy": [
      0.024756,
      0.038738,
      0.029199,
      0.030655,
      0.037249,
      0.062899,
      0.050679,
      0.03916,
      0.029403,
      0.046487,
      0.020751,
      0.039495,
      0.048648,
      0.051817,
      0.095343,
      0.068035,
      0.093792
    ],
    "spectral_centroid": [
      1910.17,
      1988.81,
      2002.74,
      1846.64,
      1606.2,
      1739.04,
      1851.07,
      2080.76,
      1963.46,
      1974.07,
      1709.43,
      1787.22,
      2061.61,
      1839.28,
      2143.13,
      2179.24,
      2669.12
    ]
  }
}