{
  "id": "ba16e188-8824-4405-9355-eeca6624b59a",
  "duration": 20.523,
  "pitch": {
    "mean": 449.64,
    "max": 2084.03,
    "std": 316.7,
    "max_mean_ratio": 4.63
  },
  "energy": {
    "mean": 0.066109,
    "max": 0.223624,
    "std": 0.043019,
    "rate_of_change": 0.010555
  },
  "speech_rate": {
    "chars_per_sec": 9.77,
    "words_per_sec": 1.88,
    "segment_count": 8
  },
  "spectral_centroid": {
    "mean": 2186.06
  },
  "timeseries": {
    "frame_sec": 0.5,
    "pitch": [
      240.73,
      621.57,
      407.89,
      248.13,
      205.8,
      285.25,
      360.82,
      533.48,
      557.93,
      391.79,
      214.84,
      168.54,
      163.34,
      454.04,
      659.55,
      381.35,
      219.86,
      396.55,
      367.75,
      298.5,
      439.13,
      320.29,
      405.73,
      536.35,
      612.79,
      580.66,
      519.0,
      585.5,
      787.48,
      576.83,
      432.62,
      294.09,
      891.3,
      656.38,
      663.51,
      1138.22,
      420.18,
      542.36,
      453.48,
      266.09,
      481.24,
      1361.54
    ],
    "energy": [
      0.019105,
      0.093068,
      0.033269,
      0.023475,
      0.03481,
      0.131734,
      0.067977,
      0.069614,
      0.050371,
      0.047801,
      0.040737,
      0.012402,
      0.051763,
      0.083911,
      0.099982,
      0.043014,
      0.044985,
      0.045576,
      0.048069,
      0.050178,
      0.080531,
      0.046149,
      0.093526,
      0.139959,
      0.111254,
      0.089378,
      0.102744,
      0.107172,
      0.0718,
      0.019875,
      0.033788,
      0.089762,
      0.07321,
      0.056565,
      0.060413,
      0.072446,
      0.019597,
      0.067383,
      0.05135,
      0.035355,
      0.061436,
      0.035637
    ],
    "spectral_centroid": [
      2219.52,
      2259.48,
      2191.6,
      2256.33,
      2461.1,
      1581.92,
      2055.98,
      2200.49,
      1866.45,
      2077.27,
      2347.06,
      2316.65,
      1949.17,
      2220.64,
      2105.85,
      2054.6,
      3012.43,
      2525.55,
      1845.39,
      2120.64,
      2071.07,
      2365.21,
      2454.33,
      2742.63,
      2139.6,
      1960.98,
      2099.24,
      2058.81,
      2558.46,
      2433.03,
      2640.37,
      1891.06,
      2049.53,
      2251.84,
      2126.61,
      2153.4,
      2179.66,
      1859.86,
      1685.79,
      2158.14,
      1877.51,
      2063.48
    ]
  }
}