{
  "id": "ba1d2321-67fb-4610-bbe9-3a7cca8d1921",
  "duration": 12.395,
  "pitch": {
    "mean": 389.25,
    "max": 1793.73,
    "std": 266.13,
    "max_mean_ratio": 4.61
  },
  "energy": {
    "mean": 0.057712,
    "max": 0.135092,
    "std": 0.030886,
    "rate_of_change": 0.010259
  },
  "speech_rate": {
    "chars_per_sec": 10.57,
    "words_per_sec": 1.97,
    "segment_count": 11
  },
  "spectral_centroid": {
    "mean": 1844.67
  },
  "timeseries": {
    "frame_sec": 0.5,
    "pitch": [
      325.45,
      258.8,
      454.48,
      474.71,
      565.61,
      536.49,
      379.63,
      572.36,
      117.88,
      340.37,
      431.37,
      332.97,
      461.66,
      331.5,
      139.03,
      280.47,
      315.17,
      472.53,
      378.99,
      410.69,
      290.81,
      606.66,
      575.78,
      318.55,
      529.49
    ],
    "energy": [
      0.038639,
      0.037442,
      0.049413,
      0.080239,
      0.080473,
      0.059724,
      0.052985,
      0.036082,
      0.027157,
      0.074741,
      0.075915,
      0.055813,
      0.066164,
      0.038673,
      0.024672,
      0.032167,
      0.041476,
      0.05168,
      0.077518,
      0.080274,
      0.043984,
      0.107362,
      0.080345,
      0.029161,
      0.040213
    ],
    "spectral_centroid": [
      1845.54,
      1847.61,
      1632.03,
      1783.3,
      1669.01,
      1707.22,
      1861.98,
      2213.32,
      1880.8,
      1627.05,
      1657.37,
      2067.38,
      1792.33,
      1618.56,
      1818.6,
      1552.33,
      2211.8,
      2009.28,
      1382.43,
      1940.28,
      1983.09,
      1824.5,
      2144.04,
      1948.43,
      2012.21
    ]
  }
}