{
  "id": "ba2a28b1-93d2-4591-bba1-cb6fd92e09cf",
  "duration": 11.392,
  "pitch": {
    "mean": 338.3,
    "max": 1441.4,
    "std": 294.44,
    "max_mean_ratio": 4.26
  },
  "energy": {
    "mean": 0.030055,
    "max": 0.110829,
    "std": 0.029173,
    "rate_of_change": 0.009373
  },
  "speech_rate": {
    "chars_per_sec": 5.62,
    "words_per_sec": 1.14,
    "segment_count": 7
  },
  "spectral_centroid": {
    "mean": 1861.79
  },
  "timeseries": {
    "frame_sec": 0.5,
    "pitch": [
      347.47,
      234.24,
      204.47,
      185.48,
      167.57,
      384.04,
      842.24,
      618.7,
      410.16,
      619.59,
      123.69,
      527.91,
      408.65,
      403.18,
      275.9,
      103.24,
      125.48,
      105.41,
      122.36,
      145.08,
      191.88,
      541.21,
      668.83
    ],
    "energy": [
      0.047611,
      0.01872,
      0.015233,
      0.009669,
      0.007869,
      0.037999,
      0.086564,
      0.05923,
      0.054228,
      0.021331,
      0.013103,
      0.060176,
      0.026845,
      0.020568,
      0.009417,
      0.006424,
      0.010495,
      0.010378,
      0.009565,
      0.010811,
      0.03078,
      0.046175,
      0.052622
    ],
    "spectral_centroid": [
      2034.27,
      2393.18,
      2039.87,
      1883.92,
      2096.18,
      1787.98,
      1865.72,
      1561.85,
      1579.94,
      1910.23,
      1601.35,
      1431.76,
      1566.61,
      1569.95,
      1676.54,
      1645.74,
      1760.37,
      1914.43,
      2043.46,
      1946.63,
      2308.84,
      2171.71,
      1958.8
    ]
  }
}