{
  "id": "ba68d038-a706-4fb4-8ef6-b551d6c3c3b8",
  "duration": 9.877,
  "pitch": {
    "mean": 410.23,
    "max": 2029.24,
    "std": 294.62,
    "max_mean_ratio": 4.95
  },
  "energy": {
    "mean": 0.120571,
    "max": 0.502252,
    "std": 0.109188,
    "rate_of_change": 0.050487
  },
  "speech_rate": {
    "chars_per_sec": 15.37,
    "words_per_sec": 3.12,
    "segment_count": 5
  },
  "spectral_centroid": {
    "mean": 2124.2
  },
  "timeseries": {
    "frame_sec": 0.5,
    "pitch": [
      130.98,
      210.33,
      376.53,
      440.99,
      366.58,
      375.04,
      528.55,
      363.47,
      491.32,
      300.1,
      390.45,
      195.48,
      481.51,
      493.81,
      446.81,
      598.01,
      580.23,
      770.71,
      365.25,
      446.89
    ],
    "energy": [
      0.007096,
      0.024353,
      0.077793,
      0.081408,
      0.070449,
      0.064639,
      0.234606,
      0.124152,
      0.230365,
      0.142802,
      0.161458,
      0.013702,
      0.134556,
      0.194563,
      0.057611,
      0.007126,
      0.237487,
      0.16704,
      0.102578,
      0.17365
    ],
    "spectral_centroid": [
      2575.71,
      2108.15,
      2485.69,
      2260.05,
      2098.58,
      1461.16,
      1832.26,
      2925.86,
      1864.21,
      2255.64,
      1535.9,
      2294.1,
      1710.28,
      2376.67,
      1650.17,
      2297.59,
      1960.09,
      2534.09,
      2039.08,
      2137.53
    ]
  }
}