{
  "id": "ba6b697e-8a99-4261-a9b3-cb0dcbce78cf",
  "duration": 8.277,
  "pitch": {
    "mean": 606.32,
    "max": 1966.62,
    "std": 491.22,
    "max_mean_ratio": 3.24
  },
  "energy": {
    "mean": 0.065676,
    "max": 0.272631,
    "std": 0.050213,
    "rate_of_change": 0.031905
  },
  "speech_rate": {
    "chars_per_sec": 19.94,
    "words_per_sec": 4.07,
    "segment_count": 7
  },
  "spectral_centroid": {
    "mean": 1969.98
  },
  "timeseries": {
    "frame_sec": 0.5,
    "pitch": [
      247.25,
      462.62,
      443.16,
      361.09,
      458.55,
      448.35,
      555.18,
      728.25,
      503.1,
      1108.09,
      503.01,
      797.61,
      1225.6,
      1170.85,
      351.98,
      352.83,
      495.99
    ],
    "energy": [
      0.017106,
      0.038484,
      0.029438,
      0.03135,
      0.029068,
      0.057979,
      0.047754,
      0.11144,
      0.090469,
      0.085981,
      0.127509,
      0.127533,
      0.044262,
      0.045281,
      0.072397,
      0.048586,
      0.067942
    ],
    "spectral_centroid": [
      2527.66,
      1574.56,
      1623.5,
      1457.07,
      1884.62,
      2158.82,
      1927.65,
      1714.6,
      1688.05,
      1941.12,
      1716.53,
      2023.2,
      2554.13,
      2588.17,
      2175.53,
      2291.93,
      1432.85
    ]
  }
}