{
  "id": "ba90f8bc-7450-4c6b-8209-d535d29824f6",
  "duration": 14.187,
  "pitch": {
    "mean": 722.81,
    "max": 2078.64,
    "std": 520.3,
    "max_mean_ratio": 2.88
  },
  "energy": {
    "mean": 0.128609,
    "max": 0.281493,
    "std": 0.083166,
    "rate_of_change": 0.01897
  },
  "speech_rate": {
    "chars_per_sec": 17.63,
    "words_per_sec": 2.65,
    "segment_count": 9
  },
  "spectral_centroid": {
    "mean": 2466.97
  },
  "timeseries": {
    "frame_sec": 0.5,
    "pitch": [
      371.89,
      540.32,
      253.61,
      425.03,
      247.78,
      113.45,
      125.14,
      887.33,
      476.72,
      766.66,
      600.6,
      836.94,
      816.79,
      1069.97,
      708.88,
      690.32,
      495.27,
      822.35,
      1085.52,
      1336.79,
      956.9,
      954.89,
      1041.85,
      906.8,
      1158.44,
      994.42,
      974.96,
      1009.63,
      789.23
    ],
    "energy": [
      0.135646,
      0.133985,
      0.040324,
      0.046577,
      0.018841,
      0.021008,
      0.022205,
      0.128035,
      0.117426,
      0.154485,
      0.180828,
      0.124528,
      0.125322,
      0.17623,
      0.12148,
      0.166218,
      0.087942,
      0.209603,
      0.202854,
      0.1833,
      0.193509,
      0.195058,
      0.164932,
      0.026271,
      0.027612,
      0.121097,
      0.202806,
      0.115444,
      0.066375
    ],
    "spectral_centroid": [
      2777.35,
      2388.08,
      1834.23,
      2107.65,
      2221.75,
      1611.18,
      2377.05,
      2260.0,
      2499.39,
      2773.61,
      2468.96,
      2646.46,
      2701.53,
      2440.1,
      2817.04,
      2512.07,
      2314.24,
      2716.93,
      2678.2,
      2633.7,
      2355.77,
      2517.53,
      2687.06,
      2510.86,
      2564.98,
      2279.97,
      2637.19,
      2668.25,
      2620.26
    ]
  }
}