{
  "id": "baabdc7e-2d35-44df-ad87-aa51e9e898cb",
  "duration": 12.053,
  "pitch": {
    "mean": 457.12,
    "max": 1838.69,
    "std": 337.5,
    "max_mean_ratio": 4.02
  },
  "energy": {
    "mean": 0.038352,
    "max": 0.07945,
    "std": 0.015912,
    "rate_of_change": 0.005394
  },
  "speech_rate": {
    "chars_per_sec": 15.75,
    "words_per_sec": 2.94,
    "segment_count": 3
  },
  "spectral_centroid": {
    "mean": 1904.4
  },
  "timeseries": {
    "frame_sec": 0.5,
    "pitch": [
      877.56,
      692.06,
      323.16,
      331.86,
      599.45,
      410.16,
      237.64,
      283.53,
      510.86,
      565.73,
      258.68,
      487.3,
      451.66,
      538.53,
      492.99,
      850.38,
      569.7,
      365.69,
      668.59,
      294.57,
      278.55,
      194.69,
      266.22,
      307.76,
      199.19
    ],
    "energy": [
      0.018313,
      0.016332,
      0.032527,
      0.040539,
      0.048975,
      0.045395,
      0.043566,
      0.036261,
      0.039068,
      0.01934,
      0.026396,
      0.037115,
      0.038138,
      0.039421,
      0.026072,
      0.031296,
      0.050621,
      0.035756,
      0.020231,
      0.030186,
      0.044012,
      0.056547,
      0.057279,
      0.048272,
      0.026524
    ],
    "spectral_centroid": [
      1928.45,
      1832.19,
      1624.26,
      1922.08,
      2214.87,
      1951.19,
      1973.22,
      1849.13,
      1512.92,
      1934.38,
      1681.02,
      1778.92,
      2269.29,
      1857.37,
      1995.93,
      2126.79,
      1752.96,
      1798.06,
      1824.31,
      1635.78,
      1885.34,
      2043.51,
      2177.76,
      1981.7,
      2055.93
    ]
  }
}