{
  "id": "bb85366e-6f9a-48c9-8007-ab76f1b641f1",
  "duration": 11.264,
  "pitch": {
    "mean": 437.01,
    "max": 1985.57,
    "std": 315.04,
    "max_mean_ratio": 4.54
  },
  "energy": {
    "mean": 0.06279,
    "max": 0.232761,
    "std": 0.051468,
    "rate_of_change": 0.020352
  },
  "speech_rate": {
    "chars_per_sec": 12.32,
    "words_per_sec": 2.3,
    "segment_count": 5
  },
  "spectral_centroid": {
    "mean": 2051.23
  },
  "timeseries": {
    "frame_sec": 0.5,
    "pitch": [
      136.15,
      226.78,
      217.0,
      153.31,
      387.15,
      405.17,
      560.33,
      513.63,
      606.09,
      493.52,
      410.73,
      630.69,
      648.79,
      521.69,
      320.01,
      545.34,
      240.73,
      466.86,
      537.75,
      482.23,
      167.21,
      448.72,
      869.4
    ],
    "energy": [
      0.007411,
      0.004973,
      0.004865,
      0.006315,
      0.05753,
      0.070215,
      0.072749,
      0.089362,
      0.033041,
      0.038938,
      0.061353,
      0.07767,
      0.079388,
      0.082845,
      0.074797,
      0.073704,
      0.034475,
      0.113871,
      0.117502,
      0.11219,
      0.010374,
      0.08262,
      0.087955
    ],
    "spectral_centroid": [
      1783.89,
      2418.61,
      1997.25,
      1988.8,
      1986.97,
      1997.7,
      2064.32,
      1750.05,
      1811.5,
      1882.17,
      2330.19,
      1842.42,
      1686.74,
      1937.44,
      2536.93,
      1729.0,
      2014.57,
      2459.75,
      2233.59,
      2690.78,
      2159.9,
      2040.79,
      1618.57
    ]
  }
}