{
  "id": "bbca3f27-8929-4ca6-b28d-33be8b15b212",
  "duration": 9.856,
  "pitch": {
    "mean": 405.06,
    "max": 1982.57,
    "std": 255.86,
    "max_mean_ratio": 4.89
  },
  "energy": {
    "mean": 0.045978,
    "max": 0.171889,
    "std": 0.034254,
    "rate_of_change": 0.017026
  },
  "speech_rate": {
    "chars_per_sec": 14.48,
    "words_per_sec": 2.81,
    "segment_count": 2
  },
  "spectral_centroid": {
    "mean": 1884.55
  },
  "timeseries": {
    "frame_sec": 0.5,
    "pitch": [
      549.87,
      250.37,
      190.65,
      455.76,
      357.48,
      343.0,
      406.26,
      331.39,
      384.23,
      262.31,
      372.27,
      485.83,
      300.78,
      501.7,
      421.52,
      653.9,
      588.57,
      410.77,
      389.03,
      354.52
    ],
    "energy": [
      0.040983,
      0.015297,
      0.013522,
      0.02976,
      0.04162,
      0.024553,
      0.044618,
      0.032427,
      0.043801,
      0.02308,
      0.029667,
      0.046538,
      0.027484,
      0.045372,
      0.040888,
      0.111125,
      0.103426,
      0.071625,
      0.037626,
      0.053632
    ],
    "spectral_centroid": [
      1663.75,
      1934.97,
      2142.45,
      1728.26,
      2318.57,
      1618.15,
      2222.0,
      2048.6,
      1896.77,
      1884.71,
      1726.52,
      1468.29,
      1729.89,
      1800.08,
      2129.44,
      1833.91,
      1984.1,
      1974.79,
      1807.03,
      1699.94
    ]
  }
}