{
  "id": "bc3b569f-e70a-4ee4-bbe4-6aa8fa96477b",
  "duration": 13.696,
  "pitch": {
    "mean": 370.97,
    "max": 2031.3,
    "std": 303.8,
    "max_mean_ratio": 5.48
  },
  "energy": {
    "mean": 0.059375,
    "max": 0.180908,
    "std": 0.045596,
    "rate_of_change": 0.012874
  },
  "speech_rate": {
    "chars_per_sec": 13.67,
    "words_per_sec": 2.63,
    "segment_count": 5
  },
  "spectral_centroid": {
    "mean": 1790.94
  },
  "timeseries": {
    "frame_sec": 0.5,
    "pitch": [
      338.68,
      464.52,
      388.0,
      519.67,
      426.79,
      142.39,
      126.74,
      313.56,
      508.74,
      430.17,
      113.1,
      103.1,
      126.33,
      137.4,
      229.85,
      782.06,
      481.42,
      322.07,
      524.62,
      178.65,
      379.03,
      500.51,
      582.64,
      593.23,
      509.46,
      481.54,
      458.31,
      239.93
    ],
    "energy": [
      0.07735,
      0.077079,
      0.080106,
      0.073533,
      0.077669,
      0.007442,
      0.006982,
      0.076486,
      0.097606,
      0.037535,
      0.008141,
      0.006559,
      0.013082,
      0.006922,
      0.059628,
      0.113239,
      0.081502,
      0.068901,
      0.100838,
      0.010862,
      0.008106,
      0.084938,
      0.106278,
      0.057054,
      0.059673,
      0.093745,
      0.044939,
      0.037617
    ],
    "spectral_centroid": [
      1695.02,
      1612.24,
      1821.43,
      1836.71,
      2655.36,
      1390.83,
      1362.06,
      1661.62,
      1801.35,
      1589.35,
      1629.63,
      1591.84,
      1783.92,
      1670.27,
      2306.15,
      1774.84,
      1276.19,
      1647.23,
      1962.33,
      1748.39,
      2158.92,
      1736.66,
      1767.66,
      1563.32,
      2369.88,
      2011.74,
      1761.37,
      2237.79
    ]
  }
}