{
  "id": "bc45315a-00ec-4375-bc26-f0f9685ec5ca",
  "duration": 7.787,
  "pitch": {
    "mean": 323.85,
    "max": 1204.06,
    "std": 245.12,
    "max_mean_ratio": 3.72
  },
  "energy": {
    "mean": 0.011641,
    "max": 0.046097,
    "std": 0.008694,
    "rate_of_change": 0.005583
  },
  "speech_rate": {
    "chars_per_sec": 14.93,
    "words_per_sec": 2.94,
    "segment_count": 2
  },
  "spectral_centroid": {
    "mean": 1749.13
  },
  "timeseries": {
    "frame_sec": 0.5,
    "pitch": [
      103.84,
      248.15,
      353.21,
      251.96,
      550.38,
      222.85,
      354.26,
      308.41,
      262.31,
      136.67,
      354.9,
      445.76,
      623.06,
      586.72,
      131.67,
      172.8
    ],
    "energy": [
      0.00558,
      0.007319,
      0.010528,
      0.00786,
      0.016666,
      0.004362,
      0.009135,
      0.011306,
      0.0077,
      0.008397,
      0.015572,
      0.014172,
      0.02799,
      0.021717,
      0.00355,
      0.003372
    ],
    "spectral_centroid": [
      1675.14,
      1866.33,
      1949.42,
      1621.67,
      1197.91,
      1930.64,
      1447.1,
      1456.14,
      1874.2,
      1835.42,
      1610.64,
      1981.45,
      1628.52,
      1648.11,
      2290.51,
      2102.95
    ]
  }
}