{
  "id": "bc62a401-7942-41c8-b383-f006aea2901f",
  "duration": 10.304,
  "pitch": {
    "mean": 356.08,
    "max": 895.55,
    "std": 213.87,
    "max_mean_ratio": 2.52
  },
  "energy": {
    "mean": 0.027954,
    "max": 0.094422,
    "std": 0.024516,
    "rate_of_change": 0.008665
  },
  "speech_rate": {
    "chars_per_sec": 4.37,
    "words_per_sec": 0.97,
    "segment_count": 4
  },
  "spectral_centroid": {
    "mean": 1821.98
  },
  "timeseries": {
    "frame_sec": 0.5,
    "pitch": [
      505.67,
      402.32,
      384.27,
      608.97,
      450.03,
      293.41,
      245.4,
      191.65,
      255.12,
      295.66,
      219.7,
      267.17,
      331.91,
      396.39,
      338.23,
      327.35,
      378.45,
      298.79,
      355.48,
      460.78,
      476.06
    ],
    "energy": [
      0.04205,
      0.038197,
      0.046324,
      0.012695,
      0.010428,
      0.010569,
      0.009456,
      0.009823,
      0.007743,
      0.008936,
      0.008934,
      0.006841,
      0.042438,
      0.026544,
      0.006321,
      0.015085,
      0.063019,
      0.052648,
      0.056235,
      0.045615,
      0.045213
    ],
    "spectral_centroid": [
      1425.75,
      1988.63,
      1660.86,
      1634.68,
      1529.77,
      1842.95,
      1615.81,
      1430.9,
      1621.19,
      1599.67,
      1674.61,
      2496.17,
      2038.09,
      1641.48,
      2073.05,
      2020.54,
      1787.69,
      2086.59,
      2003.42,
      1837.16,
      2299.66
    ]
  }
}