{
  "id": "bcc79124-514b-46f4-aa17-9bfb326b5afb",
  "duration": 11.733,
  "pitch": {
    "mean": 399.56,
    "max": 1834.52,
    "std": 264.28,
    "max_mean_ratio": 4.59
  },
  "energy": {
    "mean": 0.026801,
    "max": 0.153314,
    "std": 0.022234,
    "rate_of_change": 0.012614
  },
  "speech_rate": {
    "chars_per_sec": 15.17,
    "words_per_sec": 2.96,
    "segment_count": 2
  },
  "spectral_centroid": {
    "mean": 1903.22
  },
  "timeseries": {
    "frame_sec": 0.5,
    "pitch": [
      405.19,
      219.87,
      449.32,
      228.57,
      354.17,
      658.26,
      501.87,
      482.27,
      378.04,
      287.6,
      284.05,
      227.94,
      152.42,
      427.91,
      450.97,
      408.48,
      507.98,
      317.11,
      658.15,
      482.23,
      572.44,
      447.64,
      254.24,
      349.32
    ],
    "energy": [
      0.031187,
      0.024076,
      0.044059,
      0.015664,
      0.008893,
      0.030168,
      0.038484,
      0.028331,
      0.031494,
      0.011928,
      0.009288,
      0.006259,
      0.006133,
      0.017195,
      0.029044,
      0.029324,
      0.033767,
      0.026752,
      0.073191,
      0.059677,
      0.018928,
      0.015101,
      0.011646,
      0.008039
    ],
    "spectral_centroid": [
      1639.58,
      1778.63,
      1843.92,
      2110.5,
      2202.83,
      1789.53,
      1869.31,
      1875.92,
      2064.68,
      2079.65,
      2331.78,
      2204.89,
      2200.07,
      1650.75,
      1953.87,
      1870.63,
      1530.34,
      1906.92,
      1788.34,
      1444.68,
      1695.29,
      1781.8,
      2118.47,
      2082.84
    ]
  }
}