{
  "id": "bd75ea21-0cf8-4d64-9648-5a5c9b521fd2",
  "duration": 22.528,
  "pitch": {
    "mean": 451.98,
    "max": 1881.99,
    "std": 384.55,
    "max_mean_ratio": 4.16
  },
  "energy": {
    "mean": 0.033971,
    "max": 0.138757,
    "std": 0.020759,
    "rate_of_change": 0.005637
  },
  "speech_rate": {
    "chars_per_sec": 14.05,
    "words_per_sec": 2.95,
    "segment_count": 6
  },
  "spectral_centroid": {
    "mean": 1864.23
  },
  "timeseries": {
    "frame_sec": 0.5,
    "pitch": [
      259.86,
      726.49,
      694.78,
      520.37,
      486.69,
      407.15,
      578.24,
      501.03,
      401.44,
      297.96,
      724.99,
      216.33,
      166.78,
      385.25,
      284.7,
      370.77,
      425.29,
      266.8,
      234.25,
      325.43,
      331.9,
      881.19,
      511.06,
      621.64,
      532.94,
      670.03,
      337.98,
      305.15,
      434.52,
      405.07,
      326.45,
      390.64,
      525.55,
      430.49,
      418.09,
      420.14,
      500.18,
      383.31,
      1414.2,
      269.6,
      274.96,
      318.63,
      390.41,
      458.16,
      518.76,
      524.88
    ],
    "energy": [
      0.030962,
      0.051794,
      0.058856,
      0.08551,
      0.053289,
      0.044111,
      0.05742,
      0.026729,
      0.050359,
      0.0232,
      0.017743,
      0.017053,
      0.033461,
      0.026909,
      0.041516,
      0.040455,
      0.040763,
      0.018399,
      0.022288,
      0.013142,
      0.013512,
      0.015986,
      0.014803,
      0.03207,
      0.018964,
      0.02236,
      0.01707,
      0.030787,
      0.05328,
      0.032318,
      0.029111,
      0.023929,
      0.025588,
      0.032462,
      0.026714,
      0.019459,
      0.029186,
      0.026219,
      0.024799,
      0.023472,
      0.026426,
      0.049748,
      0.043981,
      0.064327,
      0.015914,
      0.007241
    ],
    "spectral_centroid": [
      1834.43,
      2372.08,
      2090.74,
      1834.6,
      2056.13,
      1835.98,
      1517.99,
      1801.14,
      1469.7,
      1599.93,
      1869.85,
      1819.96,
      1939.08,
      1967.16,
      1681.56,
      1509.38,
      1453.22,
      1812.44,
      1673.44,
      1786.78,
      1777.36,
      2058.36,
      1997.03,
      1850.63,
      1946.09,
      2032.06,
      1827.71,
      1568.14,
      1743.45,
      1691.37,
      2069.54,
      1828.65,
      1662.59,
      1827.21,
      1666.38,
      2162.14,
      1801.45,
      2290.01,
      2150.69,
      1935.49,
      1840.16,
      2210.72,
      1970.14,
      1690.75,
      2187.23,
      2074.9
    ]
  }
}