{
  "id": "bd9508d8-1909-4c03-b45f-d7fd162d460f",
  "duration": 6.891,
  "pitch": {
    "mean": 516.87,
    "max": 1904.24,
    "std": 297.81,
    "max_mean_ratio": 3.68
  },
  "energy": {
    "mean": 0.087638,
    "max": 0.291893,
    "std": 0.065337,
    "rate_of_change": 0.041886
  },
  "speech_rate": {
    "chars_per_sec": 13.88,
    "words_per_sec": 2.31,
    "segment_count": 2
  },
  "spectral_centroid": {
    "mean": 2198.2
  },
  "timeseries": {
    "frame_sec": 0.5,
    "pitch": [
      469.69,
      588.85,
      445.16,
      353.04,
      543.98,
      633.4,
      536.24,
      530.13,
      574.74,
      553.2,
      538.76,
      481.89,
      692.59,
      131.29
    ],
    "energy": [
      0.005182,
      0.116509,
      0.059875,
      0.06328,
      0.086043,
      0.082679,
      0.037114,
      0.074361,
      0.099544,
      0.186846,
      0.10355,
      0.131272,
      0.101175,
      0.007434
    ],
    "spectral_centroid": [
      1731.45,
      1914.48,
      1864.15,
      2311.42,
      2583.46,
      2399.68,
      2182.42,
      1917.51,
      1979.37,
      2295.28,
      2547.32,
      2422.24,
      2249.18,
      2442.15
    ]
  }
}