{
  "id": "bda26be4-a0d9-4c8b-8e40-a777bd90cfe1",
  "duration": 8.896,
  "pitch": {
    "mean": 336.8,
    "max": 1109.76,
    "std": 266.18,
    "max_mean_ratio": 3.3
  },
  "energy": {
    "mean": 0.06962,
    "max": 0.334772,
    "std": 0.040972,
    "rate_of_change": 0.034523
  },
  "speech_rate": {
    "chars_per_sec": 12.5,
    "words_per_sec": 2.36,
    "segment_count": 5
  },
  "spectral_centroid": {
    "mean": 2014.59
  },
  "timeseries": {
    "frame_sec": 0.5,
    "pitch": [
      227.11,
      358.84,
      463.31,
      333.87,
      127.98,
      376.03,
      284.41,
      154.37,
      192.61,
      528.71,
      484.88,
      462.8,
      482.3,
      360.57,
      259.54,
      478.61,
      256.35,
      281.91
    ],
    "energy": [
      0.035418,
      0.079615,
      0.064668,
      0.083759,
      0.046949,
      0.038354,
      0.048636,
      0.092432,
      0.09992,
      0.169032,
      0.040811,
      0.035026,
      0.042865,
      0.057823,
      0.057226,
      0.0643,
      0.07593,
      0.073606
    ],
    "spectral_centroid": [
      1969.89,
      1507.55,
      1934.31,
      2258.32,
      1748.73,
      1885.26,
      2130.37,
      2176.38,
      2327.34,
      1792.34,
      2213.81,
      2199.07,
      2321.75,
      2771.12,
      1732.92,
      1984.38,
      1557.34,
      1699.08
    ]
  }
}