{
  "id": "bdba71e3-065d-408a-a89e-e22cb2d75bb0",
  "duration": 8.107,
  "pitch": {
    "mean": 407.25,
    "max": 1490.03,
    "std": 284.83,
    "max_mean_ratio": 3.66
  },
  "energy": {
    "mean": 0.131034,
    "max": 0.325619,
    "std": 0.073735,
    "rate_of_change": 0.035798
  },
  "speech_rate": {
    "chars_per_sec": 7.43,
    "words_per_sec": 1.49,
    "segment_count": 3
  },
  "spectral_centroid": {
    "mean": 1759.38
  },
  "timeseries": {
    "frame_sec": 0.5,
    "pitch": [
      374.76,
      196.26,
      445.53,
      665.52,
      381.95,
      402.05,
      376.87,
      468.14,
      403.65,
      525.39,
      340.89,
      630.41,
      355.61,
      136.08,
      295.25,
      426.01,
      409.81
    ],
    "energy": [
      0.100262,
      0.039393,
      0.132373,
      0.175009,
      0.108495,
      0.113091,
      0.128985,
      0.147434,
      0.166586,
      0.16808,
      0.091396,
      0.189006,
      0.080059,
      0.060567,
      0.142965,
      0.136756,
      0.138672
    ],
    "spectral_centroid": [
      1689.44,
      1383.65,
      1542.77,
      1697.47,
      1577.32,
      1592.31,
      1850.83,
      1390.23,
      1618.23,
      1461.95,
      2156.43,
      1469.43,
      1895.93,
      1884.85,
      2202.18,
      2565.16,
      2335.26
    ]
  }
}