{
  "id": "bdc0f73c-3ecc-4acd-97da-8415bf18e163",
  "duration": 6.187,
  "pitch": {
    "mean": 467.88,
    "max": 1465.73,
    "std": 298.05,
    "max_mean_ratio": 3.13
  },
  "energy": {
    "mean": 0.076804,
    "max": 0.240308,
    "std": 0.048773,
    "rate_of_change": 0.036662
  },
  "speech_rate": {
    "chars_per_sec": 15.7,
    "words_per_sec": 2.75,
    "segment_count": 5
  },
  "spectral_centroid": {
    "mean": 1763.21
  },
  "timeseries": {
    "frame_sec": 0.5,
    "pitch": [
      306.7,
      249.08,
      544.07,
      565.76,
      538.64,
      285.69,
      502.79,
      326.79,
      961.84,
      667.01,
      452.16,
      364.16,
      251.11
    ],
    "energy": [
      0.080437,
      0.065325,
      0.168218,
      0.076984,
      0.058354,
      0.050458,
      0.051129,
      0.039705,
      0.053768,
      0.124295,
      0.043022,
      0.07614,
      0.052375
    ],
    "spectral_centroid": [
      1587.28,
      1603.88,
      1529.48,
      1622.9,
      1871.96,
      2040.39,
      1677.34,
      1798.04,
      1974.96,
      1808.24,
      1687.81,
      1599.25,
      2563.62
    ]
  }
}