{
  "id": "bdffeab6-831d-4086-a1af-6570ec47bace",
  "duration": 5.163,
  "pitch": {
    "mean": 393.4,
    "max": 1229.27,
    "std": 250.29,
    "max_mean_ratio": 3.12
  },
  "energy": {
    "mean": 0.05632,
    "max": 0.192272,
    "std": 0.033211,
    "rate_of_change": 0.035578
  },
  "speech_rate": {
    "chars_per_sec": 12.78,
    "words_per_sec": 1.98,
    "segment_count": 2
  },
  "spectral_centroid": {
    "mean": 1766.25
  },
  "timeseries": {
    "frame_sec": 0.5,
    "pitch": [
      174.35,
      521.63,
      469.79,
      433.83,
      348.68,
      376.24,
      400.05,
      306.69,
      632.19,
      405.15,
      407.78
    ],
    "energy": [
      0.021125,
      0.050788,
      0.058266,
      0.031512,
      0.040856,
      0.069546,
      0.051059,
      0.043449,
      0.103601,
      0.063921,
      0.046178
    ],
    "spectral_centroid": [
      1964.8,
      1439.16,
      1424.91,
      1482.64,
      1811.05,
      1621.32,
      1632.65,
      2092.92,
      2021.14,
      2049.94,
      2014.67
    ]
  }
}