{
  "id": "be66c650-9ed4-4264-b703-96edf5923c80",
  "duration": 14.379,
  "pitch": {
    "mean": 531.89,
    "max": 1997.61,
    "std": 332.38,
    "max_mean_ratio": 3.76
  },
  "energy": {
    "mean": 0.064707,
    "max": 0.249672,
    "std": 0.041706,
    "rate_of_change": 0.016766
  },
  "speech_rate": {
    "chars_per_sec": 15.18,
    "words_per_sec": 2.86,
    "segment_count": 8
  },
  "spectral_centroid": {
    "mean": 1817.3
  },
  "timeseries": {
    "frame_sec": 0.5,
    "pitch": [
      494.48,
      518.49,
      462.96,
      514.99,
      446.23,
      208.3,
      814.19,
      552.94,
      557.99,
      543.41,
      644.58,
      413.98,
      605.85,
      732.57,
      587.93,
      634.24,
      464.32,
      465.84,
      284.27,
      645.01,
      608.08,
      453.2,
      429.85,
      625.16,
      476.57,
      610.11,
      623.92,
      387.99,
      575.55
    ],
    "energy": [
      0.048307,
      0.047765,
      0.045214,
      0.041951,
      0.021075,
      0.014141,
      0.074295,
      0.035167,
      0.05674,
      0.045403,
      0.088743,
      0.055148,
      0.093823,
      0.048632,
      0.103428,
      0.083083,
      0.06816,
      0.067283,
      0.042678,
      0.076227,
      0.091581,
      0.072454,
      0.053344,
      0.060306,
      0.039655,
      0.063236,
      0.111259,
      0.04901,
      0.094008
    ],
    "spectral_centroid": [
      2412.28,
      1407.47,
      1953.95,
      1841.34,
      1557.54,
      1985.81,
      2018.45,
      2487.39,
      1847.62,
      1888.66,
      1480.47,
      1473.17,
      1801.0,
      1841.64,
      1637.83,
      1294.77,
      1752.14,
      1752.92,
      2785.06,
      1842.88,
      2018.75,
      1298.08,
      1754.29,
      1538.79,
      1730.52,
      1725.68,
      1547.59,
      2248.13,
      1805.13
    ]
  }
}