{
  "id": "be6d461b-d589-4284-9ef5-dc6163f5d185",
  "duration": 20.267,
  "pitch": {
    "mean": 461.84,
    "max": 1852.23,
    "std": 271.35,
    "max_mean_ratio": 4.01
  },
  "energy": {
    "mean": 0.084133,
    "max": 0.298666,
    "std": 0.055642,
    "rate_of_change": 0.014467
  },
  "speech_rate": {
    "chars_per_sec": 8.35,
    "words_per_sec": 1.41,
    "segment_count": 4
  },
  "spectral_centroid": {
    "mean": 1797.39
  },
  "timeseries": {
    "frame_sec": 0.5,
    "pitch": [
      700.48,
      480.36,
      341.87,
      370.48,
      523.01,
      401.96,
      325.61,
      449.76,
      491.34,
      329.93,
      413.26,
      369.73,
      430.86,
      398.84,
      329.95,
      203.89,
      445.91,
      316.8,
      497.82,
      256.61,
      620.93,
      557.82,
      612.07,
      340.31,
      385.68,
      415.17,
      267.88,
      725.19,
      723.21,
      685.66,
      574.31,
      732.22,
      657.25,
      796.42,
      420.25,
      492.02,
      467.0,
      95.47,
      262.57,
      428.99,
      472.41
    ],
    "energy": [
      0.185156,
      0.096667,
      0.0429,
      0.087176,
      0.125333,
      0.082011,
      0.050012,
      0.14756,
      0.03225,
      0.105301,
      0.105647,
      0.081905,
      0.052951,
      0.052698,
      0.041667,
      0.021827,
      0.0776,
      0.054157,
      0.116589,
      0.056933,
      0.119788,
      0.083969,
      0.091532,
      0.051204,
      0.059288,
      0.089119,
      0.031649,
      0.170816,
      0.076229,
      0.148094,
      0.10777,
      0.148175,
      0.027753,
      0.064338,
      0.055315,
      0.062255,
      0.0698,
      0.032368,
      0.035096,
      0.093539,
      0.041816
    ],
    "spectral_centroid": [
      1630.38,
      1541.26,
      1705.8,
      1665.55,
      1434.28,
      1610.7,
      1960.41,
      1625.16,
      1833.48,
      1573.58,
      1636.68,
      2070.39,
      1893.55,
      1740.84,
      1502.65,
      1935.73,
      1456.97,
      1801.35,
      1559.83,
      1866.42,
      1540.89,
      1480.82,
      1687.24,
      1596.12,
      1509.82,
      1577.44,
      2355.18,
      1505.66,
      1905.78,
      1630.36,
      2148.73,
      2244.26,
      2045.15,
      1982.56,
      2052.46,
      2673.29,
      1984.77,
      1944.27,
      1781.55,
      1822.75,
      2456.81
    ]
  }
}