{
  "id": "bf210ea5-43a0-4ae4-a693-1d05d90c4112",
  "duration": 9.28,
  "pitch": {
    "mean": 397.48,
    "max": 2086.45,
    "std": 480.67,
    "max_mean_ratio": 5.25
  },
  "energy": {
    "mean": 0.047568,
    "max": 0.084725,
    "std": 0.017157,
    "rate_of_change": 0.008031
  },
  "speech_rate": {
    "chars_per_sec": 19.15,
    "words_per_sec": 3.64,
    "segment_count": 2
  },
  "spectral_centroid": {
    "mean": 2013.34
  },
  "timeseries": {
    "frame_sec": 0.5,
    "pitch": [
      523.95,
      495.93,
      98.29,
      250.32,
      350.53,
      509.44,
      258.69,
      105.57,
      303.46,
      449.34,
      168.92,
      175.25,
      396.07,
      1629.7,
      766.26,
      505.17,
      248.69,
      380.11,
      154.08
    ],
    "energy": [
      0.051401,
      0.032658,
      0.041501,
      0.053451,
      0.04965,
      0.046547,
      0.041439,
      0.042228,
      0.062371,
      0.056598,
      0.051015,
      0.050854,
      0.05624,
      0.053539,
      0.063415,
      0.050263,
      0.023195,
      0.014871,
      0.010495
    ],
    "spectral_centroid": [
      1647.6,
      1393.66,
      1489.94,
      2012.43,
      2058.81,
      1913.26,
      1819.26,
      2000.09,
      1745.02,
      2148.04,
      2126.06,
      2303.01,
      2467.4,
      2765.38,
      2248.49,
      1917.06,
      1997.47,
      2081.7,
      2187.76
    ]
  }
}