{
  "id": "bf3ac904-04f1-45b0-98a2-0df7607e70b0",
  "duration": 11.904,
  "pitch": {
    "mean": 460.63,
    "max": 2038.85,
    "std": 303.03,
    "max_mean_ratio": 4.43
  },
  "energy": {
    "mean": 0.075492,
    "max": 0.22072,
    "std": 0.037405,
    "rate_of_change": 0.01798
  },
  "speech_rate": {
    "chars_per_sec": 16.81,
    "words_per_sec": 3.38,
    "segment_count": 2
  },
  "spectral_centroid": {
    "mean": 2186.53
  },
  "timeseries": {
    "frame_sec": 0.5,
    "pitch": [
      458.8,
      540.75,
      228.97,
      436.93,
      379.67,
      296.94,
      505.46,
      501.46,
      702.28,
      388.35,
      501.68,
      396.34,
      469.85,
      385.46,
      528.85,
      632.31,
      378.01,
      616.89,
      645.39,
      452.67,
      390.23,
      319.08,
      385.29,
      517.81
    ],
    "energy": [
      0.053853,
      0.05993,
      0.02113,
      0.047948,
      0.083433,
      0.041295,
      0.129368,
      0.106604,
      0.108794,
      0.091114,
      0.07443,
      0.058564,
      0.083836,
      0.067082,
      0.086146,
      0.077924,
      0.061095,
      0.069964,
      0.10418,
      0.083224,
      0.032368,
      0.055301,
      0.07079,
      0.074202
    ],
    "spectral_centroid": [
      2428.4,
      2075.03,
      1936.78,
      2157.79,
      1872.57,
      1924.4,
      1680.71,
      2272.29,
      2059.14,
      2269.09,
      1981.73,
      2245.8,
      2172.36,
      2193.69,
      2112.18,
      2105.86,
      2104.95,
      1886.61,
      3080.91,
      2904.78,
      3052.37,
      2253.4,
      1751.3,
      1685.76
    ]
  }
}