{
  "id": "bf765249-6bd9-49d4-b52e-9c62106015ca",
  "duration": 16.64,
  "pitch": {
    "mean": 486.24,
    "max": 1869.94,
    "std": 298.66,
    "max_mean_ratio": 3.85
  },
  "energy": {
    "mean": 0.076784,
    "max": 0.359889,
    "std": 0.058633,
    "rate_of_change": 0.021103
  },
  "speech_rate": {
    "chars_per_sec": 16.71,
    "words_per_sec": 3.08,
    "segment_count": 5
  },
  "spectral_centroid": {
    "mean": 2013.6
  },
  "timeseries": {
    "frame_sec": 0.5,
    "pitch": [
      879.48,
      510.11,
      467.08,
      430.52,
      443.64,
      428.1,
      312.13,
      346.28,
      270.01,
      448.24,
      416.07,
      464.84,
      591.68,
      573.42,
      307.52,
      511.59,
      414.07,
      478.44,
      430.89,
      415.63,
      447.56,
      455.64,
      299.81,
      395.81,
      437.44,
      442.85,
      467.22,
      753.23,
      332.82,
      938.03,
      692.54,
      535.73,
      450.13,
      680.42
    ],
    "energy": [
      0.050363,
      0.061437,
      0.082212,
      0.075484,
      0.084919,
      0.089151,
      0.075631,
      0.048909,
      0.016498,
      0.013374,
      0.04919,
      0.056401,
      0.06571,
      0.073734,
      0.013495,
      0.08959,
      0.082727,
      0.058524,
      0.06382,
      0.063822,
      0.074278,
      0.074747,
      0.036009,
      0.056248,
      0.073003,
      0.054849,
      0.131542,
      0.205446,
      0.148727,
      0.23765,
      0.082543,
      0.016965,
      0.015343,
      0.090783
    ],
    "spectral_centroid": [
      1672.36,
      1631.8,
      1502.48,
      1637.41,
      1583.06,
      1762.17,
      1559.97,
      1825.33,
      1870.88,
      2398.25,
      2767.07,
      2347.75,
      2045.15,
      1978.22,
      2119.6,
      2120.25,
      1844.82,
      2140.01,
      1904.92,
      1994.3,
      2222.24,
      1791.95,
      2417.41,
      2036.69,
      1836.68,
      1778.26,
      1999.12,
      2015.05,
      2451.85,
      2448.3,
      2350.05,
      2302.48,
      2254.91,
      1518.25
    ]
  }
}