{
  "id": "bf77e7a6-50b7-42d9-9975-f94a3f6e76f6",
  "duration": 12.544,
  "pitch": {
    "mean": 359.54,
    "max": 1979.61,
    "std": 279.78,
    "max_mean_ratio": 5.51
  },
  "energy": {
    "mean": 0.064927,
    "max": 0.127446,
    "std": 0.030909,
    "rate_of_change": 0.009537
  },
  "speech_rate": {
    "chars_per_sec": 10.24,
    "words_per_sec": 1.82,
    "segment_count": 2
  },
  "spectral_centroid": {
    "mean": 1773.91
  },
  "timeseries": {
    "frame_sec": 0.5,
    "pitch": [
      533.61,
      280.24,
      353.63,
      358.32,
      322.84,
      259.92,
      344.66,
      253.44,
      383.27,
      615.36,
      446.9,
      271.71,
      433.51,
      226.03,
      230.23,
      241.86,
      329.49,
      813.93,
      537.77,
      187.26,
      125.2,
      413.52,
      389.36,
      390.91,
      382.12,
      418.34
    ],
    "energy": [
      0.051553,
      0.064957,
      0.081392,
      0.086233,
      0.067541,
      0.08142,
      0.064691,
      0.051952,
      0.063362,
      0.086429,
      0.05791,
      0.083545,
      0.042351,
      0.043983,
      0.045539,
      0.013329,
      0.066746,
      0.09086,
      0.077899,
      0.018569,
      0.016313,
      0.056807,
      0.070291,
      0.089804,
      0.079874,
      0.038328
    ],
    "spectral_centroid": [
      2177.35,
      1688.38,
      1234.63,
      1248.23,
      2286.11,
      1150.81,
      1301.81,
      1761.31,
      1437.18,
      1231.75,
      1521.68,
      1133.99,
      1555.82,
      1767.3,
      2195.39,
      2823.12,
      1688.01,
      1565.76,
      1834.3,
      2135.97,
      2900.46,
      2278.39,
      1962.75,
      1707.71,
      1648.77,
      1545.3
    ]
  }
}