{
  "id": "bfb27a41-869c-4be3-b2f5-b3b07d8fb3bf",
  "duration": 11.349,
  "pitch": {
    "mean": 374.07,
    "max": 2007.47,
    "std": 266.39,
    "max_mean_ratio": 5.37
  },
  "energy": {
    "mean": 0.069153,
    "max": 0.280784,
    "std": 0.054234,
    "rate_of_change": 0.024148
  },
  "speech_rate": {
    "chars_per_sec": 14.29,
    "words_per_sec": 2.38,
    "segment_count": 2
  },
  "spectral_centroid": {
    "mean": 2125.15
  },
  "timeseries": {
    "frame_sec": 0.5,
    "pitch": [
      410.99,
      288.46,
      155.07,
      132.21,
      162.48,
      194.31,
      325.65,
      492.61,
      428.14,
      506.67,
      137.67,
      384.4,
      372.82,
      334.16,
      573.81,
      420.15,
      374.67,
      439.72,
      359.45,
      467.83,
      747.33,
      497.21,
      419.94
    ],
    "energy": [
      0.144333,
      0.147891,
      0.015353,
      0.012457,
      0.015123,
      0.028035,
      0.064921,
      0.087625,
      0.058189,
      0.080057,
      0.011563,
      0.059564,
      0.062099,
      0.050083,
      0.062834,
      0.016823,
      0.066149,
      0.067617,
      0.024895,
      0.099921,
      0.134806,
      0.108783,
      0.12413
    ],
    "spectral_centroid": [
      2424.86,
      2392.8,
      2001.55,
      2009.67,
      1893.96,
      1944.02,
      2431.05,
      2086.68,
      1799.93,
      1701.73,
      1918.4,
      2600.85,
      1982.89,
      2385.95,
      2016.36,
      1857.62,
      2356.33,
      1672.14,
      2133.94,
      2041.45,
      2322.1,
      2520.73,
      2562.25
    ]
  }
}