{
  "id": "bff7d955-b04c-4159-8ef5-5c831685ff8b",
  "duration": 12.971,
  "pitch": {
    "mean": 266.46,
    "max": 1428.18,
    "std": 267.85,
    "max_mean_ratio": 5.36
  },
  "energy": {
    "mean": 0.064196,
    "max": 0.227669,
    "std": 0.043755,
    "rate_of_change": 0.016407
  },
  "speech_rate": {
    "chars_per_sec": 6.16,
    "words_per_sec": 1.2,
    "segment_count": 6
  },
  "spectral_centroid": {
    "mean": 1983.61
  },
  "timeseries": {
    "frame_sec": 0.5,
    "pitch": [
      165.7,
      124.11,
      171.44,
      135.87,
      233.71,
      280.21,
      155.43,
      347.88,
      274.56,
      121.75,
      164.41,
      216.67,
      264.48,
      580.61,
      189.92,
      346.16,
      161.78,
      223.28,
      187.25,
      299.31,
      832.03,
      361.32,
      399.72,
      403.09,
      220.71,
      397.57
    ],
    "energy": [
      0.019763,
      0.029079,
      0.03418,
      0.062427,
      0.076277,
      0.086251,
      0.032734,
      0.072588,
      0.063219,
      0.023161,
      0.035374,
      0.074682,
      0.044676,
      0.026088,
      0.02572,
      0.028892,
      0.024097,
      0.081726,
      0.058787,
      0.111734,
      0.087219,
      0.045437,
      0.095487,
      0.108258,
      0.109507,
      0.145076
    ],
    "spectral_centroid": [
      2460.9,
      2331.43,
      2200.14,
      1713.68,
      1502.23,
      1525.56,
      2100.41,
      1949.3,
      1684.44,
      2102.29,
      2033.68,
      1717.21,
      1769.72,
      1931.67,
      2302.65,
      1744.17,
      1791.74,
      1703.81,
      1650.98,
      1843.43,
      2500.68,
      2571.68,
      1951.76,
      1810.82,
      2597.68,
      2006.11
    ]
  }
}