{
  "id": "c03caaf3-7124-4f7a-bd74-0336490c31aa",
  "duration": 20.821,
  "pitch": {
    "mean": 423.45,
    "max": 1837.4,
    "std": 256.74,
    "max_mean_ratio": 4.34
  },
  "energy": {
    "mean": 0.054447,
    "max": 0.162341,
    "std": 0.029234,
    "rate_of_change": 0.007342
  },
  "speech_rate": {
    "chars_per_sec": 10.29,
    "words_per_sec": 2.07,
    "segment_count": 15
  },
  "spectral_centroid": {
    "mean": 2039.61
  },
  "timeseries": {
    "frame_sec": 0.5,
    "pitch": [
      288.93,
      412.48,
      508.04,
      229.53,
      266.97,
      451.21,
      288.51,
      493.81,
      335.47,
      351.7,
      326.58,
      420.19,
      399.19,
      353.74,
      416.07,
      310.07,
      386.03,
      169.9,
      436.26,
      402.83,
      282.46,
      411.53,
      418.38,
      672.68,
      309.15,
      430.62,
      372.7,
      450.81,
      225.85,
      467.62,
      340.21,
      279.32,
      626.16,
      546.54,
      582.7,
      577.55,
      555.86,
      582.46,
      734.1,
      480.39,
      611.39,
      526.56
    ],
    "energy": [
      0.040281,
      0.050089,
      0.059268,
      0.022923,
      0.026322,
      0.076867,
      0.037274,
      0.089351,
      0.049383,
      0.034286,
      0.034613,
      0.048436,
      0.044068,
      0.034874,
      0.045894,
      0.036455,
      0.047471,
      0.027662,
      0.042213,
      0.059191,
      0.028077,
      0.041705,
      0.049877,
      0.068294,
      0.042003,
      0.051498,
      0.043941,
      0.078903,
      0.017363,
      0.02697,
      0.078061,
      0.051179,
      0.086576,
      0.060208,
      0.077328,
      0.055674,
      0.062114,
      0.096711,
      0.062189,
      0.060907,
      0.085976,
      0.05393
    ],
    "spectral_centroid": [
      1501.45,
      1964.99,
      1846.57,
      1829.94,
      2012.72,
      2014.56,
      2075.3,
      1821.43,
      1928.02,
      2197.05,
      1775.88,
      2248.13,
      1627.11,
      2010.49,
      1948.19,
      1769.67,
      1996.77,
      1741.66,
      1671.87,
      1847.45,
      2204.38,
      2170.81,
      2037.64,
      2844.72,
      1934.61,
      1702.36,
      2038.85,
      1809.65,
      2026.51,
      2181.59,
      1801.15,
      2151.4,
      1804.82,
      2191.21,
      2734.54,
      2099.73,
      2468.55,
      1910.86,
      1850.88,
      2852.05,
      2758.13,
      2137.33
    ]
  }
}