{
  "id": "c040bc54-d73e-4a83-8773-b621979b024f",
  "duration": 13.504,
  "pitch": {
    "mean": 268.47,
    "max": 934.3,
    "std": 194.76,
    "max_mean_ratio": 3.48
  },
  "energy": {
    "mean": 0.035167,
    "max": 0.109939,
    "std": 0.017785,
    "rate_of_change": 0.007477
  },
  "speech_rate": {
    "chars_per_sec": 13.07,
    "words_per_sec": 2.12,
    "segment_count": 5
  },
  "spectral_centroid": {
    "mean": 2081.33
  },
  "timeseries": {
    "frame_sec": 0.5,
    "pitch": [
      289.65,
      254.48,
      262.57,
      129.43,
      233.55,
      267.09,
      250.17,
      359.65,
      368.04,
      422.32,
      310.85,
      104.85,
      125.8,
      226.84,
      279.08,
      514.7,
      333.62,
      356.55,
      341.82,
      289.28,
      324.86,
      419.06,
      252.84,
      181.19,
      119.32,
      115.34,
      119.3,
      484.76
    ],
    "energy": [
      0.028795,
      0.020059,
      0.028435,
      0.019854,
      0.026408,
      0.052234,
      0.026565,
      0.039476,
      0.039828,
      0.032106,
      0.040108,
      0.029542,
      0.023845,
      0.033523,
      0.043079,
      0.067999,
      0.036561,
      0.033592,
      0.039237,
      0.04788,
      0.05088,
      0.038257,
      0.036461,
      0.015026,
      0.015238,
      0.028813,
      0.017328,
      0.002281
    ],
    "spectral_centroid": [
      1778.94,
      1651.45,
      1818.47,
      1960.25,
      1688.3,
      2125.29,
      1988.27,
      1908.19,
      2121.31,
      2250.63,
      2468.29,
      1809.04,
      2003.81,
      2070.24,
      1906.54,
      1996.35,
      1782.0,
      1616.64,
      2183.1,
      2328.69,
      2154.66,
      2171.25,
      2255.83,
      2344.66,
      2318.32,
      2585.35,
      2893.85,
      2103.41
    ]
  }
}