{
  "id": "c0c21d0e-8101-44eb-93d3-0a355d40cd57",
  "duration": 12.373,
  "pitch": {
    "mean": 407.85,
    "max": 2039.51,
    "std": 276.22,
    "max_mean_ratio": 5.0
  },
  "energy": {
    "mean": 0.063667,
    "max": 0.202857,
    "std": 0.047152,
    "rate_of_change": 0.016127
  },
  "speech_rate": {
    "chars_per_sec": 15.34,
    "words_per_sec": 3.0,
    "segment_count": 9
  },
  "spectral_centroid": {
    "mean": 1805.37
  },
  "timeseries": {
    "frame_sec": 0.5,
    "pitch": [
      349.58,
      474.68,
      216.5,
      313.73,
      417.37,
      453.12,
      417.74,
      274.56,
      164.54,
      128.34,
      273.11,
      402.48,
      421.41,
      146.19,
      327.98,
      480.06,
      517.19,
      337.63,
      305.03,
      255.23,
      476.54,
      926.65,
      804.87,
      496.82,
      598.19
    ],
    "energy": [
      0.10102,
      0.08398,
      0.011749,
      0.035325,
      0.05669,
      0.0613,
      0.067706,
      0.049142,
      0.008227,
      0.011277,
      0.02235,
      0.077659,
      0.059479,
      0.005967,
      0.06394,
      0.080941,
      0.058834,
      0.030624,
      0.022151,
      0.05916,
      0.067885,
      0.169498,
      0.141793,
      0.091546,
      0.087145
    ],
    "spectral_centroid": [
      1170.71,
      1616.48,
      1850.2,
      1571.49,
      1631.68,
      1945.57,
      1822.62,
      1586.36,
      1927.69,
      1600.7,
      1607.83,
      2576.71,
      1959.31,
      1937.64,
      2189.03,
      1817.11,
      1853.4,
      1596.43,
      1574.32,
      2131.79,
      1502.07,
      1800.55,
      1927.55,
      1984.32,
      1877.44
    ]
  }
}