{
  "id": "c0c7ef3e-c5f0-4b3b-a3a5-b1c5902eb19c",
  "duration": 9.024,
  "pitch": {
    "mean": 410.62,
    "max": 1937.84,
    "std": 319.79,
    "max_mean_ratio": 4.72
  },
  "energy": {
    "mean": 0.117759,
    "max": 0.241889,
    "std": 0.066275,
    "rate_of_change": 0.025798
  },
  "speech_rate": {
    "chars_per_sec": 10.64,
    "words_per_sec": 1.72,
    "segment_count": 6
  },
  "spectral_centroid": {
    "mean": 1925.31
  },
  "timeseries": {
    "frame_sec": 0.5,
    "pitch": [
      312.93,
      88.96,
      247.39,
      473.39,
      490.48,
      452.05,
      537.81,
      267.43,
      537.4,
      299.9,
      394.65,
      370.31,
      502.98,
      344.25,
      340.49,
      506.62,
      800.2,
      435.14,
      97.95
    ],
    "energy": [
      0.057517,
      0.027593,
      0.085489,
      0.133396,
      0.097679,
      0.095312,
      0.139063,
      0.108426,
      0.178693,
      0.028873,
      0.088933,
      0.090985,
      0.147933,
      0.110261,
      0.16927,
      0.165353,
      0.166225,
      0.141036,
      0.012973
    ],
    "spectral_centroid": [
      1769.65,
      2056.9,
      1792.7,
      1952.54,
      2076.69,
      2038.42,
      1894.21,
      1703.44,
      1747.93,
      1466.22,
      1530.37,
      2114.08,
      1725.4,
      2204.11,
      2528.67,
      1753.48,
      2050.68,
      2224.75,
      1971.15
    ]
  }
}