{
  "id": "c10777df-a461-44b3-8db3-6eae114dd869",
  "duration": 6.144,
  "pitch": {
    "mean": 247.27,
    "max": 1265.16,
    "std": 252.7,
    "max_mean_ratio": 5.12
  },
  "energy": {
    "mean": 0.08783,
    "max": 0.230084,
    "std": 0.05775,
    "rate_of_change": 0.032356
  },
  "speech_rate": {
    "chars_per_sec": 8.05,
    "words_per_sec": 1.34,
    "segment_count": 3
  },
  "spectral_centroid": {
    "mean": 1725.4
  },
  "timeseries": {
    "frame_sec": 0.5,
    "pitch": [
      374.1,
      104.96,
      263.86,
      474.98,
      151.09,
      82.88,
      159.34,
      211.26,
      95.01,
      87.34,
      370.88,
      587.88,
      763.04
    ],
    "energy": [
      0.121118,
      0.04832,
      0.087299,
      0.172082,
      0.045824,
      0.042482,
      0.045752,
      0.050989,
      0.049223,
      0.056149,
      0.104602,
      0.152633,
      0.185683
    ],
    "spectral_centroid": [
      1876.44,
      1758.3,
      1742.53,
      1643.89,
      1599.92,
      1374.84,
      1677.9,
      1957.03,
      1704.91,
      1804.41,
      1765.53,
      1843.97,
      1467.39
    ]
  }
}