{
  "id": "c1166cac-1a02-49f6-812d-84f4b7736b63",
  "duration": 10.603,
  "pitch": {
    "mean": 531.08,
    "max": 1821.87,
    "std": 378.27,
    "max_mean_ratio": 3.43
  },
  "energy": {
    "mean": 0.072251,
    "max": 0.186349,
    "std": 0.041248,
    "rate_of_change": 0.016833
  },
  "speech_rate": {
    "chars_per_sec": 15.19,
    "words_per_sec": 2.69,
    "segment_count": 5
  },
  "spectral_centroid": {
    "mean": 2281.62
  },
  "timeseries": {
    "frame_sec": 0.5,
    "pitch": [
      964.49,
      482.41,
      406.41,
      611.11,
      473.81,
      763.89,
      377.68,
      596.97,
      591.73,
      352.88,
      564.75,
      548.06,
      548.34,
      521.0,
      478.05,
      597.41,
      115.89,
      195.23,
      620.17,
      624.1,
      920.68,
      178.11
    ],
    "energy": [
      0.089314,
      0.019273,
      0.051767,
      0.075492,
      0.076894,
      0.078437,
      0.054732,
      0.069411,
      0.08359,
      0.024586,
      0.063865,
      0.075268,
      0.072509,
      0.053568,
      0.083472,
      0.104113,
      0.017035,
      0.028548,
      0.125101,
      0.08559,
      0.118806,
      0.019975
    ],
    "spectral_centroid": [
      2215.53,
      2121.83,
      2328.0,
      2455.96,
      2524.59,
      2237.22,
      2196.42,
      2488.5,
      2474.45,
      2185.7,
      2269.49,
      2222.65,
      2179.37,
      2215.38,
      2398.22,
      2226.14,
      1905.7,
      2147.26,
      2250.96,
      2518.93,
      2349.81,
      2045.96
    ]
  }
}