{
  "id": "c13f40b8-fc60-40b2-b6ae-bb1653efe67b",
  "duration": 11.435,
  "pitch": {
    "mean": 476.14,
    "max": 2060.01,
    "std": 494.44,
    "max_mean_ratio": 4.33
  },
  "energy": {
    "mean": 0.112174,
    "max": 0.309584,
    "std": 0.061619,
    "rate_of_change": 0.023831
  },
  "speech_rate": {
    "chars_per_sec": 9.35,
    "words_per_sec": 1.68,
    "segment_count": 5
  },
  "spectral_centroid": {
    "mean": 2064.31
  },
  "timeseries": {
    "frame_sec": 0.5,
    "pitch": [
      149.1,
      426.89,
      690.92,
      782.6,
      362.38,
      368.24,
      321.33,
      136.7,
      397.32,
      377.35,
      997.27,
      1008.02,
      388.59,
      369.58,
      372.71,
      528.09,
      529.35,
      753.88,
      608.02,
      233.98,
      236.21,
      558.81,
      852.35
    ],
    "energy": [
      0.057217,
      0.062399,
      0.137014,
      0.160914,
      0.137198,
      0.115653,
      0.065152,
      0.074332,
      0.140065,
      0.120266,
      0.106362,
      0.046883,
      0.04861,
      0.049478,
      0.048337,
      0.088883,
      0.183112,
      0.155629,
      0.193364,
      0.106412,
      0.087574,
      0.10535,
      0.192021
    ],
    "spectral_centroid": [
      1947.08,
      2503.45,
      1958.37,
      1893.54,
      2250.6,
      2104.79,
      2024.82,
      2052.81,
      1746.68,
      1866.5,
      1859.91,
      2239.44,
      2079.97,
      1910.9,
      1942.59,
      2159.02,
      1812.25,
      1855.38,
      1863.69,
      2074.74,
      2702.48,
      2438.17,
      2117.0
    ]
  }
}