{
  "id": "c1447945-93ee-4e2f-8ec9-4cacd729e3dd",
  "duration": 7.979,
  "pitch": {
    "mean": 285.07,
    "max": 1041.45,
    "std": 240.81,
    "max_mean_ratio": 3.65
  },
  "energy": {
    "mean": 0.059179,
    "max": 0.198379,
    "std": 0.055373,
    "rate_of_change": 0.024215
  },
  "speech_rate": {
    "chars_per_sec": 10.73,
    "words_per_sec": 1.96,
    "segment_count": 2
  },
  "spectral_centroid": {
    "mean": 2087.24
  },
  "timeseries": {
    "frame_sec": 0.5,
    "pitch": [
      211.84,
      180.59,
      132.68,
      244.09,
      247.39,
      247.32,
      269.31,
      305.05,
      109.44,
      119.28,
      240.44,
      722.64,
      687.79,
      567.1,
      130.94,
      232.7
    ],
    "energy": [
      0.008571,
      0.008927,
      0.03472,
      0.081699,
      0.101036,
      0.101489,
      0.057895,
      0.027906,
      0.008144,
      0.01425,
      0.038166,
      0.146509,
      0.132104,
      0.09972,
      0.019754,
      0.02207
    ],
    "spectral_centroid": [
      2723.34,
      2475.09,
      2302.71,
      1650.47,
      1121.1,
      1467.96,
      1434.12,
      1961.39,
      2173.04,
      2509.52,
      2451.06,
      1833.58,
      2220.05,
      2120.79,
      2372.7,
      2596.06
    ]
  }
}