{
  "id": "c1d1be43-abe2-4db8-83c2-b5a639327354",
  "duration": 12.992,
  "pitch": {
    "mean": 576.46,
    "max": 2085.98,
    "std": 364.82,
    "max_mean_ratio": 3.62
  },
  "energy": {
    "mean": 0.087066,
    "max": 0.16976,
    "std": 0.038333,
    "rate_of_change": 0.011847
  },
  "speech_rate": {
    "chars_per_sec": 22.51,
    "words_per_sec": 4.97,
    "segment_count": 9
  },
  "spectral_centroid": {
    "mean": 2029.89
  },
  "timeseries": {
    "frame_sec": 0.5,
    "pitch": [
      533.37,
      570.23,
      529.17,
      594.67,
      348.55,
      422.84,
      579.87,
      386.93,
      424.17,
      431.82,
      568.32,
      371.43,
      548.05,
      349.33,
      495.05,
      794.62,
      802.81,
      632.93,
      538.23,
      982.79,
      426.78,
      854.18,
      687.24,
      745.07,
      844.83,
      487.11
    ],
    "energy": [
      0.071013,
      0.069911,
      0.07231,
      0.081111,
      0.038943,
      0.069204,
      0.064673,
      0.077634,
      0.066887,
      0.080785,
      0.069124,
      0.09244,
      0.116504,
      0.030709,
      0.061672,
      0.10901,
      0.1021,
      0.113713,
      0.114598,
      0.131621,
      0.110084,
      0.069204,
      0.080102,
      0.133535,
      0.059641,
      0.079634
    ],
    "spectral_centroid": [
      2118.64,
      1928.49,
      1892.66,
      1432.11,
      1838.56,
      1943.37,
      2012.25,
      1590.94,
      1889.9,
      2816.09,
      2503.49,
      1750.33,
      2230.57,
      2140.81,
      2438.85,
      2116.59,
      1832.32,
      1828.87,
      2036.54,
      2060.83,
      2145.39,
      1947.7,
      2020.98,
      2003.87,
      2315.57,
      1838.25
    ]
  }
}