{
  "id": "c1ef7ebd-2a23-4b00-af0e-19182fef3568",
  "duration": 19.051,
  "pitch": {
    "mean": 506.63,
    "max": 2073.71,
    "std": 381.55,
    "max_mean_ratio": 4.09
  },
  "energy": {
    "mean": 0.080322,
    "max": 0.264315,
    "std": 0.050914,
    "rate_of_change": 0.013729
  },
  "speech_rate": {
    "chars_per_sec": 15.33,
    "words_per_sec": 2.61,
    "segment_count": 3
  },
  "spectral_centroid": {
    "mean": 2005.68
  },
  "timeseries": {
    "frame_sec": 0.5,
    "pitch": [
      565.49,
      399.78,
      641.42,
      866.95,
      365.15,
      451.2,
      415.56,
      666.56,
      304.95,
      248.07,
      191.56,
      372.82,
      624.68,
      645.81,
      763.32,
      795.6,
      412.24,
      726.96,
      420.03,
      483.86,
      338.0,
      352.42,
      432.65,
      418.73,
      308.36,
      534.38,
      579.03,
      740.37,
      431.43,
      598.82,
      668.54,
      845.57,
      395.73,
      619.15,
      672.29,
      475.6,
      384.8,
      625.32,
      143.45
    ],
    "energy": [
      0.085567,
      0.03379,
      0.073709,
      0.050575,
      0.060302,
      0.072684,
      0.08094,
      0.077495,
      0.009826,
      0.011004,
      0.007047,
      0.077388,
      0.074023,
      0.090843,
      0.152989,
      0.04557,
      0.068294,
      0.087343,
      0.091042,
      0.088011,
      0.059443,
      0.049241,
      0.085328,
      0.090867,
      0.004048,
      0.075558,
      0.066951,
      0.08376,
      0.074942,
      0.074838,
      0.126774,
      0.131677,
      0.072749,
      0.077739,
      0.124703,
      0.123389,
      0.131844,
      0.133878,
      0.024645
    ],
    "spectral_centroid": [
      1962.27,
      1931.23,
      2274.75,
      2077.74,
      2106.89,
      1756.52,
      1138.06,
      1767.32,
      1545.96,
      1475.68,
      2129.79,
      2478.04,
      1648.02,
      2129.21,
      2029.23,
      2054.01,
      2024.87,
      2001.42,
      1004.29,
      2187.28,
      2176.46,
      2018.63,
      2023.34,
      2136.48,
      1579.65,
      2129.55,
      2011.69,
      2416.66,
      2089.41,
      1923.36,
      2049.58,
      1919.81,
      3297.02,
      2297.4,
      1930.36,
      1879.39,
      2384.44,
      2014.2,
      1481.43
    ]
  }
}