{
  "id": "c20efa52-abdd-4cad-9444-c793f04d75e8",
  "duration": 12.224,
  "pitch": {
    "mean": 423.6,
    "max": 1663.79,
    "std": 206.6,
    "max_mean_ratio": 3.93
  },
  "energy": {
    "mean": 0.043928,
    "max": 0.12202,
    "std": 0.023241,
    "rate_of_change": 0.009427
  },
  "speech_rate": {
    "chars_per_sec": 21.72,
    "words_per_sec": 4.43,
    "segment_count": 3
  },
  "spectral_centroid": {
    "mean": 1712.2
  },
  "timeseries": {
    "frame_sec": 0.5,
    "pitch": [
      516.92,
      319.14,
      390.43,
      392.99,
      401.98,
      417.63,
      420.84,
      418.93,
      369.17,
      538.93,
      339.48,
      350.54,
      565.65,
      274.06,
      443.19,
      329.84,
      469.55,
      350.77,
      430.0,
      644.53,
      453.21,
      454.55,
      384.93,
      415.07,
      435.38
    ],
    "energy": [
      0.024612,
      0.030196,
      0.03144,
      0.030473,
      0.053261,
      0.054582,
      0.039841,
      0.02593,
      0.036064,
      0.032607,
      0.027017,
      0.046552,
      0.037563,
      0.020596,
      0.045902,
      0.029898,
      0.040311,
      0.027943,
      0.070058,
      0.065227,
      0.061408,
      0.06534,
      0.051409,
      0.065475,
      0.025381
    ],
    "spectral_centroid": [
      1665.78,
      2335.89,
      1499.4,
      1429.03,
      1424.86,
      1619.05,
      1427.88,
      1368.07,
      1515.15,
      1551.75,
      1485.19,
      1875.0,
      1673.6,
      2289.4,
      1523.93,
      1569.13,
      1665.17,
      2123.28,
      1844.36,
      1785.65,
      1867.8,
      1793.92,
      1907.49,
      1859.6,
      1697.64
    ]
  }
}