{
  "id": "c263f626-1149-449b-ae90-ab8408accfc8",
  "duration": 10.987,
  "pitch": {
    "mean": 423.07,
    "max": 1837.81,
    "std": 272.24,
    "max_mean_ratio": 4.34
  },
  "energy": {
    "mean": 0.055139,
    "max": 0.184897,
    "std": 0.031476,
    "rate_of_change": 0.016121
  },
  "speech_rate": {
    "chars_per_sec": 14.96,
    "words_per_sec": 2.74,
    "segment_count": 6
  },
  "spectral_centroid": {
    "mean": 1856.33
  },
  "timeseries": {
    "frame_sec": 0.5,
    "pitch": [
      338.15,
      449.36,
      503.47,
      485.65,
      447.86,
      397.33,
      268.04,
      266.4,
      338.13,
      293.24,
      470.28,
      445.21,
      362.37,
      382.76,
      465.03,
      486.88,
      199.38,
      522.71,
      556.34,
      471.92,
      571.54,
      490.12
    ],
    "energy": [
      0.045303,
      0.053088,
      0.047875,
      0.036817,
      0.035186,
      0.02791,
      0.029786,
      0.039461,
      0.04054,
      0.048155,
      0.034746,
      0.055137,
      0.030784,
      0.043697,
      0.036483,
      0.061259,
      0.047635,
      0.087316,
      0.1122,
      0.098991,
      0.097162,
      0.044635
    ],
    "spectral_centroid": [
      1974.84,
      1654.19,
      1654.77,
      1809.01,
      1693.01,
      2010.32,
      1919.92,
      1981.86,
      2505.28,
      2125.87,
      1827.74,
      1765.2,
      1676.65,
      1733.95,
      1671.01,
      1399.57,
      1505.68,
      1824.79,
      2218.49,
      1973.89,
      1815.91,
      2007.29
    ]
  }
}