{
  "id": "c2bf0684-c1c7-4843-aa64-939f10f32ac0",
  "duration": 9.237,
  "pitch": {
    "mean": 418.23,
    "max": 2085.94,
    "std": 398.06,
    "max_mean_ratio": 4.99
  },
  "energy": {
    "mean": 0.05674,
    "max": 0.113922,
    "std": 0.014554,
    "rate_of_change": 0.009087
  },
  "speech_rate": {
    "chars_per_sec": 17.35,
    "words_per_sec": 4.01,
    "segment_count": 2
  },
  "spectral_centroid": {
    "mean": 2076.78
  },
  "timeseries": {
    "frame_sec": 0.5,
    "pitch": [
      534.11,
      383.91,
      441.74,
      789.83,
      183.04,
      428.67,
      708.56,
      417.14,
      185.96,
      406.43,
      167.65,
      547.83,
      274.0,
      350.24,
      707.06,
      477.32,
      388.93,
      343.94,
      235.39
    ],
    "energy": [
      0.04859,
      0.053393,
      0.077916,
      0.050391,
      0.060106,
      0.055897,
      0.062105,
      0.040165,
      0.048504,
      0.042662,
      0.064685,
      0.063352,
      0.057621,
      0.050725,
      0.044577,
      0.038843,
      0.049184,
      0.072636,
      0.052819
    ],
    "spectral_centroid": [
      2676.98,
      1850.13,
      1814.04,
      2005.4,
      2099.69,
      1931.65,
      1975.71,
      2143.09,
      1927.38,
      1791.02,
      1934.22,
      2413.66,
      2037.3,
      2144.77,
      2201.39,
      2063.87,
      2221.26,
      1801.53,
      2655.87
    ]
  }
}