{
  "id": "c2e61b30-c78e-4e6d-880e-9266cf3a8e4a",
  "duration": 11.435,
  "pitch": {
    "mean": 444.53,
    "max": 2084.92,
    "std": 307.92,
    "max_mean_ratio": 4.69
  },
  "energy": {
    "mean": 0.048255,
    "max": 0.133351,
    "std": 0.029422,
    "rate_of_change": 0.011048
  },
  "speech_rate": {
    "chars_per_sec": 9.79,
    "words_per_sec": 2.1,
    "segment_count": 2
  },
  "spectral_centroid": {
    "mean": 1955.37
  },
  "timeseries": {
    "frame_sec": 0.5,
    "pitch": [
      389.29,
      358.74,
      323.59,
      225.43,
      360.67,
      416.48,
      391.14,
      630.69,
      451.93,
      433.04,
      278.02,
      193.46,
      475.62,
      595.83,
      529.31,
      460.79,
      552.58,
      454.46,
      498.59,
      410.12,
      628.19,
      676.89,
      444.33
    ],
    "energy": [
      0.030825,
      0.028524,
      0.037935,
      0.04103,
      0.064338,
      0.051192,
      0.040884,
      0.036072,
      0.025087,
      0.02688,
      0.021333,
      0.021142,
      0.01137,
      0.041124,
      0.087429,
      0.095138,
      0.048345,
      0.051929,
      0.078087,
      0.062131,
      0.082181,
      0.027736,
      0.052473
    ],
    "spectral_centroid": [
      1774.77,
      1740.72,
      1861.02,
      1606.49,
      1664.35,
      2244.93,
      1769.12,
      1721.62,
      1923.83,
      1961.88,
      1790.94,
      1966.16,
      2129.59,
      2694.31,
      1869.73,
      1572.66,
      2024.57,
      2277.45,
      1873.3,
      2151.58,
      1944.12,
      2525.73,
      1919.96
    ]
  }
}