{
  "id": "c3265352-e433-4e73-a055-63fbe851b0ee",
  "duration": 8.789,
  "pitch": {
    "mean": 417.99,
    "max": 1764.03,
    "std": 304.44,
    "max_mean_ratio": 4.22
  },
  "energy": {
    "mean": 0.024827,
    "max": 0.080586,
    "std": 0.017421,
    "rate_of_change": 0.008758
  },
  "speech_rate": {
    "chars_per_sec": 11.15,
    "words_per_sec": 1.67,
    "segment_count": 2
  },
  "spectral_centroid": {
    "mean": 1897.6
  },
  "timeseries": {
    "frame_sec": 0.5,
    "pitch": [
      388.45,
      505.63,
      485.43,
      473.61,
      356.97,
      249.33,
      165.74,
      544.79,
      348.31,
      396.26,
      549.43,
      707.26,
      124.9,
      342.34,
      649.36,
      393.6,
      366.1,
      513.01
    ],
    "energy": [
      0.023205,
      0.039945,
      0.019416,
      0.013917,
      0.019467,
      0.027549,
      0.007639,
      0.005802,
      0.015113,
      0.018153,
      0.043603,
      0.042495,
      0.014376,
      0.016693,
      0.037604,
      0.034253,
      0.023694,
      0.033083
    ],
    "spectral_centroid": [
      2033.94,
      1794.42,
      1713.87,
      2094.69,
      1696.86,
      1778.94,
      1733.48,
      1846.89,
      1606.85,
      2012.24,
      1749.6,
      1727.79,
      2260.4,
      2484.46,
      1978.32,
      1968.49,
      1929.51,
      1637.62
    ]
  }
}