{
  "id": "c35ae819-355b-415d-a477-f7b3d9f2834c",
  "duration": 5.397,
  "pitch": {
    "mean": 427.09,
    "max": 1486.42,
    "std": 323.79,
    "max_mean_ratio": 3.48
  },
  "energy": {
    "mean": 0.056907,
    "max": 0.096501,
    "std": 0.017691,
    "rate_of_change": 0.012689
  },
  "speech_rate": {
    "chars_per_sec": 15.99,
    "words_per_sec": 2.79,
    "segment_count": 1
  },
  "spectral_centroid": {
    "mean": 2100.77
  },
  "timeseries": {
    "frame_sec": 0.5,
    "pitch": [
      361.14,
      919.24,
      376.81,
      380.26,
      183.33,
      594.72,
      474.77,
      388.29,
      183.89,
      668.74,
      260.59
    ],
    "energy": [
      0.051813,
      0.028436,
      0.043047,
      0.055145,
      0.04975,
      0.055929,
      0.054143,
      0.058894,
      0.061576,
      0.084121,
      0.057294
    ],
    "spectral_centroid": [
      1626.22,
      1951.36,
      1962.26,
      1886.44,
      2586.09,
      1952.79,
      1786.92,
      2093.16,
      2252.27,
      2311.08,
      2836.59
    ]
  }
}