{
  "id": "c3898f5f-49eb-41e2-b96e-9c1deb37766e",
  "duration": 12.843,
  "pitch": {
    "mean": 303.21,
    "max": 1168.02,
    "std": 181.86,
    "max_mean_ratio": 3.85
  },
  "energy": {
    "mean": 0.051782,
    "max": 0.243593,
    "std": 0.042518,
    "rate_of_change": 0.018153
  },
  "speech_rate": {
    "chars_per_sec": 16.82,
    "words_per_sec": 3.04,
    "segment_count": 9
  },
  "spectral_centroid": {
    "mean": 1765.43
  },
  "timeseries": {
    "frame_sec": 0.5,
    "pitch": [
      320.38,
      315.04,
      377.93,
      342.81,
      166.91,
      272.06,
      260.74,
      273.5,
      309.67,
      389.94,
      300.94,
      308.93,
      331.83,
      314.14,
      279.47,
      118.19,
      325.4,
      255.95,
      137.49,
      128.96,
      333.52,
      551.72,
      478.07,
      476.45,
      245.76,
      424.15
    ],
    "energy": [
      0.035556,
      0.036905,
      0.044804,
      0.036755,
      0.025286,
      0.036145,
      0.018346,
      0.029723,
      0.045737,
      0.060767,
      0.045731,
      0.042481,
      0.053202,
      0.044416,
      0.042603,
      0.01688,
      0.050492,
      0.040774,
      0.027791,
      0.030373,
      0.082237,
      0.155562,
      0.089914,
      0.065166,
      0.022931,
      0.123981
    ],
    "spectral_centroid": [
      1770.9,
      1958.96,
      1472.09,
      1515.82,
      2263.83,
      1906.33,
      1820.44,
      1739.04,
      1556.35,
      1626.69,
      1628.33,
      2241.11,
      1867.11,
      1953.96,
      1521.68,
      1957.18,
      1477.87,
      1563.39,
      1526.1,
      1768.31,
      1595.73,
      1787.39,
      1902.16,
      1836.83,
      1939.3,
      1590.53
    ]
  }
}