{
  "id": "c3a0a448-beb9-4b09-9d28-1aa9cc1efe02",
  "duration": 7.552,
  "pitch": {
    "mean": 303.07,
    "max": 1130.23,
    "std": 233.52,
    "max_mean_ratio": 3.73
  },
  "energy": {
    "mean": 0.014985,
    "max": 0.05627,
    "std": 0.01064,
    "rate_of_change": 0.006995
  },
  "speech_rate": {
    "chars_per_sec": 9.71,
    "words_per_sec": 1.99,
    "segment_count": 1
  },
  "spectral_centroid": {
    "mean": 1754.76
  },
  "timeseries": {
    "frame_sec": 0.5,
    "pitch": [
      297.49,
      605.31,
      591.84,
      355.53,
      106.25,
      129.6,
      132.24,
      181.26,
      248.76,
      189.43,
      350.69,
      387.53,
      158.55,
      361.93,
      365.01,
      142.44
    ],
    "energy": [
      0.012616,
      0.036213,
      0.020575,
      0.02569,
      0.008613,
      0.004498,
      0.004552,
      0.006655,
      0.008804,
      0.008163,
      0.011824,
      0.019255,
      0.00968,
      0.020262,
      0.018671,
      0.004878
    ],
    "spectral_centroid": [
      1911.04,
      1263.68,
      1626.26,
      1803.53,
      1590.47,
      2111.96,
      1928.78,
      1670.85,
      1776.16,
      1535.37,
      1587.46,
      1731.91,
      1859.55,
      1947.27,
      1872.17,
      2515.74
    ]
  }
}