{
  "id": "c413b1e1-7bab-4af9-977c-ac99474c1bae",
  "duration": 13.845,
  "pitch": {
    "mean": 369.77,
    "max": 1896.12,
    "std": 290.12,
    "max_mean_ratio": 5.13
  },
  "energy": {
    "mean": 0.029828,
    "max": 0.300604,
    "std": 0.034861,
    "rate_of_change": 0.021343
  },
  "speech_rate": {
    "chars_per_sec": 12.54,
    "words_per_sec": 2.4,
    "segment_count": 6
  },
  "spectral_centroid": {
    "mean": 2019.36
  },
  "timeseries": {
    "frame_sec": 0.5,
    "pitch": [
      365.88,
      405.45,
      542.8,
      411.71,
      460.58,
      491.98,
      259.94,
      381.23,
      237.82,
      160.13,
      225.82,
      118.11,
      616.41,
      317.7,
      331.0,
      348.12,
      339.47,
      320.55,
      274.26,
      264.26,
      683.09,
      118.97,
      439.61,
      482.86,
      334.72,
      576.43,
      307.61,
      269.33
    ],
    "energy": [
      0.032264,
      0.038524,
      0.050062,
      0.024483,
      0.021239,
      0.021519,
      0.01242,
      0.019987,
      0.017241,
      0.014006,
      0.008403,
      0.010101,
      0.027012,
      0.034318,
      0.031486,
      0.020207,
      0.022835,
      0.024223,
      0.006643,
      0.009121,
      0.009579,
      0.012423,
      0.03293,
      0.055588,
      0.051901,
      0.148061,
      0.02187,
      0.015042
    ],
    "spectral_centroid": [
      2440.78,
      2547.77,
      1955.86,
      1993.89,
      1979.71,
      1847.91,
      1828.2,
      1591.22,
      1773.62,
      1831.47,
      1861.51,
      1953.1,
      2198.71,
      1871.33,
      1914.77,
      2016.56,
      1954.91,
      2395.01,
      1805.26,
      1859.03,
      1857.74,
      2159.62,
      2096.32,
      2116.99,
      2280.1,
      2031.54,
      2138.99,
      2282.98
    ]
  }
}