{
  "id": "c415f7d8-4542-4bd5-8b19-b833b8d8ba83",
  "duration": 6.997,
  "pitch": {
    "mean": 532.15,
    "max": 1828.5,
    "std": 442.86,
    "max_mean_ratio": 3.44
  },
  "energy": {
    "mean": 0.064284,
    "max": 0.267597,
    "std": 0.052254,
    "rate_of_change": 0.03691
  },
  "speech_rate": {
    "chars_per_sec": 12.03,
    "words_per_sec": 2.15,
    "segment_count": 6
  },
  "spectral_centroid": {
    "mean": 2009.4
  },
  "timeseries": {
    "frame_sec": 0.5,
    "pitch": [
      783.17,
      661.45,
      670.96,
      207.72,
      201.92,
      519.46,
      562.77,
      577.14,
      704.34,
      569.12,
      180.47,
      390.95,
      346.71,
      655.41
    ],
    "energy": [
      0.108117,
      0.093304,
      0.022234,
      0.021808,
      0.015478,
      0.011406,
      0.098447,
      0.066326,
      0.060071,
      0.112594,
      0.034489,
      0.129504,
      0.032152,
      0.061721
    ],
    "spectral_centroid": [
      1610.74,
      1637.5,
      1806.29,
      1691.55,
      1675.2,
      1688.05,
      1790.36,
      2465.31,
      2857.69,
      2076.38,
      2347.43,
      1608.59,
      2242.06,
      2739.5
    ]
  }
}