{
  "id": "c4233c06-6da1-4dbe-ac02-acb11ebb9365",
  "duration": 11.115,
  "pitch": {
    "mean": 665.03,
    "max": 1398.82,
    "std": 245.93,
    "max_mean_ratio": 2.1
  },
  "energy": {
    "mean": 0.069433,
    "max": 0.248725,
    "std": 0.046817,
    "rate_of_change": 0.021
  },
  "speech_rate": {
    "chars_per_sec": 17.12,
    "words_per_sec": 3.4,
    "segment_count": 4
  },
  "spectral_centroid": {
    "mean": 1578.61
  },
  "timeseries": {
    "frame_sec": 0.5,
    "pitch": [
      430.32,
      701.34,
      898.73,
      888.14,
      576.07,
      603.6,
      679.15,
      511.93,
      456.52,
      652.73,
      549.63,
      570.15,
      778.92,
      516.36,
      619.71,
      925.8,
      813.65,
      714.88,
      607.8,
      699.13,
      902.24,
      655.71,
      572.12
    ],
    "energy": [
      0.081381,
      0.043377,
      0.026579,
      0.03168,
      0.03153,
      0.050912,
      0.080589,
      0.041757,
      0.061017,
      0.02569,
      0.025861,
      0.040897,
      0.027946,
      0.086348,
      0.064377,
      0.068136,
      0.077797,
      0.09803,
      0.117991,
      0.179062,
      0.136978,
      0.073227,
      0.030358
    ],
    "spectral_centroid": [
      1537.93,
      1360.46,
      1648.29,
      2139.24,
      1912.91,
      1404.4,
      1580.54,
      1643.12,
      1376.18,
      1450.57,
      1599.73,
      1453.13,
      1692.59,
      1457.65,
      1571.7,
      1690.03,
      1681.79,
      1698.43,
      1529.47,
      1472.84,
      1394.14,
      1481.86,
      1594.6
    ]
  }
}