{
  "id": "c5238346-1eec-45f8-b961-a20007740ed7",
  "duration": 15.637,
  "pitch": {
    "mean": 278.94,
    "max": 2022.52,
    "std": 346.12,
    "max_mean_ratio": 7.25
  },
  "energy": {
    "mean": 0.005017,
    "max": 0.014146,
    "std": 0.00282,
    "rate_of_change": 0.000831
  },
  "speech_rate": {
    "chars_per_sec": 0.0,
    "words_per_sec": 0.0,
    "segment_count": 0
  },
  "spectral_centroid": {
    "mean": 1914.89
  },
  "timeseries": {
    "frame_sec": 0.5,
    "pitch": [
      212.81,
      355.44,
      153.54,
      437.28,
      485.1,
      585.45,
      125.78,
      134.96,
      133.63,
      139.96,
      352.13,
      192.52,
      131.14,
      122.33,
      171.44,
      105.62,
      97.37,
      656.75,
      1189.15,
      140.37,
      130.55,
      222.8,
      977.09,
      115.7,
      123.26,
      352.46,
      129.14,
      141.3,
      192.81,
      152.54,
      133.7,
      101.11
    ],
    "energy": [
      0.002121,
      0.004777,
      0.004205,
      0.0064,
      0.004885,
      0.003198,
      0.003378,
      0.00436,
      0.003958,
      0.004698,
      0.004034,
      0.009651,
      0.007775,
      0.005808,
      0.003143,
      0.003517,
      0.002355,
      0.004524,
      0.00485,
      0.001493,
      0.005642,
      0.004072,
      0.007032,
      0.003577,
      0.002611,
      0.00441,
      0.011851,
      0.008289,
      0.005467,
      0.002999,
      0.003976,
      0.004497
    ],
    "spectral_centroid": [
      1454.53,
      1350.07,
      1164.06,
      1507.76,
      1680.89,
      2172.42,
      1972.25,
      1919.86,
      2794.03,
      1905.11,
      2936.7,
      2070.59,
      1861.55,
      2255.95,
      2026.44,
      1561.14,
      2022.86,
      1933.72,
      2207.74,
      2474.58,
      1499.01,
      1217.17,
      1891.77,
      2169.12,
      1791.34,
      1860.18,
      2357.82,
      1894.39,
      1978.73,
      1771.13,
      1619.04,
      1891.61
    ]
  }
}