{
  "id": "c55da021-0eea-4fd1-b02a-b251971018e3",
  "duration": 7.019,
  "pitch": {
    "mean": 433.68,
    "max": 2041.28,
    "std": 327.91,
    "max_mean_ratio": 4.71
  },
  "energy": {
    "mean": 0.130559,
    "max": 0.292814,
    "std": 0.069214,
    "rate_of_change": 0.038143
  },
  "speech_rate": {
    "chars_per_sec": 11.0,
    "words_per_sec": 2.0,
    "segment_count": 4
  },
  "spectral_centroid": {
    "mean": 1922.41
  },
  "timeseries": {
    "frame_sec": 0.5,
    "pitch": [
      105.33,
      132.97,
      158.94,
      596.02,
      544.06,
      515.92,
      281.3,
      586.53,
      857.04,
      538.92,
      407.65,
      388.88,
      494.52,
      417.18,
      308.06
    ],
    "energy": [
      0.031947,
      0.029174,
      0.035825,
      0.169177,
      0.139499,
      0.101816,
      0.131915,
      0.18514,
      0.148497,
      0.143398,
      0.137118,
      0.176432,
      0.176968,
      0.144716,
      0.027593
    ],
    "spectral_centroid": [
      1474.51,
      1763.99,
      1610.71,
      1765.7,
      1834.67,
      1884.83,
      2253.14,
      2112.32,
      1945.22,
      2027.28,
      1717.81,
      2207.13,
      1950.04,
      2213.8,
      3265.09
    ]
  }
}