{
  "id": "c5f1f0b3-4cff-433f-aa6c-ab7fad08d789",
  "duration": 5.568,
  "pitch": {
    "mean": 364.32,
    "max": 948.98,
    "std": 223.58,
    "max_mean_ratio": 2.6
  },
  "energy": {
    "mean": 0.045963,
    "max": 0.236629,
    "std": 0.042103,
    "rate_of_change": 0.041117
  },
  "speech_rate": {
    "chars_per_sec": 4.87,
    "words_per_sec": 0.92,
    "segment_count": 2
  },
  "spectral_centroid": {
    "mean": 1818.03
  },
  "timeseries": {
    "frame_sec": 0.5,
    "pitch": [
      455.96,
      304.15,
      369.36,
      239.23,
      202.56,
      416.3,
      377.53,
      310.41,
      469.14,
      320.02,
      375.95,
      393.39
    ],
    "energy": [
      0.070396,
      0.008489,
      0.056052,
      0.042795,
      0.056495,
      0.057019,
      0.01644,
      0.015912,
      0.061024,
      0.073541,
      0.032337,
      0.011001
    ],
    "spectral_centroid": [
      2329.62,
      1166.33,
      1309.42,
      1450.32,
      1469.41,
      1468.14,
      2023.43,
      2033.75,
      2045.04,
      2264.74,
      2221.28,
      2540.99
    ]
  }
}