{
  "id": "c632fbce-faa9-4060-be19-1375e896859b",
  "duration": 9.963,
  "pitch": {
    "mean": 413.35,
    "max": 2068.82,
    "std": 248.95,
    "max_mean_ratio": 5.01
  },
  "energy": {
    "mean": 0.103427,
    "max": 0.406798,
    "std": 0.088116,
    "rate_of_change": 0.039924
  },
  "speech_rate": {
    "chars_per_sec": 12.27,
    "words_per_sec": 2.5,
    "segment_count": 5
  },
  "spectral_centroid": {
    "mean": 1932.05
  },
  "timeseries": {
    "frame_sec": 0.5,
    "pitch": [
      342.63,
      559.87,
      481.93,
      478.94,
      461.6,
      480.03,
      277.82,
      445.29,
      392.98,
      423.36,
      318.18,
      264.95,
      630.28,
      410.32,
      591.61,
      116.49,
      416.03,
      528.4,
      338.47,
      476.5
    ],
    "energy": [
      0.074513,
      0.152042,
      0.165456,
      0.085297,
      0.01144,
      0.021065,
      0.042065,
      0.0417,
      0.111228,
      0.048626,
      0.070583,
      0.104487,
      0.176921,
      0.259051,
      0.23874,
      0.010326,
      0.123752,
      0.125793,
      0.046194,
      0.078908
    ],
    "spectral_centroid": [
      1677.37,
      1694.62,
      1616.2,
      1747.39,
      2514.25,
      2112.76,
      1788.79,
      1780.93,
      1629.62,
      2218.77,
      2108.69,
      2135.82,
      1901.12,
      1770.34,
      1808.92,
      2503.09,
      1810.54,
      2057.96,
      2194.47,
      1459.36
    ]
  }
}