{
  "id": "c637fab8-7a07-4f41-ab87-56c134605bce",
  "duration": 9.024,
  "pitch": {
    "mean": 464.42,
    "max": 2081.07,
    "std": 396.69,
    "max_mean_ratio": 4.48
  },
  "energy": {
    "mean": 0.049991,
    "max": 0.106037,
    "std": 0.026511,
    "rate_of_change": 0.01097
  },
  "speech_rate": {
    "chars_per_sec": 16.74,
    "words_per_sec": 3.22,
    "segment_count": 2
  },
  "spectral_centroid": {
    "mean": 2206.91
  },
  "timeseries": {
    "frame_sec": 0.5,
    "pitch": [
      433.04,
      379.36,
      500.09,
      328.28,
      280.81,
      596.91,
      318.25,
      738.44,
      505.13,
      452.93,
      574.98,
      369.28,
      230.08,
      521.34,
      569.19,
      754.52,
      458.69,
      261.32,
      396.3
    ],
    "energy": [
      0.009709,
      0.038745,
      0.043229,
      0.036931,
      0.043306,
      0.057506,
      0.038894,
      0.038587,
      0.025559,
      0.0512,
      0.075164,
      0.053449,
      0.056944,
      0.066525,
      0.057213,
      0.063772,
      0.051708,
      0.043121,
      0.044213
    ],
    "spectral_centroid": [
      2853.09,
      2311.36,
      2418.01,
      2065.96,
      2564.75,
      1872.65,
      2290.4,
      2274.2,
      2629.45,
      2496.01,
      1574.14,
      2072.35,
      2717.7,
      1897.02,
      2029.4,
      1675.55,
      2059.24,
      1912.81,
      1740.67
    ]
  }
}