{
  "id": "c64e9651-743d-4e02-8f48-f88cc96428ff",
  "duration": 16.725,
  "pitch": {
    "mean": 414.58,
    "max": 2024.62,
    "std": 482.66,
    "max_mean_ratio": 4.88
  },
  "energy": {
    "mean": 0.015676,
    "max": 0.032091,
    "std": 0.005113,
    "rate_of_change": 0.001493
  },
  "speech_rate": {
    "chars_per_sec": 0.0,
    "words_per_sec": 0.0,
    "segment_count": 0
  },
  "spectral_centroid": {
    "mean": 2138.75
  },
  "timeseries": {
    "frame_sec": 0.5,
    "pitch": [
      315.71,
      148.36,
      143.9,
      563.91,
      115.06,
      241.78,
      160.83,
      315.74,
      302.12,
      672.09,
      215.9,
      440.95,
      239.38,
      650.04,
      536.03,
      431.54,
      413.44,
      147.32,
      650.45,
      457.57,
      201.18,
      685.57,
      448.04,
      680.49,
      748.67,
      295.14,
      417.88,
      264.87,
      315.03,
      129.17,
      1303.48,
      304.42,
      326.13,
      282.98
    ],
    "energy": [
      0.01539,
      0.020053,
      0.021812,
      0.015974,
      0.013334,
      0.011499,
      0.008744,
      0.013338,
      0.019173,
      0.015783,
      0.014238,
      0.013664,
      0.01263,
      0.010408,
      0.014671,
      0.011149,
      0.014089,
      0.014385,
      0.008738,
      0.012826,
      0.015231,
      0.015474,
      0.01878,
      0.013491,
      0.011059,
      0.01363,
      0.010995,
      0.014881,
      0.013677,
      0.025881,
      0.017858,
      0.026532,
      0.017506,
      0.014079
    ],
    "spectral_centroid": [
      2046.08,
      2194.19,
      2192.26,
      2008.47,
      2025.65,
      2064.04,
      2279.21,
      2231.93,
      2305.63,
      1965.76,
      2110.83,
      2008.31,
      2023.41,
      2101.87,
      2670.95,
      2294.07,
      2333.04,
      2019.47,
      2321.53,
      1918.36,
      1856.41,
      1978.54,
      2259.77,
      1945.33,
      2043.02,
      2139.02,
      2135.94,
      1888.47,
      1848.36,
      2394.55,
      2185.15,
      2403.5,
      2237.62,
      2317.81
    ]
  }
}