{
  "id": "c68b3b3a-0854-4f4a-8f28-feed5ca2b9b5",
  "duration": 10.603,
  "pitch": {
    "mean": 374.44,
    "max": 1408.1,
    "std": 267.54,
    "max_mean_ratio": 3.76
  },
  "energy": {
    "mean": 0.076591,
    "max": 0.221008,
    "std": 0.047033,
    "rate_of_change": 0.020776
  },
  "speech_rate": {
    "chars_per_sec": 7.26,
    "words_per_sec": 1.04,
    "segment_count": 2
  },
  "spectral_centroid": {
    "mean": 1773.66
  },
  "timeseries": {
    "frame_sec": 0.5,
    "pitch": [
      406.05,
      388.61,
      330.08,
      614.15,
      161.0,
      369.73,
      530.16,
      343.23,
      575.88,
      516.95,
      383.25,
      439.52,
      508.35,
      558.49,
      208.98,
      177.96,
      138.29,
      177.92,
      501.58,
      176.5,
      107.57,
      97.15
    ],
    "energy": [
      0.078504,
      0.10115,
      0.068888,
      0.119496,
      0.072493,
      0.08563,
      0.095904,
      0.085841,
      0.095522,
      0.089225,
      0.100187,
      0.13089,
      0.114878,
      0.105259,
      0.027337,
      0.017865,
      0.02715,
      0.007258,
      0.001408,
      0.058193,
      0.065833,
      0.042611
    ],
    "spectral_centroid": [
      2023.63,
      1652.84,
      2001.81,
      1856.1,
      1571.71,
      1982.97,
      1883.23,
      1427.96,
      1558.02,
      1968.09,
      1778.39,
      1622.44,
      1918.79,
      2070.46,
      1832.27,
      1725.12,
      1133.3,
      1247.55,
      1609.58,
      2229.27,
      2113.08,
      1860.96
    ]
  }
}