{
  "id": "c6fb530d-db60-4393-b98e-6a6313cdc10b",
  "duration": 10.901,
  "pitch": {
    "mean": 559.28,
    "max": 2085.69,
    "std": 525.59,
    "max_mean_ratio": 3.73
  },
  "energy": {
    "mean": 0.09142,
    "max": 0.260971,
    "std": 0.063387,
    "rate_of_change": 0.022678
  },
  "speech_rate": {
    "chars_per_sec": 8.62,
    "words_per_sec": 1.65,
    "segment_count": 3
  },
  "spectral_centroid": {
    "mean": 2045.08
  },
  "timeseries": {
    "frame_sec": 0.5,
    "pitch": [
      178.96,
      406.77,
      462.98,
      896.08,
      1301.48,
      299.23,
      287.33,
      253.65,
      751.86,
      1745.87,
      236.71,
      193.47,
      310.86,
      482.41,
      450.3,
      676.39,
      497.98,
      596.6,
      1034.98,
      876.25,
      373.69,
      359.75
    ],
    "energy": [
      0.021053,
      0.048153,
      0.025935,
      0.141947,
      0.203111,
      0.137175,
      0.061238,
      0.091153,
      0.140934,
      0.192654,
      0.022125,
      0.020041,
      0.06198,
      0.127622,
      0.064948,
      0.154401,
      0.103696,
      0.067125,
      0.075971,
      0.052242,
      0.059998,
      0.039815
    ],
    "spectral_centroid": [
      2170.28,
      1725.49,
      2218.52,
      1648.43,
      2003.17,
      2610.94,
      2704.41,
      3028.84,
      2118.51,
      2232.08,
      1761.7,
      1679.56,
      1816.99,
      2077.73,
      1883.77,
      1686.65,
      1669.7,
      1853.26,
      1922.89,
      2462.66,
      1741.55,
      1984.73
    ]
  }
}