{
  "id": "c783c0d2-9896-4311-bc82-2f7b43c43ead",
  "duration": 11.115,
  "pitch": {
    "mean": 395.3,
    "max": 1658.55,
    "std": 330.85,
    "max_mean_ratio": 4.2
  },
  "energy": {
    "mean": 0.051127,
    "max": 0.127566,
    "std": 0.023976,
    "rate_of_change": 0.010174
  },
  "speech_rate": {
    "chars_per_sec": 14.55,
    "words_per_sec": 2.59,
    "segment_count": 2
  },
  "spectral_centroid": {
    "mean": 1975.11
  },
  "timeseries": {
    "frame_sec": 0.5,
    "pitch": [
      397.28,
      351.69,
      233.07,
      280.32,
      469.17,
      365.25,
      459.66,
      147.26,
      216.56,
      1109.01,
      716.56,
      315.15,
      439.18,
      441.27,
      147.59,
      605.34,
      420.12,
      477.85,
      260.43,
      178.14,
      307.03,
      320.06,
      530.8
    ],
    "energy": [
      0.042029,
      0.055013,
      0.035535,
      0.057494,
      0.062557,
      0.067758,
      0.039476,
      0.02393,
      0.03034,
      0.041702,
      0.059674,
      0.057533,
      0.064505,
      0.043673,
      0.024421,
      0.05187,
      0.077485,
      0.073791,
      0.027891,
      0.028875,
      0.063353,
      0.050473,
      0.018753
    ],
    "spectral_centroid": [
      2248.65,
      1801.45,
      1970.14,
      1918.79,
      1925.77,
      1989.73,
      1844.53,
      2121.37,
      2002.29,
      2412.49,
      2011.27,
      2010.43,
      1778.4,
      1648.5,
      2230.48,
      2064.66,
      1606.52,
      2056.84,
      1684.14,
      1952.21,
      1978.08,
      2053.16,
      2097.92
    ]
  }
}