{
  "id": "c7feceda-0eb0-46e8-adff-4bba6a66ce8d",
  "duration": 10.069,
  "pitch": {
    "mean": 514.88,
    "max": 2009.25,
    "std": 433.98,
    "max_mean_ratio": 3.9
  },
  "energy": {
    "mean": 0.041004,
    "max": 0.217522,
    "std": 0.037324,
    "rate_of_change": 0.021054
  },
  "speech_rate": {
    "chars_per_sec": 7.09,
    "words_per_sec": 1.42,
    "segment_count": 4
  },
  "spectral_centroid": {
    "mean": 1984.0
  },
  "timeseries": {
    "frame_sec": 0.5,
    "pitch": [
      886.19,
      621.09,
      826.45,
      564.49,
      316.03,
      342.42,
      617.82,
      207.57,
      932.4,
      414.32,
      431.07,
      1060.5,
      182.22,
      329.4,
      408.0,
      442.07,
      555.73,
      528.66,
      337.97,
      346.39,
      1003.66
    ],
    "energy": [
      0.017182,
      0.019194,
      0.034337,
      0.066594,
      0.038773,
      0.029621,
      0.082925,
      0.022733,
      0.017638,
      0.01173,
      0.017835,
      0.030845,
      0.033289,
      0.060092,
      0.05949,
      0.010808,
      0.113997,
      0.079246,
      0.029895,
      0.015405,
      0.007303
    ],
    "spectral_centroid": [
      2818.26,
      2348.26,
      2013.44,
      1947.83,
      2012.63,
      2177.24,
      1500.37,
      2293.55,
      2309.51,
      1921.17,
      2183.27,
      1931.4,
      2234.42,
      1772.81,
      1378.41,
      1829.52,
      1738.84,
      1626.47,
      1859.86,
      1830.22,
      1745.34
    ]
  }
}