{
  "id": "c8437792-1982-46e6-bd4d-4137c5c74f97",
  "duration": 10.389,
  "pitch": {
    "mean": 504.98,
    "max": 2069.76,
    "std": 433.34,
    "max_mean_ratio": 4.1
  },
  "energy": {
    "mean": 0.070541,
    "max": 0.256395,
    "std": 0.057274,
    "rate_of_change": 0.02359
  },
  "speech_rate": {
    "chars_per_sec": 10.59,
    "words_per_sec": 2.18,
    "segment_count": 6
  },
  "spectral_centroid": {
    "mean": 2086.09
  },
  "timeseries": {
    "frame_sec": 0.5,
    "pitch": [
      425.06,
      424.31,
      676.67,
      537.32,
      422.48,
      691.27,
      586.7,
      95.7,
      138.92,
      323.44,
      825.3,
      388.98,
      396.6,
      685.26,
      609.43,
      527.47,
      501.35,
      441.66,
      1163.0,
      598.48,
      806.24
    ],
    "energy": [
      0.060025,
      0.023124,
      0.147859,
      0.091845,
      0.060005,
      0.074563,
      0.081945,
      0.01336,
      0.020726,
      0.018041,
      0.14074,
      0.059234,
      0.02994,
      0.106721,
      0.079745,
      0.081633,
      0.087338,
      0.054326,
      0.133605,
      0.022651,
      0.025827
    ],
    "spectral_centroid": [
      2023.73,
      2030.72,
      1799.49,
      1700.34,
      2640.14,
      1578.08,
      2108.04,
      1877.91,
      2157.24,
      2341.59,
      1984.56,
      2192.99,
      2270.46,
      2342.97,
      2115.7,
      1812.92,
      2052.6,
      2080.18,
      2241.22,
      2307.87,
      2142.4
    ]
  }
}