{
  "id": "c8501425-7863-4209-aa3a-ad9bc3a6f459",
  "duration": 5.973,
  "pitch": {
    "mean": 426.63,
    "max": 1375.04,
    "std": 227.03,
    "max_mean_ratio": 3.22
  },
  "energy": {
    "mean": 0.023412,
    "max": 0.083271,
    "std": 0.016248,
    "rate_of_change": 0.012694
  },
  "speech_rate": {
    "chars_per_sec": 22.05,
    "words_per_sec": 4.51,
    "segment_count": 2
  },
  "spectral_centroid": {
    "mean": 1786.01
  },
  "timeseries": {
    "frame_sec": 0.5,
    "pitch": [
      354.16,
      249.48,
      452.9,
      525.33,
      367.4,
      395.16,
      410.75,
      490.09,
      540.41,
      397.68,
      350.73,
      547.02
    ],
    "energy": [
      0.023884,
      0.014645,
      0.017186,
      0.015727,
      0.013777,
      0.017845,
      0.014334,
      0.016078,
      0.020934,
      0.022945,
      0.029529,
      0.065996
    ],
    "spectral_centroid": [
      1737.35,
      2140.06,
      1782.4,
      2364.85,
      1837.9,
      1585.43,
      1511.77,
      1668.09,
      1494.36,
      1719.87,
      1997.2,
      1649.62
    ]
  }
}