{
  "id": "c855a2f4-e6a3-4377-a8e2-8389e4249318",
  "duration": 12.288,
  "pitch": {
    "mean": 369.04,
    "max": 2001.74,
    "std": 261.05,
    "max_mean_ratio": 5.42
  },
  "energy": {
    "mean": 0.046676,
    "max": 0.173495,
    "std": 0.028158,
    "rate_of_change": 0.013654
  },
  "speech_rate": {
    "chars_per_sec": 14.25,
    "words_per_sec": 2.77,
    "segment_count": 4
  },
  "spectral_centroid": {
    "mean": 2199.37
  },
  "timeseries": {
    "frame_sec": 0.5,
    "pitch": [
      589.21,
      333.26,
      146.4,
      380.58,
      387.37,
      387.01,
      471.75,
      316.31,
      121.98,
      260.87,
      475.46,
      473.67,
      247.22,
      524.79,
      154.27,
      215.66,
      511.99,
      537.41,
      290.17,
      427.52,
      257.22,
      397.51,
      296.38,
      603.72,
      333.3
    ],
    "energy": [
      0.05927,
      0.015943,
      0.028615,
      0.060332,
      0.049003,
      0.048694,
      0.047291,
      0.023109,
      0.010598,
      0.030528,
      0.054991,
      0.050931,
      0.025878,
      0.074976,
      0.015597,
      0.021873,
      0.059186,
      0.066248,
      0.039643,
      0.05797,
      0.027568,
      0.062698,
      0.071098,
      0.06151,
      0.039928
    ],
    "spectral_centroid": [
      2167.51,
      2216.88,
      2099.08,
      2275.73,
      2410.12,
      2146.88,
      2056.03,
      2127.83,
      2259.37,
      2709.83,
      2081.35,
      2235.89,
      2327.38,
      2222.55,
      1879.3,
      2250.79,
      2054.49,
      1957.75,
      2560.75,
      1778.82,
      1947.48,
      2617.14,
      2341.12,
      1992.74,
      2247.05
    ]
  }
}