{
  "id": "c86be891-4d27-4b23-873f-350ca765e0a2",
  "duration": 10.155,
  "pitch": {
    "mean": 327.75,
    "max": 1985.57,
    "std": 270.04,
    "max_mean_ratio": 6.06
  },
  "energy": {
    "mean": 0.016251,
    "max": 0.044617,
    "std": 0.009567,
    "rate_of_change": 0.004087
  },
  "speech_rate": {
    "chars_per_sec": 12.0,
    "words_per_sec": 2.0,
    "segment_count": 3
  },
  "spectral_centroid": {
    "mean": 1983.48
  },
  "timeseries": {
    "frame_sec": 0.5,
    "pitch": [
      313.01,
      535.9,
      600.35,
      285.81,
      451.17,
      303.75,
      271.79,
      440.78,
      309.2,
      106.67,
      188.06,
      125.4,
      273.03,
      243.66,
      292.59,
      579.05,
      476.24,
      224.67,
      344.95,
      345.76,
      367.55
    ],
    "energy": [
      0.012485,
      0.012999,
      0.018604,
      0.010713,
      0.015518,
      0.012033,
      0.007764,
      0.021219,
      0.015858,
      0.004999,
      0.016005,
      0.00768,
      0.022229,
      0.015998,
      0.018077,
      0.029599,
      0.022027,
      0.013427,
      0.017273,
      0.014411,
      0.022249
    ],
    "spectral_centroid": [
      1664.52,
      3459.99,
      1888.35,
      3111.76,
      1961.21,
      2153.21,
      1761.75,
      1703.71,
      1680.21,
      1521.9,
      1503.44,
      1703.98,
      1779.39,
      1798.38,
      1649.03,
      1858.24,
      1784.11,
      2309.63,
      2358.33,
      1933.22,
      1952.26
    ]
  }
}