{
  "id": "c87b0f08-563d-425e-b9dd-4e76689ce931",
  "duration": 10.56,
  "pitch": {
    "mean": 412.08,
    "max": 1642.04,
    "std": 256.57,
    "max_mean_ratio": 3.98
  },
  "energy": {
    "mean": 0.032399,
    "max": 0.094173,
    "std": 0.019114,
    "rate_of_change": 0.008539
  },
  "speech_rate": {
    "chars_per_sec": 17.66,
    "words_per_sec": 3.26,
    "segment_count": 2
  },
  "spectral_centroid": {
    "mean": 1843.34
  },
  "timeseries": {
    "frame_sec": 0.5,
    "pitch": [
      432.58,
      291.55,
      556.31,
      321.0,
      189.67,
      368.65,
      566.68,
      303.59,
      314.6,
      455.65,
      338.42,
      459.03,
      686.56,
      425.67,
      350.09,
      549.81,
      485.6,
      424.51,
      338.19,
      272.09,
      697.8,
      348.85
    ],
    "energy": [
      0.03861,
      0.015677,
      0.034668,
      0.009145,
      0.011075,
      0.026069,
      0.039062,
      0.044611,
      0.03063,
      0.031113,
      0.021132,
      0.022691,
      0.028227,
      0.029911,
      0.031456,
      0.044681,
      0.048553,
      0.035791,
      0.047452,
      0.028934,
      0.038916,
      0.005354
    ],
    "spectral_centroid": [
      1548.0,
      1806.61,
      1524.4,
      2056.01,
      2193.63,
      1872.59,
      1390.62,
      2107.3,
      1747.74,
      2129.39,
      1713.25,
      2035.59,
      1932.58,
      2031.49,
      2043.89,
      1409.37,
      1609.25,
      2147.39,
      1694.26,
      1910.71,
      1644.57,
      1385.95
    ]
  }
}