{
  "id": "c8de285f-ed7f-4f2f-b76c-f199c84ca532",
  "duration": 12.416,
  "pitch": {
    "mean": 494.0,
    "max": 2089.73,
    "std": 365.14,
    "max_mean_ratio": 4.23
  },
  "energy": {
    "mean": 0.060505,
    "max": 0.125005,
    "std": 0.019644,
    "rate_of_change": 0.008986
  },
  "speech_rate": {
    "chars_per_sec": 16.77,
    "words_per_sec": 3.14,
    "segment_count": 3
  },
  "spectral_centroid": {
    "mean": 2297.58
  },
  "timeseries": {
    "frame_sec": 0.5,
    "pitch": [
      257.35,
      508.56,
      324.04,
      112.03,
      386.6,
      450.23,
      717.21,
      473.04,
      727.62,
      483.17,
      409.97,
      750.92,
      469.64,
      581.24,
      598.89,
      771.18,
      719.51,
      654.52,
      569.91,
      621.31,
      682.92,
      570.09,
      142.57,
      334.91,
      256.58
    ],
    "energy": [
      0.052587,
      0.050511,
      0.051332,
      0.064622,
      0.042821,
      0.064404,
      0.06154,
      0.042207,
      0.061574,
      0.051968,
      0.059291,
      0.04471,
      0.047151,
      0.042387,
      0.044338,
      0.085387,
      0.094132,
      0.082116,
      0.073287,
      0.060442,
      0.061443,
      0.070549,
      0.027247,
      0.060959,
      0.051328
    ],
    "spectral_centroid": [
      2218.84,
      2075.08,
      2420.48,
      1834.05,
      1969.5,
      2563.21,
      2559.91,
      2187.33,
      2670.69,
      1991.04,
      2924.19,
      2501.16,
      2278.52,
      2721.3,
      2039.86,
      2515.71,
      2013.15,
      1933.28,
      2128.04,
      2411.52,
      2421.43,
      2241.53,
      1755.83,
      2183.72,
      2836.08
    ]
  }
}