{
  "id": "c9021a5c-002e-4025-8cb2-d70a05ea8ee1",
  "duration": 6.165,
  "pitch": {
    "mean": 558.05,
    "max": 1722.76,
    "std": 352.68,
    "max_mean_ratio": 3.09
  },
  "energy": {
    "mean": 0.114876,
    "max": 0.230408,
    "std": 0.048849,
    "rate_of_change": 0.034273
  },
  "speech_rate": {
    "chars_per_sec": 14.61,
    "words_per_sec": 2.44,
    "segment_count": 1
  },
  "spectral_centroid": {
    "mean": 1669.84
  },
  "timeseries": {
    "frame_sec": 0.5,
    "pitch": [
      750.68,
      384.98,
      170.18,
      631.27,
      590.2,
      439.91,
      335.78,
      567.0,
      327.28,
      1068.16,
      814.65,
      602.13,
      449.93
    ],
    "energy": [
      0.141346,
      0.072491,
      0.035762,
      0.148483,
      0.116253,
      0.105641,
      0.119919,
      0.128304,
      0.089954,
      0.110287,
      0.129017,
      0.12625,
      0.091786
    ],
    "spectral_centroid": [
      1212.1,
      1648.07,
      2164.13,
      1423.4,
      1470.49,
      1577.62,
      1427.99,
      1638.35,
      2095.87,
      1911.54,
      1640.55,
      1799.63,
      1656.55
    ]
  }
}