{
  "id": "c90d6088-faa1-4f66-9cfd-9b805d1aeeae",
  "duration": 6.016,
  "pitch": {
    "mean": 370.29,
    "max": 1294.32,
    "std": 209.53,
    "max_mean_ratio": 3.5
  },
  "energy": {
    "mean": 0.065836,
    "max": 0.105822,
    "std": 0.025225,
    "rate_of_change": 0.015919
  },
  "speech_rate": {
    "chars_per_sec": 15.5,
    "words_per_sec": 2.83,
    "segment_count": 1
  },
  "spectral_centroid": {
    "mean": 1927.09
  },
  "timeseries": {
    "frame_sec": 0.5,
    "pitch": [
      162.53,
      390.69,
      344.82,
      476.67,
      589.58,
      467.01,
      353.45,
      389.69,
      408.09,
      319.28,
      276.84,
      272.09,
      748.65
    ],
    "energy": [
      0.031126,
      0.091598,
      0.079196,
      0.082993,
      0.063108,
      0.059584,
      0.056123,
      0.062539,
      0.065226,
      0.052676,
      0.057909,
      0.054064,
      0.0349
    ],
    "spectral_centroid": [
      2164.15,
      1242.59,
      1616.8,
      1490.9,
      1782.61,
      2375.25,
      1774.65,
      1932.35,
      1937.65,
      2038.83,
      2540.03,
      2265.16,
      1379.21
    ]
  }
}