{
  "id": "c96a1e68-6ce6-4157-809d-739c4b11d227",
  "duration": 7.893,
  "pitch": {
    "mean": 533.92,
    "max": 1492.54,
    "std": 237.07,
    "max_mean_ratio": 2.8
  },
  "energy": {
    "mean": 0.042299,
    "max": 0.142246,
    "std": 0.025535,
    "rate_of_change": 0.016705
  },
  "speech_rate": {
    "chars_per_sec": 20.69,
    "words_per_sec": 3.98,
    "segment_count": 2
  },
  "spectral_centroid": {
    "mean": 1692.0
  },
  "timeseries": {
    "frame_sec": 0.5,
    "pitch": [
      426.15,
      361.82,
      739.66,
      424.77,
      493.91,
      608.88,
      541.42,
      700.06,
      599.48,
      404.13,
      501.51,
      507.14,
      587.94,
      644.03,
      501.48,
      398.11
    ],
    "energy": [
      0.022301,
      0.020049,
      0.035786,
      0.030278,
      0.042111,
      0.041798,
      0.046606,
      0.042369,
      0.034571,
      0.028831,
      0.026612,
      0.027204,
      0.056127,
      0.090828,
      0.071288,
      0.028543
    ],
    "spectral_centroid": [
      1613.21,
      1835.99,
      1892.3,
      1791.91,
      1632.43,
      1478.79,
      1640.97,
      1847.41,
      1226.28,
      1335.06,
      1398.98,
      1674.12,
      1616.17,
      1980.56,
      1817.26,
      2368.1
    ]
  }
}