{
  "id": "c9a4633e-c1e7-448b-8dd0-ad0c4e1a2b4f",
  "duration": 14.08,
  "pitch": {
    "mean": 368.18,
    "max": 1185.25,
    "std": 228.93,
    "max_mean_ratio": 3.22
  },
  "energy": {
    "mean": 0.047254,
    "max": 0.180163,
    "std": 0.025226,
    "rate_of_change": 0.01227
  },
  "speech_rate": {
    "chars_per_sec": 15.74,
    "words_per_sec": 2.42,
    "segment_count": 5
  },
  "spectral_centroid": {
    "mean": 1745.2
  },
  "timeseries": {
    "frame_sec": 0.5,
    "pitch": [
      252.1,
      515.02,
      550.22,
      405.96,
      235.86,
      466.03,
      278.55,
      224.11,
      355.96,
      445.43,
      373.8,
      306.69,
      345.49,
      436.34,
      553.61,
      250.39,
      126.14,
      460.55,
      278.14,
      382.13,
      240.99,
      367.75,
      106.91,
      177.97,
      377.04,
      465.44,
      554.5,
      703.49,
      371.1
    ],
    "energy": [
      0.035693,
      0.043535,
      0.0428,
      0.028184,
      0.024488,
      0.041421,
      0.036113,
      0.04196,
      0.054478,
      0.036532,
      0.029541,
      0.028415,
      0.035675,
      0.044616,
      0.044093,
      0.022682,
      0.047515,
      0.056011,
      0.037602,
      0.053125,
      0.024238,
      0.0543,
      0.066957,
      0.047433,
      0.061512,
      0.09689,
      0.068941,
      0.062352,
      0.014857
    ],
    "spectral_centroid": [
      1718.27,
      1842.86,
      1655.97,
      1683.3,
      1891.43,
      1610.49,
      1468.51,
      1700.47,
      1480.37,
      1715.66,
      1912.7,
      1689.7,
      1689.59,
      2058.03,
      1884.91,
      1646.46,
      1625.51,
      1685.08,
      1782.93,
      1677.78,
      1760.85,
      1585.96,
      1633.01,
      1911.66,
      1948.21,
      1998.76,
      1813.58,
      1824.88,
      1816.67
    ]
  }
}