{
  "id": "c9af7cb7-7550-41af-82d8-52a8e44d500d",
  "duration": 11.243,
  "pitch": {
    "mean": 280.75,
    "max": 848.65,
    "std": 199.51,
    "max_mean_ratio": 3.02
  },
  "energy": {
    "mean": 0.043635,
    "max": 0.135955,
    "std": 0.033682,
    "rate_of_change": 0.011699
  },
  "speech_rate": {
    "chars_per_sec": 14.95,
    "words_per_sec": 2.71,
    "segment_count": 6
  },
  "spectral_centroid": {
    "mean": 1580.42
  },
  "timeseries": {
    "frame_sec": 0.5,
    "pitch": [
      339.74,
      420.84,
      93.03,
      116.51,
      98.48,
      191.67,
      322.8,
      351.04,
      445.04,
      239.9,
      389.63,
      452.43,
      255.04,
      209.72,
      124.12,
      171.53,
      270.25,
      349.88,
      276.3,
      256.95,
      417.88,
      447.71,
      134.35
    ],
    "energy": [
      0.052731,
      0.038525,
      0.008697,
      0.013016,
      0.007531,
      0.019111,
      0.050567,
      0.061152,
      0.056845,
      0.056064,
      0.060438,
      0.067342,
      0.037152,
      0.018178,
      0.00523,
      0.042605,
      0.031698,
      0.067588,
      0.055982,
      0.041147,
      0.087579,
      0.056751,
      0.008716
    ],
    "spectral_centroid": [
      1559.43,
      1708.75,
      1523.66,
      2058.15,
      2206.17,
      1260.04,
      1241.25,
      1224.99,
      1451.33,
      1905.76,
      1657.86,
      1113.28,
      1946.6,
      1276.05,
      1543.31,
      1454.0,
      1188.03,
      2060.59,
      1513.7,
      1283.69,
      1552.69,
      1840.1,
      1684.51
    ]
  }
}