{
  "id": "c9dd22f6-15af-41a9-89a2-8d29ed48e744",
  "duration": 9.515,
  "pitch": {
    "mean": 315.57,
    "max": 713.19,
    "std": 174.61,
    "max_mean_ratio": 2.26
  },
  "energy": {
    "mean": 0.046678,
    "max": 0.121423,
    "std": 0.027763,
    "rate_of_change": 0.012019
  },
  "speech_rate": {
    "chars_per_sec": 10.84,
    "words_per_sec": 2.0,
    "segment_count": 3
  },
  "spectral_centroid": {
    "mean": 1625.07
  },
  "timeseries": {
    "frame_sec": 0.5,
    "pitch": [
      168.42,
      330.94,
      403.95,
      308.52,
      353.71,
      408.09,
      272.4,
      314.56,
      305.77,
      339.65,
      219.15,
      183.0,
      135.75,
      361.65,
      333.05,
      359.76,
      442.52,
      385.4,
      318.81,
      425.17
    ],
    "energy": [
      0.009476,
      0.047181,
      0.070093,
      0.054685,
      0.061317,
      0.05557,
      0.010854,
      0.031769,
      0.054225,
      0.075633,
      0.018909,
      0.021929,
      0.011092,
      0.055829,
      0.055854,
      0.052141,
      0.061662,
      0.055979,
      0.038318,
      0.017069
    ],
    "spectral_centroid": [
      1530.28,
      1415.31,
      1756.61,
      1752.68,
      1766.34,
      1828.33,
      1334.72,
      1361.97,
      1835.25,
      1268.27,
      1466.43,
      1417.3,
      1233.86,
      1207.54,
      2247.11,
      1830.15,
      2262.43,
      1524.95,
      1899.69,
      1325.73
    ]
  }
}