{
  "id": "ca154479-289b-4e41-b426-f04fd6f2d5f7",
  "duration": 14.848,
  "pitch": {
    "mean": 404.44,
    "max": 1559.73,
    "std": 252.55,
    "max_mean_ratio": 3.86
  },
  "energy": {
    "mean": 0.216474,
    "max": 0.698323,
    "std": 0.145297,
    "rate_of_change": 0.045862
  },
  "speech_rate": {
    "chars_per_sec": 17.59,
    "words_per_sec": 3.38,
    "segment_count": 3
  },
  "spectral_centroid": {
    "mean": 2005.27
  },
  "timeseries": {
    "frame_sec": 0.5,
    "pitch": [
      551.69,
      174.43,
      441.01,
      629.2,
      403.76,
      453.12,
      432.05,
      162.03,
      442.93,
      469.75,
      412.63,
      380.89,
      459.71,
      371.76,
      503.56,
      316.17,
      338.14,
      414.77,
      354.49,
      474.29,
      432.21,
      436.61,
      266.93,
      286.46,
      617.24,
      343.32,
      447.12,
      573.39,
      365.06,
      110.58
    ],
    "energy": [
      0.178163,
      0.097568,
      0.219498,
      0.193505,
      0.194347,
      0.230994,
      0.241945,
      0.033909,
      0.07264,
      0.207056,
      0.217841,
      0.187232,
      0.249732,
      0.181785,
      0.173224,
      0.023761,
      0.091994,
      0.247037,
      0.268677,
      0.210446,
      0.315333,
      0.240337,
      0.027858,
      0.223471,
      0.459121,
      0.328099,
      0.441296,
      0.322158,
      0.256085,
      0.03148
    ],
    "spectral_centroid": [
      1812.19,
      2973.88,
      2002.82,
      1481.28,
      1702.86,
      2052.33,
      1525.74,
      1932.15,
      1715.34,
      1929.71,
      1524.13,
      1703.0,
      1893.81,
      1424.79,
      1469.75,
      1853.9,
      2104.92,
      2040.25,
      1967.91,
      3727.43,
      2113.98,
      2423.98,
      1895.8,
      2250.1,
      2030.88,
      2299.84,
      2027.58,
      2371.45,
      2088.05,
      2001.34
    ]
  }
}