{
  "id": "ca6e450d-9d60-4b7a-959a-7dbc2d71934f",
  "duration": 8.853,
  "pitch": {
    "mean": 437.2,
    "max": 1692.15,
    "std": 308.07,
    "max_mean_ratio": 3.87
  },
  "energy": {
    "mean": 0.079028,
    "max": 0.185962,
    "std": 0.048078,
    "rate_of_change": 0.019269
  },
  "speech_rate": {
    "chars_per_sec": 11.2,
    "words_per_sec": 1.92,
    "segment_count": 3
  },
  "spectral_centroid": {
    "mean": 1704.65
  },
  "timeseries": {
    "frame_sec": 0.5,
    "pitch": [
      568.28,
      212.58,
      501.72,
      487.76,
      462.64,
      255.63,
      417.84,
      569.87,
      543.62,
      440.98,
      376.82,
      449.42,
      365.44,
      455.24,
      345.88,
      365.32,
      648.83,
      566.0
    ],
    "energy": [
      0.020206,
      0.017521,
      0.058325,
      0.097725,
      0.089901,
      0.027028,
      0.026519,
      0.12621,
      0.105333,
      0.090845,
      0.111776,
      0.06348,
      0.0951,
      0.067682,
      0.099596,
      0.08189,
      0.106362,
      0.079425
    ],
    "spectral_centroid": [
      1807.04,
      1813.44,
      1660.43,
      1329.44,
      1504.5,
      1718.65,
      1661.96,
      1461.47,
      1361.57,
      1518.1,
      1675.59,
      2229.75,
      1792.13,
      1959.32,
      1683.19,
      1890.47,
      1848.08,
      1830.47
    ]
  }
}