{
  "id": "cac38dca-15ea-4a86-b507-9581cab30fc8",
  "duration": 12.821,
  "pitch": {
    "mean": 446.91,
    "max": 2037.56,
    "std": 293.28,
    "max_mean_ratio": 4.56
  },
  "energy": {
    "mean": 0.07263,
    "max": 0.27818,
    "std": 0.051959,
    "rate_of_change": 0.02038
  },
  "speech_rate": {
    "chars_per_sec": 21.86,
    "words_per_sec": 3.73,
    "segment_count": 2
  },
  "spectral_centroid": {
    "mean": 2009.48
  },
  "timeseries": {
    "frame_sec": 0.5,
    "pitch": [
      613.9,
      266.15,
      384.23,
      273.49,
      309.77,
      369.17,
      275.94,
      451.42,
      389.04,
      601.56,
      355.2,
      525.17,
      241.7,
      392.51,
      485.19,
      306.34,
      416.93,
      730.18,
      478.16,
      678.85,
      703.68,
      667.42,
      460.53,
      707.91,
      445.8,
      236.84
    ],
    "energy": [
      0.051531,
      0.040028,
      0.069013,
      0.045558,
      0.031842,
      0.064058,
      0.039896,
      0.056305,
      0.044686,
      0.057767,
      0.03544,
      0.061035,
      0.041272,
      0.048333,
      0.048691,
      0.036272,
      0.060643,
      0.079428,
      0.09505,
      0.161407,
      0.182124,
      0.121043,
      0.094244,
      0.167345,
      0.02491,
      0.027981
    ],
    "spectral_centroid": [
      2083.76,
      3523.6,
      1481.14,
      2611.1,
      1990.15,
      1436.66,
      2571.16,
      1960.61,
      1725.85,
      2120.52,
      2239.78,
      1492.91,
      2326.2,
      1712.0,
      1512.38,
      2305.66,
      1483.54,
      2400.71,
      2337.76,
      2044.71,
      1864.38,
      1930.28,
      1508.08,
      1723.53,
      1893.93,
      1766.86
    ]
  }
}