{
  "id": "cac6563e-e764-4fbb-bcc9-6d0b6e8f6867",
  "duration": 15.232,
  "pitch": {
    "mean": 395.2,
    "max": 2026.38,
    "std": 295.74,
    "max_mean_ratio": 5.13
  },
  "energy": {
    "mean": 0.065114,
    "max": 0.254902,
    "std": 0.047496,
    "rate_of_change": 0.0162
  },
  "speech_rate": {
    "chars_per_sec": 9.07,
    "words_per_sec": 1.71,
    "segment_count": 8
  },
  "spectral_centroid": {
    "mean": 2010.25
  },
  "timeseries": {
    "frame_sec": 0.5,
    "pitch": [
      123.31,
      173.22,
      364.41,
      568.78,
      425.33,
      302.27,
      401.94,
      442.18,
      437.66,
      464.24,
      347.71,
      304.0,
      489.12,
      459.21,
      424.45,
      133.57,
      117.58,
      102.83,
      110.6,
      391.41,
      733.66,
      425.69,
      523.32,
      466.91,
      644.74,
      371.45,
      410.65,
      622.13,
      914.04,
      287.14,
      404.61
    ],
    "energy": [
      0.013219,
      0.024488,
      0.051902,
      0.068366,
      0.066724,
      0.034397,
      0.055958,
      0.056233,
      0.057169,
      0.054999,
      0.058383,
      0.04947,
      0.06479,
      0.068357,
      0.059307,
      0.014677,
      0.016901,
      0.019754,
      0.014445,
      0.070955,
      0.107723,
      0.057405,
      0.077678,
      0.083772,
      0.117181,
      0.078664,
      0.136585,
      0.121134,
      0.112859,
      0.024769,
      0.104492
    ],
    "spectral_centroid": [
      1542.66,
      1899.24,
      1626.0,
      1948.32,
      2251.14,
      2335.44,
      2045.33,
      1594.19,
      1595.92,
      1618.46,
      1985.64,
      1702.26,
      1877.9,
      2010.52,
      1834.88,
      1812.17,
      1994.86,
      2177.16,
      2397.87,
      2257.3,
      2112.35,
      2086.07,
      2131.1,
      2220.03,
      2001.42,
      2266.86,
      2093.0,
      2069.84,
      2331.48,
      2503.56,
      1720.06
    ]
  }
}