{
  "id": "cb118b43-4037-43dc-8fce-27a6131b58c5",
  "duration": 41.003,
  "pitch": {
    "mean": 452.25,
    "max": 2075.41,
    "std": 320.92,
    "max_mean_ratio": 4.59
  },
  "energy": {
    "mean": 0.11071,
    "max": 0.290392,
    "std": 0.055689,
    "rate_of_change": 0.006734
  },
  "speech_rate": {
    "chars_per_sec": 13.69,
    "words_per_sec": 2.36,
    "segment_count": 16
  },
  "spectral_centroid": {
    "mean": 1841.12
  },
  "timeseries": {
    "frame_sec": 0.5,
    "pitch": [
      514.32,
      189.99,
      616.74,
      517.2,
      458.81,
      543.12,
      494.35,
      545.83,
      199.6,
      504.48,
      358.77,
      392.07,
      592.82,
      404.74,
      940.08,
      348.6,
      552.43,
      399.77,
      512.07,
      537.94,
      403.08,
      497.13,
      245.39,
      353.0,
      593.26,
      122.7,
      258.84,
      999.76,
      633.19,
      693.08,
      382.45,
      207.77,
      148.55,
      585.75,
      875.08,
      646.44,
      129.34,
      452.54,
      457.65,
      639.36,
      500.14,
      504.01,
      549.11,
      398.85,
      551.8,
      530.2,
      205.02,
      535.9,
      290.88,
      534.34,
      401.62,
      644.02,
      381.16,
      435.92,
      157.25,
      227.44,
      247.15,
      340.66,
      502.62,
      307.98,
      430.41,
      483.68,
      440.48,
      438.55,
      298.6,
      504.13,
      433.48,
      426.65,
      461.98,
      430.87,
      515.96,
      461.86,
      471.41,
      251.75,
      277.58,
      466.5,
      429.6,
      417.34,
      406.18,
      589.48,
      522.52,
      589.64,
      1150.98
    ],
    "energy": [
      0.089317,
      0.080303,
      0.16363,
      0.165343,
      0.133367,
      0.133666,
      0.126267,
      0.15522,
      0.034674,
      0.035604,
      0.111503,
      0.122871,
      0.156323,
      0.117696,
      0.13096,
      0.102293,
      0.14716,
      0.124534,
      0.129091,
      0.094329,
      0.12893,
      0.116902,
      0.042211,
      0.06472,
      0.08363,
      0.06267,
      0.098458,
      0.149451,
      0.073563,
      0.115472,
      0.08716,
      0.054248,
      0.050647,
      0.110313,
      0.068928,
      0.037226,
      0.074957,
      0.164954,
      0.143473,
      0.220266,
      0.135635,
      0.096528,
      0.115001,
      0.081182,
      0.104609,
      0.113776,
      0.065467,
      0.153475,
      0.052715,
      0.104092,
      0.083589,
      0.14618,
      0.101101,
      0.136674,
      0.036973,
      0.031423,
      0.043516,
      0.087151,
      0.096594,
      0.047739,
      0.123829,
      0.121642,
      0.103368,
      0.101117,
      0.097403,
      0.088423,
      0.101773,
      0.132623,
      0.083514,
      0.088068,
      0.139086,
      0.098153,
      0.111288,
      0.089643,
      0.11987,
      0.123346,
      0.114074,
      0.099581,
      0.150488,
      0.149088,
      0.136339,
      0.163707,
      0.039489
    ],
    "spectral_centroid": [
      1993.34,
      2251.57,
      2395.34,
      1806.75,
      1920.47,
      2096.99,
      1647.11,
      1837.14,
      1661.58,
      1627.65,
      1900.17,
      2099.34,
      1677.55,
      2017.75,
      1850.55,
      2154.85,
      1560.69,
      2022.38,
      1983.68,
      1768.09,
      1663.2,
      1572.19,
      1533.0,
      1982.4,
      1854.84,
      1480.86,
      1363.59,
      2119.45,
      1917.56,
      2007.25,
      1656.8,
      1611.9,
      1466.08,
      1442.35,
      1522.32,
      1791.87,
      1613.92,
      1734.88,
      1909.47,
      1816.46,
      1960.84,
      1975.26,
      1980.7,
      2148.86,
      1924.51,
      2347.29,
      1829.58,
      1867.89,
      1661.27,
      1882.25,
      1790.51,
      2026.65,
      2388.11,
      1683.58,
      1874.59,
      1607.69,
      1487.78,
      1635.81,
      1781.51,
      1757.16,
      1750.37,
      1990.64,
      1968.22,
      1619.29,
      1673.71,
      1492.42,
      1816.85,
      1527.34,
      1763.25,
      1523.22,
      1577.24,
      1870.84,
      1727.96,
      1564.92,
      1909.85,
      2048.63,
      1882.77,
      2010.91,
      2109.36,
      2473.24,
      2336.37,
      2360.58,
      1956.52
    ]
  }
}