{
  "id": "cb41e4c1-de9b-43ec-9e97-20d060b8f7e7",
  "duration": 5.291,
  "pitch": {
    "mean": 454.07,
    "max": 2087.56,
    "std": 412.98,
    "max_mean_ratio": 4.6
  },
  "energy": {
    "mean": 0.081204,
    "max": 0.22512,
    "std": 0.051254,
    "rate_of_change": 0.041368
  },
  "speech_rate": {
    "chars_per_sec": 8.4,
    "words_per_sec": 1.37,
    "segment_count": 3
  },
  "spectral_centroid": {
    "mean": 1899.19
  },
  "timeseries": {
    "frame_sec": 0.5,
    "pitch": [
      972.15,
      506.03,
      341.94,
      361.12,
      273.63,
      504.74,
      307.73,
      339.83,
      358.63,
      397.32,
      601.4
    ],
    "energy": [
      0.087799,
      0.083924,
      0.053524,
      0.090233,
      0.035222,
      0.068709,
      0.056018,
      0.019402,
      0.121264,
      0.108452,
      0.152802
    ],
    "spectral_centroid": [
      1999.44,
      1491.1,
      1572.0,
      2227.92,
      2104.19,
      1920.9,
      1882.82,
      1844.16,
      1994.46,
      2138.36,
      1555.26
    ]
  }
}