{
  "id": "cb6837d4-17ea-49d7-b2fd-6d249aa5355e",
  "duration": 19.989,
  "pitch": {
    "mean": 588.76,
    "max": 2087.04,
    "std": 546.93,
    "max_mean_ratio": 3.54
  },
  "energy": {
    "mean": 0.055693,
    "max": 0.14664,
    "std": 0.028525,
    "rate_of_change": 0.006398
  },
  "speech_rate": {
    "chars_per_sec": 2.65,
    "words_per_sec": 0.57,
    "segment_count": 6
  },
  "spectral_centroid": {
    "mean": 2552.08
  },
  "timeseries": {
    "frame_sec": 0.5,
    "pitch": [
      549.09,
      317.25,
      321.62,
      307.61,
      434.29,
      264.15,
      409.62,
      627.69,
      400.27,
      549.41,
      856.56,
      830.91,
      779.53,
      733.38,
      334.42,
      216.22,
      446.55,
      598.76,
      670.79,
      137.1,
      141.07,
      689.76,
      761.21,
      1095.0,
      454.34,
      1016.07,
      623.47,
      449.35,
      1019.54,
      628.58,
      171.11,
      294.15,
      772.54,
      218.4,
      176.38,
      1159.55,
      995.72,
      878.45,
      835.83,
      661.28
    ],
    "energy": [
      0.042519,
      0.036856,
      0.082073,
      0.066987,
      0.045816,
      0.044904,
      0.026469,
      0.026226,
      0.038499,
      0.045846,
      0.037988,
      0.036602,
      0.041692,
      0.037453,
      0.037398,
      0.033954,
      0.050412,
      0.052854,
      0.052064,
      0.124303,
      0.06656,
      0.045505,
      0.039501,
      0.03522,
      0.046677,
      0.032117,
      0.046982,
      0.04397,
      0.035814,
      0.04034,
      0.106363,
      0.046788,
      0.046574,
      0.078128,
      0.122337,
      0.109585,
      0.083993,
      0.067745,
      0.046867,
      0.029894
    ],
    "spectral_centroid": [
      2249.8,
      2510.91,
      2245.17,
      2323.64,
      2404.4,
      2326.24,
      2783.9,
      2561.12,
      2352.36,
      2188.11,
      2519.27,
      2628.97,
      2348.19,
      2560.31,
      2533.48,
      2942.98,
      2927.5,
      2883.22,
      3072.29,
      2316.88,
      2018.87,
      2332.29,
      2326.0,
      2610.44,
      2565.08,
      2868.28,
      2243.22,
      2448.4,
      3037.19,
      3179.43,
      2385.64,
      2391.02,
      3194.92,
      2896.3,
      2457.42,
      2351.63,
      2411.36,
      2497.43,
      2527.9,
      2589.07
    ]
  }
}