{
  "id": "cb7cd618-f853-436c-8c62-f83d3ac60b3c",
  "duration": 14.379,
  "pitch": {
    "mean": 462.66,
    "max": 1890.73,
    "std": 425.48,
    "max_mean_ratio": 4.09
  },
  "energy": {
    "mean": 0.036444,
    "max": 0.110747,
    "std": 0.014149,
    "rate_of_change": 0.006605
  },
  "speech_rate": {
    "chars_per_sec": 7.5,
    "words_per_sec": 1.58,
    "segment_count": 2
  },
  "spectral_centroid": {
    "mean": 1971.27
  },
  "timeseries": {
    "frame_sec": 0.5,
    "pitch": [
      550.16,
      922.15,
      416.32,
      466.46,
      340.99,
      315.12,
      619.71,
      429.55,
      550.42,
      396.57,
      1139.31,
      597.85,
      158.18,
      805.69,
      461.37,
      638.49,
      242.0,
      456.1,
      151.58,
      685.83,
      483.57,
      147.71,
      306.22,
      509.85,
      110.34,
      125.27,
      250.51,
      374.91,
      484.68
    ],
    "energy": [
      0.032083,
      0.027412,
      0.023708,
      0.024735,
      0.026949,
      0.030858,
      0.031382,
      0.045231,
      0.026608,
      0.024369,
      0.022334,
      0.035064,
      0.036045,
      0.042662,
      0.030988,
      0.03014,
      0.034543,
      0.027323,
      0.029995,
      0.028718,
      0.037426,
      0.031268,
      0.024118,
      0.034174,
      0.047563,
      0.053855,
      0.05577,
      0.068408,
      0.055679
    ],
    "spectral_centroid": [
      1655.69,
      1829.21,
      1988.52,
      2047.43,
      1881.29,
      1877.11,
      1997.74,
      1769.68,
      2028.94,
      2066.78,
      2109.58,
      1851.04,
      1921.56,
      2339.95,
      1859.3,
      2021.24,
      2109.24,
      2052.97,
      2048.8,
      1956.68,
      1763.89,
      1858.32,
      2025.28,
      1947.78,
      1912.6,
      2257.27,
      2031.65,
      1872.83,
      2042.66
    ]
  }
}