{
  "id": "cba16fd2-eef7-4d8e-8170-0e78b507b54a",
  "duration": 11.904,
  "pitch": {
    "mean": 385.55,
    "max": 1492.01,
    "std": 299.7,
    "max_mean_ratio": 3.87
  },
  "energy": {
    "mean": 0.049192,
    "max": 0.097591,
    "std": 0.018068,
    "rate_of_change": 0.007529
  },
  "speech_rate": {
    "chars_per_sec": 19.71,
    "words_per_sec": 3.94,
    "segment_count": 3
  },
  "spectral_centroid": {
    "mean": 1989.34
  },
  "timeseries": {
    "frame_sec": 0.5,
    "pitch": [
      254.99,
      490.51,
      462.06,
      298.9,
      337.23,
      169.96,
      477.8,
      436.0,
      338.82,
      343.89,
      616.55,
      495.72,
      257.56,
      202.8,
      455.26,
      555.69,
      377.74,
      598.7,
      338.26,
      438.38,
      256.7,
      590.7,
      305.12,
      290.93
    ],
    "energy": [
      0.040386,
      0.043585,
      0.053959,
      0.055839,
      0.043363,
      0.052868,
      0.050464,
      0.040201,
      0.059745,
      0.035191,
      0.045331,
      0.042489,
      0.046687,
      0.04351,
      0.067288,
      0.058647,
      0.04447,
      0.066796,
      0.067475,
      0.057655,
      0.019007,
      0.047109,
      0.023416,
      0.016816
    ],
    "spectral_centroid": [
      2339.17,
      2087.16,
      2015.83,
      2139.23,
      1559.52,
      2062.65,
      1980.48,
      1800.14,
      1739.54,
      1853.1,
      2327.82,
      1897.41,
      1800.06,
      1787.7,
      1935.37,
      1996.82,
      1992.91,
      2089.89,
      2138.9,
      1972.34,
      1811.75,
      2284.29,
      2245.92,
      1841.2
    ]
  }
}