{
  "id": "cc766655-8bff-4cac-a8fb-4ff7fafc4956",
  "duration": 12.907,
  "pitch": {
    "mean": 437.94,
    "max": 1052.21,
    "std": 185.76,
    "max_mean_ratio": 2.4
  },
  "energy": {
    "mean": 0.059037,
    "max": 0.221623,
    "std": 0.043415,
    "rate_of_change": 0.016635
  },
  "speech_rate": {
    "chars_per_sec": 19.67,
    "words_per_sec": 3.58,
    "segment_count": 3
  },
  "spectral_centroid": {
    "mean": 1585.43
  },
  "timeseries": {
    "frame_sec": 0.5,
    "pitch": [
      430.48,
      355.23,
      453.96,
      544.03,
      480.33,
      476.5,
      568.66,
      314.59,
      489.5,
      419.26,
      484.83,
      368.82,
      484.33,
      414.96,
      322.04,
      343.25,
      266.73,
      398.23,
      324.58,
      482.05,
      557.99,
      374.28,
      481.62,
      568.68,
      429.82,
      559.75
    ],
    "energy": [
      0.052621,
      0.022044,
      0.060497,
      0.043403,
      0.054071,
      0.061904,
      0.101182,
      0.046625,
      0.049653,
      0.039943,
      0.033587,
      0.024114,
      0.049557,
      0.0243,
      0.035951,
      0.025046,
      0.022977,
      0.043776,
      0.035659,
      0.134694,
      0.118975,
      0.048304,
      0.07607,
      0.129371,
      0.035795,
      0.087017
    ],
    "spectral_centroid": [
      1948.44,
      1846.57,
      1413.07,
      1587.65,
      1619.73,
      1597.25,
      1280.09,
      1350.79,
      1440.29,
      1754.36,
      1621.14,
      1559.1,
      1454.04,
      1626.18,
      1279.92,
      1911.29,
      1554.75,
      1726.52,
      1653.6,
      1310.59,
      1142.62,
      1921.82,
      1682.0,
      1459.67,
      2036.17,
      1497.75
    ]
  }
}