{
  "id": "cc928295-9bf6-46e4-bb75-e55c7547f118",
  "duration": 13.141,
  "pitch": {
    "mean": 350.04,
    "max": 1668.63,
    "std": 295.38,
    "max_mean_ratio": 4.77
  },
  "energy": {
    "mean": 0.05877,
    "max": 0.231529,
    "std": 0.041963,
    "rate_of_change": 0.016855
  },
  "speech_rate": {
    "chars_per_sec": 13.1,
    "words_per_sec": 2.58,
    "segment_count": 2
  },
  "spectral_centroid": {
    "mean": 2152.22
  },
  "timeseries": {
    "frame_sec": 0.5,
    "pitch": [
      582.46,
      352.22,
      366.99,
      153.13,
      183.39,
      358.36,
      264.16,
      346.06,
      162.69,
      131.99,
      336.84,
      282.76,
      169.86,
      305.78,
      384.49,
      141.9,
      101.08,
      464.66,
      432.23,
      310.19,
      676.05,
      547.47,
      597.09,
      649.8,
      326.32,
      712.45,
      327.07
    ],
    "energy": [
      0.129117,
      0.061642,
      0.053104,
      0.024801,
      0.048828,
      0.057999,
      0.03928,
      0.050295,
      0.025784,
      0.02201,
      0.043465,
      0.042375,
      0.048993,
      0.042368,
      0.069118,
      0.029473,
      0.021375,
      0.040791,
      0.060236,
      0.034968,
      0.061841,
      0.023814,
      0.138002,
      0.133853,
      0.046666,
      0.103268,
      0.085089
    ],
    "spectral_centroid": [
      1396.74,
      2257.97,
      1920.79,
      1622.96,
      2267.71,
      2004.51,
      2175.87,
      2248.02,
      1971.68,
      2241.04,
      2651.11,
      2291.81,
      2274.65,
      1692.22,
      2030.9,
      2477.88,
      1859.46,
      1979.39,
      1941.15,
      2407.61,
      1922.58,
      2004.34,
      2117.32,
      2632.85,
      2685.78,
      2758.91,
      2409.37
    ]
  }
}