{
  "id": "cd64c3aa-db5d-4ad5-ae43-1eba58db48eb",
  "duration": 5.568,
  "pitch": {
    "mean": 281.46,
    "max": 1043.54,
    "std": 255.98,
    "max_mean_ratio": 3.71
  },
  "energy": {
    "mean": 0.048981,
    "max": 0.134264,
    "std": 0.040272,
    "rate_of_change": 0.023193
  },
  "speech_rate": {
    "chars_per_sec": 17.08,
    "words_per_sec": 3.11,
    "segment_count": 3
  },
  "spectral_centroid": {
    "mean": 2290.69
  },
  "timeseries": {
    "frame_sec": 0.5,
    "pitch": [
      421.53,
      308.0,
      110.24,
      108.51,
      78.11,
      69.57,
      201.37,
      383.83,
      201.56,
      470.19,
      705.34,
      145.51
    ],
    "energy": [
      0.07728,
      0.070942,
      0.011595,
      0.011638,
      0.016338,
      0.0139,
      0.032393,
      0.065097,
      0.035383,
      0.078153,
      0.106996,
      0.005078
    ],
    "spectral_centroid": [
      2302.51,
      1893.0,
      2647.71,
      2532.94,
      2441.81,
      2003.67,
      2225.61,
      2207.3,
      2856.37,
      2066.44,
      1881.37,
      2178.69
    ]
  }
}