{
  "id": "cd8c345a-29e3-420f-9349-6db6c134f320",
  "duration": 9.941,
  "pitch": {
    "mean": 468.99,
    "max": 1830.2,
    "std": 241.24,
    "max_mean_ratio": 3.9
  },
  "energy": {
    "mean": 0.047918,
    "max": 0.197381,
    "std": 0.034278,
    "rate_of_change": 0.019267
  },
  "speech_rate": {
    "chars_per_sec": 21.22,
    "words_per_sec": 4.55,
    "segment_count": 1
  },
  "spectral_centroid": {
    "mean": 1745.16
  },
  "timeseries": {
    "frame_sec": 0.5,
    "pitch": [
      669.26,
      475.69,
      364.73,
      620.45,
      694.8,
      563.14,
      324.27,
      399.13,
      385.18,
      353.95,
      516.6,
      571.88,
      470.37,
      496.58,
      412.15,
      641.34,
      427.64,
      226.67,
      424.93,
      535.87
    ],
    "energy": [
      0.020191,
      0.022749,
      0.011491,
      0.033846,
      0.036812,
      0.019028,
      0.014654,
      0.06036,
      0.051813,
      0.049639,
      0.052011,
      0.056501,
      0.057478,
      0.043882,
      0.050289,
      0.059298,
      0.034708,
      0.039939,
      0.089291,
      0.119764
    ],
    "spectral_centroid": [
      2073.27,
      2189.59,
      1516.0,
      1559.79,
      1598.7,
      2190.71,
      1845.96,
      1625.61,
      1658.17,
      1584.54,
      1790.96,
      1649.77,
      1607.44,
      1599.5,
      1796.48,
      1439.57,
      1808.52,
      2277.94,
      1605.61,
      1522.68
    ]
  }
}