{
  "id": "cdcd1b97-66b6-47c4-873e-5ac31ab03e50",
  "duration": 11.797,
  "pitch": {
    "mean": 450.37,
    "max": 1695.55,
    "std": 312.73,
    "max_mean_ratio": 3.76
  },
  "energy": {
    "mean": 0.10825,
    "max": 0.268613,
    "std": 0.058071,
    "rate_of_change": 0.021269
  },
  "speech_rate": {
    "chars_per_sec": 13.75,
    "words_per_sec": 2.38,
    "segment_count": 6
  },
  "spectral_centroid": {
    "mean": 1938.63
  },
  "timeseries": {
    "frame_sec": 0.5,
    "pitch": [
      525.01,
      300.85,
      649.45,
      515.77,
      567.95,
      470.6,
      569.89,
      439.74,
      289.97,
      487.94,
      464.91,
      252.74,
      277.09,
      415.73,
      685.33,
      691.04,
      228.58,
      519.6,
      585.77,
      499.29,
      375.56,
      443.67,
      417.22,
      404.31
    ],
    "energy": [
      0.044317,
      0.032479,
      0.071417,
      0.103298,
      0.147602,
      0.108548,
      0.05312,
      0.077363,
      0.043669,
      0.114898,
      0.128491,
      0.06938,
      0.065341,
      0.127778,
      0.179423,
      0.174607,
      0.081411,
      0.131541,
      0.118876,
      0.148079,
      0.097365,
      0.14491,
      0.128919,
      0.103204
    ],
    "spectral_centroid": [
      2049.1,
      1773.22,
      1687.32,
      2207.6,
      1761.44,
      1475.82,
      1662.5,
      1780.77,
      1677.88,
      1946.64,
      1641.66,
      2003.81,
      2175.21,
      1925.99,
      2039.34,
      1878.67,
      2141.9,
      2295.43,
      2103.25,
      2089.72,
      2074.0,
      1863.78,
      2226.57,
      2141.32
    ]
  }
}