{
  "id": "cde6fcdf-c235-43dd-b9fb-7d52c7f91489",
  "duration": 8.192,
  "pitch": {
    "mean": 503.86,
    "max": 1853.5,
    "std": 372.55,
    "max_mean_ratio": 3.68
  },
  "energy": {
    "mean": 0.077527,
    "max": 0.14132,
    "std": 0.03638,
    "rate_of_change": 0.016787
  },
  "speech_rate": {
    "chars_per_sec": 10.29,
    "words_per_sec": 1.96,
    "segment_count": 1
  },
  "spectral_centroid": {
    "mean": 1999.47
  },
  "timeseries": {
    "frame_sec": 0.5,
    "pitch": [
      609.07,
      354.92,
      340.15,
      417.2,
      313.85,
      606.45,
      278.44,
      792.11,
      451.03,
      542.07,
      528.02,
      663.06,
      374.91,
      722.53,
      676.98,
      497.73,
      585.25
    ],
    "energy": [
      0.055547,
      0.011408,
      0.090187,
      0.085489,
      0.080262,
      0.087058,
      0.069965,
      0.033733,
      0.098,
      0.066992,
      0.079695,
      0.087477,
      0.079716,
      0.100603,
      0.10757,
      0.080802,
      0.008458
    ],
    "spectral_centroid": [
      3168.81,
      2950.58,
      1501.51,
      1705.41,
      2393.57,
      1639.1,
      1765.32,
      1909.88,
      1846.16,
      1729.72,
      1790.36,
      1849.65,
      1600.56,
      1841.11,
      2231.7,
      1838.69,
      2234.39
    ]
  }
}