{
  "id": "ce2c740d-cc99-4988-9bd0-c9f06f78277d",
  "duration": 16.149,
  "pitch": {
    "mean": 358.12,
    "max": 1993.03,
    "std": 269.93,
    "max_mean_ratio": 5.57
  },
  "energy": {
    "mean": 0.04884,
    "max": 0.19805,
    "std": 0.040103,
    "rate_of_change": 0.011934
  },
  "speech_rate": {
    "chars_per_sec": 6.45,
    "words_per_sec": 1.15,
    "segment_count": 3
  },
  "spectral_centroid": {
    "mean": 1970.32
  },
  "timeseries": {
    "frame_sec": 0.5,
    "pitch": [
      286.99,
      434.31,
      303.25,
      426.47,
      185.21,
      219.6,
      119.44,
      123.55,
      410.17,
      675.01,
      657.88,
      522.63,
      346.51,
      537.71,
      317.09,
      286.24,
      362.06,
      405.27,
      482.83,
      587.46,
      366.86,
      129.94,
      121.66,
      387.0,
      310.09,
      236.17,
      208.74,
      108.19,
      433.88,
      400.36,
      443.15,
      490.87,
      538.88
    ],
    "energy": [
      0.023022,
      0.031263,
      0.038103,
      0.069629,
      0.011808,
      0.018151,
      0.025318,
      0.032245,
      0.089179,
      0.166364,
      0.071811,
      0.064337,
      0.033921,
      0.073323,
      0.017341,
      0.018042,
      0.039895,
      0.064662,
      0.066211,
      0.069546,
      0.013373,
      0.011276,
      0.010215,
      0.028843,
      0.017151,
      0.021749,
      0.026401,
      0.041727,
      0.076555,
      0.076959,
      0.062983,
      0.065951,
      0.069954
    ],
    "spectral_centroid": [
      1995.43,
      1983.13,
      1803.88,
      2011.96,
      2029.2,
      2089.58,
      1792.2,
      2133.78,
      1691.54,
      1373.53,
      2001.54,
      1991.22,
      2277.86,
      2324.24,
      1706.18,
      2386.54,
      1980.41,
      1886.21,
      1599.1,
      1957.34,
      1646.36,
      1635.15,
      1758.76,
      1835.52,
      2431.14,
      1902.48,
      1971.62,
      1763.97,
      2049.76,
      2479.39,
      2376.29,
      1957.02,
      2099.04
    ]
  }
}