{
  "id": "ceb51258-4f48-44fe-81e3-e97a056ad462",
  "duration": 4.843,
  "pitch": {
    "mean": 329.53,
    "max": 1947.03,
    "std": 297.1,
    "max_mean_ratio": 5.91
  },
  "energy": {
    "mean": 0.052582,
    "max": 0.160989,
    "std": 0.041735,
    "rate_of_change": 0.030683
  },
  "speech_rate": {
    "chars_per_sec": 9.75,
    "words_per_sec": 2.28,
    "segment_count": 3
  },
  "spectral_centroid": {
    "mean": 1942.08
  },
  "timeseries": {
    "frame_sec": 0.5,
    "pitch": [
      490.36,
      140.63,
      166.03,
      207.52,
      168.96,
      177.06,
      534.82,
      598.32,
      418.53,
      409.35
    ],
    "energy": [
      0.043131,
      0.019975,
      0.026349,
      0.035477,
      0.027668,
      0.029493,
      0.110853,
      0.096357,
      0.023446,
      0.103877
    ],
    "spectral_centroid": [
      1525.18,
      1740.8,
      1562.44,
      1685.68,
      1549.5,
      1647.08,
      2254.85,
      2828.25,
      2134.3,
      2676.2
    ]
  }
}