{
  "id": "ceb52e69-5875-4b56-aa8a-be7ae0e1d29f",
  "duration": 14.144,
  "pitch": {
    "mean": 496.42,
    "max": 2021.49,
    "std": 444.67,
    "max_mean_ratio": 4.07
  },
  "energy": {
    "mean": 0.071607,
    "max": 0.387502,
    "std": 0.060458,
    "rate_of_change": 0.027028
  },
  "speech_rate": {
    "chars_per_sec": 11.83,
    "words_per_sec": 1.98,
    "segment_count": 5
  },
  "spectral_centroid": {
    "mean": 2010.05
  },
  "timeseries": {
    "frame_sec": 0.5,
    "pitch": [
      675.36,
      1080.03,
      608.71,
      318.43,
      652.5,
      527.18,
      433.14,
      606.82,
      503.89,
      131.81,
      416.94,
      611.66,
      716.67,
      740.83,
      337.59,
      288.92,
      119.46,
      100.21,
      592.95,
      540.67,
      248.55,
      354.14,
      288.91,
      320.56,
      613.1,
      632.28,
      655.4,
      647.45,
      876.57
    ],
    "energy": [
      0.098697,
      0.097292,
      0.171982,
      0.046387,
      0.075317,
      0.056636,
      0.051038,
      0.078776,
      0.06737,
      0.019972,
      0.037171,
      0.081503,
      0.087692,
      0.083392,
      0.051778,
      0.027601,
      0.019747,
      0.016262,
      0.06946,
      0.103256,
      0.016649,
      0.014432,
      0.043107,
      0.06303,
      0.099516,
      0.058391,
      0.15569,
      0.104015,
      0.124255
    ],
    "spectral_centroid": [
      1843.58,
      2523.1,
      1822.84,
      2022.12,
      2469.33,
      1780.62,
      1632.02,
      1503.83,
      1808.64,
      1739.65,
      1762.26,
      1983.78,
      1941.91,
      2024.79,
      2137.38,
      1819.53,
      2059.97,
      1739.71,
      1897.34,
      1879.53,
      2283.55,
      2012.38,
      2380.86,
      2201.09,
      2117.72,
      2375.51,
      2282.48,
      2231.83,
      1757.24
    ]
  }
}