{
  "id": "cebdd5a1-dbea-4a54-95ea-61a030dddd7e",
  "duration": 11.755,
  "pitch": {
    "mean": 386.66,
    "max": 2073.28,
    "std": 446.15,
    "max_mean_ratio": 5.36
  },
  "energy": {
    "mean": 0.063417,
    "max": 0.128403,
    "std": 0.023256,
    "rate_of_change": 0.009173
  },
  "speech_rate": {
    "chars_per_sec": 21.36,
    "words_per_sec": 3.94,
    "segment_count": 4
  },
  "spectral_centroid": {
    "mean": 2351.42
  },
  "timeseries": {
    "frame_sec": 0.5,
    "pitch": [
      228.36,
      186.14,
      184.26,
      571.31,
      447.63,
      278.44,
      1375.33,
      278.26,
      149.14,
      411.86,
      687.45,
      426.91,
      475.92,
      631.65,
      306.08,
      369.66,
      854.4,
      203.45,
      168.86,
      128.22,
      140.82,
      175.69,
      337.97,
      184.82
    ],
    "energy": [
      0.07265,
      0.080012,
      0.061067,
      0.042684,
      0.05621,
      0.032609,
      0.028816,
      0.081575,
      0.067875,
      0.039841,
      0.038822,
      0.05463,
      0.049107,
      0.067207,
      0.072067,
      0.059987,
      0.045717,
      0.090492,
      0.060405,
      0.103714,
      0.069284,
      0.076855,
      0.054642,
      0.046174
    ],
    "spectral_centroid": [
      2656.49,
      1982.62,
      2043.22,
      2259.91,
      2526.92,
      2403.62,
      2475.73,
      2170.72,
      2811.11,
      2405.74,
      2285.23,
      2034.75,
      2338.86,
      2777.65,
      2685.2,
      2307.18,
      2354.71,
      1983.87,
      2080.51,
      1931.68,
      2280.56,
      2750.83,
      2395.85,
      2632.49
    ]
  }
}