{
  "id": "cec26b9c-5fa8-456a-86cc-32f887393f9d",
  "duration": 21.269,
  "pitch": {
    "mean": 355.79,
    "max": 1352.77,
    "std": 271.75,
    "max_mean_ratio": 3.8
  },
  "energy": {
    "mean": 0.050312,
    "max": 0.229561,
    "std": 0.03535,
    "rate_of_change": 0.010623
  },
  "speech_rate": {
    "chars_per_sec": 11.02,
    "words_per_sec": 2.07,
    "segment_count": 10
  },
  "spectral_centroid": {
    "mean": 2085.22
  },
  "timeseries": {
    "frame_sec": 0.5,
    "pitch": [
      333.48,
      385.67,
      106.6,
      362.91,
      412.9,
      310.0,
      569.7,
      309.48,
      340.07,
      344.51,
      306.61,
      327.12,
      447.36,
      437.05,
      369.45,
      230.4,
      153.9,
      83.36,
      130.67,
      82.67,
      400.27,
      349.58,
      393.81,
      484.63,
      340.04,
      337.26,
      116.34,
      236.62,
      124.14,
      193.18,
      599.51,
      745.82,
      431.39,
      459.38,
      610.25,
      375.34,
      954.87,
      356.05,
      350.85,
      112.73,
      395.62,
      406.05,
      309.36
    ],
    "energy": [
      0.030431,
      0.024522,
      0.026141,
      0.048804,
      0.043187,
      0.049931,
      0.065603,
      0.04418,
      0.056168,
      0.046308,
      0.036103,
      0.046864,
      0.067237,
      0.059127,
      0.040117,
      0.037097,
      0.030136,
      0.01434,
      0.018602,
      0.016299,
      0.05886,
      0.074912,
      0.050756,
      0.03232,
      0.042008,
      0.027054,
      0.040961,
      0.029383,
      0.046081,
      0.078429,
      0.086467,
      0.097814,
      0.070218,
      0.076889,
      0.063655,
      0.075305,
      0.11048,
      0.006379,
      0.00933,
      0.02687,
      0.052422,
      0.058057,
      0.046628
    ],
    "spectral_centroid": [
      2104.13,
      1717.18,
      1775.82,
      1992.75,
      2353.42,
      2143.75,
      1907.09,
      1814.31,
      1947.15,
      1797.46,
      2023.54,
      2234.13,
      1876.99,
      1984.57,
      2430.16,
      1908.54,
      1736.31,
      1921.19,
      1899.02,
      1640.23,
      2090.07,
      2117.39,
      1953.24,
      1780.15,
      1972.34,
      2189.27,
      2141.38,
      2322.03,
      2286.99,
      2189.99,
      2104.22,
      2152.15,
      2269.01,
      1912.91,
      2373.05,
      2554.85,
      2129.66,
      2481.99,
      2299.81,
      2892.47,
      2114.19,
      2043.11,
      1804.76
    ]
  }
}