{
  "id": "cee8e50f-0824-4f2c-a83b-bd111f167bb6",
  "duration": 10.368,
  "pitch": {
    "mean": 421.32,
    "max": 2019.64,
    "std": 388.72,
    "max_mean_ratio": 4.79
  },
  "energy": {
    "mean": 0.085515,
    "max": 0.252427,
    "std": 0.067259,
    "rate_of_change": 0.023136
  },
  "speech_rate": {
    "chars_per_sec": 9.47,
    "words_per_sec": 1.63,
    "segment_count": 5
  },
  "spectral_centroid": {
    "mean": 2442.33
  },
  "timeseries": {
    "frame_sec": 0.5,
    "pitch": [
      254.44,
      112.08,
      104.42,
      353.84,
      353.75,
      261.95,
      531.53,
      388.67,
      430.24,
      444.45,
      333.23,
      413.86,
      132.51,
      125.99,
      262.9,
      778.71,
      949.93,
      856.37,
      627.79,
      523.5,
      542.48
    ],
    "energy": [
      0.031422,
      0.017507,
      0.015437,
      0.036932,
      0.052856,
      0.033701,
      0.096307,
      0.090993,
      0.105427,
      0.142592,
      0.064612,
      0.147526,
      0.018326,
      0.021717,
      0.024536,
      0.144062,
      0.127937,
      0.137492,
      0.186697,
      0.143409,
      0.070537
    ],
    "spectral_centroid": [
      2064.31,
      2023.31,
      1911.02,
      2195.7,
      1794.33,
      2586.06,
      3134.99,
      2985.07,
      2992.06,
      2345.92,
      2378.76,
      3223.0,
      2118.29,
      1744.56,
      1942.73,
      2386.71,
      2891.75,
      2697.51,
      2491.12,
      2798.74,
      2588.47
    ]
  }
}