{
  "id": "cf11a5c7-2ccf-4d71-a02c-66eef67346c7",
  "duration": 12.181,
  "pitch": {
    "mean": 458.72,
    "max": 2065.77,
    "std": 314.53,
    "max_mean_ratio": 4.5
  },
  "energy": {
    "mean": 0.027311,
    "max": 0.091479,
    "std": 0.01704,
    "rate_of_change": 0.006913
  },
  "speech_rate": {
    "chars_per_sec": 17.79,
    "words_per_sec": 3.29,
    "segment_count": 2
  },
  "spectral_centroid": {
    "mean": 1925.85
  },
  "timeseries": {
    "frame_sec": 0.5,
    "pitch": [
      611.82,
      561.62,
      370.71,
      348.01,
      550.49,
      383.7,
      341.46,
      299.01,
      541.1,
      416.52,
      216.8,
      325.49,
      478.33,
      472.54,
      476.63,
      580.04,
      602.89,
      405.68,
      326.77,
      621.56,
      529.67,
      515.16,
      436.56,
      317.09,
      269.25
    ],
    "energy": [
      0.031428,
      0.028798,
      0.020249,
      0.0391,
      0.043976,
      0.03041,
      0.011587,
      0.014476,
      0.023659,
      0.025158,
      0.014723,
      0.030457,
      0.020869,
      0.028497,
      0.022938,
      0.016154,
      0.039224,
      0.035244,
      0.013488,
      0.03073,
      0.032849,
      0.027067,
      0.027463,
      0.022665,
      0.017782
    ],
    "spectral_centroid": [
      1882.91,
      1749.26,
      1763.84,
      2431.7,
      1476.34,
      1857.94,
      2277.55,
      1817.81,
      2063.36,
      1817.36,
      2053.82,
      1914.36,
      1948.95,
      1809.94,
      2078.51,
      1894.92,
      1682.54,
      2031.28,
      2028.4,
      2030.79,
      1873.08,
      1628.09,
      1818.0,
      2240.34,
      2047.46
    ]
  }
}