{
  "id": "cf5cbbc3-f155-4253-a0a7-85a76a808448",
  "duration": 5.525,
  "pitch": {
    "mean": 453.52,
    "max": 1770.65,
    "std": 250.87,
    "max_mean_ratio": 3.9
  },
  "energy": {
    "mean": 0.103497,
    "max": 0.28887,
    "std": 0.076368,
    "rate_of_change": 0.051141
  },
  "speech_rate": {
    "chars_per_sec": 8.27,
    "words_per_sec": 1.73,
    "segment_count": 2
  },
  "spectral_centroid": {
    "mean": 1905.69
  },
  "timeseries": {
    "frame_sec": 0.5,
    "pitch": [
      148.79,
      575.37,
      513.73,
      630.0,
      376.2,
      219.96,
      320.37,
      604.99,
      574.3,
      518.28,
      571.91,
      262.14
    ],
    "energy": [
      0.016016,
      0.146572,
      0.141468,
      0.158786,
      0.06202,
      0.016769,
      0.015076,
      0.127277,
      0.118606,
      0.153211,
      0.145371,
      0.011643
    ],
    "spectral_centroid": [
      1972.01,
      2235.77,
      1829.01,
      1823.0,
      2067.59,
      1745.98,
      1823.62,
      1675.51,
      2098.02,
      1931.79,
      1775.77,
      2043.82
    ]
  }
}