{
  "id": "cfcae062-b373-4eb7-9b56-7bd287ad7b55",
  "duration": 11.221,
  "pitch": {
    "mean": 343.28,
    "max": 1102.48,
    "std": 213.35,
    "max_mean_ratio": 3.21
  },
  "energy": {
    "mean": 0.018019,
    "max": 0.045636,
    "std": 0.008351,
    "rate_of_change": 0.003651
  },
  "speech_rate": {
    "chars_per_sec": 19.49,
    "words_per_sec": 3.88,
    "segment_count": 3
  },
  "spectral_centroid": {
    "mean": 1490.47
  },
  "timeseries": {
    "frame_sec": 0.5,
    "pitch": [
      306.47,
      485.98,
      282.57,
      413.81,
      287.79,
      275.09,
      275.27,
      407.62,
      551.98,
      430.69,
      180.47,
      264.56,
      112.47,
      377.46,
      335.78,
      330.55,
      391.83,
      323.45,
      322.16,
      424.74,
      306.57,
      373.3,
      367.63
    ],
    "energy": [
      0.016032,
      0.022243,
      0.009426,
      0.012745,
      0.016911,
      0.01129,
      0.010084,
      0.012771,
      0.016044,
      0.013655,
      0.013354,
      0.009667,
      0.00825,
      0.018275,
      0.022495,
      0.019564,
      0.021541,
      0.020079,
      0.024885,
      0.025903,
      0.019626,
      0.030293,
      0.023222
    ],
    "spectral_centroid": [
      1600.93,
      1151.16,
      1276.79,
      1223.91,
      1213.8,
      1722.04,
      1514.66,
      1306.77,
      1226.81,
      1395.46,
      1488.45,
      1915.36,
      1604.68,
      1327.63,
      1272.8,
      1351.09,
      1444.55,
      1595.28,
      1655.48,
      1607.44,
      2014.65,
      1885.48,
      1652.35
    ]
  }
}