{
  "id": "cfe078aa-6f8c-4484-87a3-9c80bb36f071",
  "duration": 88.021,
  "pitch": {
    "mean": 341.46,
    "max": 2082.13,
    "std": 336.54,
    "max_mean_ratio": 6.1
  },
  "energy": {
    "mean": 0.045797,
    "max": 0.224313,
    "std": 0.032539,
    "rate_of_change": 0.002414
  },
  "speech_rate": {
    "chars_per_sec": 10.58,
    "words_per_sec": 1.92,
    "segment_count": 63
  },
  "spectral_centroid": {
    "mean": 1889.42
  },
  "timeseries": {
    "frame_sec": 0.5,
    "pitch": [
      516.9,
      462.21,
      461.37,
      603.78,
      461.17,
      556.18,
      1376.52,
      336.34,
      354.27,
      224.91,
      173.41,
      457.78,
      350.97,
      202.55,
      390.65,
      379.83,
      334.48,
      258.39,
      252.85,
      333.88,
      261.58,
      275.6,
      177.49,
      199.13,
      337.6,
      152.34,
      244.6,
      420.38,
      465.16,
      254.69,
      482.0,
      447.39,
      578.81,
      704.17,
      537.63,
      223.35,
      281.36,
      146.54,
      306.42,
      426.15,
      375.19,
      438.76,
      348.46,
      440.01,
      523.63,
      347.22,
      400.43,
      459.57,
      223.68,
      429.29,
      342.84,
      400.24,
      274.39,
      322.16,
      371.59,
      432.53,
      337.46,
      605.59,
      175.99,
      191.59,
      363.83,
      337.23,
      207.81,
      175.3,
      265.09,
      198.29,
      215.5,
      136.95,
      440.55,
      150.44,
      181.9,
      165.41,
      142.14,
      257.24,
      173.47,
      235.74,
      403.3,
      263.13,
      400.64,
      213.03,
      252.81,
      225.74,
      219.61,
      178.95,
      276.58,
      238.9,
      492.73,
      176.77,
      165.8,
      172.38,
      269.39,
      225.6,
      272.76,
      492.16,
      333.4,
      504.32,
      247.75,
      226.53,
      252.97,
      251.26,
      277.95,
      355.73,
      220.24,
      182.74,
      215.29,
      478.67,
      391.4,
      413.08,
      309.33,
      231.21,
      157.02,
      200.8,
      191.76,
      749.03,
      584.12,
      422.76,
      243.35,
      294.25,
      304.4,
      259.14,
      159.65,
      161.99,
      190.21,
      254.08,
      179.29,
      178.72,
      265.56,
      328.71,
      353.71,
      346.98,
      490.01,
      635.25,
      195.67,
      263.17,
      425.9,
      154.72,
      898.55,
      572.0,
      133.72,
      179.55,
      120.07,
      235.24,
      472.33,
      585.59,
      365.54,
      889.96,
      256.24,
      366.76,
      415.39,
      271.75,
      171.04,
      128.4,
      260.16,
      184.54,
      602.16,
      347.96,
      466.52,
      287.13,
      361.41,
      353.45,
      321.99,
      294.51,
      259.7,
      283.09,
      353.71,
      573.97,
      502.36,
      736.24,
      669.02,
      837.04,
      375.97,
      512.16,
      470.1,
      458.9,
      333.42,
      254.58,
      454.7
    ],
    "energy": [
      0.084949,
      0.115863,
      0.10827,
      0.154188,
      0.066316,
      0.068007,
      0.075692,
      0.045743,
      0.053239,
      0.025986,
      0.02859,
      0.01956,
      0.07139,
      0.074946,
      0.063567,
      0.092329,
      0.065605,
      0.031295,
      0.040214,
      0.067844,
      0.061425,
      0.028275,
      0.038192,
      0.050162,
      0.052137,
      0.019276,
      0.032833,
      0.061204,
      0.066569,
      0.067875,
      0.074388,
      0.065608,
      0.075465,
      0.076116,
      0.042442,
      0.018125,
      0.014943,
      0.024414,
      0.049805,
      0.077349,
      0.047442,
      0.055152,
      0.063399,
      0.057721,
      0.027961,
      0.026069,
      0.024864,
      0.022267,
      0.041608,
      0.097921,
      0.080233,
      0.042772,
      0.081512,
      0.062523,
      0.085257,
      0.093851,
      0.095686,
      0.081274,
      0.016195,
      0.031782,
      0.107485,
      0.076827,
      0.01867,
      0.020073,
      0.020364,
      0.017712,
      0.016886,
      0.019575,
      0.024017,
      0.023222,
      0.021806,
      0.023309,
      0.018529,
      0.041563,
      0.018737,
      0.027582,
      0.043787,
      0.029062,
      0.030453,
      0.021873,
      0.017389,
      0.017922,
      0.017205,
      0.01662,
      0.026803,
      0.031962,
      0.054993,
      0.017918,
      0.018094,
      0.018545,
      0.023229,
      0.036445,
      0.046274,
      0.063839,
      0.046732,
      0.020012,
      0.019042,
      0.01957,
      0.030776,
      0.036583,
      0.037089,
      0.045245,
      0.02376,
      0.018999,
      0.019015,
      0.05771,
      0.06766,
      0.065572,
      0.042563,
      0.024933,
      0.019739,
      0.017261,
      0.047537,
      0.060947,
      0.059218,
      0.071466,
      0.026026,
      0.033876,
      0.02685,
      0.021645,
      0.018802,
      0.022795,
      0.024525,
      0.039594,
      0.014937,
      0.014206,
      0.023102,
      0.040919,
      0.045008,
      0.031321,
      0.042819,
      0.019591,
      0.016456,
      0.015234,
      0.016219,
      0.028139,
      0.057308,
      0.060584,
      0.018352,
      0.016103,
      0.01592,
      0.016992,
      0.036388,
      0.064654,
      0.05695,
      0.066146,
      0.016244,
      0.039846,
      0.042659,
      0.02119,
      0.016779,
      0.020651,
      0.017025,
      0.022624,
      0.063672,
      0.061351,
      0.03763,
      0.059504,
      0.047372,
      0.046411,
      0.048893,
      0.058995,
      0.030643,
      0.019949,
      0.037584,
      0.055604,
      0.059121,
      0.063259,
      0.050737,
      0.096519,
      0.027963,
      0.075437,
      0.134269,
      0.036799,
      0.061822,
      0.042654,
      0.009771
    ],