{
  "id": "cffdfb2d-4135-46ca-a104-4c477e6980da",
  "duration": 21.845,
  "pitch": {
    "mean": 380.44,
    "max": 1910.13,
    "std": 272.81,
    "max_mean_ratio": 5.02
  },
  "energy": {
    "mean": 0.044831,
    "max": 0.212921,
    "std": 0.029396,
    "rate_of_change": 0.00944
  },
  "speech_rate": {
    "chars_per_sec": 13.07,
    "words_per_sec": 2.24,
    "segment_count": 8
  },
  "spectral_centroid": {
    "mean": 2117.52
  },
  "timeseries": {
    "frame_sec": 0.5,
    "pitch": [
      503.21,
      230.76,
      254.81,
      501.29,
      282.3,
      432.47,
      360.71,
      202.32,
      328.7,
      336.22,
      481.3,
      310.11,
      453.63,
      525.48,
      353.38,
      370.03,
      279.86,
      149.19,
      391.83,
      368.07,
      326.32,
      363.66,
      487.44,
      408.71,
      525.3,
      333.36,
      285.08,
      349.17,
      441.96,
      120.78,
      312.51,
      432.89,
      439.93,
      390.1,
      192.34,
      536.39,
      353.01,
      391.28,
      379.17,
      260.8,
      551.44,
      348.6,
      461.84,
      959.81
    ],
    "energy": [
      0.035177,
      0.024182,
      0.021755,
      0.040886,
      0.043627,
      0.028401,
      0.016393,
      0.018063,
      0.053624,
      0.060199,
      0.054299,
      0.038434,
      0.047349,
      0.043812,
      0.043705,
      0.026141,
      0.014674,
      0.015833,
      0.050663,
      0.043061,
      0.02869,
      0.030106,
      0.050875,
      0.03773,
      0.040869,
      0.034971,
      0.028109,
      0.042462,
      0.05644,
      0.019604,
      0.035262,
      0.045833,
      0.049123,
      0.047239,
      0.025311,
      0.061171,
      0.029957,
      0.085921,
      0.088259,
      0.066054,
      0.080651,
      0.043231,
      0.083712,
      0.053377
    ],
    "spectral_centroid": [
      2278.9,
      2753.42,
      2483.08,
      2195.18,
      2244.05,
      2401.62,
      2273.67,
      2129.57,
      1758.6,
      2057.58,
      1889.17,
      2524.53,
      2256.22,
      2206.09,
      2036.11,
      2209.17,
      2696.98,
      2724.4,
      2002.99,
      1910.76,
      1671.88,
      1725.58,
      2145.61,
      2045.14,
      1990.75,
      2226.3,
      1907.17,
      1837.25,
      1958.42,
      1543.41,
      1759.72,
      1618.29,
      1693.17,
      2028.23,
      2457.96,
      2195.36,
      2197.47,
      2116.75,
      1963.52,
      2205.55,
      1861.16,
      2141.2,
      2425.92,
      2408.58
    ]
  }
}