{
  "id": "cffd7d27-0e0a-4627-8347-d1779a7aaeca",
  "duration": 8.747,
  "pitch": {
    "mean": 426.96,
    "max": 1353.14,
    "std": 280.35,
    "max_mean_ratio": 3.17
  },
  "energy": {
    "mean": 0.083838,
    "max": 0.296066,
    "std": 0.049313,
    "rate_of_change": 0.032559
  },
  "speech_rate": {
    "chars_per_sec": 20.25,
    "words_per_sec": 3.78,
    "segment_count": 2
  },
  "spectral_centroid": {
    "mean": 2073.77
  },
  "timeseries": {
    "frame_sec": 0.5,
    "pitch": [
      259.72,
      302.65,
      570.94,
      216.9,
      271.4,
      340.83,
      485.7,
      279.62,
      389.83,
      261.01,
      401.83,
      424.67,
      495.92,
      453.6,
      526.39,
      729.76,
      512.64,
      649.73
    ],
    "energy": [
      0.101316,
      0.083527,
      0.082533,
      0.062137,
      0.060791,
      0.051553,
      0.080902,
      0.052178,
      0.060286,
      0.040442,
      0.067983,
      0.0898,
      0.103632,
      0.101042,
      0.115823,
      0.154306,
      0.057629,
      0.072702
    ],
    "spectral_centroid": [
      2789.28,
      1606.96,
      1781.35,
      2315.9,
      2441.48,
      2683.0,
      1761.29,
      2143.04,
      2359.1,
      1726.28,
      2458.89,
      2006.9,
      1686.0,
      2257.96,
      1941.3,
      1793.57,
      1701.07,
      1690.81
    ]
  }
}