{
  "id": "d058b56a-9c17-4d52-87b6-3fed1253311a",
  "duration": 34.347,
  "pitch": {
    "mean": 504.54,
    "max": 2027.6,
    "std": 327.83,
    "max_mean_ratio": 4.02
  },
  "energy": {
    "mean": 0.063089,
    "max": 0.22034,
    "std": 0.045238,
    "rate_of_change": 0.006193
  },
  "speech_rate": {
    "chars_per_sec": 14.18,
    "words_per_sec": 2.59,
    "segment_count": 12
  },
  "spectral_centroid": {
    "mean": 1962.59
  },
  "timeseries": {
    "frame_sec": 0.5,
    "pitch": [
      543.6,
      235.25,
      492.55,
      548.23,
      763.03,
      692.75,
      433.45,
      628.54,
      95.83,
      653.79,
      691.46,
      595.24,
      548.7,
      1010.67,
      467.92,
      485.81,
      247.39,
      162.73,
      561.36,
      388.37,
      460.66,
      565.86,
      432.88,
      326.29,
      492.67,
      345.93,
      512.42,
      388.02,
      541.54,
      347.27,
      420.82,
      556.92,
      620.78,
      507.39,
      353.68,
      252.26,
      472.33,
      397.61,
      772.74,
      408.26,
      713.61,
      628.24,
      390.45,
      654.86,
      440.93,
      563.41,
      843.75,
      326.74,
      545.37,
      327.36,
      412.56,
      491.8,
      212.03,
      206.49,
      169.84,
      399.89,
      669.82,
      487.79,
      547.96,
      474.29,
      560.19,
      561.4,
      758.14,
      637.4,
      722.04,
      731.51,
      628.18,
      729.85,
      511.62
    ],
    "energy": [
      0.066323,
      0.031716,
      0.081816,
      0.109445,
      0.091317,
      0.091148,
      0.073521,
      0.102273,
      0.030099,
      0.097712,
      0.089489,
      0.102284,
      0.125193,
      0.111471,
      0.01909,
      0.015458,
      0.017935,
      0.015154,
      0.072459,
      0.086627,
      0.069543,
      0.050844,
      0.018992,
      0.025314,
      0.018332,
      0.024337,
      0.031586,
      0.02212,
      0.030974,
      0.016684,
      0.03676,
      0.052418,
      0.031328,
      0.042625,
      0.033517,
      0.025861,
      0.031774,
      0.027701,
      0.077687,
      0.086942,
      0.107931,
      0.133351,
      0.073253,
      0.103698,
      0.092987,
      0.110347,
      0.012675,
      0.023372,
      0.043462,
      0.041827,
      0.024485,
      0.040739,
      0.04332,
      0.027905,
      0.028229,
      0.060703,
      0.059866,
      0.03181,
      0.062905,
      0.043894,
      0.064575,
      0.08516,
      0.125726,
      0.071917,
      0.088791,
      0.101066,
      0.104503,
      0.061895,
      0.105317
    ],
    "spectral_centroid": [
      1720.23,
      1336.64,
      1910.05,
      1814.56,
      1886.42,
      2122.19,
      2567.3,
      2085.64,
      1786.07,
      1700.3,
      2338.67,
      2048.6,
      2145.52,
      2087.99,
      1973.5,
      2028.26,
      2080.9,
      1926.55,
      1751.73,
      2146.6,
      1826.33,
      1679.68,
      1534.28,
      1686.01,
      1719.55,
      1776.09,
      1845.41,
      2132.66,
      2176.61,
      1755.44,
      1905.84,
      1889.13,
      1925.29,
      1896.1,
      2187.17,
      2458.57,
      1949.67,
      1847.34,
      1917.64,
      1896.44,
      1890.56,
      2012.69,
      2475.11,
      1886.75,
      2067.34,
      2029.33,
      1989.81,
      1871.59,
      2002.43,
      2350.37,
      2419.59,
      1830.43,
      1793.59,
      2010.99,
      1660.78,
      1642.87,
      1993.85,
      2128.55,
      2026.5,
      2221.68,
      1791.27,
      1831.76,
      2129.2,
      1816.93,
      2118.77,
      1955.86,
      1862.66,
      2176.45,
      1947.29
    ]
  }
}