{
  "id": "d086044b-1d4b-40eb-8b06-b22ae66df90e",
  "duration": 15.723,
  "pitch": {
    "mean": 443.44,
    "max": 1804.95,
    "std": 366.17,
    "max_mean_ratio": 4.07
  },
  "energy": {
    "mean": 0.02396,
    "max": 0.115007,
    "std": 0.020374,
    "rate_of_change": 0.006962
  },
  "speech_rate": {
    "chars_per_sec": 12.98,
    "words_per_sec": 2.3,
    "segment_count": 8
  },
  "spectral_centroid": {
    "mean": 1876.29
  },
  "timeseries": {
    "frame_sec": 0.5,
    "pitch": [
      304.94,
      318.52,
      344.75,
      689.57,
      808.38,
      225.84,
      458.73,
      456.98,
      384.53,
      367.16,
      329.06,
      206.27,
      401.93,
      415.26,
      411.48,
      100.24,
      196.75,
      468.23,
      363.45,
      499.12,
      515.13,
      485.44,
      586.61,
      395.37,
      386.16,
      669.05,
      590.94,
      454.67,
      512.16,
      328.69,
      505.24,
      663.42
    ],
    "energy": [
      0.016036,
      0.011978,
      0.02599,
      0.007453,
      0.016655,
      0.009079,
      0.020557,
      0.021455,
      0.017469,
      0.014615,
      0.008339,
      0.014063,
      0.023104,
      0.02067,
      0.017324,
      0.010415,
      0.008422,
      0.012742,
      0.017727,
      0.020861,
      0.025133,
      0.036073,
      0.042311,
      0.015739,
      0.021281,
      0.014858,
      0.051348,
      0.098054,
      0.026323,
      0.023732,
      0.034897,
      0.02798
    ],
    "spectral_centroid": [
      1756.07,
      1844.55,
      2206.81,
      2044.81,
      2027.82,
      1947.94,
      1726.28,
      1810.06,
      1974.06,
      2081.93,
      1827.38,
      1824.48,
      1685.13,
      1808.01,
      2133.33,
      2023.07,
      2268.51,
      1923.62,
      1637.3,
      1869.54,
      1989.36,
      1619.04,
      1477.4,
      1791.23,
      1689.51,
      2004.97,
      2016.0,
      1449.27,
      1769.58,
      1879.12,
      1970.32,
      2009.49
    ]
  }
}