{
  "id": "d099bdaa-a292-470d-a25e-d64e99f1d847",
  "duration": 15.061,
  "pitch": {
    "mean": 363.03,
    "max": 1411.59,
    "std": 256.16,
    "max_mean_ratio": 3.89
  },
  "energy": {
    "mean": 0.069217,
    "max": 0.244966,
    "std": 0.05029,
    "rate_of_change": 0.015743
  },
  "speech_rate": {
    "chars_per_sec": 17.55,
    "words_per_sec": 3.19,
    "segment_count": 8
  },
  "spectral_centroid": {
    "mean": 1948.45
  },
  "timeseries": {
    "frame_sec": 0.5,
    "pitch": [
      93.03,
      427.86,
      419.16,
      406.01,
      392.63,
      469.62,
      313.38,
      488.69,
      353.85,
      351.87,
      373.94,
      346.65,
      205.69,
      454.42,
      157.53,
      282.0,
      112.56,
      350.65,
      284.18,
      457.83,
      187.07,
      89.83,
      393.12,
      473.33,
      266.79,
      369.01,
      467.89,
      539.43,
      795.08,
      666.68,
      192.8
    ],
    "energy": [
      0.030566,
      0.077337,
      0.078061,
      0.061914,
      0.07309,
      0.046968,
      0.036743,
      0.078407,
      0.070055,
      0.064449,
      0.106913,
      0.051802,
      0.049249,
      0.115806,
      0.040284,
      0.047707,
      0.02636,
      0.021921,
      0.099426,
      0.113058,
      0.010688,
      0.014117,
      0.045705,
      0.044332,
      0.046927,
      0.051597,
      0.093723,
      0.136217,
      0.166942,
      0.099006,
      0.041906
    ],
    "spectral_centroid": [
      1690.19,
      1892.37,
      1645.62,
      1937.26,
      1942.46,
      1768.38,
      1776.88,
      1715.6,
      1917.52,
      2214.8,
      2404.99,
      1754.18,
      1835.32,
      2203.87,
      2151.48,
      1936.25,
      1908.3,
      2207.59,
      2053.79,
      2046.7,
      2353.27,
      2359.31,
      1688.9,
      1680.89,
      1806.15,
      1906.87,
      1671.74,
      2297.55,
      2075.61,
      1730.71,
      1807.45
    ]
  }
}