{
  "id": "d0a69e01-49ba-4593-a949-cffd9a16fef4",
  "duration": 12.501,
  "pitch": {
    "mean": 547.27,
    "max": 1997.32,
    "std": 361.73,
    "max_mean_ratio": 3.65
  },
  "energy": {
    "mean": 0.084956,
    "max": 0.474161,
    "std": 0.078373,
    "rate_of_change": 0.037218
  },
  "speech_rate": {
    "chars_per_sec": 10.6,
    "words_per_sec": 1.9,
    "segment_count": 6
  },
  "spectral_centroid": {
    "mean": 1969.16
  },
  "timeseries": {
    "frame_sec": 0.5,
    "pitch": [
      254.75,
      796.51,
      588.51,
      564.43,
      498.15,
      474.4,
      540.16,
      187.69,
      328.9,
      710.59,
      700.91,
      500.36,
      245.41,
      458.85,
      669.86,
      649.25,
      624.27,
      611.64,
      456.66,
      565.41,
      844.84,
      697.99,
      700.58,
      504.41,
      396.58,
      486.34
    ],
    "energy": [
      0.015943,
      0.11755,
      0.080086,
      0.019095,
      0.044984,
      0.047407,
      0.070136,
      0.017821,
      0.0652,
      0.228737,
      0.190556,
      0.062914,
      0.056112,
      0.10702,
      0.099633,
      0.097742,
      0.072082,
      0.057986,
      0.074922,
      0.058096,
      0.255771,
      0.02391,
      0.071853,
      0.045051,
      0.051268,
      0.006573
    ],
    "spectral_centroid": [
      1968.85,
      1605.75,
      1804.64,
      2029.75,
      1792.53,
      1747.09,
      1909.5,
      2064.31,
      2218.8,
      1958.95,
      2318.16,
      2062.6,
      2026.66,
      2023.48,
      1808.28,
      1744.78,
      1775.64,
      2197.79,
      2083.32,
      1868.55,
      1685.45,
      2307.97,
      1862.72,
      1800.66,
      2527.96,
      2574.19
    ]
  }
}