{
  "id": "d0b75d62-39ff-4df6-858d-863d17ea0d36",
  "duration": 13.397,
  "pitch": {
    "mean": 459.59,
    "max": 1909.86,
    "std": 334.21,
    "max_mean_ratio": 4.16
  },
  "energy": {
    "mean": 0.060208,
    "max": 0.270377,
    "std": 0.054782,
    "rate_of_change": 0.019591
  },
  "speech_rate": {
    "chars_per_sec": 13.75,
    "words_per_sec": 2.69,
    "segment_count": 3
  },
  "spectral_centroid": {
    "mean": 2027.28
  },
  "timeseries": {
    "frame_sec": 0.5,
    "pitch": [
      426.38,
      255.75,
      400.08,
      286.74,
      342.23,
      375.88,
      331.49,
      414.7,
      255.24,
      289.8,
      428.38,
      420.19,
      456.73,
      339.62,
      217.43,
      669.66,
      706.19,
      704.69,
      599.05,
      884.03,
      646.19,
      911.89,
      322.57,
      226.45,
      659.71,
      352.22,
      214.61
    ],
    "energy": [
      0.031568,
      0.020561,
      0.027879,
      0.03975,
      0.044936,
      0.045093,
      0.034156,
      0.034696,
      0.031406,
      0.038162,
      0.031489,
      0.025792,
      0.041267,
      0.020115,
      0.040327,
      0.208134,
      0.134936,
      0.019911,
      0.073817,
      0.099335,
      0.116235,
      0.107826,
      0.041214,
      0.040312,
      0.12776,
      0.027559,
      0.048166
    ],
    "spectral_centroid": [
      1991.56,
      2651.8,
      2340.95,
      2108.19,
      1883.44,
      1889.75,
      2289.84,
      2275.09,
      2242.12,
      1559.88,
      1713.54,
      2139.75,
      1663.01,
      1972.51,
      1691.63,
      1923.84,
      1899.91,
      2023.13,
      2191.06,
      2038.57,
      1558.33,
      1706.82,
      2027.59,
      2427.07,
      1769.19,
      1820.91,
      3026.18
    ]
  }
}