{
  "id": "d15c7834-e8cf-4a9f-b820-6981a978ac37",
  "duration": 13.973,
  "pitch": {
    "mean": 483.65,
    "max": 2029.83,
    "std": 410.81,
    "max_mean_ratio": 4.2
  },
  "energy": {
    "mean": 0.071268,
    "max": 0.222746,
    "std": 0.048938,
    "rate_of_change": 0.015402
  },
  "speech_rate": {
    "chars_per_sec": 11.55,
    "words_per_sec": 2.44,
    "segment_count": 11
  },
  "spectral_centroid": {
    "mean": 2016.33
  },
  "timeseries": {
    "frame_sec": 0.5,
    "pitch": [
      547.91,
      462.89,
      269.71,
      566.31,
      599.65,
      261.15,
      497.65,
      284.59,
      173.81,
      448.26,
      472.98,
      453.64,
      224.61,
      123.66,
      261.76,
      448.83,
      588.56,
      320.07,
      524.38,
      376.13,
      260.29,
      810.19,
      348.0,
      692.03,
      935.79,
      1090.96,
      907.79,
      520.03
    ],
    "energy": [
      0.089322,
      0.074134,
      0.021741,
      0.078321,
      0.08007,
      0.028871,
      0.104069,
      0.031074,
      0.025065,
      0.076947,
      0.08443,
      0.115415,
      0.008821,
      0.016628,
      0.076721,
      0.090244,
      0.096761,
      0.046593,
      0.009562,
      0.090229,
      0.031484,
      0.1091,
      0.0267,
      0.105049,
      0.100769,
      0.118448,
      0.096163,
      0.062495
    ],
    "spectral_centroid": [
      1579.7,
      1806.51,
      2186.38,
      1720.35,
      1662.58,
      2206.25,
      1727.06,
      1910.0,
      1893.96,
      2113.98,
      1786.19,
      2174.82,
      2257.58,
      2141.04,
      2075.73,
      2309.34,
      2071.27,
      1956.03,
      2221.64,
      2081.17,
      1878.19,
      2029.8,
      1800.19,
      2046.4,
      2240.11,
      2183.79,
      2154.04,
      2149.89
    ]
  }
}