{
  "id": "d17dbaa6-e90d-4796-b7cf-821f69e41995",
  "duration": 5.461,
  "pitch": {
    "mean": 433.55,
    "max": 1794.51,
    "std": 324.09,
    "max_mean_ratio": 4.14
  },
  "energy": {
    "mean": 0.075799,
    "max": 0.117671,
    "std": 0.027019,
    "rate_of_change": 0.019477
  },
  "speech_rate": {
    "chars_per_sec": 17.1,
    "words_per_sec": 3.12,
    "segment_count": 1
  },
  "spectral_centroid": {
    "mean": 1989.85
  },
  "timeseries": {
    "frame_sec": 0.5,
    "pitch": [
      408.29,
      450.08,
      484.01,
      430.81,
      552.35,
      248.37,
      378.56,
      634.7,
      333.01,
      484.1,
      540.53
    ],
    "energy": [
      0.066112,
      0.072851,
      0.081543,
      0.079805,
      0.067316,
      0.055783,
      0.067392,
      0.045556,
      0.088508,
      0.086175,
      0.089089
    ],
    "spectral_centroid": [
      2369.19,
      2178.48,
      1868.05,
      1274.43,
      2006.76,
      2822.57,
      1764.77,
      2507.5,
      1939.62,
      1772.23,
      1301.21
    ]
  }
}