{
  "id": "d190b907-dd58-4429-9c5b-d78f80d5f13f",
  "duration": 12.245,
  "pitch": {
    "mean": 502.64,
    "max": 1871.62,
    "std": 582.35,
    "max_mean_ratio": 3.72
  },
  "energy": {
    "mean": 0.015518,
    "max": 0.030663,
    "std": 0.005026,
    "rate_of_change": 0.001931
  },
  "speech_rate": {
    "chars_per_sec": 0.0,
    "words_per_sec": 0.0,
    "segment_count": 0
  },
  "spectral_centroid": {
    "mean": 2166.63
  },
  "timeseries": {
    "frame_sec": 0.5,
    "pitch": [
      544.89,
      237.53,
      607.32,
      265.13,
      330.4,
      144.87,
      145.34,
      351.46,
      1661.65,
      777.43,
      170.46,
      254.92,
      498.1,
      716.2,
      788.75,
      379.59,
      1234.85,
      331.03,
      698.41,
      711.23,
      134.02,
      141.42,
      371.16,
      246.45,
      128.07
    ],
    "energy": [
      0.011947,
      0.018088,
      0.011369,
      0.014942,
      0.015194,
      0.022664,
      0.012436,
      0.01409,
      0.012801,
      0.01364,
      0.017299,
      0.019324,
      0.01259,
      0.010458,
      0.01226,
      0.013851,
      0.01343,
      0.013843,
      0.016746,
      0.02121,
      0.020514,
      0.019431,
      0.013507,
      0.008957,
      0.007918
    ],
    "spectral_centroid": [
      2173.64,
      2447.83,
      2391.89,
      2014.32,
      1950.72,
      1881.94,
      1883.93,
      2097.47,
      2242.93,
      2126.37,
      2009.3,
      2049.0,
      2104.31,
      2245.82,
      2245.59,
      2442.89,
      1815.19,
      2489.48,
      2281.43,
      1982.42,
      2147.48,
      2613.81,
      2027.18,
      2180.64,
      2311.41
    ]
  }
}