{
  "id": "d194dc1b-ea35-4185-bb32-71c8c7b36602",
  "duration": 10.901,
  "pitch": {
    "mean": 376.14,
    "max": 1433.27,
    "std": 206.24,
    "max_mean_ratio": 3.81
  },
  "energy": {
    "mean": 0.071786,
    "max": 0.238294,
    "std": 0.046829,
    "rate_of_change": 0.021118
  },
  "speech_rate": {
    "chars_per_sec": 12.36,
    "words_per_sec": 2.21,
    "segment_count": 4
  },
  "spectral_centroid": {
    "mean": 1963.49
  },
  "timeseries": {
    "frame_sec": 0.5,
    "pitch": [
      314.2,
      333.19,
      410.43,
      268.84,
      515.59,
      604.75,
      188.81,
      636.9,
      536.56,
      516.51,
      476.56,
      167.72,
      266.01,
      255.23,
      329.61,
      379.24,
      291.04,
      241.17,
      404.07,
      302.6,
      630.32,
      440.1
    ],
    "energy": [
      0.060259,
      0.037305,
      0.080038,
      0.062126,
      0.148194,
      0.111932,
      0.018467,
      0.04787,
      0.123362,
      0.153945,
      0.081904,
      0.015886,
      0.013253,
      0.045022,
      0.057681,
      0.036872,
      0.060247,
      0.036209,
      0.068599,
      0.068183,
      0.096007,
      0.085496
    ],
    "spectral_centroid": [
      1657.57,
      1813.35,
      1593.73,
      2427.24,
      1757.38,
      2048.2,
      2372.77,
      2372.3,
      1561.65,
      1677.2,
      2068.3,
      2322.49,
      2128.57,
      1506.21,
      1834.49,
      2103.11,
      1504.65,
      2244.48,
      1868.73,
      2333.71,
      2143.66,
      1769.65
    ]
  }
}