{
  "id": "d1adc0f9-ae89-4d5a-a651-8dfd0e8cdde1",
  "duration": 17.877,
  "pitch": {
    "mean": 408.84,
    "max": 1451.39,
    "std": 270.44,
    "max_mean_ratio": 3.55
  },
  "energy": {
    "mean": 0.053996,
    "max": 0.218994,
    "std": 0.037119,
    "rate_of_change": 0.012037
  },
  "speech_rate": {
    "chars_per_sec": 12.91,
    "words_per_sec": 2.49,
    "segment_count": 6
  },
  "spectral_centroid": {
    "mean": 2024.54
  },
  "timeseries": {
    "frame_sec": 0.5,
    "pitch": [
      422.13,
      101.77,
      356.94,
      345.38,
      468.34,
      428.26,
      571.81,
      452.88,
      120.18,
      144.36,
      132.84,
      264.26,
      426.07,
      541.39,
      567.57,
      470.96,
      259.62,
      338.75,
      315.27,
      522.26,
      459.84,
      557.96,
      577.42,
      146.21,
      223.48,
      574.93,
      622.09,
      414.64,
      434.89,
      550.25,
      443.31,
      614.94,
      543.65,
      265.64,
      590.44,
      310.08
    ],
    "energy": [
      0.014878,
      0.024941,
      0.039868,
      0.047796,
      0.068494,
      0.046126,
      0.049057,
      0.061282,
      0.015598,
      0.019831,
      0.0315,
      0.046118,
      0.097656,
      0.088187,
      0.064361,
      0.049637,
      0.020769,
      0.051384,
      0.031935,
      0.050605,
      0.049615,
      0.060331,
      0.068285,
      0.019545,
      0.017238,
      0.057053,
      0.056904,
      0.057165,
      0.114439,
      0.085528,
      0.055291,
      0.107318,
      0.041764,
      0.034222,
      0.073417,
      0.0344
    ],
    "spectral_centroid": [
      1816.27,
      1588.91,
      2169.08,
      1961.76,
      2024.74,
      1981.94,
      1910.97,
      2160.08,
      1711.79,
      2184.2,
      1974.83,
      1983.15,
      2290.35,
      1853.88,
      1810.52,
      2252.37,
      2180.6,
      2131.07,
      2216.29,
      1877.3,
      2185.01,
      1862.5,
      1896.82,
      1795.21,
      2029.99,
      1717.9,
      1897.92,
      2081.49,
      2185.61,
      2165.85,
      2564.56,
      2424.05,
      2036.69,
      2073.31,
      2029.73,
      1807.03
    ]
  }
}