{
  "id": "d1f25b69-669c-4f83-93c6-1f933c2b2186",
  "duration": 10.688,
  "pitch": {
    "mean": 451.89,
    "max": 1906.65,
    "std": 339.79,
    "max_mean_ratio": 4.22
  },
  "energy": {
    "mean": 0.064971,
    "max": 0.170189,
    "std": 0.047049,
    "rate_of_change": 0.015322
  },
  "speech_rate": {
    "chars_per_sec": 14.43,
    "words_per_sec": 2.68,
    "segment_count": 5
  },
  "spectral_centroid": {
    "mean": 2007.15
  },
  "timeseries": {
    "frame_sec": 0.5,
    "pitch": [
      520.69,
      185.86,
      249.18,
      466.82,
      449.42,
      479.77,
      365.71,
      396.74,
      407.76,
      558.72,
      418.28,
      382.2,
      381.65,
      400.93,
      411.01,
      632.25,
      995.68,
      915.39,
      415.73,
      329.4,
      356.13,
      312.04
    ],
    "energy": [
      0.013545,
      0.013018,
      0.063314,
      0.077299,
      0.100449,
      0.101814,
      0.031117,
      0.115852,
      0.038436,
      0.008774,
      0.071699,
      0.084315,
      0.104429,
      0.067721,
      0.105726,
      0.050449,
      0.021078,
      0.015964,
      0.026678,
      0.092648,
      0.086212,
      0.073155
    ],
    "spectral_centroid": [
      2300.08,
      2332.58,
      1912.58,
      1843.33,
      1685.87,
      1807.28,
      2017.95,
      1748.94,
      2375.39,
      2187.55,
      1571.8,
      1641.71,
      1809.45,
      1937.36,
      1835.97,
      2237.57,
      2387.89,
      2474.75,
      2222.29,
      1952.3,
      1761.05,
      2186.96
    ]
  }
}