{
  "id": "d1fd6fcd-af9b-461a-9c10-34614a8f566d",
  "duration": 13.163,
  "pitch": {
    "mean": 403.1,
    "max": 1881.78,
    "std": 304.72,
    "max_mean_ratio": 4.67
  },
  "energy": {
    "mean": 0.011221,
    "max": 0.038766,
    "std": 0.007016,
    "rate_of_change": 0.002803
  },
  "speech_rate": {
    "chars_per_sec": 14.55,
    "words_per_sec": 2.68,
    "segment_count": 3
  },
  "spectral_centroid": {
    "mean": 1988.02
  },
  "timeseries": {
    "frame_sec": 0.5,
    "pitch": [
      431.41,
      520.24,
      320.0,
      295.15,
      406.53,
      294.57,
      395.78,
      341.73,
      293.56,
      569.73,
      348.9,
      477.85,
      462.6,
      511.08,
      483.94,
      409.36,
      396.05,
      266.55,
      368.87,
      346.32,
      270.13,
      264.79,
      227.78,
      446.71,
      320.75,
      487.13,
      250.37
    ],
    "energy": [
      0.01393,
      0.010045,
      0.011883,
      0.008597,
      0.003879,
      0.005599,
      0.016165,
      0.00759,
      0.006199,
      0.00481,
      0.007233,
      0.01006,
      0.006891,
      0.009571,
      0.00966,
      0.008993,
      0.017441,
      0.015878,
      0.003048,
      0.004752,
      0.011031,
      0.011206,
      0.014095,
      0.023197,
      0.018322,
      0.018864,
      0.007605
    ],
    "spectral_centroid": [
      1997.43,
      2051.69,
      2171.35,
      1587.65,
      1792.64,
      1978.18,
      1644.71,
      1803.43,
      1856.86,
      1692.5,
      1992.12,
      1957.08,
      2259.8,
      2177.29,
      1738.62,
      2522.98,
      2155.66,
      2451.49,
      2126.79,
      2005.59,
      1656.24,
      2055.0,
      2072.85,
      1905.6,
      2271.93,
      1641.18,
      1829.1
    ]
  }
}