{
  "id": "d226d069-42e4-4335-b68e-d6b0ef6a15aa",
  "duration": 13.184,
  "pitch": {
    "mean": 511.05,
    "max": 2032.82,
    "std": 379.65,
    "max_mean_ratio": 3.98
  },
  "energy": {
    "mean": 0.123614,
    "max": 0.311176,
    "std": 0.081549,
    "rate_of_change": 0.022859
  },
  "speech_rate": {
    "chars_per_sec": 10.61,
    "words_per_sec": 2.07,
    "segment_count": 3
  },
  "spectral_centroid": {
    "mean": 1931.86
  },
  "timeseries": {
    "frame_sec": 0.5,
    "pitch": [
      417.3,
      846.86,
      394.96,
      808.6,
      462.11,
      539.03,
      559.74,
      179.12,
      108.97,
      116.98,
      668.31,
      565.52,
      207.45,
      327.88,
      488.16,
      158.15,
      548.66,
      432.73,
      477.07,
      677.27,
      692.35,
      821.42,
      690.19,
      373.15,
      810.46,
      700.89,
      347.54
    ],
    "energy": [
      0.100117,
      0.137947,
      0.117634,
      0.085579,
      0.109938,
      0.135303,
      0.141396,
      0.019639,
      0.027154,
      0.034767,
      0.155913,
      0.138064,
      0.044103,
      0.088362,
      0.100578,
      0.039693,
      0.124097,
      0.128401,
      0.114065,
      0.274617,
      0.211131,
      0.21274,
      0.179501,
      0.063147,
      0.125772,
      0.205973,
      0.035366
    ],
    "spectral_centroid": [
      2602.68,
      2411.49,
      2379.73,
      2038.47,
      2132.37,
      2648.06,
      1820.97,
      1384.14,
      1217.93,
      1925.53,
      1560.44,
      1380.4,
      1845.24,
      1976.61,
      2042.22,
      1282.66,
      1730.62,
      1923.26,
      1579.63,
      1875.13,
      2068.9,
      1870.0,
      1735.74,
      2208.38,
      2428.92,
      2044.11,
      1689.05
    ]
  }
}