{
  "id": "d25a3067-9371-4be8-9306-3c1a620f171c",
  "duration": 11.755,
  "pitch": {
    "mean": 408.16,
    "max": 1770.15,
    "std": 301.55,
    "max_mean_ratio": 4.34
  },
  "energy": {
    "mean": 0.062679,
    "max": 0.13677,
    "std": 0.029159,
    "rate_of_change": 0.010794
  },
  "speech_rate": {
    "chars_per_sec": 13.99,
    "words_per_sec": 2.05,
    "segment_count": 4
  },
  "spectral_centroid": {
    "mean": 1914.71
  },
  "timeseries": {
    "frame_sec": 0.5,
    "pitch": [
      181.02,
      372.09,
      336.42,
      309.81,
      447.26,
      334.05,
      174.73,
      242.01,
      370.46,
      388.24,
      635.72,
      430.03,
      340.52,
      317.98,
      621.04,
      327.47,
      217.37,
      532.15,
      496.73,
      492.15,
      147.83,
      921.93,
      805.91,
      255.62
    ],
    "energy": [
      0.052245,
      0.065502,
      0.051881,
      0.067074,
      0.070587,
      0.060988,
      0.041577,
      0.046627,
      0.048369,
      0.048848,
      0.068897,
      0.065734,
      0.046623,
      0.059273,
      0.07429,
      0.062611,
      0.030741,
      0.086937,
      0.062389,
      0.059925,
      0.035717,
      0.077196,
      0.110039,
      0.043394
    ],
    "spectral_centroid": [
      2045.11,
      1820.63,
      1801.43,
      1826.24,
      1714.08,
      1815.04,
      1808.87,
      2078.1,
      1907.61,
      1947.33,
      1780.32,
      1828.63,
      2184.61,
      2188.78,
      1859.36,
      1806.85,
      2240.78,
      1717.56,
      1831.32,
      1830.67,
      1974.7,
      2249.14,
      1802.72,
      1868.61
    ]
  }
}