{
  "id": "d2b641aa-a897-4b4f-bf0c-4ee892417b39",
  "duration": 6.571,
  "pitch": {
    "mean": 341.31,
    "max": 1530.97,
    "std": 293.3,
    "max_mean_ratio": 4.49
  },
  "energy": {
    "mean": 0.06524,
    "max": 0.249376,
    "std": 0.055105,
    "rate_of_change": 0.036452
  },
  "speech_rate": {
    "chars_per_sec": 14.62,
    "words_per_sec": 2.83,
    "segment_count": 4
  },
  "spectral_centroid": {
    "mean": 1843.21
  },
  "timeseries": {
    "frame_sec": 0.5,
    "pitch": [
      287.01,
      407.97,
      167.8,
      204.56,
      252.43,
      604.5,
      327.53,
      268.16,
      95.79,
      231.14,
      592.99,
      366.33,
      625.87,
      142.16
    ],
    "energy": [
      0.09238,
      0.105114,
      0.040059,
      0.066579,
      0.06443,
      0.137915,
      0.01364,
      0.014146,
      0.012662,
      0.023246,
      0.144296,
      0.037144,
      0.062854,
      0.06103
    ],
    "spectral_centroid": [
      1574.27,
      1572.13,
      1802.2,
      1935.38,
      1521.75,
      1517.4,
      1888.04,
      1930.88,
      2121.21,
      2364.22,
      1907.98,
      2283.15,
      1725.66,
      1114.43
    ]
  }
}