{
  "id": "d2bbe912-e45b-4f13-8239-12cb3ac1e406",
  "duration": 20.032,
  "pitch": {
    "mean": 520.85,
    "max": 2082.39,
    "std": 362.21,
    "max_mean_ratio": 4.0
  },
  "energy": {
    "mean": 0.090372,
    "max": 0.302296,
    "std": 0.06959,
    "rate_of_change": 0.014929
  },
  "speech_rate": {
    "chars_per_sec": 10.51,
    "words_per_sec": 1.68,
    "segment_count": 10
  },
  "spectral_centroid": {
    "mean": 2057.26
  },
  "timeseries": {
    "frame_sec": 0.5,
    "pitch": [
      614.18,
      885.32,
      705.55,
      253.65,
      121.41,
      434.72,
      800.56,
      612.63,
      462.8,
      484.36,
      462.51,
      493.57,
      688.74,
      591.28,
      570.02,
      495.71,
      641.89,
      112.61,
      331.94,
      577.81,
      428.42,
      297.3,
      857.6,
      679.47,
      701.89,
      164.8,
      146.18,
      106.48,
      851.07,
      855.21,
      548.89,
      509.58,
      121.1,
      194.41,
      428.8,
      796.66,
      837.09,
      597.55,
      504.74,
      635.95,
      609.79
    ],
    "energy": [
      0.111154,
      0.133537,
      0.124497,
      0.007944,
      0.020256,
      0.107218,
      0.129826,
      0.069174,
      0.052352,
      0.121047,
      0.086542,
      0.074128,
      0.131325,
      0.071254,
      0.116483,
      0.094466,
      0.109017,
      0.011041,
      0.126077,
      0.122097,
      0.03804,
      0.00667,
      0.142821,
      0.123254,
      0.063915,
      0.015283,
      0.018828,
      0.011372,
      0.116039,
      0.105751,
      0.073413,
      0.004933,
      0.019193,
      0.050351,
      0.107084,
      0.176035,
      0.176314,
      0.095853,
      0.135528,
      0.150425,
      0.106709
    ],
    "spectral_centroid": [
      2404.47,
      2508.23,
      2232.99,
      1926.69,
      1752.1,
      2021.76,
      2089.01,
      1782.1,
      1973.22,
      1534.23,
      2161.55,
      1982.37,
      1767.48,
      2153.1,
      2337.86,
      2439.24,
      2030.8,
      1891.15,
      1679.69,
      1664.08,
      1697.71,
      2652.7,
      2553.8,
      2557.59,
      2052.18,
      1791.86,
      1834.55,
      2285.81,
      2281.28,
      2476.07,
      2484.38,
      2374.1,
      1522.81,
      1962.89,
      1922.76,
      1597.22,
      1743.43,
      1871.56,
      2325.81,
      1902.4,
      1608.13
    ]
  }
}