{
  "id": "d313d83c-81cb-4b4c-b961-1d57e1a27414",
  "duration": 18.133,
  "pitch": {
    "mean": 554.78,
    "max": 2083.73,
    "std": 463.59,
    "max_mean_ratio": 3.76
  },
  "energy": {
    "mean": 0.208121,
    "max": 0.551988,
    "std": 0.14265,
    "rate_of_change": 0.028273
  },
  "speech_rate": {
    "chars_per_sec": 10.71,
    "words_per_sec": 1.93,
    "segment_count": 9
  },
  "spectral_centroid": {
    "mean": 2100.65
  },
  "timeseries": {
    "frame_sec": 0.5,
    "pitch": [
      478.55,
      725.1,
      490.53,
      777.1,
      413.3,
      436.84,
      746.59,
      404.54,
      471.67,
      416.37,
      284.53,
      747.55,
      320.64,
      294.71,
      620.87,
      976.65,
      543.25,
      556.75,
      710.75,
      546.78,
      700.19,
      371.07,
      311.4,
      538.8,
      489.69,
      328.14,
      738.57,
      723.52,
      265.98,
      566.47,
      607.36,
      750.81,
      392.78,
      496.17,
      779.77,
      375.85,
      335.19
    ],
    "energy": [
      0.193814,
      0.145327,
      0.058587,
      0.062797,
      0.161452,
      0.190272,
      0.394393,
      0.363479,
      0.35504,
      0.089929,
      0.050787,
      0.049595,
      0.090805,
      0.067633,
      0.063807,
      0.085553,
      0.293009,
      0.317844,
      0.137525,
      0.17002,
      0.363055,
      0.244082,
      0.250521,
      0.240689,
      0.254904,
      0.244859,
      0.240316,
      0.226401,
      0.106555,
      0.200171,
      0.41038,
      0.268511,
      0.205919,
      0.297705,
      0.226973,
      0.047193,
      0.039913
    ],
    "spectral_centroid": [
      2126.61,
      2074.61,
      1701.49,
      2066.78,
      1746.61,
      2403.09,
      1946.44,
      2620.49,
      2302.38,
      2044.51,
      1636.26,
      1704.83,
      2124.76,
      2074.9,
      2015.11,
      1934.23,
      1971.11,
      2401.32,
      1878.92,
      2550.82,
      1709.46,
      2714.92,
      2106.18,
      1536.95,
      2303.78,
      1974.17,
      2844.56,
      2248.04,
      2015.53,
      1836.72,
      2259.56,
      2195.28,
      2213.25,
      2350.63,
      2200.25,
      1764.07,
      1692.76
    ]
  }
}