{
  "id": "d350cd0a-cc12-414d-91e3-9ee3aa152d99",
  "duration": 10.773,
  "pitch": {
    "mean": 448.16,
    "max": 1848.89,
    "std": 289.83,
    "max_mean_ratio": 4.13
  },
  "energy": {
    "mean": 0.039757,
    "max": 0.14112,
    "std": 0.028969,
    "rate_of_change": 0.012624
  },
  "speech_rate": {
    "chars_per_sec": 19.68,
    "words_per_sec": 3.26,
    "segment_count": 1
  },
  "spectral_centroid": {
    "mean": 1860.09
  },
  "timeseries": {
    "frame_sec": 0.5,
    "pitch": [
      193.6,
      527.48,
      319.59,
      428.99,
      222.73,
      412.7,
      462.43,
      313.83,
      252.54,
      615.87,
      285.42,
      539.54,
      474.33,
      408.7,
      494.73,
      322.83,
      364.08,
      530.82,
      611.56,
      467.35,
      645.36,
      1042.6
    ],
    "energy": [
      0.020476,
      0.031884,
      0.031215,
      0.035337,
      0.021526,
      0.03043,
      0.029026,
      0.024394,
      0.018878,
      0.030071,
      0.014382,
      0.040337,
      0.030682,
      0.028999,
      0.025271,
      0.022271,
      0.030143,
      0.082847,
      0.101616,
      0.053931,
      0.058173,
      0.100018
    ],
    "spectral_centroid": [
      2045.6,
      1756.99,
      2070.7,
      1792.51,
      1589.47,
      2099.51,
      1939.43,
      1909.44,
      2020.4,
      2011.95,
      1882.92,
      2032.93,
      2067.88,
      1970.75,
      1599.79,
      1664.82,
      1782.21,
      1815.38,
      1801.09,
      1679.29,
      1704.55,
      1533.75
    ]
  }
}