{
  "id": "d3776d8d-91e7-4315-8c46-0fe03968dcec",
  "duration": 9.323,
  "pitch": {
    "mean": 322.11,
    "max": 1693.81,
    "std": 238.25,
    "max_mean_ratio": 5.26
  },
  "energy": {
    "mean": 0.057724,
    "max": 0.195376,
    "std": 0.041386,
    "rate_of_change": 0.020409
  },
  "speech_rate": {
    "chars_per_sec": 16.34,
    "words_per_sec": 2.69,
    "segment_count": 6
  },
  "spectral_centroid": {
    "mean": 1943.62
  },
  "timeseries": {
    "frame_sec": 0.5,
    "pitch": [
      161.72,
      292.64,
      446.09,
      408.22,
      470.46,
      291.77,
      480.02,
      433.07,
      247.82,
      371.99,
      375.83,
      497.67,
      193.88,
      186.02,
      319.56,
      288.26,
      152.02,
      218.95,
      491.5
    ],
    "energy": [
      0.009152,
      0.090049,
      0.091861,
      0.094057,
      0.062209,
      0.056184,
      0.086885,
      0.035414,
      0.063107,
      0.072147,
      0.05392,
      0.041609,
      0.034488,
      0.043883,
      0.061792,
      0.067501,
      0.025349,
      0.024564,
      0.026876
    ],
    "spectral_centroid": [
      1991.26,
      1465.36,
      1893.69,
      1706.0,
      1903.1,
      2121.25,
      1917.59,
      2143.67,
      1906.72,
      1785.6,
      1994.8,
      2109.9,
      1967.67,
      1818.48,
      1989.31,
      2142.73,
      1954.4,
      1975.16,
      2240.86
    ]
  }
}