{
  "id": "d3da2289-dc4f-4fb4-8bae-356c9414b80d",
  "duration": 10.517,
  "pitch": {
    "mean": 496.94,
    "max": 2078.03,
    "std": 407.9,
    "max_mean_ratio": 4.18
  },
  "energy": {
    "mean": 0.094912,
    "max": 0.333521,
    "std": 0.066333,
    "rate_of_change": 0.031273
  },
  "speech_rate": {
    "chars_per_sec": 15.18,
    "words_per_sec": 2.9,
    "segment_count": 8
  },
  "spectral_centroid": {
    "mean": 2089.39
  },
  "timeseries": {
    "frame_sec": 0.5,
    "pitch": [
      504.45,
      733.97,
      279.54,
      864.22,
      556.38,
      306.3,
      449.74,
      457.24,
      170.49,
      127.07,
      271.48,
      514.36,
      393.11,
      353.18,
      733.83,
      677.28,
      646.07,
      857.5,
      656.83,
      612.55,
      358.36,
      239.73
    ],
    "energy": [
      0.077701,
      0.161712,
      0.04292,
      0.166921,
      0.042559,
      0.080162,
      0.064251,
      0.054307,
      0.006626,
      0.008305,
      0.060998,
      0.079287,
      0.06378,
      0.076634,
      0.104622,
      0.138658,
      0.150739,
      0.135247,
      0.162484,
      0.181385,
      0.043617,
      0.002101
    ],
    "spectral_centroid": [
      2591.19,
      1896.37,
      2231.84,
      1884.27,
      1954.2,
      1756.66,
      2050.02,
      1674.13,
      2001.28,
      1935.34,
      1880.06,
      1843.97,
      1910.85,
      2512.49,
      2454.16,
      2202.82,
      2244.65,
      2295.13,
      2112.18,
      2185.43,
      2210.56,
      2205.19
    ]
  }
}