{
  "id": "d4470f85-1c80-41de-a6fe-92afa9420f84",
  "duration": 13.163,
  "pitch": {
    "mean": 422.9,
    "max": 1035.39,
    "std": 226.8,
    "max_mean_ratio": 2.45
  },
  "energy": {
    "mean": 0.053776,
    "max": 0.146518,
    "std": 0.027235,
    "rate_of_change": 0.010536
  },
  "speech_rate": {
    "chars_per_sec": 18.65,
    "words_per_sec": 3.42,
    "segment_count": 6
  },
  "spectral_centroid": {
    "mean": 1850.93
  },
  "timeseries": {
    "frame_sec": 0.5,
    "pitch": [
      448.86,
      422.85,
      477.57,
      268.91,
      365.46,
      345.32,
      173.57,
      426.31,
      485.85,
      403.51,
      360.51,
      438.78,
      435.38,
      473.08,
      314.75,
      444.75,
      453.13,
      369.18,
      529.35,
      344.15,
      543.68,
      630.89,
      641.03,
      361.14,
      469.61,
      369.64,
      319.38
    ],
    "energy": [
      0.063004,
      0.040604,
      0.045104,
      0.041863,
      0.038681,
      0.045838,
      0.034918,
      0.0721,
      0.05482,
      0.045472,
      0.042996,
      0.055411,
      0.0352,
      0.062668,
      0.028209,
      0.043768,
      0.048944,
      0.052785,
      0.085684,
      0.046378,
      0.058218,
      0.085174,
      0.084626,
      0.052857,
      0.05728,
      0.02702,
      0.02899
    ],
    "spectral_centroid": [
      2195.38,
      1842.12,
      1625.54,
      1545.9,
      1549.81,
      1596.19,
      1622.55,
      2134.59,
      1852.94,
      1581.59,
      2155.51,
      1787.24,
      1636.61,
      1518.1,
      1523.46,
      1609.08,
      2001.76,
      1628.53,
      1671.86,
      2081.67,
      2292.69,
      2327.58,
      2150.51,
      2053.28,
      2228.52,
      1973.72,
      1731.32
    ]
  }
}