{
  "id": "d4623aeb-4ec9-4c68-9176-d71d3386c4f7",
  "duration": 10.944,
  "pitch": {
    "mean": 544.89,
    "max": 2088.86,
    "std": 510.68,
    "max_mean_ratio": 3.83
  },
  "energy": {
    "mean": 0.106255,
    "max": 0.481907,
    "std": 0.091622,
    "rate_of_change": 0.04284
  },
  "speech_rate": {
    "chars_per_sec": 14.63,
    "words_per_sec": 2.8,
    "segment_count": 5
  },
  "spectral_centroid": {
    "mean": 1901.01
  },
  "timeseries": {
    "frame_sec": 0.5,
    "pitch": [
      552.85,
      736.26,
      541.26,
      597.13,
      247.32,
      171.55,
      99.73,
      96.01,
      455.21,
      613.25,
      575.38,
      1035.13,
      765.44,
      747.88,
      384.89,
      569.24,
      913.94,
      511.46,
      180.55,
      624.09,
      752.45,
      655.49
    ],
    "energy": [
      0.089769,
      0.200434,
      0.204046,
      0.232483,
      0.065418,
      0.016518,
      0.016636,
      0.017555,
      0.107839,
      0.095927,
      0.109826,
      0.131098,
      0.151661,
      0.114338,
      0.061248,
      0.051957,
      0.104949,
      0.098866,
      0.035306,
      0.085873,
      0.112028,
      0.148944
    ],
    "spectral_centroid": [
      1976.19,
      1953.56,
      2143.82,
      2482.17,
      1752.33,
      1562.57,
      1546.67,
      1513.36,
      1607.68,
      2454.7,
      2010.16,
      1940.73,
      1481.61,
      1737.1,
      1934.96,
      1941.49,
      1831.04,
      1791.84,
      2034.17,
      2377.09,
      1804.73,
      1961.3
    ]
  }
}