{
  "id": "d4819376-a017-44e1-8984-f6db6e9c3314",
  "duration": 12.885,
  "pitch": {
    "mean": 408.73,
    "max": 1761.09,
    "std": 292.88,
    "max_mean_ratio": 4.31
  },
  "energy": {
    "mean": 0.074266,
    "max": 0.204062,
    "std": 0.049643,
    "rate_of_change": 0.015159
  },
  "speech_rate": {
    "chars_per_sec": 16.25,
    "words_per_sec": 2.97,
    "segment_count": 3
  },
  "spectral_centroid": {
    "mean": 1979.25
  },
  "timeseries": {
    "frame_sec": 0.5,
    "pitch": [
      418.66,
      226.09,
      282.06,
      341.97,
      388.49,
      564.6,
      396.56,
      331.01,
      460.03,
      228.91,
      317.46,
      482.82,
      849.24,
      680.95,
      293.85,
      473.51,
      344.68,
      682.71,
      547.44,
      307.13,
      124.92,
      292.24,
      427.99,
      438.93,
      299.32,
      414.02
    ],
    "energy": [
      0.09674,
      0.049403,
      0.094134,
      0.102293,
      0.029071,
      0.050035,
      0.094094,
      0.092108,
      0.090511,
      0.099835,
      0.025961,
      0.021039,
      0.013064,
      0.015024,
      0.071913,
      0.104297,
      0.100105,
      0.024262,
      0.032111,
      0.111031,
      0.020586,
      0.087731,
      0.089385,
      0.134606,
      0.113985,
      0.080386
    ],
    "spectral_centroid": [
      1807.8,
      2415.25,
      1985.37,
      2243.33,
      2091.96,
      2173.79,
      2427.44,
      2065.94,
      1613.11,
      1625.69,
      2040.48,
      2362.74,
      2085.56,
      2174.58,
      1954.57,
      1982.76,
      1588.93,
      2112.87,
      1739.61,
      1835.88,
      2394.98,
      1845.39,
      1699.9,
      1955.34,
      1622.94,
      1500.15
    ]
  }
}