{
  "id": "d4d0371d-2524-479c-8a64-659cb7a9fafe",
  "duration": 11.477,
  "pitch": {
    "mean": 277.01,
    "max": 1427.23,
    "std": 255.55,
    "max_mean_ratio": 5.15
  },
  "energy": {
    "mean": 0.061662,
    "max": 0.215132,
    "std": 0.046898,
    "rate_of_change": 0.017706
  },
  "speech_rate": {
    "chars_per_sec": 4.97,
    "words_per_sec": 1.05,
    "segment_count": 4
  },
  "spectral_centroid": {
    "mean": 2096.07
  },
  "timeseries": {
    "frame_sec": 0.5,
    "pitch": [
      216.71,
      694.92,
      111.44,
      113.79,
      281.67,
      675.43,
      137.08,
      155.52,
      211.99,
      160.83,
      241.6,
      335.33,
      521.67,
      240.51,
      187.96,
      207.38,
      322.23,
      284.62,
      178.45,
      212.3,
      384.67,
      353.4,
      221.79
    ],
    "energy": [
      0.028457,
      0.031294,
      0.031872,
      0.021624,
      0.023237,
      0.051477,
      0.034205,
      0.022074,
      0.02367,
      0.021351,
      0.06365,
      0.112375,
      0.150054,
      0.037736,
      0.030227,
      0.033237,
      0.076789,
      0.100174,
      0.094361,
      0.030099,
      0.128694,
      0.114824,
      0.100331
    ],
    "spectral_centroid": [
      2117.7,
      2336.35,
      2162.86,
      2378.6,
      2130.66,
      1812.45,
      1612.16,
      1995.91,
      1861.54,
      2015.67,
      1880.61,
      2135.57,
      1882.78,
      2329.03,
      2262.92,
      2136.17,
      2630.1,
      2393.14,
      1817.39,
      2235.03,
      1671.25,
      2323.46,
      2140.87
    ]
  }
}