{
  "id": "d4d35bde-ddc0-4d2c-8bd7-43815d63f365",
  "duration": 14.272,
  "pitch": {
    "mean": 426.9,
    "max": 1482.55,
    "std": 227.56,
    "max_mean_ratio": 3.47
  },
  "energy": {
    "mean": 0.03259,
    "max": 0.105581,
    "std": 0.018298,
    "rate_of_change": 0.007126
  },
  "speech_rate": {
    "chars_per_sec": 18.58,
    "words_per_sec": 3.23,
    "segment_count": 6
  },
  "spectral_centroid": {
    "mean": 1709.03
  },
  "timeseries": {
    "frame_sec": 0.5,
    "pitch": [
      518.63,
      364.5,
      436.16,
      367.43,
      471.17,
      532.68,
      488.64,
      401.14,
      425.56,
      476.55,
      403.79,
      597.28,
      633.51,
      377.83,
      373.84,
      376.91,
      537.4,
      471.41,
      373.65,
      361.28,
      265.62,
      284.43,
      444.74,
      450.76,
      467.72,
      304.24,
      407.75,
      523.7,
      303.92
    ],
    "energy": [
      0.028985,
      0.028151,
      0.025429,
      0.029594,
      0.032266,
      0.030548,
      0.037346,
      0.022129,
      0.039696,
      0.023454,
      0.016042,
      0.038147,
      0.015282,
      0.021275,
      0.025898,
      0.014609,
      0.03325,
      0.026753,
      0.031389,
      0.026031,
      0.020992,
      0.025325,
      0.042143,
      0.052831,
      0.036287,
      0.02347,
      0.063842,
      0.059985,
      0.031815
    ],
    "spectral_centroid": [
      2058.7,
      2129.03,
      1806.07,
      1460.96,
      1646.93,
      1495.77,
      1268.35,
      1838.91,
      1885.23,
      1902.03,
      1437.54,
      1390.14,
      1763.41,
      1865.37,
      1599.48,
      1743.37,
      1428.82,
      1339.66,
      1341.11,
      1519.21,
      2009.34,
      1743.67,
      1717.71,
      1587.4,
      2085.12,
      2355.74,
      1438.3,
      1604.36,
      2031.89
    ]
  }
}