{
  "id": "d4dcda0a-2533-41d5-a664-375458b21cf4",
  "duration": 10.901,
  "pitch": {
    "mean": 438.07,
    "max": 1741.58,
    "std": 254.23,
    "max_mean_ratio": 3.98
  },
  "energy": {
    "mean": 0.077757,
    "max": 0.162563,
    "std": 0.031633,
    "rate_of_change": 0.013154
  },
  "speech_rate": {
    "chars_per_sec": 19.44,
    "words_per_sec": 3.98,
    "segment_count": 3
  },
  "spectral_centroid": {
    "mean": 1850.44
  },
  "timeseries": {
    "frame_sec": 0.5,
    "pitch": [
      397.97,
      301.54,
      421.91,
      458.05,
      291.33,
      480.45,
      459.03,
      468.03,
      470.4,
      357.25,
      205.1,
      432.07,
      375.94,
      540.79,
      480.58,
      682.19,
      475.63,
      467.36,
      467.93,
      496.75,
      203.27,
      344.93
    ],
    "energy": [
      0.08757,
      0.064745,
      0.065757,
      0.065516,
      0.052664,
      0.108151,
      0.101263,
      0.088276,
      0.069035,
      0.06926,
      0.029165,
      0.074884,
      0.087304,
      0.069581,
      0.057467,
      0.110084,
      0.087252,
      0.075151,
      0.07591,
      0.102429,
      0.032365,
      0.055414
    ],
    "spectral_centroid": [
      1623.12,
      2418.11,
      1876.32,
      2658.11,
      2001.49,
      1503.86,
      1490.41,
      1440.51,
      2199.04,
      2029.16,
      2017.25,
      1637.48,
      2000.65,
      1728.02,
      1676.4,
      1551.73,
      1964.19,
      1770.05,
      1904.94,
      1990.16,
      1910.76,
      1353.07
    ]
  }
}