{
  "id": "d51c597e-9b41-4403-8a09-b249d3a433a6",
  "duration": 5.141,
  "pitch": {
    "mean": 366.95,
    "max": 1188.04,
    "std": 288.86,
    "max_mean_ratio": 3.24
  },
  "energy": {
    "mean": 0.06957,
    "max": 0.295175,
    "std": 0.068976,
    "rate_of_change": 0.056285
  },
  "speech_rate": {
    "chars_per_sec": 8.98,
    "words_per_sec": 1.76,
    "segment_count": 3
  },
  "spectral_centroid": {
    "mean": 2091.7
  },
  "timeseries": {
    "frame_sec": 0.5,
    "pitch": [
      106.04,
      124.0,
      293.45,
      276.35,
      366.9,
      538.38,
      524.95,
      489.48,
      508.3,
      403.36,
      736.94
    ],
    "energy": [
      0.013441,
      0.01028,
      0.015026,
      0.010846,
      0.051032,
      0.096802,
      0.08519,
      0.090224,
      0.150256,
      0.092059,
      0.19741
    ],
    "spectral_centroid": [
      2379.39,
      2561.07,
      2659.76,
      2479.1,
      2012.95,
      1999.86,
      1896.78,
      2062.57,
      1565.21,
      1396.7,
      1488.89
    ]
  }
}