{
  "id": "d53527f5-193c-4479-886e-a9fbd75e08d0",
  "duration": 26.411,
  "pitch": {
    "mean": 383.64,
    "max": 1868.04,
    "std": 278.93,
    "max_mean_ratio": 4.87
  },
  "energy": {
    "mean": 0.04869,
    "max": 0.176218,
    "std": 0.03213,
    "rate_of_change": 0.006506
  },
  "speech_rate": {
    "chars_per_sec": 13.9,
    "words_per_sec": 2.58,
    "segment_count": 4
  },
  "spectral_centroid": {
    "mean": 2053.81
  },
  "timeseries": {
    "frame_sec": 0.5,
    "pitch": [
      481.76,
      148.21,
      151.3,
      183.82,
      321.93,
      284.29,
      372.0,
      371.05,
      357.34,
      338.53,
      152.06,
      143.38,
      262.15,
      423.63,
      517.34,
      525.95,
      389.87,
      364.59,
      547.15,
      181.31,
      135.55,
      222.17,
      312.83,
      444.63,
      244.01,
      490.59,
      294.59,
      220.57,
      606.3,
      423.14,
      493.6,
      499.57,
      137.01,
      141.74,
      341.17,
      582.16,
      600.18,
      565.11,
      424.57,
      508.27,
      612.73,
      243.25,
      373.01,
      246.91,
      226.88,
      477.39,
      303.5,
      631.22,
      649.72,
      655.39,
      531.5,
      333.14,
      374.99
    ],
    "energy": [
      0.059866,
      0.023419,
      0.035335,
      0.060992,
      0.067686,
      0.046211,
      0.036884,
      0.038359,
      0.030406,
      0.032518,
      0.028051,
      0.019961,
      0.015883,
      0.028715,
      0.068589,
      0.048801,
      0.0392,
      0.03764,
      0.044949,
      0.010845,
      0.015698,
      0.020852,
      0.033277,
      0.049811,
      0.037913,
      0.090634,
      0.029288,
      0.021017,
      0.069453,
      0.049703,
      0.051268,
      0.057675,
      0.015906,
      0.038957,
      0.033313,
      0.053521,
      0.057945,
      0.045051,
      0.07233,
      0.057623,
      0.059003,
      0.05028,
      0.068577,
      0.015107,
      0.038689,
      0.064162,
      0.046122,
      0.088686,
      0.10666,
      0.093848,
      0.071187,
      0.023806,
      0.069284
    ],
    "spectral_centroid": [
      1957.47,
      2020.68,
      1866.98,
      1900.86,
      2230.99,
      1769.46,
      1938.55,
      1780.22,
      2102.1,
      2375.25,
      1763.86,
      1733.73,
      2459.98,
      2516.38,
      2116.87,
      1938.39,
      2139.58,
      2037.38,
      2129.32,
      2398.46,
      1970.02,
      2329.96,
      2532.46,
      2053.35,
      2220.46,
      1933.23,
      1914.84,
      1961.56,
      1873.62,
      2018.21,
      2136.22,
      1723.98,
      2346.62,
      1466.93,
      1513.87,
      2229.23,
      2085.25,
      2096.44,
      1937.4,
      2518.15,
      2382.51,
      1759.51,
      2180.81,
      2145.51,
      2105.27,
      1854.77,
      2320.83,
      2228.65,
      2021.91,
      1825.59,
      1883.57,
      2276.76,
      1881.15
    ]
  }
}