{
  "id": "d56c2cfa-30dc-4e28-a256-c9cdec87a034",
  "duration": 7.552,
  "pitch": {
    "mean": 496.72,
    "max": 2051.64,
    "std": 208.7,
    "max_mean_ratio": 4.13
  },
  "energy": {
    "mean": 0.061681,
    "max": 0.202506,
    "std": 0.034354,
    "rate_of_change": 0.025433
  },
  "speech_rate": {
    "chars_per_sec": 19.6,
    "words_per_sec": 3.75,
    "segment_count": 2
  },
  "spectral_centroid": {
    "mean": 1604.52
  },
  "timeseries": {
    "frame_sec": 0.5,
    "pitch": [
      372.82,
      412.6,
      467.7,
      431.3,
      511.47,
      429.53,
      500.67,
      408.95,
      463.58,
      632.41,
      534.98,
      577.49,
      474.88,
      591.22,
      611.38,
      783.75
    ],
    "energy": [
      0.045341,
      0.042559,
      0.050377,
      0.060987,
      0.076783,
      0.044898,
      0.076063,
      0.037858,
      0.053314,
      0.048098,
      0.028459,
      0.074501,
      0.068823,
      0.053366,
      0.110935,
      0.103263
    ],
    "spectral_centroid": [
      1551.78,
      1603.57,
      1814.17,
      1509.51,
      1540.61,
      1664.54,
      1296.29,
      1766.03,
      1212.45,
      1423.03,
      1598.82,
      1276.79,
      1620.76,
      2533.17,
      1684.39,
      1302.66
    ]
  }
}