{
  "id": "d5c0cbf5-0236-4d3b-8bd6-a1567e4b5799",
  "duration": 10.688,
  "pitch": {
    "mean": 396.67,
    "max": 1804.05,
    "std": 259.76,
    "max_mean_ratio": 4.55
  },
  "energy": {
    "mean": 0.072862,
    "max": 0.166705,
    "std": 0.035019,
    "rate_of_change": 0.014724
  },
  "speech_rate": {
    "chars_per_sec": 13.44,
    "words_per_sec": 2.37,
    "segment_count": 4
  },
  "spectral_centroid": {
    "mean": 2102.59
  },
  "timeseries": {
    "frame_sec": 0.5,
    "pitch": [
      516.83,
      369.98,
      231.61,
      362.64,
      293.28,
      192.95,
      327.56,
      230.96,
      441.06,
      551.99,
      257.42,
      244.23,
      442.32,
      445.56,
      363.71,
      562.26,
      629.99,
      590.79,
      437.86,
      385.63,
      346.23,
      491.41
    ],
    "energy": [
      0.090987,
      0.089645,
      0.065448,
      0.076799,
      0.074956,
      0.043296,
      0.075214,
      0.027169,
      0.073004,
      0.068438,
      0.038272,
      0.012572,
      0.072635,
      0.091127,
      0.088963,
      0.092792,
      0.116956,
      0.057553,
      0.083522,
      0.081623,
      0.050988,
      0.049983
    ],
    "spectral_centroid": [
      1426.71,
      1534.75,
      1580.74,
      1491.51,
      1772.24,
      1948.97,
      3075.93,
      2519.56,
      1755.53,
      2521.14,
      2272.76,
      2294.06,
      2707.66,
      1825.84,
      1952.03,
      2284.64,
      2017.58,
      2050.56,
      2156.9,
      2551.33,
      2226.29,
      2260.12
    ]
  }
}