{
  "id": "d6341906-bf0c-436c-b348-3bd23c56f108",
  "duration": 10.581,
  "pitch": {
    "mean": 466.45,
    "max": 1455.26,
    "std": 409.99,
    "max_mean_ratio": 3.12
  },
  "energy": {
    "mean": 0.059061,
    "max": 0.129585,
    "std": 0.017144,
    "rate_of_change": 0.009987
  },
  "speech_rate": {
    "chars_per_sec": 15.81,
    "words_per_sec": 2.94,
    "segment_count": 2
  },
  "spectral_centroid": {
    "mean": 2062.28
  },
  "timeseries": {
    "frame_sec": 0.5,
    "pitch": [
      126.8,
      274.71,
      561.15,
      634.73,
      566.67,
      452.56,
      688.99,
      416.74,
      1173.1,
      870.68,
      287.25,
      467.7,
      240.92,
      388.34,
      305.59,
      254.01,
      115.8,
      389.28,
      265.58,
      578.94,
      438.73,
      445.94
    ],
    "energy": [
      0.057951,
      0.03304,
      0.059302,
      0.06023,
      0.057231,
      0.062359,
      0.063849,
      0.059433,
      0.041945,
      0.040625,
      0.052185,
      0.050444,
      0.051532,
      0.052515,
      0.044096,
      0.059516,
      0.052743,
      0.065931,
      0.064814,
      0.086945,
      0.066351,
      0.085891
    ],
    "spectral_centroid": [
      1821.13,
      1685.06,
      2143.18,
      2150.56,
      2008.13,
      1931.11,
      1651.4,
      1565.09,
      1596.59,
      2153.58,
      2058.12,
      2199.23,
      2737.23,
      2134.22,
      1698.94,
      2203.83,
      2492.4,
      1754.33,
      2110.65,
      2417.87,
      2572.49,
      2917.59
    ]
  }
}