{
  "id": "d65983c8-5025-4121-9dcb-6d4d6b493c46",
  "duration": 5.525,
  "pitch": {
    "mean": 211.65,
    "max": 1283.64,
    "std": 265.37,
    "max_mean_ratio": 6.06
  },
  "energy": {
    "mean": 0.059938,
    "max": 0.117107,
    "std": 0.031224,
    "rate_of_change": 0.019715
  },
  "speech_rate": {
    "chars_per_sec": 12.82,
    "words_per_sec": 2.38,
    "segment_count": 2
  },
  "spectral_centroid": {
    "mean": 1684.88
  },
  "timeseries": {
    "frame_sec": 0.5,
    "pitch": [
      209.4,
      121.9,
      131.44,
      160.75,
      130.67,
      160.42,
      723.94,
      127.21,
      107.81,
      353.22,
      177.91,
      147.41
    ],
    "energy": [
      0.082687,
      0.087974,
      0.027039,
      0.060608,
      0.074646,
      0.035513,
      0.031377,
      0.064398,
      0.02195,
      0.080674,
      0.0724,
      0.00589
    ],
    "spectral_centroid": [
      1401.68,
      1294.39,
      1824.93,
      1650.92,
      1615.52,
      1961.5,
      1903.57,
      1875.81,
      1989.85,
      1596.29,
      1451.92,
      2079.09
    ]
  }
}