{
  "id": "d6a77388-6fab-4e5a-8467-80da20b817c2",
  "duration": 11.733,
  "pitch": {
    "mean": 424.36,
    "max": 1837.87,
    "std": 296.64,
    "max_mean_ratio": 4.33
  },
  "energy": {
    "mean": 0.043642,
    "max": 0.106461,
    "std": 0.016595,
    "rate_of_change": 0.007809
  },
  "speech_rate": {
    "chars_per_sec": 16.75,
    "words_per_sec": 3.47,
    "segment_count": 2
  },
  "spectral_centroid": {
    "mean": 1918.61
  },
  "timeseries": {
    "frame_sec": 0.5,
    "pitch": [
      252.75,
      336.9,
      289.62,
      164.25,
      359.56,
      662.53,
      451.73,
      881.6,
      400.92,
      113.69,
      391.31,
      364.64,
      495.09,
      365.76,
      494.57,
      294.04,
      706.42,
      609.02,
      474.98,
      375.21,
      258.96,
      400.5,
      535.98,
      584.03
    ],
    "energy": [
      0.039782,
      0.057915,
      0.038782,
      0.042627,
      0.050738,
      0.036105,
      0.034652,
      0.022095,
      0.034172,
      0.033629,
      0.026985,
      0.018176,
      0.040897,
      0.047953,
      0.073921,
      0.052307,
      0.050423,
      0.033901,
      0.055266,
      0.049137,
      0.0491,
      0.04502,
      0.039213,
      0.019784
    ],
    "spectral_centroid": [
      1743.46,
      1421.47,
      1765.17,
      1902.31,
      1815.64,
      2055.54,
      2124.67,
      2337.1,
      1806.32,
      1952.86,
      1766.07,
      2070.52,
      1818.96,
      1615.67,
      1738.82,
      1756.0,
      2145.24,
      2282.78,
      1895.07,
      2083.6,
      2338.39,
      2036.07,
      1577.4,
      1974.15
    ]
  }
}