{
  "id": "d6b780d0-adb5-4ab4-9195-1cc663c928ce",
  "duration": 15.019,
  "pitch": {
    "mean": 392.6,
    "max": 2040.74,
    "std": 377.47,
    "max_mean_ratio": 5.2
  },
  "energy": {
    "mean": 0.047078,
    "max": 0.169375,
    "std": 0.034638,
    "rate_of_change": 0.010719
  },
  "speech_rate": {
    "chars_per_sec": 10.93,
    "words_per_sec": 2.07,
    "segment_count": 8
  },
  "spectral_centroid": {
    "mean": 1914.72
  },
  "timeseries": {
    "frame_sec": 0.5,
    "pitch": [
      228.35,
      268.98,
      274.18,
      220.56,
      271.33,
      540.86,
      629.69,
      296.58,
      593.03,
      385.05,
      639.75,
      406.95,
      280.56,
      144.25,
      318.59,
      143.09,
      649.03,
      667.02,
      509.58,
      277.81,
      185.04,
      270.59,
      678.31,
      542.9,
      312.79,
      610.68,
      468.85,
      523.94,
      352.64,
      391.4,
      523.13
    ],
    "energy": [
      0.040693,
      0.032432,
      0.013067,
      0.019904,
      0.027227,
      0.038932,
      0.067595,
      0.014897,
      0.025321,
      0.044877,
      0.122684,
      0.078195,
      0.045506,
      0.022054,
      0.057747,
      0.025397,
      0.051664,
      0.053653,
      0.049049,
      0.020617,
      0.012726,
      0.02063,
      0.093316,
      0.098774,
      0.04695,
      0.057961,
      0.058573,
      0.0592,
      0.016974,
      0.027572,
      0.040204
    ],
    "spectral_centroid": [
      1814.18,
      1751.91,
      2299.04,
      2569.33,
      1883.4,
      1847.41,
      1627.01,
      1906.58,
      2294.38,
      1701.48,
      1937.27,
      1752.51,
      1827.96,
      2014.49,
      1884.09,
      2001.4,
      1941.28,
      1881.29,
      1732.45,
      1895.34,
      1921.84,
      1760.55,
      1607.17,
      1936.52,
      2000.17,
      2320.76,
      1975.27,
      1603.98,
      2094.9,
      1728.26,
      1663.38
    ]
  }
}