{
  "id": "d6c13870-7a52-4730-811f-c0b54ce745ae",
  "duration": 16.171,
  "pitch": {
    "mean": 321.95,
    "max": 2025.03,
    "std": 386.88,
    "max_mean_ratio": 6.29
  },
  "energy": {
    "mean": 0.069532,
    "max": 0.233964,
    "std": 0.045794,
    "rate_of_change": 0.013161
  },
  "speech_rate": {
    "chars_per_sec": 12.84,
    "words_per_sec": 2.44,
    "segment_count": 12
  },
  "spectral_centroid": {
    "mean": 2007.15
  },
  "timeseries": {
    "frame_sec": 0.5,
    "pitch": [
      137.62,
      110.03,
      185.83,
      190.01,
      118.57,
      212.1,
      135.62,
      100.72,
      325.11,
      453.33,
      201.53,
      394.18,
      174.1,
      159.98,
      317.32,
      106.28,
      111.73,
      148.58,
      128.11,
      285.69,
      429.04,
      199.46,
      345.16,
      428.82,
      963.49,
      362.18,
      124.98,
      101.75,
      285.34,
      600.29,
      817.93,
      1446.83,
      1027.98
    ],
    "energy": [
      0.042737,
      0.038369,
      0.04663,
      0.047133,
      0.029426,
      0.036021,
      0.049439,
      0.046536,
      0.055243,
      0.087765,
      0.061746,
      0.066112,
      0.039041,
      0.049167,
      0.062603,
      0.043563,
      0.031644,
      0.05003,
      0.035785,
      0.050553,
      0.071411,
      0.053543,
      0.058749,
      0.073553,
      0.128844,
      0.070632,
      0.043599,
      0.037613,
      0.106147,
      0.166467,
      0.167581,
      0.161129,
      0.121252
    ],
    "spectral_centroid": [
      1863.11,
      2001.7,
      1758.72,
      1747.93,
      2155.85,
      2050.06,
      1904.31,
      2387.28,
      2074.71,
      1949.33,
      1990.3,
      1875.78,
      1960.09,
      1918.66,
      1687.51,
      2082.95,
      2046.73,
      1991.27,
      2377.92,
      2136.58,
      1847.07,
      2196.77,
      2012.81,
      1890.97,
      1927.33,
      1974.46,
      1836.95,
      1892.89,
      2031.97,
      2143.99,
      2270.77,
      2140.27,
      2063.17
    ]
  }
}