{
  "id": "d6fce460-122b-4b3e-b3d8-51fe6a550a94",
  "duration": 22.379,
  "pitch": {
    "mean": 526.66,
    "max": 2062.14,
    "std": 321.26,
    "max_mean_ratio": 3.92
  },
  "energy": {
    "mean": 0.099457,
    "max": 0.287093,
    "std": 0.051776,
    "rate_of_change": 0.012129
  },
  "speech_rate": {
    "chars_per_sec": 12.35,
    "words_per_sec": 2.19,
    "segment_count": 11
  },
  "spectral_centroid": {
    "mean": 2158.15
  },
  "timeseries": {
    "frame_sec": 0.5,
    "pitch": [
      195.49,
      388.45,
      531.5,
      368.96,
      393.83,
      425.45,
      518.92,
      724.86,
      624.94,
      458.29,
      336.53,
      337.88,
      427.13,
      498.59,
      464.39,
      390.71,
      721.84,
      694.02,
      384.12,
      819.54,
      485.17,
      514.55,
      477.26,
      371.55,
      404.31,
      496.12,
      821.03,
      666.4,
      521.62,
      644.67,
      419.73,
      761.53,
      532.49,
      899.6,
      522.28,
      1104.55,
      331.1,
      494.36,
      710.48,
      361.43,
      322.65,
      520.3,
      1071.41,
      370.08,
      564.89
    ],
    "energy": [
      0.052446,
      0.073863,
      0.082219,
      0.080125,
      0.089695,
      0.084654,
      0.07435,
      0.050727,
      0.091797,
      0.07104,
      0.06291,
      0.020194,
      0.048323,
      0.082054,
      0.151784,
      0.080241,
      0.167015,
      0.122599,
      0.080037,
      0.035226,
      0.065989,
      0.088341,
      0.086377,
      0.081685,
      0.09273,
      0.117466,
      0.197612,
      0.165678,
      0.16478,
      0.106016,
      0.095897,
      0.132607,
      0.128594,
      0.046828,
      0.119859,
      0.066673,
      0.091156,
      0.085298,
      0.106418,
      0.076001,
      0.099644,
      0.163593,
      0.134922,
      0.052033,
      0.114506
    ],
    "spectral_centroid": [
      2156.71,
      2212.02,
      2045.84,
      1844.64,
      1840.32,
      2211.86,
      2288.25,
      2020.98,
      2044.17,
      2466.36,
      1939.18,
      1996.97,
      2038.18,
      2290.38,
      1958.94,
      1934.41,
      2081.95,
      2548.13,
      1964.52,
      1949.95,
      2474.83,
      2353.75,
      2514.0,
      2092.24,
      2342.21,
      1969.55,
      2236.7,
      2181.72,
      1750.11,
      2065.44,
      2117.18,
      2301.61,
      1962.1,
      2147.57,
      2377.75,
      2568.85,
      2451.78,
      2432.98,
      2156.02,
      1697.0,
      1672.17,
      2480.05,
      2296.77,
      2039.9,
      2755.76
    ]
  }
}