{
  "id": "d70af831-ba19-4fd7-8749-d8776d95bee6",
  "duration": 8.768,
  "pitch": {
    "mean": 397.86,
    "max": 1895.95,
    "std": 281.34,
    "max_mean_ratio": 4.77
  },
  "energy": {
    "mean": 0.122194,
    "max": 0.573188,
    "std": 0.106941,
    "rate_of_change": 0.064516
  },
  "speech_rate": {
    "chars_per_sec": 15.3,
    "words_per_sec": 2.44,
    "segment_count": 6
  },
  "spectral_centroid": {
    "mean": 1876.08
  },
  "timeseries": {
    "frame_sec": 0.5,
    "pitch": [
      338.78,
      486.84,
      349.09,
      371.92,
      279.24,
      404.22,
      222.22,
      377.29,
      460.93,
      426.14,
      208.81,
      406.84,
      195.8,
      596.95,
      434.58,
      831.74,
      308.37,
      595.49
    ],
    "energy": [
      0.146541,
      0.125332,
      0.096634,
      0.091247,
      0.081012,
      0.123476,
      0.048781,
      0.120044,
      0.155403,
      0.094994,
      0.032383,
      0.10229,
      0.050608,
      0.392878,
      0.258491,
      0.022161,
      0.05834,
      0.085033
    ],
    "spectral_centroid": [
      1746.85,
      1540.38,
      1758.54,
      1751.44,
      2517.16,
      1992.61,
      1877.4,
      1445.03,
      1803.07,
      1820.24,
      2121.95,
      1663.89,
      2316.7,
      1799.41,
      1920.17,
      2129.95,
      1948.05,
      1307.8
    ]
  }
}