{
  "id": "d715a01c-b8a0-4cac-a3c6-bdb6f742d47f",
  "duration": 7.808,
  "pitch": {
    "mean": 289.13,
    "max": 1160.96,
    "std": 195.99,
    "max_mean_ratio": 4.02
  },
  "energy": {
    "mean": 0.025058,
    "max": 0.049763,
    "std": 0.009027,
    "rate_of_change": 0.005124
  },
  "speech_rate": {
    "chars_per_sec": 24.03,
    "words_per_sec": 4.77,
    "segment_count": 3
  },
  "spectral_centroid": {
    "mean": 2006.36
  },
  "timeseries": {
    "frame_sec": 0.5,
    "pitch": [
      308.53,
      233.86,
      273.16,
      317.27,
      266.2,
      145.14,
      192.21,
      283.25,
      375.84,
      265.45,
      315.48,
      263.96,
      418.75,
      196.82,
      460.12,
      375.48
    ],
    "energy": [
      0.01943,
      0.022961,
      0.02169,
      0.01883,
      0.015691,
      0.015456,
      0.012424,
      0.02166,
      0.023786,
      0.025526,
      0.027214,
      0.029636,
      0.029664,
      0.026146,
      0.041654,
      0.039556
    ],
    "spectral_centroid": [
      1999.82,
      2239.85,
      2063.23,
      2383.0,
      2491.03,
      2321.32,
      1964.38,
      1664.93,
      2028.56,
      1939.94,
      1795.71,
      1802.02,
      1574.2,
      1773.19,
      1895.74,
      2222.13
    ]
  }
}