{
  "id": "d71562e7-afe4-42ca-94c1-965d37a2b0aa",
  "duration": 49.771,
  "pitch": {
    "mean": 397.68,
    "max": 2079.17,
    "std": 271.86,
    "max_mean_ratio": 5.23
  },
  "energy": {
    "mean": 0.055621,
    "max": 0.161021,
    "std": 0.02773,
    "rate_of_change": 0.003061
  },
  "speech_rate": {
    "chars_per_sec": 14.24,
    "words_per_sec": 2.48,
    "segment_count": 25
  },
  "spectral_centroid": {
    "mean": 1888.61
  },
  "timeseries": {
    "frame_sec": 0.5,
    "pitch": [
      167.79,
      241.84,
      372.88,
      434.98,
      495.81,
      638.63,
      478.11,
      627.84,
      505.06,
      531.37,
      339.91,
      447.8,
      277.44,
      340.42,
      438.85,
      369.57,
      431.69,
      449.1,
      501.05,
      437.49,
      381.88,
      523.75,
      335.62,
      253.75,
      498.39,
      358.7,
      336.13,
      287.56,
      375.06,
      399.24,
      541.67,
      383.62,
      410.53,
      379.78,
      109.7,
      100.02,
      477.84,
      138.46,
      218.83,
      274.02,
      368.79,
      574.37,
      544.61,
      321.4,
      443.34,
      390.85,
      408.54,
      344.68,
      147.7,
      147.03,
      322.11,
      333.36,
      463.11,
      336.2,
      354.25,
      107.88,
      436.33,
      562.69,
      378.72,
      288.1,
      411.81,
      393.87,
      493.59,
      310.15,
      481.96,
      220.32,
      143.0,
      439.17,
      307.27,
      348.4,
      407.98,
      425.79,
      327.45,
      344.03,
      245.56,
      368.5,
      267.43,
      564.33,
      535.31,
      293.27,
      750.23,
      337.87,
      394.13,
      728.05,
      626.96,
      672.99,
      376.78,
      406.72,
      386.43,
      579.36,
      433.7,
      516.6,
      356.91,
      681.42,
      497.03,
      189.84,
      248.29,
      447.74,
      508.65,
      366.81
    ],
    "energy": [
      0.0565,
      0.069656,
      0.084851,
      0.066191,
      0.058164,
      0.06955,
      0.062632,
      0.055809,
      0.05858,
      0.067754,
      0.061598,
      0.065869,
      0.038836,
      0.046168,
      0.049261,
      0.041761,
      0.052264,
      0.069267,
      0.055935,
      0.053298,
      0.043781,
      0.055347,
      0.048782,
      0.041767,
      0.058485,
      0.040073,
      0.044306,
      0.044858,
      0.056935,
      0.06107,
      0.073595,
      0.047485,
      0.056166,
      0.047269,
      0.035116,
      0.020014,
      0.067768,
      0.021968,
      0.040073,
      0.055088,
      0.053459,
      0.058038,
      0.094555,
      0.068303,
      0.062718,
      0.068456,
      0.054525,
      0.056283,
      0.016821,
      0.021125,
      0.05064,
      0.048933,
      0.054708,
      0.05165,
      0.049944,
      0.02455,
      0.059325,
      0.074314,
      0.033798,
      0.047926,
      0.04136,
      0.046249,
      0.05632,
      0.043099,
      0.064346,
      0.030182,
      0.022091,
      0.072285,
      0.031345,
      0.037879,
      0.057697,
      0.046184,
      0.034119,
      0.044789,
      0.053417,
      0.049313,
      0.057456,
      0.093999,
      0.07867,
      0.02737,
      0.062782,
      0.05097,
      0.064647,
      0.049011,
      0.035905,
      0.068599,
      0.053313,
      0.059509,
      0.062751,
      0.071313,
      0.029546,
      0.049739,
      0.042923,
      0.1173,
      0.078707,
      0.010389,
      0.031476,
      0.075147,
      0.07326,
      0.051402
    ],
    "spectral_centroid": [
      1749.48,
      2106.32,
      2027.23,
      1700.51,
      2292.58,
      2465.56,
      2302.22,
      2208.65,
      2350.58,
      2002.91,
      1637.9,
      2077.99,
      1526.34,
      1871.84,
      1620.58,
      1561.19,
      1787.55,
      1408.74,
      1681.21,
      1700.16,
      1768.3,
      1621.64,
      1970.19,
      1740.05,
      1381.88,
      2072.7,
      2185.15,
      1974.34,
      1743.96,
      1409.2,
      1818.84,
      1706.85,
      1738.08,
      1467.03,
      1502.79,
      1380.99,
      1540.09,
      1914.22,
      1489.49,
      1469.46,
      1630.73,
      1638.81,
      2633.85,
      1943.76,
      2668.95,
      1675.96,
      2011.12,
      1903.08,
      1655.74,
      1995.39,
      1492.06,
      1721.25,
      1700.91,
      1836.58,
      1835.0,
      2075.34,
      1966.74,
      1940.4,
      1954.58,
      1825.42,
      1447.59,
      1560.64,
      1544.03,
      1442.41,
      1604.67,
      1515.41,
      1817.93,
      1637.72,
      1819.93,
      1700.05,
      1435.06,
      1681.35,
      1562.13,
      1714.6,
      1506.65,
      1613.27,
      2246.98,
      2462.59,
      1839.47,
      2183.16,
      2688.9,
      2849.17,
      3501.4,
      3046.11,
      3026.38,
      2107.0,
      1456.33,
      2033.16,
      1952.36,
      1669.77,
      2000.43,
      2251.61,
      1843.59,
      2141.03,
      1681.98,
      1945.57,
      1935.36,
      1998.66,
      1948.26,
      2184.54
    ]
  }
}