{
  "id": "d74ca6c0-5e70-47d6-beac-cc1fa0d7cd1d",
  "duration": 11.179,
  "pitch": {
    "mean": 452.69,
    "max": 1418.79,
    "std": 253.31,
    "max_mean_ratio": 3.13
  },
  "energy": {
    "mean": 0.028454,
    "max": 0.143238,
    "std": 0.025765,
    "rate_of_change": 0.012463
  },
  "speech_rate": {
    "chars_per_sec": 13.86,
    "words_per_sec": 2.72,
    "segment_count": 2
  },
  "spectral_centroid": {
    "mean": 1994.06
  },
  "timeseries": {
    "frame_sec": 0.5,
    "pitch": [
      476.83,
      429.41,
      372.57,
      370.31,
      294.25,
      380.14,
      552.77,
      557.96,
      375.14,
      634.53,
      490.22,
      232.54,
      361.24,
      421.83,
      462.75,
      405.16,
      282.44,
      807.5,
      415.32,
      477.62,
      318.21,
      518.8,
      613.35
    ],
    "energy": [
      0.013201,
      0.019661,
      0.021613,
      0.019551,
      0.023157,
      0.010795,
      0.038689,
      0.040138,
      0.021572,
      0.026927,
      0.023251,
      0.014369,
      0.018228,
      0.018296,
      0.025632,
      0.033155,
      0.00618,
      0.041304,
      0.017924,
      0.028361,
      0.021402,
      0.082969,
      0.101064
    ],
    "spectral_centroid": [
      1767.61,
      2355.18,
      2294.79,
      1654.46,
      1740.33,
      2624.95,
      1673.11,
      1454.64,
      1583.29,
      1354.96,
      2650.1,
      2406.04,
      2054.01,
      1569.49,
      1753.29,
      2283.21,
      2847.05,
      1976.22,
      1878.2,
      1954.16,
      2336.7,
      1710.76,
      1739.14
    ]
  }
}