{
  "id": "d77e6700-732e-4482-a14b-af74f6b0d79f",
  "duration": 9.131,
  "pitch": {
    "mean": 376.83,
    "max": 1868.55,
    "std": 316.55,
    "max_mean_ratio": 4.96
  },
  "energy": {
    "mean": 0.039453,
    "max": 0.097048,
    "std": 0.023138,
    "rate_of_change": 0.009925
  },
  "speech_rate": {
    "chars_per_sec": 9.76,
    "words_per_sec": 2.08,
    "segment_count": 1
  },
  "spectral_centroid": {
    "mean": 2158.13
  },
  "timeseries": {
    "frame_sec": 0.5,
    "pitch": [
      333.14,
      478.65,
      424.93,
      281.22,
      273.7,
      360.15,
      521.59,
      380.1,
      428.64,
      592.22,
      460.27,
      373.81,
      262.88,
      460.27,
      242.88,
      231.05,
      404.34,
      376.99,
      499.06
    ],
    "energy": [
      0.032581,
      0.036807,
      0.034243,
      0.042664,
      0.021529,
      0.057722,
      0.042978,
      0.052222,
      0.023281,
      0.041101,
      0.050449,
      0.027747,
      0.022345,
      0.024251,
      0.017901,
      0.03238,
      0.053213,
      0.050438,
      0.076872
    ],
    "spectral_centroid": [
      1798.09,
      2413.3,
      1916.7,
      1896.87,
      1924.03,
      1787.5,
      2316.68,
      1724.61,
      2659.12,
      2106.05,
      1576.75,
      1842.67,
      2232.76,
      3109.41,
      2238.04,
      2526.48,
      2354.36,
      2443.4,
      1630.95
    ]
  }
}