{
  "id": "d7c6c110-4145-48e7-90e0-0139572a4b05",
  "duration": 12.416,
  "pitch": {
    "mean": 470.96,
    "max": 2083.41,
    "std": 417.37,
    "max_mean_ratio": 4.42
  },
  "energy": {
    "mean": 0.052588,
    "max": 0.181189,
    "std": 0.039662,
    "rate_of_change": 0.013734
  },
  "speech_rate": {
    "chars_per_sec": 2.5,
    "words_per_sec": 0.56,
    "segment_count": 1
  },
  "spectral_centroid": {
    "mean": 1924.39
  },
  "timeseries": {
    "frame_sec": 0.5,
    "pitch": [
      318.7,
      139.98,
      262.5,
      615.43,
      569.28,
      251.26,
      622.68,
      437.94,
      877.7,
      543.16,
      351.77,
      606.05,
      302.05,
      314.45,
      265.59,
      510.89,
      498.55,
      298.81,
      269.02,
      435.41,
      947.58,
      617.65,
      755.24,
      422.37,
      303.9
    ],
    "energy": [
      0.01942,
      0.028983,
      0.02323,
      0.042981,
      0.071951,
      0.020971,
      0.04751,
      0.04904,
      0.107033,
      0.056899,
      0.044918,
      0.032256,
      0.015986,
      0.027681,
      0.024344,
      0.036676,
      0.046948,
      0.043484,
      0.024561,
      0.061904,
      0.122413,
      0.096458,
      0.133437,
      0.044363,
      0.032167
    ],
    "spectral_centroid": [
      2034.79,
      2362.5,
      2062.19,
      2170.95,
      2062.27,
      2024.03,
      1817.39,
      1524.05,
      1706.53,
      1459.21,
      2008.32,
      1635.57,
      1765.43,
      1779.48,
      1728.58,
      2044.61,
      1970.82,
      1630.41,
      1884.69,
      1846.81,
      2247.32,
      2237.43,
      1644.11,
      2095.06,
      2507.54
    ]
  }
}