{
  "id": "d7c6d5bd-bb41-4685-adc0-78e0a533da5b",
  "duration": 4.971,
  "pitch": {
    "mean": 372.97,
    "max": 1411.87,
    "std": 218.16,
    "max_mean_ratio": 3.79
  },
  "energy": {
    "mean": 0.022538,
    "max": 0.054349,
    "std": 0.010114,
    "rate_of_change": 0.01006
  },
  "speech_rate": {
    "chars_per_sec": 19.56,
    "words_per_sec": 3.63,
    "segment_count": 1
  },
  "spectral_centroid": {
    "mean": 1703.07
  },
  "timeseries": {
    "frame_sec": 0.5,
    "pitch": [
      463.15,
      380.11,
      277.89,
      356.15,
      288.44,
      324.34,
      343.21,
      333.85,
      460.86,
      545.8
    ],
    "energy": [
      0.021181,
      0.018513,
      0.010412,
      0.023195,
      0.016729,
      0.015334,
      0.023866,
      0.028906,
      0.03114,
      0.025963
    ],
    "spectral_centroid": [
      1551.96,
      1612.28,
      1644.34,
      1690.32,
      1937.98,
      1613.02,
      1537.66,
      1894.52,
      1819.52,
      1758.61
    ]
  }
}