{
  "id": "d7d59179-f535-4c43-9445-c281f2310ee4",
  "duration": 10.24,
  "pitch": {
    "mean": 387.07,
    "max": 1874.89,
    "std": 289.37,
    "max_mean_ratio": 4.84
  },
  "energy": {
    "mean": 0.067743,
    "max": 0.201426,
    "std": 0.058216,
    "rate_of_change": 0.019183
  },
  "speech_rate": {
    "chars_per_sec": 9.45,
    "words_per_sec": 1.93,
    "segment_count": 4
  },
  "spectral_centroid": {
    "mean": 1762.09
  },
  "timeseries": {
    "frame_sec": 0.5,
    "pitch": [
      563.58,
      394.72,
      190.85,
      530.04,
      553.72,
      631.81,
      431.5,
      550.79,
      446.54,
      308.13,
      159.73,
      279.33,
      286.94,
      301.97,
      496.37,
      207.19,
      201.64,
      164.19,
      309.37,
      404.7,
      740.8
    ],
    "energy": [
      0.085604,
      0.093977,
      0.038674,
      0.158161,
      0.045337,
      0.143703,
      0.119738,
      0.129476,
      0.041772,
      0.012669,
      0.019431,
      0.063598,
      0.079283,
      0.022928,
      0.011781,
      0.010335,
      0.008396,
      0.018477,
      0.052691,
      0.131436,
      0.064268
    ],
    "spectral_centroid": [
      1762.56,
      1673.47,
      1887.38,
      1963.92,
      1958.0,
      1967.73,
      1567.59,
      1471.43,
      1557.71,
      1625.13,
      1617.73,
      1320.52,
      1554.36,
      2169.05,
      1899.8,
      1961.03,
      1656.47,
      1789.7,
      1907.08,
      1801.94,
      1826.43
    ]
  }
}