{
  "id": "d7f2a040-75d2-47d8-b702-48ee0ced3352",
  "duration": 4.949,
  "pitch": {
    "mean": 395.45,
    "max": 1048.42,
    "std": 239.82,
    "max_mean_ratio": 2.65
  },
  "energy": {
    "mean": 0.077913,
    "max": 0.169224,
    "std": 0.046903,
    "rate_of_change": 0.031729
  },
  "speech_rate": {
    "chars_per_sec": 14.47,
    "words_per_sec": 2.77,
    "segment_count": 2
  },
  "spectral_centroid": {
    "mean": 1838.38
  },
  "timeseries": {
    "frame_sec": 0.5,
    "pitch": [
      666.04,
      554.46,
      348.04,
      308.07,
      216.01,
      380.23,
      352.56,
      334.0,
      309.57,
      605.01
    ],
    "energy": [
      0.078428,
      0.076973,
      0.06026,
      0.070348,
      0.089833,
      0.098933,
      0.025712,
      0.054062,
      0.102749,
      0.085036
    ],
    "spectral_centroid": [
      1716.02,
      1566.62,
      1780.71,
      1602.16,
      1607.94,
      1579.44,
      1668.29,
      2342.75,
      2511.51,
      2067.98
    ]
  }
}