{
  "id": "d7f66779-c7d3-4687-840c-2fc0a8c0fd9b",
  "duration": 10.603,
  "pitch": {
    "mean": 413.5,
    "max": 2053.94,
    "std": 333.29,
    "max_mean_ratio": 4.97
  },
  "energy": {
    "mean": 0.066115,
    "max": 0.214675,
    "std": 0.052151,
    "rate_of_change": 0.019778
  },
  "speech_rate": {
    "chars_per_sec": 7.29,
    "words_per_sec": 1.29,
    "segment_count": 5
  },
  "spectral_centroid": {
    "mean": 2003.7
  },
  "timeseries": {
    "frame_sec": 0.5,
    "pitch": [
      110.22,
      101.24,
      355.06,
      322.53,
      98.03,
      364.28,
      680.51,
      264.38,
      542.05,
      507.74,
      514.88,
      638.92,
      127.69,
      383.87,
      572.54,
      562.3,
      683.65,
      707.33,
      409.4,
      541.73,
      209.56,
      94.78
    ],
    "energy": [
      0.020255,
      0.025466,
      0.073295,
      0.056748,
      0.0235,
      0.070959,
      0.088515,
      0.065607,
      0.101344,
      0.075137,
      0.064947,
      0.09625,
      0.025693,
      0.069861,
      0.096466,
      0.108851,
      0.108519,
      0.115434,
      0.011475,
      0.012458,
      0.016483,
      0.005526
    ],
    "spectral_centroid": [
      1879.69,
      1899.82,
      1602.24,
      2037.14,
      1605.13,
      1894.16,
      2202.66,
      1932.95,
      1928.12,
      1973.73,
      2196.87,
      1985.84,
      2262.59,
      2391.12,
      2259.09,
      2306.69,
      2331.24,
      2181.44,
      1893.11,
      1731.54,
      1556.92,
      1851.63
    ]
  }
}