{
  "id": "d7f8b695-5265-4d2f-a8c2-a038ff9e79c6",
  "duration": 7.211,
  "pitch": {
    "mean": 338.3,
    "max": 1595.99,
    "std": 255.12,
    "max_mean_ratio": 4.72
  },
  "energy": {
    "mean": 0.075922,
    "max": 0.165683,
    "std": 0.044824,
    "rate_of_change": 0.020698
  },
  "speech_rate": {
    "chars_per_sec": 12.92,
    "words_per_sec": 2.22,
    "segment_count": 4
  },
  "spectral_centroid": {
    "mean": 1811.88
  },
  "timeseries": {
    "frame_sec": 0.5,
    "pitch": [
      195.52,
      415.66,
      206.85,
      290.87,
      361.86,
      169.59,
      238.69,
      264.13,
      361.35,
      216.82,
      249.71,
      701.41,
      440.53,
      489.59,
      608.64
    ],
    "energy": [
      0.025279,
      0.060836,
      0.04747,
      0.046866,
      0.032831,
      0.03831,
      0.040731,
      0.060675,
      0.106065,
      0.055087,
      0.0788,
      0.140986,
      0.118776,
      0.136166,
      0.137472
    ],
    "spectral_centroid": [
      1567.1,
      1876.09,
      1674.42,
      2041.15,
      1706.81,
      1866.25,
      1425.57,
      1746.69,
      1629.79,
      2153.82,
      2128.45,
      1753.19,
      1791.69,
      1925.87,
      1880.63
    ]
  }
}