{
  "id": "d7fb4747-350d-458f-ab1a-7ea4cd19209c",
  "duration": 9.451,
  "pitch": {
    "mean": 310.82,
    "max": 1320.58,
    "std": 215.59,
    "max_mean_ratio": 4.25
  },
  "energy": {
    "mean": 0.06953,
    "max": 0.201987,
    "std": 0.037677,
    "rate_of_change": 0.019423
  },
  "speech_rate": {
    "chars_per_sec": 9.32,
    "words_per_sec": 1.69,
    "segment_count": 4
  },
  "spectral_centroid": {
    "mean": 2162.97
  },
  "timeseries": {
    "frame_sec": 0.5,
    "pitch": [
      252.18,
      303.21,
      321.57,
      106.4,
      232.0,
      230.85,
      185.57,
      315.51,
      288.69,
      419.5,
      342.07,
      391.33,
      441.61,
      319.67,
      410.71,
      421.76,
      349.35,
      395.68,
      244.28
    ],
    "energy": [
      0.07814,
      0.066775,
      0.051578,
      0.040863,
      0.033521,
      0.032062,
      0.02774,
      0.026799,
      0.041526,
      0.057808,
      0.068053,
      0.071151,
      0.112773,
      0.070657,
      0.1429,
      0.090482,
      0.077663,
      0.09455,
      0.085041
    ],
    "spectral_centroid": [
      1833.44,
      1746.06,
      1910.04,
      2140.94,
      2085.49,
      2538.37,
      2753.12,
      2676.94,
      2274.16,
      1948.05,
      1858.14,
      2080.11,
      1884.7,
      2181.31,
      2232.11,
      2187.09,
      2425.6,
      2363.69,
      1887.13
    ]
  }
}