{
  "id": "d835de39-953c-4b82-9ade-e068584c4885",
  "duration": 12.843,
  "pitch": {
    "mean": 429.12,
    "max": 2063.67,
    "std": 283.63,
    "max_mean_ratio": 4.81
  },
  "energy": {
    "mean": 0.067593,
    "max": 0.159926,
    "std": 0.032162,
    "rate_of_change": 0.011384
  },
  "speech_rate": {
    "chars_per_sec": 18.54,
    "words_per_sec": 3.65,
    "segment_count": 6
  },
  "spectral_centroid": {
    "mean": 1796.37
  },
  "timeseries": {
    "frame_sec": 0.5,
    "pitch": [
      304.94,
      614.42,
      300.52,
      735.9,
      555.09,
      300.01,
      387.71,
      333.83,
      465.32,
      398.98,
      377.77,
      288.48,
      327.56,
      370.62,
      370.39,
      376.02,
      404.95,
      347.41,
      462.07,
      521.86,
      191.19,
      511.86,
      517.86,
      631.16,
      497.84,
      424.9
    ],
    "energy": [
      0.083605,
      0.053089,
      0.037587,
      0.082778,
      0.075456,
      0.038223,
      0.062555,
      0.051111,
      0.057743,
      0.058815,
      0.047374,
      0.058225,
      0.06488,
      0.062865,
      0.065014,
      0.051002,
      0.07488,
      0.043975,
      0.051729,
      0.07787,
      0.038054,
      0.100833,
      0.099348,
      0.08312,
      0.063459,
      0.105934
    ],
    "spectral_centroid": [
      1853.22,
      1828.62,
      1989.14,
      1886.85,
      1734.93,
      1912.58,
      1550.36,
      1727.73,
      1603.8,
      1701.4,
      1965.63,
      1914.54,
      1884.34,
      1786.72,
      1810.65,
      1626.91,
      1542.09,
      1690.97,
      1815.5,
      1750.61,
      2105.32,
      1902.6,
      1764.91,
      1753.42,
      1758.67,
      1889.83
    ]
  }
}