{
  "id": "d849b2dc-e2c6-4c2c-b988-39bba1a77428",
  "duration": 18.752,
  "pitch": {
    "mean": 390.25,
    "max": 1320.42,
    "std": 213.06,
    "max_mean_ratio": 3.38
  },
  "energy": {
    "mean": 0.058734,
    "max": 0.177899,
    "std": 0.030779,
    "rate_of_change": 0.008676
  },
  "speech_rate": {
    "chars_per_sec": 18.94,
    "words_per_sec": 3.2,
    "segment_count": 3
  },
  "spectral_centroid": {
    "mean": 1725.56
  },
  "timeseries": {
    "frame_sec": 0.5,
    "pitch": [
      423.31,
      375.03,
      287.14,
      394.87,
      492.7,
      175.59,
      239.3,
      118.83,
      304.03,
      356.35,
      399.21,
      368.9,
      535.96,
      407.27,
      453.0,
      162.4,
      361.56,
      422.62,
      401.54,
      369.56,
      419.03,
      508.59,
      398.35,
      454.05,
      326.26,
      432.42,
      324.21,
      264.34,
      425.29,
      250.0,
      435.92,
      529.6,
      752.79,
      660.53,
      430.31,
      405.22,
      520.38,
      320.27
    ],
    "energy": [
      0.036172,
      0.0454,
      0.045114,
      0.051856,
      0.060519,
      0.046923,
      0.059323,
      0.024017,
      0.04159,
      0.042431,
      0.055964,
      0.033385,
      0.070982,
      0.052875,
      0.06263,
      0.029464,
      0.052264,
      0.047063,
      0.048327,
      0.047355,
      0.054938,
      0.079971,
      0.093828,
      0.048651,
      0.044651,
      0.049052,
      0.04052,
      0.046371,
      0.050501,
      0.049993,
      0.063421,
      0.090058,
      0.15092,
      0.0955,
      0.06042,
      0.040329,
      0.068857,
      0.055041
    ],
    "spectral_centroid": [
      1682.08,
      1663.45,
      1520.06,
      1918.15,
      1540.93,
      1577.44,
      1615.56,
      1664.72,
      1732.52,
      1445.47,
      1797.17,
      1471.39,
      1790.33,
      1538.51,
      1610.91,
      2196.77,
      1801.88,
      1328.13,
      1484.1,
      1415.15,
      1965.73,
      1771.84,
      1960.4,
      1768.32,
      1763.39,
      1554.28,
      1535.49,
      2073.51,
      1538.56,
      1868.81,
      1490.31,
      1817.97,
      2162.89,
      1697.89,
      1684.5,
      1667.09,
      1832.67,
      3298.09
    ]
  }
}