{
  "id": "d8947462-c65d-4b67-aae2-9416449298bb",
  "duration": 10.965,
  "pitch": {
    "mean": 445.89,
    "max": 1665.49,
    "std": 290.53,
    "max_mean_ratio": 3.74
  },
  "energy": {
    "mean": 0.060035,
    "max": 0.111573,
    "std": 0.021054,
    "rate_of_change": 0.009042
  },
  "speech_rate": {
    "chars_per_sec": 20.53,
    "words_per_sec": 4.2,
    "segment_count": 2
  },
  "spectral_centroid": {
    "mean": 1971.23
  },
  "timeseries": {
    "frame_sec": 0.5,
    "pitch": [
      342.41,
      484.9,
      430.3,
      444.12,
      411.78,
      373.56,
      371.5,
      293.97,
      380.24,
      503.69,
      548.96,
      564.2,
      595.06,
      326.81,
      448.04,
      599.43,
      498.74,
      430.04,
      584.61,
      403.44,
      331.75,
      566.42
    ],
    "energy": [
      0.037879,
      0.053897,
      0.060371,
      0.055246,
      0.054578,
      0.069596,
      0.064439,
      0.057003,
      0.058138,
      0.026129,
      0.068518,
      0.053727,
      0.045822,
      0.057967,
      0.04611,
      0.066306,
      0.076189,
      0.058842,
      0.075775,
      0.063946,
      0.035991,
      0.079057
    ],
    "spectral_centroid": [
      2172.93,
      1713.4,
      1998.29,
      2325.44,
      2023.51,
      1817.09,
      1795.64,
      1566.69,
      2041.27,
      2057.72,
      1639.96,
      2233.65,
      2001.87,
      1649.04,
      2801.56,
      1832.1,
      1926.15,
      1987.68,
      2187.31,
      2042.57,
      1621.06,
      1825.39
    ]
  }
}