{
  "id": "d8c3ca58-e15f-494d-a976-8b2409b27fdb",
  "duration": 12.779,
  "pitch": {
    "mean": 531.44,
    "max": 2046.07,
    "std": 502.55,
    "max_mean_ratio": 3.85
  },
  "energy": {
    "mean": 0.192022,
    "max": 0.516851,
    "std": 0.141371,
    "rate_of_change": 0.03758
  },
  "speech_rate": {
    "chars_per_sec": 12.77,
    "words_per_sec": 1.96,
    "segment_count": 5
  },
  "spectral_centroid": {
    "mean": 2142.16
  },
  "timeseries": {
    "frame_sec": 0.5,
    "pitch": [
      764.12,
      411.53,
      455.86,
      565.17,
      310.83,
      474.47,
      272.12,
      254.45,
      694.17,
      542.18,
      712.89,
      1005.28,
      350.45,
      803.28,
      732.39,
      189.73,
      730.94,
      794.59,
      471.39,
      534.37,
      217.11,
      307.26,
      152.99,
      930.51,
      771.44,
      502.09
    ],
    "energy": [
      0.346301,
      0.314512,
      0.324743,
      0.064607,
      0.046381,
      0.055373,
      0.055741,
      0.03896,
      0.218057,
      0.161437,
      0.327569,
      0.277624,
      0.257882,
      0.201,
      0.080067,
      0.045585,
      0.233569,
      0.150719,
      0.26102,
      0.236987,
      0.050422,
      0.058774,
      0.086615,
      0.350134,
      0.279713,
      0.307167
    ],
    "spectral_centroid": [
      1976.62,
      2309.04,
      1958.82,
      2309.5,
      2088.75,
      2212.74,
      2162.36,
      2209.25,
      1896.23,
      2355.11,
      2091.32,
      2057.19,
      1771.99,
      1888.47,
      2111.8,
      2022.45,
      2187.58,
      2078.49,
      1863.92,
      2114.15,
      2005.36,
      2144.65,
      2453.32,
      2610.8,
      2467.13,
      2460.55
    ]
  }
}