{
  "id": "d8c41e33-b062-4c72-8727-3adae4969044",
  "duration": 15.061,
  "pitch": {
    "mean": 466.35,
    "max": 2043.19,
    "std": 441.27,
    "max_mean_ratio": 4.38
  },
  "energy": {
    "mean": 0.042069,
    "max": 0.166308,
    "std": 0.027801,
    "rate_of_change": 0.010364
  },
  "speech_rate": {
    "chars_per_sec": 11.7,
    "words_per_sec": 2.19,
    "segment_count": 5
  },
  "spectral_centroid": {
    "mean": 1943.52
  },
  "timeseries": {
    "frame_sec": 0.5,
    "pitch": [
      186.78,
      165.59,
      531.06,
      395.32,
      590.33,
      514.9,
      563.96,
      183.84,
      325.8,
      584.02,
      529.1,
      1171.64,
      163.35,
      544.79,
      460.46,
      514.72,
      405.09,
      125.04,
      558.71,
      937.2,
      380.36,
      571.5,
      431.09,
      566.73,
      433.06,
      456.88,
      265.72,
      271.19,
      686.72,
      616.77,
      1945.09
    ],
    "energy": [
      0.013988,
      0.019802,
      0.01995,
      0.030252,
      0.039068,
      0.046699,
      0.04432,
      0.015734,
      0.044926,
      0.089767,
      0.08884,
      0.045921,
      0.015476,
      0.050317,
      0.041494,
      0.018854,
      0.019023,
      0.025609,
      0.021443,
      0.018129,
      0.027409,
      0.046621,
      0.042535,
      0.055343,
      0.038938,
      0.046155,
      0.036932,
      0.043942,
      0.063125,
      0.087971,
      0.094262
    ],
    "spectral_centroid": [
      2228.78,
      1866.59,
      2142.59,
      1450.55,
      1551.89,
      1986.7,
      2160.45,
      2132.65,
      1747.53,
      2469.1,
      1984.66,
      1958.68,
      1991.47,
      1572.36,
      1571.52,
      1929.72,
      1877.74,
      1786.93,
      2051.54,
      2278.51,
      2342.64,
      1787.29,
      2136.94,
      1590.9,
      1818.26,
      2051.14,
      1979.21,
      1806.15,
      1708.34,
      2147.26,
      2781.34
    ]
  }
}