{
  "id": "d8dee99b-c2dd-48e5-8a20-721a795fff2e",
  "duration": 10.368,
  "pitch": {
    "mean": 405.28,
    "max": 1509.02,
    "std": 209.88,
    "max_mean_ratio": 3.72
  },
  "energy": {
    "mean": 0.028056,
    "max": 0.084686,
    "std": 0.016502,
    "rate_of_change": 0.007605
  },
  "speech_rate": {
    "chars_per_sec": 17.18,
    "words_per_sec": 3.38,
    "segment_count": 2
  },
  "spectral_centroid": {
    "mean": 1874.91
  },
  "timeseries": {
    "frame_sec": 0.5,
    "pitch": [
      514.05,
      522.3,
      285.84,
      532.49,
      560.66,
      374.47,
      366.54,
      462.56,
      353.94,
      333.24,
      584.54,
      298.65,
      306.39,
      350.86,
      305.77,
      349.53,
      376.64,
      326.56,
      425.48,
      420.37,
      401.82
    ],
    "energy": [
      0.030077,
      0.032608,
      0.022971,
      0.05542,
      0.024013,
      0.021444,
      0.022451,
      0.019949,
      0.017265,
      0.012043,
      0.0295,
      0.025539,
      0.023897,
      0.024265,
      0.021985,
      0.024025,
      0.02648,
      0.031219,
      0.04182,
      0.027047,
      0.029913
    ],
    "spectral_centroid": [
      2677.43,
      1420.11,
      2874.42,
      1296.68,
      1671.33,
      1521.56,
      1660.56,
      1821.61,
      2003.79,
      1965.38,
      1490.17,
      1885.85,
      2321.26,
      1997.45,
      1808.03,
      2083.25,
      1980.98,
      1728.66,
      1774.47,
      1546.33,
      1911.77
    ]
  }
}