{
  "id": "d9444b76-31d3-4e5b-a2e4-0e85aa7907a4",
  "duration": 14.741,
  "pitch": {
    "mean": 380.44,
    "max": 1313.08,
    "std": 235.23,
    "max_mean_ratio": 3.45
  },
  "energy": {
    "mean": 0.051635,
    "max": 0.155767,
    "std": 0.026799,
    "rate_of_change": 0.009896
  },
  "speech_rate": {
    "chars_per_sec": 13.79,
    "words_per_sec": 2.31,
    "segment_count": 8
  },
  "spectral_centroid": {
    "mean": 1935.88
  },
  "timeseries": {
    "frame_sec": 0.5,
    "pitch": [
      384.95,
      415.25,
      208.12,
      314.45,
      392.53,
      448.57,
      468.21,
      417.76,
      413.96,
      395.01,
      105.67,
      350.68,
      429.79,
      273.32,
      461.29,
      259.25,
      414.9,
      380.17,
      472.14,
      284.52,
      378.23,
      547.88,
      382.62,
      424.19,
      323.99,
      388.23,
      587.91,
      474.48,
      232.32,
      452.01
    ],
    "energy": [
      0.052621,
      0.050204,
      0.019577,
      0.033917,
      0.042042,
      0.063119,
      0.061675,
      0.061668,
      0.047839,
      0.035478,
      0.026676,
      0.035789,
      0.073819,
      0.038795,
      0.04399,
      0.030011,
      0.044383,
      0.040256,
      0.05059,
      0.049934,
      0.053086,
      0.074106,
      0.032079,
      0.066236,
      0.052262,
      0.087322,
      0.062393,
      0.04719,
      0.039295,
      0.081556
    ],
    "spectral_centroid": [
      2042.52,
      1842.49,
      2057.84,
      2112.23,
      2132.18,
      1815.34,
      1787.51,
      2103.66,
      2036.42,
      2090.92,
      1680.82,
      1557.21,
      1859.55,
      1941.51,
      1735.51,
      1911.45,
      1717.97,
      1759.48,
      1843.93,
      1867.83,
      2173.14,
      1719.74,
      1958.79,
      2224.74,
      1758.95,
      1756.26,
      2611.9,
      2110.35,
      2078.62,
      1776.65
    ]
  }
}