{
  "id": "d9649502-614f-4b58-8153-8c8c75a7f8d1",
  "duration": 16.085,
  "pitch": {
    "mean": 542.97,
    "max": 1866.05,
    "std": 357.12,
    "max_mean_ratio": 3.44
  },
  "energy": {
    "mean": 0.043346,
    "max": 0.279422,
    "std": 0.048186,
    "rate_of_change": 0.017126
  },
  "speech_rate": {
    "chars_per_sec": 17.23,
    "words_per_sec": 3.36,
    "segment_count": 3
  },
  "spectral_centroid": {
    "mean": 1936.19
  },
  "timeseries": {
    "frame_sec": 0.5,
    "pitch": [
      292.25,
      428.31,
      410.04,
      654.44,
      448.86,
      662.64,
      721.87,
      378.26,
      505.03,
      612.81,
      663.54,
      464.83,
      809.59,
      485.9,
      593.37,
      423.26,
      435.1,
      600.26,
      447.39,
      637.26,
      390.48,
      759.45,
      377.54,
      352.59,
      642.96,
      372.51,
      479.44,
      739.84,
      504.25,
      787.03,
      607.3,
      588.5,
      1298.13
    ],
    "energy": [
      0.011028,
      0.015728,
      0.017288,
      0.021377,
      0.010715,
      0.029991,
      0.037389,
      0.028639,
      0.032135,
      0.031753,
      0.03214,
      0.032503,
      0.039384,
      0.025297,
      0.030275,
      0.020835,
      0.021797,
      0.038229,
      0.026723,
      0.036987,
      0.022754,
      0.048656,
      0.016893,
      0.028829,
      0.040569,
      0.024729,
      0.030766,
      0.041251,
      0.0472,
      0.219418,
      0.162941,
      0.094624,
      0.078618
    ],
    "spectral_centroid": [
      2130.81,
      2061.85,
      1505.42,
      1525.18,
      1783.74,
      1851.86,
      1751.65,
      2016.41,
      1866.99,
      1760.34,
      1638.87,
      1723.11,
      1897.01,
      2049.84,
      1927.33,
      2038.71,
      1834.13,
      2410.68,
      2060.07,
      2193.59,
      2754.04,
      2006.54,
      1941.82,
      2263.23,
      2006.2,
      2173.52,
      2366.34,
      1979.96,
      2201.81,
      1528.08,
      1259.31,
      1358.28,
      1714.41
    ]
  }
}