{
  "id": "d9bdf9c9-9d7c-4b1e-9c67-36242ce5c333",
  "duration": 12.544,
  "pitch": {
    "mean": 343.81,
    "max": 2085.49,
    "std": 253.34,
    "max_mean_ratio": 6.07
  },
  "energy": {
    "mean": 0.067496,
    "max": 0.287701,
    "std": 0.050374,
    "rate_of_change": 0.022111
  },
  "speech_rate": {
    "chars_per_sec": 15.6,
    "words_per_sec": 2.94,
    "segment_count": 2
  },
  "spectral_centroid": {
    "mean": 1978.26
  },
  "timeseries": {
    "frame_sec": 0.5,
    "pitch": [
      374.2,
      234.5,
      158.85,
      309.69,
      346.26,
      449.79,
      595.64,
      467.77,
      406.36,
      374.95,
      338.92,
      290.02,
      114.14,
      140.08,
      133.43,
      389.68,
      484.5,
      377.06,
      434.31,
      305.13,
      246.96,
      509.84,
      581.15,
      476.69,
      329.49,
      465.27
    ],
    "energy": [
      0.063157,
      0.047966,
      0.027851,
      0.110087,
      0.055868,
      0.041058,
      0.068954,
      0.0711,
      0.035857,
      0.063264,
      0.039761,
      0.037542,
      0.021611,
      0.022655,
      0.016107,
      0.048454,
      0.07447,
      0.135064,
      0.087799,
      0.073327,
      0.039688,
      0.181226,
      0.105234,
      0.089273,
      0.061913,
      0.02307
    ],
    "spectral_centroid": [
      1670.4,
      1753.38,
      1995.13,
      2306.63,
      2646.61,
      3120.3,
      1652.68,
      2079.16,
      1974.01,
      1816.65,
      1909.76,
      2221.33,
      1930.34,
      1974.62,
      1953.49,
      2070.52,
      1937.59,
      1352.92,
      1720.11,
      1834.66,
      2186.33,
      1738.89,
      1728.82,
      1670.77,
      1996.28,
      2277.33
    ]
  }
}