{
  "id": "d9c7f4a0-23f5-466b-8866-6aeda0442004",
  "duration": 11.904,
  "pitch": {
    "mean": 391.91,
    "max": 1249.55,
    "std": 243.9,
    "max_mean_ratio": 3.19
  },
  "energy": {
    "mean": 0.08605,
    "max": 0.285357,
    "std": 0.0691,
    "rate_of_change": 0.023536
  },
  "speech_rate": {
    "chars_per_sec": 8.94,
    "words_per_sec": 1.43,
    "segment_count": 8
  },
  "spectral_centroid": {
    "mean": 1760.77
  },
  "timeseries": {
    "frame_sec": 0.5,
    "pitch": [
      419.25,
      295.88,
      356.97,
      473.31,
      598.47,
      472.79,
      454.66,
      459.52,
      228.13,
      198.65,
      426.03,
      448.88,
      412.19,
      418.83,
      248.53,
      154.58,
      324.53,
      163.88,
      362.22,
      341.66,
      698.32,
      622.25,
      432.69,
      706.36
    ],
    "energy": [
      0.098452,
      0.048439,
      0.068521,
      0.111588,
      0.133303,
      0.090124,
      0.070309,
      0.009523,
      0.018759,
      0.046802,
      0.075208,
      0.073134,
      0.063972,
      0.064279,
      0.047758,
      0.012726,
      0.029615,
      0.032512,
      0.079523,
      0.087206,
      0.17977,
      0.204869,
      0.14376,
      0.206231
    ],
    "spectral_centroid": [
      1680.75,
      1482.28,
      2318.61,
      1345.51,
      1665.56,
      1983.05,
      1665.78,
      2077.32,
      1902.34,
      1758.2,
      1810.06,
      1681.7,
      1459.71,
      2343.61,
      2009.58,
      1785.39,
      1841.07,
      1349.49,
      1524.4,
      1437.21,
      1521.35,
      1943.92,
      1857.22,
      1807.97
    ]
  }
}