{
  "id": "d9f4527e-e954-4d0a-878a-05e3ea86c8e9",
  "duration": 15.893,
  "pitch": {
    "mean": 421.81,
    "max": 1866.57,
    "std": 230.07,
    "max_mean_ratio": 4.43
  },
  "energy": {
    "mean": 0.093585,
    "max": 0.203504,
    "std": 0.047676,
    "rate_of_change": 0.011949
  },
  "speech_rate": {
    "chars_per_sec": 14.14,
    "words_per_sec": 2.4,
    "segment_count": 3
  },
  "spectral_centroid": {
    "mean": 2031.08
  },
  "timeseries": {
    "frame_sec": 0.5,
    "pitch": [
      423.38,
      177.8,
      433.96,
      496.15,
      279.01,
      419.52,
      498.19,
      288.24,
      264.89,
      394.91,
      416.69,
      326.16,
      269.23,
      469.09,
      340.97,
      525.58,
      530.78,
      400.37,
      465.52,
      367.64,
      206.71,
      475.85,
      396.88,
      558.78,
      532.66,
      421.83,
      479.27,
      867.59,
      514.12,
      397.75,
      450.53,
      536.4
    ],
    "energy": [
      0.082868,
      0.026193,
      0.029627,
      0.038135,
      0.052435,
      0.103964,
      0.158163,
      0.126844,
      0.137906,
      0.152187,
      0.117546,
      0.125003,
      0.093049,
      0.028452,
      0.102424,
      0.117155,
      0.118245,
      0.097229,
      0.118492,
      0.042051,
      0.048544,
      0.091059,
      0.097829,
      0.077376,
      0.065608,
      0.115092,
      0.128,
      0.096135,
      0.10403,
      0.084111,
      0.045294,
      0.029482
    ],
    "spectral_centroid": [
      2403.52,
      2132.65,
      2297.98,
      2024.22,
      2521.2,
      1883.39,
      1836.63,
      2173.65,
      2448.06,
      1834.35,
      1909.77,
      2021.46,
      1997.59,
      1898.65,
      2205.4,
      1962.68,
      1555.82,
      1938.13,
      1978.65,
      2049.0,
      1805.83,
      1964.28,
      2808.06,
      1897.52,
      1608.61,
      1892.5,
      2239.82,
      2139.72,
      1968.25,
      1775.15,
      1587.9,
      2128.75
    ]
  }
}