{
  "id": "da327999-c023-4af6-bee1-f8430ec18f87",
  "duration": 5.504,
  "pitch": {
    "mean": 716.93,
    "max": 2065.26,
    "std": 609.73,
    "max_mean_ratio": 2.88
  },
  "energy": {
    "mean": 0.079104,
    "max": 0.261977,
    "std": 0.066137,
    "rate_of_change": 0.045739
  },
  "speech_rate": {
    "chars_per_sec": 12.89,
    "words_per_sec": 2.44,
    "segment_count": 3
  },
  "spectral_centroid": {
    "mean": 2322.11
  },
  "timeseries": {
    "frame_sec": 0.5,
    "pitch": [
      953.61,
      415.26,
      465.93,
      432.17,
      536.86,
      682.99,
      899.52,
      1089.51,
      1350.14,
      830.29,
      469.79,
      377.27
    ],
    "energy": [
      0.116005,
      0.026613,
      0.014718,
      0.054414,
      0.08178,
      0.07374,
      0.078069,
      0.158508,
      0.174444,
      0.02665,
      0.018804,
      0.005383
    ],
    "spectral_centroid": [
      2492.88,
      2230.95,
      2141.37,
      2100.32,
      2099.59,
      2041.29,
      2770.13,
      2840.33,
      2446.68,
      2254.43,
      2175.45,
      1998.48
    ]
  }
}