{
  "id": "dab98b1b-6dd6-418a-ac58-02cd08d0b1fa",
  "duration": 7.595,
  "pitch": {
    "mean": 448.36,
    "max": 1849.14,
    "std": 276.24,
    "max_mean_ratio": 4.12
  },
  "energy": {
    "mean": 0.187182,
    "max": 0.486024,
    "std": 0.118884,
    "rate_of_change": 0.061957
  },
  "speech_rate": {
    "chars_per_sec": 14.58,
    "words_per_sec": 3.13,
    "segment_count": 2
  },
  "spectral_centroid": {
    "mean": 2037.98
  },
  "timeseries": {
    "frame_sec": 0.5,
    "pitch": [
      630.4,
      549.33,
      545.74,
      264.95,
      520.65,
      360.86,
      312.94,
      276.58,
      456.82,
      808.42,
      220.09,
      417.5,
      524.52,
      469.49,
      308.72,
      1014.68
    ],
    "energy": [
      0.126197,
      0.400542,
      0.16661,
      0.034444,
      0.105885,
      0.059846,
      0.046475,
      0.16772,
      0.217504,
      0.268149,
      0.105747,
      0.276769,
      0.292749,
      0.189338,
      0.18385,
      0.270985
    ],
    "spectral_centroid": [
      1398.56,
      1656.68,
      2434.83,
      1772.03,
      1427.91,
      1907.38,
      2398.61,
      1799.75,
      2315.86,
      2129.76,
      1797.4,
      2000.51,
      2536.0,
      2670.77,
      2278.09,
      2124.26
    ]
  }
}