{
  "id": "dabaa042-1858-426a-8192-8fdf99bd474d",
  "duration": 11.456,
  "pitch": {
    "mean": 464.56,
    "max": 1625.41,
    "std": 206.34,
    "max_mean_ratio": 3.5
  },
  "energy": {
    "mean": 0.046825,
    "max": 0.152321,
    "std": 0.023397,
    "rate_of_change": 0.012416
  },
  "speech_rate": {
    "chars_per_sec": 19.72,
    "words_per_sec": 3.81,
    "segment_count": 3
  },
  "spectral_centroid": {
    "mean": 1754.19
  },
  "timeseries": {
    "frame_sec": 0.5,
    "pitch": [
      337.9,
      367.48,
      590.33,
      416.6,
      546.4,
      503.15,
      415.97,
      332.46,
      426.23,
      350.13,
      478.37,
      413.2,
      671.66,
      721.64,
      496.46,
      718.81,
      484.44,
      482.59,
      486.47,
      346.29,
      356.39,
      385.03,
      388.56
    ],
    "energy": [
      0.034913,
      0.024251,
      0.063679,
      0.04187,
      0.048714,
      0.043398,
      0.061342,
      0.041857,
      0.034401,
      0.052367,
      0.032133,
      0.063751,
      0.088789,
      0.070396,
      0.035205,
      0.03599,
      0.039866,
      0.031336,
      0.035229,
      0.036046,
      0.038659,
      0.035768,
      0.038591
    ],
    "spectral_centroid": [
      2134.17,
      1859.92,
      1633.63,
      1443.63,
      1766.58,
      1389.48,
      1642.57,
      1548.24,
      1701.03,
      1725.26,
      2015.54,
      1602.16,
      1737.97,
      1788.24,
      2314.51,
      1677.39,
      1893.23,
      1838.55,
      1561.92,
      1678.55,
      1835.26,
      1902.99,
      1661.78
    ]
  }
}