{
  "id": "dafb0cc0-253b-4bf8-b30c-e27ccce2773e",
  "duration": 7.552,
  "pitch": {
    "mean": 458.08,
    "max": 1979.6,
    "std": 294.8,
    "max_mean_ratio": 4.32
  },
  "energy": {
    "mean": 0.07018,
    "max": 0.204928,
    "std": 0.035538,
    "rate_of_change": 0.025275
  },
  "speech_rate": {
    "chars_per_sec": 23.45,
    "words_per_sec": 4.42,
    "segment_count": 3
  },
  "spectral_centroid": {
    "mean": 2138.24
  },
  "timeseries": {
    "frame_sec": 0.5,
    "pitch": [
      716.33,
      528.68,
      320.65,
      427.45,
      312.97,
      488.22,
      430.23,
      222.85,
      426.54,
      669.81,
      803.12,
      470.13,
      320.58,
      404.99,
      390.8,
      316.63
    ],
    "energy": [
      0.109053,
      0.085006,
      0.034714,
      0.077905,
      0.086682,
      0.0975,
      0.079914,
      0.046125,
      0.079087,
      0.053157,
      0.060907,
      0.055015,
      0.042756,
      0.047982,
      0.056261,
      0.01521
    ],
    "spectral_centroid": [
      1861.04,
      2532.99,
      1901.69,
      2176.74,
      2189.81,
      1675.45,
      1842.35,
      3253.23,
      1525.07,
      2673.42,
      1862.95,
      2023.92,
      1874.52,
      2101.78,
      2539.43,
      1820.3
    ]
  }
}