{
  "id": "db69811e-46fe-434d-b2b8-140f8c5683b2",
  "duration": 11.883,
  "pitch": {
    "mean": 423.0,
    "max": 1546.09,
    "std": 253.98,
    "max_mean_ratio": 3.66
  },
  "energy": {
    "mean": 0.041579,
    "max": 0.196735,
    "std": 0.030357,
    "rate_of_change": 0.015969
  },
  "speech_rate": {
    "chars_per_sec": 17.07,
    "words_per_sec": 3.75,
    "segment_count": 4
  },
  "spectral_centroid": {
    "mean": 1647.77
  },
  "timeseries": {
    "frame_sec": 0.5,
    "pitch": [
      759.98,
      371.02,
      470.74,
      630.95,
      298.13,
      262.07,
      475.05,
      311.3,
      433.57,
      259.08,
      369.08,
      357.25,
      424.06,
      474.75,
      294.7,
      328.3,
      401.79,
      431.95,
      409.16,
      190.7,
      350.09,
      492.42,
      827.23,
      798.05
    ],
    "energy": [
      0.051714,
      0.015585,
      0.045134,
      0.043298,
      0.049249,
      0.024536,
      0.025777,
      0.037511,
      0.037529,
      0.023304,
      0.032326,
      0.029392,
      0.025924,
      0.027258,
      0.038157,
      0.028227,
      0.037171,
      0.029286,
      0.027392,
      0.020272,
      0.027207,
      0.05195,
      0.134056,
      0.110474
    ],
    "spectral_centroid": [
      1455.02,
      1955.56,
      1416.14,
      1678.98,
      1496.63,
      1645.63,
      1474.76,
      2305.03,
      1379.2,
      1734.15,
      1420.48,
      1510.89,
      1325.08,
      1497.41,
      1841.4,
      1642.24,
      1588.88,
      1511.18,
      1664.69,
      2002.84,
      1746.88,
      1702.11,
      1751.94,
      1686.11
    ]
  }
}