{
  "id": "db69cd09-5569-4512-a618-c3375b3af0fd",
  "duration": 13.589,
  "pitch": {
    "mean": 509.49,
    "max": 1528.82,
    "std": 288.53,
    "max_mean_ratio": 3.0
  },
  "energy": {
    "mean": 0.068179,
    "max": 0.177083,
    "std": 0.038377,
    "rate_of_change": 0.012336
  },
  "speech_rate": {
    "chars_per_sec": 11.86,
    "words_per_sec": 2.03,
    "segment_count": 5
  },
  "spectral_centroid": {
    "mean": 1959.39
  },
  "timeseries": {
    "frame_sec": 0.5,
    "pitch": [
      112.58,
      137.86,
      360.34,
      294.76,
      457.79,
      506.58,
      521.43,
      537.72,
      414.75,
      410.23,
      613.5,
      539.62,
      382.05,
      554.21,
      432.08,
      478.4,
      363.29,
      554.45,
      501.09,
      338.91,
      687.89,
      827.96,
      597.69,
      841.58,
      699.79,
      809.81,
      764.09,
      763.63
    ],
    "energy": [
      0.018617,
      0.016932,
      0.073066,
      0.036327,
      0.069586,
      0.059789,
      0.097685,
      0.074029,
      0.046003,
      0.043509,
      0.09377,
      0.05462,
      0.052682,
      0.054808,
      0.045063,
      0.064732,
      0.049584,
      0.051161,
      0.044548,
      0.063241,
      0.096437,
      0.119162,
      0.085373,
      0.084507,
      0.097056,
      0.109554,
      0.066826,
      0.010086
    ],
    "spectral_centroid": [
      1800.28,
      1533.99,
      1519.64,
      1610.73,
      1879.85,
      2261.78,
      2382.11,
      2482.73,
      2283.77,
      2061.56,
      2300.67,
      2266.38,
      2025.27,
      1796.84,
      1701.57,
      1427.47,
      1648.23,
      1747.5,
      1520.2,
      2110.71,
      1905.36,
      2340.32,
      2301.62,
      2002.3,
      1925.73,
      1955.86,
      1962.63,
      2048.7
    ]
  }
}