{
  "id": "dbeffd02-b316-42e9-89d2-d0a47e7a9c86",
  "duration": 6.379,
  "pitch": {
    "mean": 348.31,
    "max": 2020.45,
    "std": 385.75,
    "max_mean_ratio": 5.8
  },
  "energy": {
    "mean": 0.033224,
    "max": 0.152871,
    "std": 0.033469,
    "rate_of_change": 0.022823
  },
  "speech_rate": {
    "chars_per_sec": 0.94,
    "words_per_sec": 0.16,
    "segment_count": 1
  },
  "spectral_centroid": {
    "mean": 2232.62
  },
  "timeseries": {
    "frame_sec": 0.5,
    "pitch": [
      129.5,
      127.52,
      720.97,
      182.49,
      101.19,
      494.63,
      192.59,
      822.94,
      264.87,
      620.33,
      214.11,
      287.25,
      242.09
    ],
    "energy": [
      0.011355,
      0.01359,
      0.024383,
      0.012559,
      0.011788,
      0.021629,
      0.033458,
      0.114752,
      0.034364,
      0.018996,
      0.02453,
      0.04666,
      0.044537
    ],
    "spectral_centroid": [
      2291.51,
      2371.3,
      2320.69,
      2236.71,
      2043.68,
      2162.58,
      2186.07,
      1812.35,
      2292.28,
      2625.04,
      2391.51,
      2122.96,
      2138.45
    ]
  }
}