{
  "id": "dcc6980d-7f20-49d9-8934-8c2691119c47",
  "duration": 5.483,
  "pitch": {
    "mean": 380.19,
    "max": 2041.87,
    "std": 285.34,
    "max_mean_ratio": 5.37
  },
  "energy": {
    "mean": 0.05772,
    "max": 0.135286,
    "std": 0.029606,
    "rate_of_change": 0.021769
  },
  "speech_rate": {
    "chars_per_sec": 15.86,
    "words_per_sec": 2.99,
    "segment_count": 3
  },
  "spectral_centroid": {
    "mean": 1945.26
  },
  "timeseries": {
    "frame_sec": 0.5,
    "pitch": [
      566.42,
      288.52,
      396.07,
      226.36,
      263.68,
      105.98,
      255.35,
      654.11,
      538.4,
      436.52,
      495.57
    ],
    "energy": [
      0.054814,
      0.02748,
      0.055561,
      0.025005,
      0.058274,
      0.039154,
      0.038802,
      0.092382,
      0.077382,
      0.067575,
      0.073475
    ],
    "spectral_centroid": [
      2331.78,
      1763.08,
      1975.92,
      1688.13,
      1927.66,
      1715.04,
      1876.29,
      2135.33,
      2241.07,
      1856.13,
      1883.52
    ]
  }
}