{
  "id": "dcfa639d-14a9-4e42-be62-730c5cf88c60",
  "duration": 9.365,
  "pitch": {
    "mean": 471.83,
    "max": 2071.03,
    "std": 432.02,
    "max_mean_ratio": 4.39
  },
  "energy": {
    "mean": 0.069847,
    "max": 0.159288,
    "std": 0.03912,
    "rate_of_change": 0.016292
  },
  "speech_rate": {
    "chars_per_sec": 12.99,
    "words_per_sec": 2.6,
    "segment_count": 6
  },
  "spectral_centroid": {
    "mean": 1991.41
  },
  "timeseries": {
    "frame_sec": 0.5,
    "pitch": [
      273.91,
      573.36,
      717.59,
      745.29,
      138.27,
      105.85,
      225.65,
      388.46,
      610.1,
      398.12,
      610.69,
      531.23,
      423.85,
      485.72,
      406.11,
      735.4,
      661.31,
      369.57,
      379.41
    ],
    "energy": [
      0.06114,
      0.062092,
      0.093898,
      0.042777,
      0.008322,
      0.008369,
      0.056716,
      0.071294,
      0.082774,
      0.077934,
      0.080067,
      0.077887,
      0.069635,
      0.075026,
      0.064201,
      0.080113,
      0.092432,
      0.085478,
      0.080477
    ],
    "spectral_centroid": [
      1953.96,
      2089.96,
      1887.7,
      1745.31,
      1441.29,
      1689.7,
      2183.61,
      2170.8,
      1860.18,
      2068.52,
      1757.67,
      2111.52,
      1726.26,
      1815.77,
      1775.24,
      2390.82,
      2306.96,
      2324.86,
      2576.77
    ]
  }
}