{
  "id": "dd2552b6-5a97-4bb0-b9f2-6574be646336",
  "duration": 5.973,
  "pitch": {
    "mean": 466.14,
    "max": 1552.95,
    "std": 356.89,
    "max_mean_ratio": 3.33
  },
  "energy": {
    "mean": 0.08415,
    "max": 0.151905,
    "std": 0.031286,
    "rate_of_change": 0.022246
  },
  "speech_rate": {
    "chars_per_sec": 17.79,
    "words_per_sec": 2.85,
    "segment_count": 5
  },
  "spectral_centroid": {
    "mean": 2106.62
  },
  "timeseries": {
    "frame_sec": 0.5,
    "pitch": [
      363.57,
      391.73,
      554.01,
      596.8,
      394.34,
      616.16,
      357.78,
      315.0,
      219.24,
      210.12,
      418.58,
      1245.58
    ],
    "energy": [
      0.073442,
      0.075062,
      0.094778,
      0.100744,
      0.095333,
      0.09166,
      0.069784,
      0.068062,
      0.073419,
      0.026147,
      0.087377,
      0.116197
    ],
    "spectral_centroid": [
      1687.03,
      1758.96,
      2217.66,
      2343.61,
      2382.57,
      1994.13,
      2138.99,
      1696.29,
      2050.87,
      2649.4,
      2032.9,
      2366.87
    ]
  }
}