{
  "id": "ddd3b1ee-1875-4936-af7d-c0483ca7ef1a",
  "duration": 16.853,
  "pitch": {
    "mean": 516.96,
    "max": 2054.46,
    "std": 351.68,
    "max_mean_ratio": 3.97
  },
  "energy": {
    "mean": 0.067352,
    "max": 0.172935,
    "std": 0.033203,
    "rate_of_change": 0.009482
  },
  "speech_rate": {
    "chars_per_sec": 14.61,
    "words_per_sec": 2.43,
    "segment_count": 10
  },
  "spectral_centroid": {
    "mean": 1998.41
  },
  "timeseries": {
    "frame_sec": 0.5,
    "pitch": [
      525.34,
      558.65,
      608.07,
      384.01,
      533.19,
      327.44,
      346.63,
      277.55,
      393.64,
      157.44,
      402.4,
      467.06,
      136.46,
      251.39,
      521.93,
      184.96,
      513.49,
      469.53,
      407.71,
      551.91,
      714.81,
      309.07,
      583.55,
      594.31,
      483.56,
      974.54,
      1013.71,
      987.32,
      527.87,
      484.85,
      926.36,
      600.41,
      772.06,
      527.83
    ],
    "energy": [
      0.074014,
      0.071549,
      0.043815,
      0.061389,
      0.065368,
      0.035947,
      0.0444,
      0.031546,
      0.073215,
      0.048148,
      0.087336,
      0.080991,
      0.021397,
      0.06861,
      0.08793,
      0.01804,
      0.060529,
      0.068388,
      0.053617,
      0.05501,
      0.061533,
      0.044858,
      0.080114,
      0.102761,
      0.070245,
      0.118161,
      0.088828,
      0.124343,
      0.053465,
      0.050106,
      0.070012,
      0.045433,
      0.060127,
      0.061506
    ],
    "spectral_centroid": [
      1528.92,
      1955.53,
      2296.41,
      1705.46,
      1615.37,
      1820.82,
      2140.23,
      2204.52,
      1704.85,
      1844.35,
      1243.41,
      1657.04,
      1518.94,
      1460.84,
      1706.05,
      1859.62,
      2105.75,
      1807.66,
      1829.99,
      1816.02,
      1811.28,
      3506.97,
      2629.88,
      2166.53,
      1743.11,
      2318.07,
      2284.12,
      2431.01,
      1968.09,
      1871.2,
      1930.89,
      2111.48,
      2345.46,
      3300.03
    ]
  }
}