{
  "id": "ddf5f949-7142-4ee0-a23f-bc2b096b04ad",
  "duration": 11.925,
  "pitch": {
    "mean": 414.6,
    "max": 1866.37,
    "std": 234.51,
    "max_mean_ratio": 4.5
  },
  "energy": {
    "mean": 0.025675,
    "max": 0.083158,
    "std": 0.012038,
    "rate_of_change": 0.006448
  },
  "speech_rate": {
    "chars_per_sec": 22.64,
    "words_per_sec": 4.37,
    "segment_count": 3
  },
  "spectral_centroid": {
    "mean": 1725.17
  },
  "timeseries": {
    "frame_sec": 0.5,
    "pitch": [
      429.15,
      392.06,
      489.16,
      542.84,
      321.38,
      525.44,
      300.14,
      389.36,
      318.7,
      381.75,
      470.74,
      528.86,
      451.8,
      484.46,
      367.29,
      350.76,
      337.18,
      329.27,
      432.28,
      314.63,
      326.69,
      551.54,
      465.66,
      586.68
    ],
    "energy": [
      0.024331,
      0.026575,
      0.024183,
      0.018752,
      0.017882,
      0.020178,
      0.019382,
      0.016608,
      0.017032,
      0.024323,
      0.02871,
      0.03612,
      0.035232,
      0.015149,
      0.02546,
      0.038489,
      0.024191,
      0.020295,
      0.026523,
      0.014249,
      0.015485,
      0.024023,
      0.033287,
      0.046034
    ],
    "spectral_centroid": [
      1588.91,
      1617.7,
      1643.21,
      2160.2,
      1802.48,
      1705.02,
      1742.04,
      1601.51,
      1697.1,
      1385.6,
      1855.9,
      1315.08,
      1763.16,
      1654.38,
      1815.74,
      1215.43,
      1661.33,
      1709.82,
      1570.19,
      1606.26,
      2089.22,
      2284.63,
      2032.03,
      1851.27
    ]
  }
}