{
  "id": "de32da11-6d78-41a5-bbea-dba65718435c",
  "duration": 11.755,
  "pitch": {
    "mean": 606.0,
    "max": 1398.11,
    "std": 294.26,
    "max_mean_ratio": 2.31
  },
  "energy": {
    "mean": 0.069645,
    "max": 0.156636,
    "std": 0.036131,
    "rate_of_change": 0.012752
  },
  "speech_rate": {
    "chars_per_sec": 13.99,
    "words_per_sec": 2.65,
    "segment_count": 2
  },
  "spectral_centroid": {
    "mean": 1927.35
  },
  "timeseries": {
    "frame_sec": 0.5,
    "pitch": [
      596.17,
      732.75,
      718.47,
      409.91,
      413.95,
      510.76,
      551.9,
      305.34,
      377.92,
      432.52,
      533.2,
      593.91,
      664.24,
      323.3,
      794.11,
      898.77,
      822.94,
      739.5,
      576.85,
      850.94,
      932.11,
      579.06,
      713.4,
      469.34
    ],
    "energy": [
      0.093623,
      0.102865,
      0.08844,
      0.048706,
      0.0495,
      0.041407,
      0.05541,
      0.030219,
      0.030648,
      0.044847,
      0.045749,
      0.038152,
      0.046852,
      0.02788,
      0.086193,
      0.111188,
      0.110194,
      0.115907,
      0.077558,
      0.08274,
      0.051714,
      0.085391,
      0.061283,
      0.081711
    ],
    "spectral_centroid": [
      1809.69,
      1570.57,
      2019.1,
      1980.02,
      2275.62,
      1829.47,
      1621.55,
      1835.68,
      1569.97,
      1542.57,
      1985.86,
      1832.47,
      1928.9,
      2079.79,
      1827.02,
      2120.14,
      2103.83,
      2097.19,
      1889.26,
      1933.65,
      2342.94,
      2236.08,
      1943.11,
      1798.08
    ]
  }
}