{
  "id": "de35ea4f-12a4-44d3-88b8-34070c92ddfc",
  "duration": 11.307,
  "pitch": {
    "mean": 495.06,
    "max": 2053.72,
    "std": 379.23,
    "max_mean_ratio": 4.15
  },
  "energy": {
    "mean": 0.09538,
    "max": 0.278125,
    "std": 0.078383,
    "rate_of_change": 0.023742
  },
  "speech_rate": {
    "chars_per_sec": 14.56,
    "words_per_sec": 3.16,
    "segment_count": 6
  },
  "spectral_centroid": {
    "mean": 1945.09
  },
  "timeseries": {
    "frame_sec": 0.5,
    "pitch": [
      350.84,
      342.48,
      330.91,
      272.46,
      293.15,
      676.09,
      101.77,
      100.74,
      256.92,
      311.17,
      318.26,
      437.42,
      407.05,
      191.1,
      353.86,
      230.95,
      606.02,
      835.98,
      861.58,
      1019.62,
      885.55,
      1162.09,
      1298.75
    ],
    "energy": [
      0.06348,
      0.051917,
      0.037538,
      0.046932,
      0.048249,
      0.081158,
      0.02038,
      0.035687,
      0.035099,
      0.050105,
      0.049761,
      0.041568,
      0.037851,
      0.030245,
      0.085943,
      0.049353,
      0.164224,
      0.231622,
      0.218092,
      0.228699,
      0.193416,
      0.179206,
      0.140195
    ],
    "spectral_centroid": [
      2152.77,
      1708.2,
      1847.61,
      2272.32,
      1658.09,
      1325.08,
      1830.84,
      2132.36,
      1524.23,
      1903.05,
      2410.59,
      1575.76,
      1366.82,
      1563.56,
      1997.83,
      2388.44,
      2219.84,
      1853.22,
      2173.45,
      2311.16,
      2307.11,
      2228.91,
      1845.9
    ]
  }
}