{
  "id": "de5958ab-170a-436d-b962-cc49a99feb18",
  "duration": 12.693,
  "pitch": {
    "mean": 349.74,
    "max": 2040.36,
    "std": 331.75,
    "max_mean_ratio": 5.83
  },
  "energy": {
    "mean": 0.115739,
    "max": 0.478087,
    "std": 0.094713,
    "rate_of_change": 0.036408
  },
  "speech_rate": {
    "chars_per_sec": 19.62,
    "words_per_sec": 3.66,
    "segment_count": 4
  },
  "spectral_centroid": {
    "mean": 2061.41
  },
  "timeseries": {
    "frame_sec": 0.5,
    "pitch": [
      551.08,
      485.04,
      630.71,
      156.75,
      342.05,
      111.41,
      189.5,
      163.6,
      127.95,
      310.68,
      470.37,
      339.15,
      933.58,
      566.1,
      248.48,
      161.23,
      155.7,
      153.39,
      153.46,
      375.79,
      325.03,
      446.42,
      679.05,
      585.36,
      521.36,
      367.32
    ],
    "energy": [
      0.34061,
      0.228327,
      0.21574,
      0.033092,
      0.029819,
      0.030822,
      0.047482,
      0.034621,
      0.053834,
      0.101756,
      0.114244,
      0.127078,
      0.124323,
      0.12111,
      0.092772,
      0.05905,
      0.032063,
      0.025769,
      0.035937,
      0.090805,
      0.095134,
      0.17883,
      0.252714,
      0.14503,
      0.161156,
      0.105897
    ],
    "spectral_centroid": [
      2033.82,
      2499.03,
      2096.32,
      1759.93,
      1948.71,
      1874.38,
      1876.42,
      1793.13,
      2332.31,
      1903.28,
      2060.16,
      2242.2,
      2326.2,
      2346.29,
      1972.8,
      1652.72,
      1749.46,
      1990.36,
      2012.79,
      2275.01,
      2390.55,
      2057.28,
      2044.54,
      2249.12,
      2057.7,
      1654.56
    ]
  }
}