{
  "id": "deae3df6-d5fd-47a4-8be1-3bfa23efa41d",
  "duration": 7.637,
  "pitch": {
    "mean": 419.25,
    "max": 1399.64,
    "std": 282.66,
    "max_mean_ratio": 3.34
  },
  "energy": {
    "mean": 0.069146,
    "max": 0.23703,
    "std": 0.048084,
    "rate_of_change": 0.028231
  },
  "speech_rate": {
    "chars_per_sec": 7.09,
    "words_per_sec": 1.44,
    "segment_count": 2
  },
  "spectral_centroid": {
    "mean": 2121.24
  },
  "timeseries": {
    "frame_sec": 0.5,
    "pitch": [
      353.68,
      549.28,
      418.43,
      541.35,
      428.78,
      322.85,
      320.44,
      289.43,
      579.74,
      365.63,
      325.76,
      437.56,
      228.11,
      617.83,
      350.76,
      356.72
    ],
    "energy": [
      0.042482,
      0.028193,
      0.032883,
      0.029643,
      0.033206,
      0.038164,
      0.039108,
      0.034115,
      0.106001,
      0.083907,
      0.081639,
      0.11137,
      0.056115,
      0.103368,
      0.153464,
      0.134598
    ],
    "spectral_centroid": [
      2177.16,
      2133.73,
      1947.37,
      2005.05,
      2453.69,
      2624.71,
      2212.52,
      1976.74,
      1864.55,
      2011.71,
      1828.86,
      1911.47,
      2115.95,
      2398.58,
      2237.57,
      1860.2
    ]
  }
}