{
  "id": "deb819e3-c2a7-4148-ba03-e47f1b44f76f",
  "duration": 19.371,
  "pitch": {
    "mean": 445.93,
    "max": 2066.6,
    "std": 346.2,
    "max_mean_ratio": 4.63
  },
  "energy": {
    "mean": 0.066018,
    "max": 0.307279,
    "std": 0.059888,
    "rate_of_change": 0.015281
  },
  "speech_rate": {
    "chars_per_sec": 13.02,
    "words_per_sec": 2.58,
    "segment_count": 10
  },
  "spectral_centroid": {
    "mean": 1944.2
  },
  "timeseries": {
    "frame_sec": 0.5,
    "pitch": [
      108.6,
      309.54,
      374.38,
      522.27,
      527.54,
      582.03,
      694.78,
      541.78,
      368.2,
      415.03,
      143.74,
      273.12,
      421.79,
      407.69,
      634.25,
      973.23,
      244.61,
      371.6,
      291.48,
      564.09,
      468.86,
      312.39,
      448.25,
      296.84,
      168.9,
      529.07,
      351.65,
      548.39,
      318.9,
      189.89,
      663.27,
      670.59,
      724.42,
      716.3,
      375.58,
      160.46,
      581.56,
      624.27,
      522.66
    ],
    "energy": [
      0.019673,
      0.013875,
      0.035685,
      0.049977,
      0.041059,
      0.081018,
      0.071439,
      0.064205,
      0.036742,
      0.031692,
      0.021054,
      0.020311,
      0.047456,
      0.027386,
      0.025202,
      0.030762,
      0.020453,
      0.027308,
      0.035979,
      0.066441,
      0.064881,
      0.054716,
      0.043684,
      0.036605,
      0.01797,
      0.073583,
      0.095387,
      0.12374,
      0.061128,
      0.036949,
      0.151389,
      0.201502,
      0.089483,
      0.067284,
      0.021902,
      0.019228,
      0.179275,
      0.194612,
      0.187874
    ],
    "spectral_centroid": [
      2472.55,
      1665.91,
      1917.99,
      1642.07,
      1670.65,
      1654.34,
      1598.77,
      2118.96,
      1881.15,
      1836.78,
      2276.42,
      2257.72,
      1857.97,
      1818.34,
      2093.27,
      2043.24,
      2137.52,
      2317.32,
      1953.88,
      1974.6,
      1859.54,
      1931.98,
      2205.27,
      2042.16,
      2025.56,
      1553.94,
      1699.29,
      1671.78,
      1776.37,
      2103.32,
      1659.24,
      1670.35,
      1806.72,
      1832.99,
      2255.58,
      2282.89,
      1788.4,
      2038.46,
      2369.82
    ]
  }
}