{
  "id": "dee00967-fff1-4a9e-88b0-98c458cdd2e7",
  "duration": 30.336,
  "pitch": {
    "mean": 373.1,
    "max": 1990.05,
    "std": 276.53,
    "max_mean_ratio": 5.33
  },
  "energy": {
    "mean": 0.058636,
    "max": 0.207174,
    "std": 0.04194,
    "rate_of_change": 0.006749
  },
  "speech_rate": {
    "chars_per_sec": 14.58,
    "words_per_sec": 3.03,
    "segment_count": 15
  },
  "spectral_centroid": {
    "mean": 2151.29
  },
  "timeseries": {
    "frame_sec": 0.5,
    "pitch": [
      318.55,
      339.94,
      363.04,
      362.74,
      330.14,
      282.69,
      150.07,
      291.42,
      170.91,
      674.67,
      353.1,
      343.82,
      351.77,
      360.9,
      428.23,
      234.28,
      183.63,
      112.21,
      161.32,
      365.6,
      400.88,
      339.36,
      370.76,
      462.34,
      574.21,
      179.39,
      354.16,
      489.73,
      503.17,
      471.14,
      482.98,
      119.54,
      304.14,
      380.87,
      693.38,
      134.08,
      155.13,
      257.2,
      538.28,
      522.11,
      524.31,
      97.72,
      151.21,
      352.28,
      310.89,
      658.84,
      343.29,
      253.54,
      302.61,
      421.81,
      667.48,
      420.41,
      387.25,
      515.37,
      679.85,
      431.76,
      633.23,
      455.55,
      483.99,
      302.69,
      425.97
    ],
    "energy": [
      0.05144,
      0.032303,
      0.055071,
      0.047389,
      0.039644,
      0.041448,
      0.024439,
      0.047357,
      0.026992,
      0.076629,
      0.06116,
      0.054678,
      0.072718,
      0.042444,
      0.035685,
      0.03145,
      0.033742,
      0.026248,
      0.035761,
      0.076726,
      0.054099,
      0.047759,
      0.041175,
      0.063869,
      0.115686,
      0.013655,
      0.056267,
      0.088372,
      0.076993,
      0.078829,
      0.056278,
      0.020662,
      0.07151,
      0.055015,
      0.087986,
      0.018016,
      0.024957,
      0.047393,
      0.078212,
      0.060454,
      0.073648,
      0.016487,
      0.026283,
      0.053076,
      0.063081,
      0.120382,
      0.04212,
      0.043182,
      0.048595,
      0.103683,
      0.135171,
      0.094469,
      0.054287,
      0.062341,
      0.073684,
      0.058718,
      0.053181,
      0.045638,
      0.084081,
      0.047856,
      0.046137
    ],
    "spectral_centroid": [
      1997.36,
      2069.43,
      2448.14,
      2896.67,
      1906.12,
      2073.56,
      1753.64,
      2219.46,
      2622.33,
      2259.22,
      2274.65,
      2322.0,
      2030.0,
      2166.57,
      1919.4,
      1771.05,
      2049.37,
      2138.89,
      1988.38,
      2567.95,
      2005.66,
      2283.63,
      1828.29,
      2297.05,
      2018.99,
      1833.6,
      1934.1,
      2296.37,
      2227.6,
      2032.15,
      2215.39,
      2283.13,
      2676.29,
      2501.44,
      2175.99,
      2081.34,
      2041.42,
      1900.14,
      2286.89,
      2158.8,
      2008.7,
      1667.8,
      2163.14,
      1818.48,
      2768.34,
      1914.32,
      1939.75,
      2210.72,
      2341.5,
      2134.02,
      2407.79,
      2285.27,
      2237.71,
      2245.64,
      2250.51,
      1978.97,
      2190.08,
      2038.69,
      1780.76,
      2165.74,
      2138.95
    ]
  }
}