{
  "id": "df1f6a37-5ce3-4ebb-a5c9-f3d1f8e21338",
  "duration": 4.288,
  "pitch": {
    "mean": 375.08,
    "max": 1683.15,
    "std": 268.44,
    "max_mean_ratio": 4.49
  },
  "energy": {
    "mean": 0.106034,
    "max": 0.359749,
    "std": 0.095583,
    "rate_of_change": 0.082774
  },
  "speech_rate": {
    "chars_per_sec": 11.92,
    "words_per_sec": 2.57,
    "segment_count": 1
  },
  "spectral_centroid": {
    "mean": 2257.98
  },
  "timeseries": {
    "frame_sec": 0.5,
    "pitch": [
      165.89,
      173.53,
      136.24,
      504.0,
      405.63,
      699.92,
      505.6,
      414.9,
      418.77
    ],
    "energy": [
      0.015341,
      0.010372,
      0.008536,
      0.164013,
      0.150841,
      0.18401,
      0.121538,
      0.084215,
      0.219839
    ],
    "spectral_centroid": [
      3070.68,
      2560.59,
      2216.4,
      1991.22,
      2203.38,
      2082.18,
      2428.47,
      1759.92,
      1939.12
    ]
  }
}