{
  "id": "df24b0df-83ce-4e6c-99fd-c650cb86957f",
  "duration": 8.661,
  "pitch": {
    "mean": 474.63,
    "max": 1594.65,
    "std": 248.46,
    "max_mean_ratio": 3.36
  },
  "energy": {
    "mean": 0.048272,
    "max": 0.13537,
    "std": 0.030307,
    "rate_of_change": 0.014774
  },
  "speech_rate": {
    "chars_per_sec": 19.33,
    "words_per_sec": 3.7,
    "segment_count": 1
  },
  "spectral_centroid": {
    "mean": 1729.34
  },
  "timeseries": {
    "frame_sec": 0.5,
    "pitch": [
      532.95,
      358.4,
      448.74,
      668.43,
      344.83,
      659.09,
      639.18,
      440.62,
      390.14,
      371.05,
      483.72,
      378.81,
      353.78,
      587.19,
      421.34,
      545.99,
      552.35,
      337.66
    ],
    "energy": [
      0.055872,
      0.062831,
      0.06213,
      0.07654,
      0.020039,
      0.045166,
      0.056473,
      0.031705,
      0.02458,
      0.0241,
      0.038029,
      0.039107,
      0.035226,
      0.036904,
      0.026921,
      0.057306,
      0.0836,
      0.066326
    ],
    "spectral_centroid": [
      1666.01,
      1651.4,
      1788.93,
      1436.05,
      1631.22,
      1729.31,
      1621.58,
      1591.15,
      1662.38,
      1920.46,
      1694.93,
      1829.95,
      1708.12,
      1811.07,
      1912.16,
      1660.6,
      2030.71,
      1916.64
    ]
  }
}