{
  "id": "df76e7b4-8edc-4d9a-8461-a02a9eed9d85",
  "duration": 10.56,
  "pitch": {
    "mean": 466.79,
    "max": 2083.82,
    "std": 353.07,
    "max_mean_ratio": 4.46
  },
  "energy": {
    "mean": 0.065971,
    "max": 0.249207,
    "std": 0.048251,
    "rate_of_change": 0.022716
  },
  "speech_rate": {
    "chars_per_sec": 10.61,
    "words_per_sec": 2.18,
    "segment_count": 4
  },
  "spectral_centroid": {
    "mean": 2163.99
  },
  "timeseries": {
    "frame_sec": 0.5,
    "pitch": [
      420.8,
      507.93,
      412.29,
      276.32,
      409.65,
      327.54,
      329.34,
      357.07,
      305.8,
      476.51,
      310.83,
      361.05,
      1084.37,
      542.59,
      652.21,
      648.4,
      414.22,
      546.84,
      527.25,
      415.88,
      583.52,
      528.45
    ],
    "energy": [
      0.060167,
      0.088162,
      0.015823,
      0.034027,
      0.041273,
      0.030974,
      0.047303,
      0.02931,
      0.027882,
      0.040216,
      0.036513,
      0.033607,
      0.028966,
      0.037706,
      0.114928,
      0.135175,
      0.101863,
      0.087592,
      0.112104,
      0.091502,
      0.120958,
      0.109304
    ],
    "spectral_centroid": [
      2226.0,
      2057.88,
      1878.43,
      2085.37,
      2350.66,
      2106.66,
      1669.31,
      1704.52,
      1956.95,
      2131.01,
      1987.05,
      2035.1,
      2756.89,
      2549.3,
      2593.03,
      2584.12,
      2285.86,
      2325.1,
      2019.06,
      2056.42,
      2010.22,
      2130.34
    ]
  }
}