{
  "id": "df7f99f5-7c94-4652-bf7a-39e755abe22b",
  "duration": 6.592,
  "pitch": {
    "mean": 685.07,
    "max": 2070.42,
    "std": 477.6,
    "max_mean_ratio": 3.02
  },
  "energy": {
    "mean": 0.077299,
    "max": 0.352143,
    "std": 0.05792,
    "rate_of_change": 0.052078
  },
  "speech_rate": {
    "chars_per_sec": 17.63,
    "words_per_sec": 3.5,
    "segment_count": 5
  },
  "spectral_centroid": {
    "mean": 2008.79
  },
  "timeseries": {
    "frame_sec": 0.5,
    "pitch": [
      437.5,
      1055.05,
      488.7,
      783.68,
      669.77,
      758.12,
      254.92,
      1463.98,
      607.61,
      619.6,
      670.73,
      676.48,
      442.4,
      984.98
    ],
    "energy": [
      0.045399,
      0.050292,
      0.036613,
      0.116236,
      0.071647,
      0.045872,
      0.033425,
      0.080268,
      0.041729,
      0.079121,
      0.115913,
      0.165888,
      0.070888,
      0.096342
    ],
    "spectral_centroid": [
      2009.19,
      1803.49,
      2066.91,
      1726.05,
      2229.73,
      1941.2,
      1750.93,
      2192.58,
      2249.63,
      1901.61,
      1867.94,
      1864.18,
      2549.59,
      1662.43
    ]
  }
}