{
  "id": "e086fd32-60de-493f-b816-b25a909e690e",
  "duration": 18.709,
  "pitch": {
    "mean": 516.67,
    "max": 2074.26,
    "std": 427.09,
    "max_mean_ratio": 4.01
  },
  "energy": {
    "mean": 0.146196,
    "max": 0.499145,
    "std": 0.111649,
    "rate_of_change": 0.026612
  },
  "speech_rate": {
    "chars_per_sec": 15.46,
    "words_per_sec": 2.84,
    "segment_count": 12
  },
  "spectral_centroid": {
    "mean": 1988.65
  },
  "timeseries": {
    "frame_sec": 0.5,
    "pitch": [
      350.09,
      397.52,
      592.28,
      1185.71,
      880.75,
      333.14,
      606.91,
      484.02,
      461.12,
      488.47,
      501.21,
      506.54,
      295.6,
      355.59,
      544.35,
      484.68,
      529.9,
      520.32,
      237.89,
      438.39,
      204.15,
      1047.29,
      619.09,
      762.91,
      935.68,
      605.81,
      806.41,
      949.58,
      603.35,
      108.09,
      431.4,
      258.99,
      115.64,
      184.64,
      592.9,
      393.06,
      337.17,
      500.36
    ],
    "energy": [
      0.133728,
      0.133649,
      0.148369,
      0.210264,
      0.250954,
      0.078177,
      0.179345,
      0.151708,
      0.165619,
      0.142821,
      0.132575,
      0.134449,
      0.09986,
      0.117212,
      0.140254,
      0.125368,
      0.181235,
      0.195575,
      0.026818,
      0.035143,
      0.040221,
      0.047842,
      0.194113,
      0.225482,
      0.351221,
      0.171845,
      0.192822,
      0.423531,
      0.202488,
      0.011106,
      0.001814,
      0.019388,
      0.035406,
      0.04314,
      0.17463,
      0.173495,
      0.111874,
      0.138785
    ],
    "spectral_centroid": [
      1672.78,
      1611.24,
      2010.03,
      2161.9,
      2169.96,
      1843.67,
      2334.38,
      1889.36,
      2343.02,
      2143.15,
      2045.2,
      1618.13,
      1956.18,
      2096.05,
      1758.3,
      2157.59,
      1729.81,
      1959.57,
      1739.65,
      2034.81,
      1883.55,
      2146.02,
      2136.07,
      2418.42,
      2123.46,
      2342.04,
      2345.15,
      2251.68,
      1634.34,
      1111.34,
      1726.07,
      2376.92,
      2660.82,
      1868.23,
      1776.22,
      1903.23,
      1452.05,
      1891.97
    ]
  }
}