{
  "id": "e0ae2b16-8a66-4e4c-89b4-a5bd6bc4d0e0",
  "duration": 10.347,
  "pitch": {
    "mean": 309.82,
    "max": 1859.58,
    "std": 202.72,
    "max_mean_ratio": 6.0
  },
  "energy": {
    "mean": 0.047225,
    "max": 0.121319,
    "std": 0.03396,
    "rate_of_change": 0.011345
  },
  "speech_rate": {
    "chars_per_sec": 13.95,
    "words_per_sec": 2.42,
    "segment_count": 3
  },
  "spectral_centroid": {
    "mean": 1794.99
  },
  "timeseries": {
    "frame_sec": 0.5,
    "pitch": [
      141.96,
      133.32,
      222.32,
      196.6,
      374.22,
      363.95,
      514.4,
      410.2,
      478.84,
      393.74,
      272.93,
      436.16,
      257.04,
      279.41,
      411.79,
      461.88,
      243.28,
      137.33,
      138.64,
      270.49,
      356.69
    ],
    "energy": [
      0.008259,
      0.010317,
      0.007317,
      0.008023,
      0.065057,
      0.062367,
      0.077422,
      0.065786,
      0.064549,
      0.06265,
      0.059204,
      0.077574,
      0.021851,
      0.041295,
      0.086854,
      0.042811,
      0.034267,
      0.015724,
      0.011039,
      0.062734,
      0.071731
    ],
    "spectral_centroid": [
      1578.58,
      2280.11,
      2114.86,
      1649.69,
      1472.74,
      1265.56,
      1550.48,
      1415.52,
      1407.35,
      1389.85,
      2450.3,
      1365.76,
      1929.32,
      1520.78,
      1828.61,
      1995.7,
      1987.73,
      2412.76,
      2135.84,
      2223.29,
      1650.4
    ]
  }
}