{
  "id": "e0ddcb64-7b26-43ed-97ba-4fb5fb127e83",
  "duration": 13.909,
  "pitch": {
    "mean": 428.53,
    "max": 1552.95,
    "std": 250.96,
    "max_mean_ratio": 3.62
  },
  "energy": {
    "mean": 0.057266,
    "max": 0.152873,
    "std": 0.027216,
    "rate_of_change": 0.00993
  },
  "speech_rate": {
    "chars_per_sec": 13.9,
    "words_per_sec": 2.09,
    "segment_count": 2
  },
  "spectral_centroid": {
    "mean": 2030.68
  },
  "timeseries": {
    "frame_sec": 0.5,
    "pitch": [
      429.52,
      467.05,
      307.0,
      390.12,
      440.85,
      425.54,
      379.01,
      502.18,
      491.38,
      357.16,
      236.4,
      336.06,
      477.41,
      545.96,
      508.48,
      224.7,
      355.13,
      440.76,
      375.19,
      444.59,
      392.11,
      464.86,
      334.37,
      396.75,
      631.92,
      502.37,
      469.79,
      504.58
    ],
    "energy": [
      0.063372,
      0.043898,
      0.030349,
      0.051669,
      0.050255,
      0.04803,
      0.053266,
      0.091216,
      0.08916,
      0.048633,
      0.030445,
      0.038786,
      0.066042,
      0.060475,
      0.080456,
      0.032803,
      0.045866,
      0.05602,
      0.048206,
      0.040683,
      0.050311,
      0.050401,
      0.047735,
      0.053732,
      0.086121,
      0.084902,
      0.039228,
      0.056165
    ],
    "spectral_centroid": [
      1743.59,
      1651.41,
      2181.24,
      1806.69,
      2005.96,
      1646.93,
      1415.83,
      1914.82,
      2137.64,
      1761.01,
      2842.91,
      2738.35,
      2225.37,
      2731.15,
      2013.64,
      1665.85,
      2304.12,
      1907.32,
      1784.17,
      1903.78,
      2153.94,
      1714.01,
      1958.61,
      1892.79,
      2175.46,
      2267.69,
      2249.01,
      1898.82
    ]
  }
}