{
  "id": "e0fb7ff0-a179-45c0-b67a-bfb4f34e0196",
  "duration": 10.752,
  "pitch": {
    "mean": 422.72,
    "max": 1746.53,
    "std": 258.58,
    "max_mean_ratio": 4.13
  },
  "energy": {
    "mean": 0.047872,
    "max": 0.161148,
    "std": 0.030658,
    "rate_of_change": 0.014339
  },
  "speech_rate": {
    "chars_per_sec": 14.9,
    "words_per_sec": 2.7,
    "segment_count": 6
  },
  "spectral_centroid": {
    "mean": 2016.24
  },
  "timeseries": {
    "frame_sec": 0.5,
    "pitch": [
      281.64,
      456.47,
      379.23,
      577.87,
      314.26,
      268.02,
      527.62,
      370.38,
      100.92,
      211.73,
      583.12,
      353.72,
      422.62,
      394.58,
      400.98,
      526.59,
      408.5,
      576.78,
      844.68,
      390.98,
      536.03,
      371.77
    ],
    "energy": [
      0.048626,
      0.047444,
      0.028413,
      0.038615,
      0.031964,
      0.015217,
      0.040058,
      0.069882,
      0.037532,
      0.011995,
      0.054903,
      0.026044,
      0.030181,
      0.030534,
      0.042067,
      0.054438,
      0.046197,
      0.090929,
      0.119685,
      0.052698,
      0.042705,
      0.038802
    ],
    "spectral_centroid": [
      1696.28,
      2203.13,
      2350.18,
      1891.3,
      2344.2,
      2031.77,
      1692.92,
      1792.83,
      1629.79,
      1874.07,
      1938.71,
      1922.08,
      2008.75,
      1894.02,
      1941.68,
      1998.99,
      2159.09,
      1639.07,
      2239.04,
      2192.25,
      2569.9,
      2490.19
    ]
  }
}