{
  "id": "e10a63bc-1941-4d43-b3ef-d2dd69fe2f8b",
  "duration": 15.211,
  "pitch": {
    "mean": 454.33,
    "max": 2069.49,
    "std": 391.64,
    "max_mean_ratio": 4.56
  },
  "energy": {
    "mean": 0.0726,
    "max": 0.257887,
    "std": 0.060558,
    "rate_of_change": 0.016373
  },
  "speech_rate": {
    "chars_per_sec": 8.16,
    "words_per_sec": 1.58,
    "segment_count": 10
  },
  "spectral_centroid": {
    "mean": 2014.0
  },
  "timeseries": {
    "frame_sec": 0.5,
    "pitch": [
      476.01,
      487.38,
      457.36,
      588.81,
      465.73,
      448.16,
      494.6,
      352.15,
      286.33,
      356.58,
      307.01,
      399.36,
      258.61,
      162.12,
      652.7,
      106.98,
      115.81,
      270.05,
      400.67,
      264.71,
      445.03,
      677.94,
      1377.52,
      1421.32,
      455.5,
      241.58,
      141.16,
      397.44,
      525.32,
      558.75,
      580.77
    ],
    "energy": [
      0.074096,
      0.09737,
      0.096448,
      0.103314,
      0.068551,
      0.098973,
      0.041819,
      0.02001,
      0.051881,
      0.036647,
      0.041627,
      0.058606,
      0.03816,
      0.015191,
      0.076046,
      0.015362,
      0.023851,
      0.054071,
      0.076896,
      0.04086,
      0.08081,
      0.209488,
      0.205265,
      0.159546,
      0.030201,
      0.009832,
      0.013006,
      0.058111,
      0.086363,
      0.104821,
      0.060084
    ],
    "spectral_centroid": [
      1623.79,
      1852.52,
      2148.42,
      1828.27,
      1931.7,
      1913.45,
      1903.67,
      2294.16,
      1908.47,
      1912.99,
      2058.04,
      1919.31,
      2013.96,
      1880.76,
      1602.54,
      2276.31,
      1979.44,
      1664.84,
      2210.83,
      1605.69,
      2192.74,
      2301.49,
      2043.26,
      2313.67,
      2265.65,
      2541.02,
      2331.0,
      1877.34,
      1978.1,
      1726.15,
      2403.94
    ]
  }
}