{
  "id": "e120b310-c671-4144-a434-8a6c0ab44f64",
  "duration": 4.779,
  "pitch": {
    "mean": 243.94,
    "max": 840.85,
    "std": 171.57,
    "max_mean_ratio": 3.45
  },
  "energy": {
    "mean": 0.08331,
    "max": 0.171376,
    "std": 0.037658,
    "rate_of_change": 0.032847
  },
  "speech_rate": {
    "chars_per_sec": 14.51,
    "words_per_sec": 2.68,
    "segment_count": 2
  },
  "spectral_centroid": {
    "mean": 1517.54
  },
  "timeseries": {
    "frame_sec": 0.5,
    "pitch": [
      175.96,
      168.21,
      268.22,
      212.61,
      250.65,
      130.22,
      269.52,
      329.41,
      282.95,
      321.88
    ],
    "energy": [
      0.082626,
      0.031076,
      0.07805,
      0.086701,
      0.113075,
      0.065726,
      0.094577,
      0.103269,
      0.096528,
      0.024152
    ],
    "spectral_centroid": [
      1443.21,
      1682.49,
      1458.67,
      1308.23,
      1326.41,
      1559.94,
      1404.65,
      1695.85,
      1513.36,
      1961.27
    ]
  }
}