{
  "id": "e1b0e0ff-fc9d-4925-b838-02d8a399a1ad",
  "duration": 11.349,
  "pitch": {
    "mean": 427.67,
    "max": 2082.54,
    "std": 369.34,
    "max_mean_ratio": 4.87
  },
  "energy": {
    "mean": 0.230768,
    "max": 0.62042,
    "std": 0.167244,
    "rate_of_change": 0.051856
  },
  "speech_rate": {
    "chars_per_sec": 10.42,
    "words_per_sec": 2.12,
    "segment_count": 4
  },
  "spectral_centroid": {
    "mean": 2078.53
  },
  "timeseries": {
    "frame_sec": 0.5,
    "pitch": [
      163.55,
      155.83,
      246.49,
      106.27,
      500.96,
      476.95,
      414.76,
      526.05,
      560.08,
      269.25,
      559.48,
      428.38,
      524.36,
      246.99,
      187.94,
      284.33,
      389.92,
      608.43,
      494.33,
      604.35,
      773.98,
      820.61,
      789.38
    ],
    "energy": [
      0.049164,
      0.047498,
      0.042487,
      0.080786,
      0.376867,
      0.298079,
      0.304079,
      0.151409,
      0.087298,
      0.108901,
      0.227763,
      0.330226,
      0.182836,
      0.058223,
      0.064763,
      0.084471,
      0.285578,
      0.406301,
      0.327305,
      0.38888,
      0.402626,
      0.438099,
      0.328529
    ],
    "spectral_centroid": [
      1891.77,
      1922.79,
      1935.03,
      2259.31,
      1952.52,
      1979.89,
      2345.69,
      1994.49,
      1679.92,
      2191.29,
      2129.54,
      1594.41,
      1623.48,
      1919.34,
      1780.83,
      2143.58,
      2624.66,
      2542.66,
      2504.4,
      1990.97,
      2151.09,
      2323.84,
      2472.05
    ]
  }
}