{
  "id": "e1dac7aa-ed7b-45f9-9d4e-b09bc74b1710",
  "duration": 11.179,
  "pitch": {
    "mean": 421.04,
    "max": 1569.54,
    "std": 240.98,
    "max_mean_ratio": 3.73
  },
  "energy": {
    "mean": 0.107009,
    "max": 0.247357,
    "std": 0.06913,
    "rate_of_change": 0.021399
  },
  "speech_rate": {
    "chars_per_sec": 12.63,
    "words_per_sec": 2.24,
    "segment_count": 10
  },
  "spectral_centroid": {
    "mean": 1940.04
  },
  "timeseries": {
    "frame_sec": 0.5,
    "pitch": [
      420.29,
      411.42,
      589.26,
      376.33,
      366.13,
      341.13,
      328.5,
      584.46,
      552.93,
      298.58,
      390.54,
      475.29,
      474.4,
      363.79,
      410.27,
      384.82,
      389.36,
      382.24,
      434.38,
      426.67,
      260.15,
      418.7,
      526.38
    ],
    "energy": [
      0.113809,
      0.120615,
      0.194021,
      0.12427,
      0.136442,
      0.118966,
      0.111762,
      0.026552,
      0.012755,
      0.016813,
      0.160257,
      0.142341,
      0.014369,
      0.009799,
      0.056795,
      0.108404,
      0.164572,
      0.147934,
      0.150152,
      0.059561,
      0.104624,
      0.116038,
      0.173698
    ],
    "spectral_centroid": [
      1434.67,
      1925.65,
      1834.05,
      2116.25,
      1864.85,
      1927.23,
      2169.02,
      2090.11,
      1866.28,
      1929.41,
      1692.36,
      2266.71,
      1685.05,
      1863.62,
      1767.24,
      2282.65,
      2162.51,
      1917.37,
      1776.19,
      2286.51,
      1837.58,
      2095.3,
      1560.18
    ]
  }
}