{
  "id": "e23a2baf-e000-4b36-be5b-d5dabdf35bd7",
  "duration": 11.861,
  "pitch": {
    "mean": 227.01,
    "max": 1417.21,
    "std": 208.31,
    "max_mean_ratio": 6.24
  },
  "energy": {
    "mean": 0.035217,
    "max": 0.100462,
    "std": 0.014144,
    "rate_of_change": 0.00753
  },
  "speech_rate": {
    "chars_per_sec": 15.33,
    "words_per_sec": 2.75,
    "segment_count": 3
  },
  "spectral_centroid": {
    "mean": 2298.89
  },
  "timeseries": {
    "frame_sec": 0.5,
    "pitch": [
      277.3,
      146.31,
      365.05,
      411.13,
      196.24,
      186.27,
      352.97,
      184.16,
      113.09,
      139.7,
      177.95,
      361.45,
      269.94,
      306.29,
      165.63,
      321.91,
      297.28,
      198.97,
      175.88,
      161.56,
      174.65,
      199.22,
      144.54,
      188.04
    ],
    "energy": [
      0.020012,
      0.035404,
      0.03376,
      0.043271,
      0.016694,
      0.03491,
      0.027854,
      0.022892,
      0.034514,
      0.02605,
      0.020063,
      0.030919,
      0.022876,
      0.047583,
      0.037657,
      0.035388,
      0.039702,
      0.030611,
      0.041866,
      0.037299,
      0.041413,
      0.055331,
      0.043166,
      0.030882
    ],
    "spectral_centroid": [
      2388.07,
      3334.36,
      2746.63,
      2540.35,
      1693.97,
      2361.54,
      2273.41,
      1842.1,
      1982.68,
      2067.23,
      1792.84,
      2147.9,
      2217.59,
      2420.76,
      1904.71,
      1971.23,
      2078.55,
      2453.06,
      2285.83,
      3143.16,
      1920.24,
      2720.62,
      2427.97,
      2418.29
    ]
  }
}