{
  "id": "e2505c8e-1217-4980-887d-74b769d886a2",
  "duration": 14.379,
  "pitch": {
    "mean": 442.98,
    "max": 2088.05,
    "std": 420.27,
    "max_mean_ratio": 4.71
  },
  "energy": {
    "mean": 0.056457,
    "max": 0.15095,
    "std": 0.025637,
    "rate_of_change": 0.009282
  },
  "speech_rate": {
    "chars_per_sec": 18.04,
    "words_per_sec": 3.34,
    "segment_count": 5
  },
  "spectral_centroid": {
    "mean": 1817.73
  },
  "timeseries": {
    "frame_sec": 0.5,
    "pitch": [
      649.55,
      401.85,
      486.31,
      523.38,
      452.56,
      732.69,
      543.54,
      286.62,
      140.42,
      132.58,
      395.57,
      511.6,
      565.8,
      651.68,
      502.92,
      363.19,
      332.89,
      584.28,
      362.24,
      266.4,
      557.05,
      563.34,
      179.59,
      325.2,
      480.52,
      538.51,
      427.08,
      355.6,
      475.66
    ],
    "energy": [
      0.04864,
      0.055997,
      0.049708,
      0.047996,
      0.046995,
      0.071006,
      0.034926,
      0.039522,
      0.039351,
      0.025126,
      0.03801,
      0.055607,
      0.048968,
      0.05317,
      0.065387,
      0.049374,
      0.049109,
      0.0441,
      0.040365,
      0.036348,
      0.074031,
      0.084718,
      0.02614,
      0.056374,
      0.051547,
      0.072788,
      0.095917,
      0.0716,
      0.099849
    ],
    "spectral_centroid": [
      1745.79,
      1830.38,
      1865.74,
      1588.79,
      1678.67,
      1677.98,
      1583.71,
      2260.01,
      2164.05,
      1608.17,
      1767.87,
      1586.7,
      1820.12,
      2228.31,
      1392.72,
      2128.61,
      1655.63,
      1586.97,
      1729.75,
      2148.82,
      1683.63,
      1506.56,
      1600.47,
      1857.23,
      1920.95,
      1942.09,
      1898.29,
      2490.41,
      1719.87
    ]
  }
}