{
  "id": "e270bf6d-cb7c-479d-bbd9-9efc2d991cc4",
  "duration": 16.085,
  "pitch": {
    "mean": 359.37,
    "max": 1981.62,
    "std": 362.46,
    "max_mean_ratio": 5.51
  },
  "energy": {
    "mean": 0.077518,
    "max": 0.319951,
    "std": 0.056422,
    "rate_of_change": 0.018601
  },
  "speech_rate": {
    "chars_per_sec": 10.2,
    "words_per_sec": 2.11,
    "segment_count": 7
  },
  "spectral_centroid": {
    "mean": 1987.35
  },
  "timeseries": {
    "frame_sec": 0.5,
    "pitch": [
      382.3,
      272.25,
      179.89,
      190.02,
      104.77,
      235.9,
      376.09,
      113.71,
      128.53,
      284.08,
      214.37,
      251.87,
      213.12,
      380.23,
      343.93,
      371.12,
      215.49,
      144.77,
      193.5,
      218.87,
      232.68,
      187.37,
      193.93,
      156.18,
      621.8,
      1037.48,
      880.2,
      304.23,
      616.51,
      782.07,
      890.48,
      948.45,
      98.49
    ],
    "energy": [
      0.051042,
      0.063691,
      0.043142,
      0.052352,
      0.048841,
      0.074155,
      0.072408,
      0.050817,
      0.049209,
      0.058459,
      0.061502,
      0.055622,
      0.034329,
      0.061373,
      0.072292,
      0.058047,
      0.035472,
      0.039035,
      0.048097,
      0.054216,
      0.035771,
      0.041207,
      0.044878,
      0.064974,
      0.114548,
      0.277746,
      0.148077,
      0.070226,
      0.140223,
      0.126933,
      0.133777,
      0.097759,
      0.032906
    ],
    "spectral_centroid": [
      1952.14,
      1690.26,
      1896.72,
      1883.69,
      1948.65,
      1707.19,
      1801.05,
      1941.81,
      1972.6,
      1943.5,
      1940.28,
      1805.68,
      1854.58,
      1737.0,
      1996.31,
      1798.36,
      2124.8,
      1804.82,
      2085.53,
      2274.0,
      1946.41,
      1819.63,
      1892.71,
      1970.4,
      1994.0,
      2442.87,
      2324.19,
      2324.11,
      1927.28,
      2149.42,
      2520.67,
      2132.59,
      1994.87
    ]
  }
}