{
  "id": "e2704daf-a70f-477c-bbf0-203efe6c3324",
  "duration": 16.021,
  "pitch": {
    "mean": 415.05,
    "max": 2013.88,
    "std": 301.39,
    "max_mean_ratio": 4.85
  },
  "energy": {
    "mean": 0.061959,
    "max": 0.291428,
    "std": 0.051426,
    "rate_of_change": 0.017718
  },
  "speech_rate": {
    "chars_per_sec": 11.25,
    "words_per_sec": 2.19,
    "segment_count": 4
  },
  "spectral_centroid": {
    "mean": 1953.05
  },
  "timeseries": {
    "frame_sec": 0.5,
    "pitch": [
      360.03,
      193.6,
      182.9,
      282.0,
      299.99,
      453.97,
      400.35,
      320.07,
      342.77,
      587.98,
      403.8,
      356.61,
      272.57,
      344.91,
      150.19,
      332.63,
      624.39,
      391.05,
      770.0,
      439.99,
      419.69,
      155.17,
      350.15,
      375.92,
      392.95,
      435.5,
      424.23,
      242.74,
      754.87,
      707.97,
      816.58,
      686.57,
      361.16
    ],
    "energy": [
      0.027534,
      0.018297,
      0.027005,
      0.099563,
      0.074869,
      0.108199,
      0.062218,
      0.019949,
      0.051001,
      0.063029,
      0.05625,
      0.037413,
      0.038587,
      0.023798,
      0.025021,
      0.055536,
      0.122879,
      0.034012,
      0.027648,
      0.096002,
      0.041936,
      0.036724,
      0.079331,
      0.080023,
      0.066493,
      0.0466,
      0.041993,
      0.033456,
      0.087021,
      0.176595,
      0.062252,
      0.068081,
      0.015294
    ],
    "spectral_centroid": [
      1896.39,
      1804.27,
      2006.99,
      1681.77,
      2124.87,
      1614.25,
      2062.79,
      2214.88,
      2327.23,
      1742.73,
      1623.47,
      1852.42,
      1800.18,
      2118.16,
      2519.8,
      1978.75,
      1727.03,
      1883.23,
      2187.12,
      1672.79,
      1772.54,
      1837.78,
      2620.39,
      1932.22,
      1816.66,
      2309.93,
      1727.68,
      1759.14,
      1888.7,
      1763.42,
      2020.79,
      2130.8,
      1818.2
    ]
  }
}