{
  "id": "e29345a4-9a82-4ce2-87f0-58dada2c9e32",
  "duration": 11.371,
  "pitch": {
    "mean": 430.09,
    "max": 1718.76,
    "std": 267.81,
    "max_mean_ratio": 4.0
  },
  "energy": {
    "mean": 0.060171,
    "max": 0.156111,
    "std": 0.030942,
    "rate_of_change": 0.012825
  },
  "speech_rate": {
    "chars_per_sec": 17.99,
    "words_per_sec": 2.73,
    "segment_count": 8
  },
  "spectral_centroid": {
    "mean": 1995.32
  },
  "timeseries": {
    "frame_sec": 0.5,
    "pitch": [
      338.41,
      402.35,
      318.55,
      452.54,
      350.92,
      515.8,
      335.72,
      534.23,
      575.29,
      572.5,
      414.05,
      434.08,
      493.3,
      243.84,
      562.44,
      252.53,
      146.51,
      530.4,
      632.8,
      387.7,
      370.78,
      450.68,
      371.61
    ],
    "energy": [
      0.045622,
      0.056968,
      0.029421,
      0.050773,
      0.046154,
      0.053397,
      0.048285,
      0.071399,
      0.070904,
      0.082766,
      0.0458,
      0.045431,
      0.05949,
      0.029771,
      0.063878,
      0.056786,
      0.040865,
      0.085925,
      0.106588,
      0.059719,
      0.046148,
      0.070433,
      0.0451
    ],
    "spectral_centroid": [
      2407.39,
      1865.48,
      2116.58,
      1630.96,
      2114.68,
      1810.27,
      2084.68,
      1701.91,
      2425.23,
      2128.05,
      2222.8,
      2145.31,
      2023.87,
      2343.57,
      1602.62,
      1524.67,
      2017.39,
      1883.87,
      1863.04,
      2117.7,
      1939.2,
      1841.08,
      1996.11
    ]
  }
}