{
  "id": "e3ecffa4-217f-4c60-bc55-1aedafe94bd4",
  "duration": 6.165,
  "pitch": {
    "mean": 349.01,
    "max": 1913.07,
    "std": 312.9,
    "max_mean_ratio": 5.48
  },
  "energy": {
    "mean": 0.051876,
    "max": 0.164123,
    "std": 0.035741,
    "rate_of_change": 0.024913
  },
  "speech_rate": {
    "chars_per_sec": 27.01,
    "words_per_sec": 5.46,
    "segment_count": 3
  },
  "spectral_centroid": {
    "mean": 1836.38
  },
  "timeseries": {
    "frame_sec": 0.5,
    "pitch": [
      415.27,
      509.22,
      520.04,
      86.72,
      99.48,
      314.01,
      204.82,
      344.66,
      344.98,
      378.15,
      506.82,
      345.11,
      652.41
    ],
    "energy": [
      0.05056,
      0.07247,
      0.066623,
      0.026863,
      0.019722,
      0.051811,
      0.016253,
      0.02813,
      0.098584,
      0.073906,
      0.079692,
      0.02147,
      0.011717
    ],
    "spectral_centroid": [
      1573.41,
      1556.83,
      1753.39,
      2465.2,
      1805.05,
      1903.67,
      1648.57,
      1699.48,
      1431.39,
      2191.89,
      1898.82,
      2011.81,
      2081.58
    ]
  }
}