{
  "id": "e42a6b0d-ccd6-45d5-8853-c71792f649c4",
  "duration": 11.307,
  "pitch": {
    "mean": 474.14,
    "max": 2074.48,
    "std": 411.09,
    "max_mean_ratio": 4.38
  },
  "energy": {
    "mean": 0.068986,
    "max": 0.216906,
    "std": 0.048411,
    "rate_of_change": 0.01879
  },
  "speech_rate": {
    "chars_per_sec": 10.12,
    "words_per_sec": 1.78,
    "segment_count": 8
  },
  "spectral_centroid": {
    "mean": 1999.34
  },
  "timeseries": {
    "frame_sec": 0.5,
    "pitch": [
      466.93,
      374.12,
      407.59,
      453.61,
      428.27,
      598.96,
      696.19,
      533.71,
      508.99,
      410.61,
      158.16,
      620.78,
      595.18,
      743.86,
      509.09,
      126.56,
      174.23,
      109.42,
      399.72,
      579.67,
      875.57,
      400.71,
      625.01
    ],
    "energy": [
      0.0716,
      0.083733,
      0.062885,
      0.071878,
      0.063525,
      0.07445,
      0.070554,
      0.056537,
      0.084921,
      0.045441,
      0.043251,
      0.041311,
      0.097338,
      0.100383,
      0.063501,
      0.00685,
      0.007233,
      0.014163,
      0.045643,
      0.099195,
      0.139772,
      0.08377,
      0.111444
    ],
    "spectral_centroid": [
      1575.05,
      1759.75,
      2027.23,
      1882.73,
      1631.67,
      2035.53,
      1922.8,
      1224.72,
      1767.39,
      2234.27,
      3435.78,
      1974.49,
      1285.1,
      1905.84,
      1507.91,
      1523.26,
      1726.92,
      2214.13,
      2803.5,
      2237.17,
      2793.79,
      2570.26,
      1841.95
    ]
  }
}