{
  "id": "e461b699-8445-4b8f-b6ff-94ca918c066e",
  "duration": 12.523,
  "pitch": {
    "mean": 456.5,
    "max": 2079.84,
    "std": 366.87,
    "max_mean_ratio": 4.56
  },
  "energy": {
    "mean": 0.070169,
    "max": 0.156482,
    "std": 0.034539,
    "rate_of_change": 0.011252
  },
  "speech_rate": {
    "chars_per_sec": 15.47,
    "words_per_sec": 2.82,
    "segment_count": 2
  },
  "spectral_centroid": {
    "mean": 2103.04
  },
  "timeseries": {
    "frame_sec": 0.5,
    "pitch": [
      701.52,
      117.35,
      423.54,
      160.26,
      436.29,
      515.02,
      377.09,
      353.98,
      451.86,
      599.77,
      644.95,
      364.6,
      367.48,
      280.4,
      612.65,
      380.48,
      599.66,
      493.16,
      402.43,
      304.27,
      535.96,
      502.43,
      438.02,
      728.0,
      631.17,
      435.66
    ],
    "energy": [
      0.071182,
      0.024499,
      0.062853,
      0.019651,
      0.029776,
      0.057398,
      0.047718,
      0.070774,
      0.068135,
      0.075924,
      0.068004,
      0.074642,
      0.070468,
      0.053063,
      0.05819,
      0.069533,
      0.059166,
      0.080392,
      0.046692,
      0.063632,
      0.080371,
      0.116952,
      0.097941,
      0.084991,
      0.122451,
      0.044187
    ],
    "spectral_centroid": [
      1945.25,
      2826.99,
      2241.33,
      1995.02,
      2081.73,
      1888.96,
      3297.67,
      2217.61,
      1759.92,
      1765.61,
      2085.86,
      1852.01,
      1894.91,
      2115.28,
      2236.07,
      1953.01,
      2510.28,
      2061.65,
      2008.41,
      2204.33,
      1943.41,
      1773.03,
      2114.77,
      1868.4,
      1980.77,
      2071.7
    ]
  }
}