{
  "id": "e470b05d-4cb7-42ab-b3d7-b1281064d94b",
  "duration": 8.875,
  "pitch": {
    "mean": 298.65,
    "max": 1705.43,
    "std": 284.04,
    "max_mean_ratio": 5.71
  },
  "energy": {
    "mean": 0.04297,
    "max": 0.131156,
    "std": 0.024968,
    "rate_of_change": 0.013169
  },
  "speech_rate": {
    "chars_per_sec": 21.5,
    "words_per_sec": 4.5,
    "segment_count": 3
  },
  "spectral_centroid": {
    "mean": 1840.29
  },
  "timeseries": {
    "frame_sec": 0.5,
    "pitch": [
      641.52,
      517.99,
      519.85,
      110.22,
      238.27,
      111.58,
      94.83,
      151.12,
      627.53,
      472.39,
      203.04,
      99.06,
      121.71,
      299.01,
      136.36,
      363.52,
      332.23,
      390.44
    ],
    "energy": [
      0.066997,
      0.069277,
      0.054359,
      0.024576,
      0.024806,
      0.022148,
      0.03155,
      0.026637,
      0.077704,
      0.055799,
      0.024775,
      0.026311,
      0.016395,
      0.025993,
      0.040115,
      0.056141,
      0.070477,
      0.026265
    ],
    "spectral_centroid": [
      1889.9,
      1912.53,
      1490.03,
      1844.49,
      1314.25,
      1650.45,
      2280.67,
      1897.07,
      1694.91,
      1823.68,
      2058.63,
      2008.2,
      1589.56,
      2125.86,
      1666.4,
      1994.08,
      2018.47,
      1865.34
    ]
  }
}