{
  "id": "e472b2cc-0da2-458c-9e71-fc94cd4bc6d8",
  "duration": 39.509,
  "pitch": {
    "mean": 455.86,
    "max": 2009.23,
    "std": 266.65,
    "max_mean_ratio": 4.41
  },
  "energy": {
    "mean": 0.065404,
    "max": 0.29401,
    "std": 0.05283,
    "rate_of_change": 0.007328
  },
  "speech_rate": {
    "chars_per_sec": 15.26,
    "words_per_sec": 2.73,
    "segment_count": 22
  },
  "spectral_centroid": {
    "mean": 1835.65
  },
  "timeseries": {
    "frame_sec": 0.5,
    "pitch": [
      416.71,
      437.77,
      462.82,
      510.19,
      339.43,
      471.72,
      603.44,
      419.14,
      445.72,
      338.55,
      254.2,
      369.94,
      576.67,
      832.41,
      819.62,
      633.56,
      393.92,
      236.14,
      410.47,
      426.5,
      288.0,
      473.74,
      451.04,
      481.59,
      261.07,
      403.63,
      431.06,
      356.62,
      379.11,
      460.85,
      234.39,
      262.56,
      280.97,
      454.55,
      364.62,
      373.92,
      512.51,
      304.81,
      544.16,
      525.85,
      457.38,
      695.68,
      340.61,
      565.62,
      454.35,
      475.34,
      440.66,
      360.41,
      387.17,
      422.76,
      498.44,
      421.65,
      321.78,
      284.42,
      507.65,
      497.38,
      697.57,
      279.12,
      420.83,
      237.4,
      639.27,
      450.18,
      389.33,
      148.76,
      300.36,
      654.05,
      273.19,
      341.26,
      463.06,
      281.05,
      303.91,
      976.09,
      812.1,
      733.79,
      464.55,
      435.88,
      572.54,
      826.64,
      628.78,
      2056.3
    ],
    "energy": [
      0.045106,
      0.053303,
      0.064147,
      0.064826,
      0.035248,
      0.047219,
      0.054955,
      0.050188,
      0.045503,
      0.024858,
      0.022977,
      0.032169,
      0.139797,
      0.169534,
      0.164152,
      0.132459,
      0.065926,
      0.037074,
      0.022142,
      0.053619,
      0.038788,
      0.059099,
      0.031533,
      0.093985,
      0.042355,
      0.052518,
      0.052476,
      0.047817,
      0.03755,
      0.040149,
      0.035179,
      0.029923,
      0.017281,
      0.032717,
      0.042396,
      0.060784,
      0.101512,
      0.053277,
      0.094249,
      0.043168,
      0.080868,
      0.08608,
      0.027666,
      0.024762,
      0.035112,
      0.060978,
      0.040954,
      0.034741,
      0.04241,
      0.048397,
      0.061986,
      0.054355,
      0.030279,
      0.016581,
      0.065576,
      0.091949,
      0.101537,
      0.040318,
      0.084729,
      0.012523,
      0.155235,
      0.106262,
      0.115732,
      0.008564,
      0.036263,
      0.046261,
      0.009612,
      0.051754,
      0.064959,
      0.014003,
      0.066059,
      0.179012,
      0.178289,
      0.087142,
      0.084351,
      0.087299,
      0.083693,
      0.12518,
      0.075262,
      0.023062
    ],
    "spectral_centroid": [
      1611.53,
      1598.56,
      1786.41,
      1790.78,
      1596.38,
      1647.7,
      1831.86,
      1884.26,
      1684.52,
      1909.8,
      1561.63,
      1586.75,
      1868.17,
      1760.21,
      1578.77,
      1739.44,
      1468.65,
      1971.41,
      1820.16,
      1461.29,
      1731.32,
      1472.25,
      1758.08,
      1533.05,
      1602.15,
      2012.97,
      2065.62,
      1605.72,
      1975.53,
      1884.91,
      1987.84,
      1569.99,
      2225.65,
      2135.37,
      2085.51,
      1467.14,
      1668.97,
      2167.4,
      1659.64,
      2372.28,
      1663.26,
      1360.21,
      1691.51,
      1571.36,
      2344.65,
      2021.13,
      1728.44,
      1667.93,
      2250.63,
      2221.97,
      1717.43,
      1601.96,
      1648.76,
      1926.12,
      1696.78,
      1702.74,
      1576.99,
      2186.56,
      1607.75,
      2749.72,
      1932.84,
      1739.01,
      1775.74,
      1703.21,
      1769.19,
      2468.28,
      2171.4,
      1460.32,
      1490.49,
      2114.14,
      1983.18,
      2128.13,
      1613.38,
      2075.99,
      2524.17,
      1965.73,
      2409.17,
      1875.21,
      1935.54,
      2056.35
    ]
  }
}