{
  "id": "e54535c6-6c37-4aa6-a3f8-e0cd9a84e606",
  "duration": 9.259,
  "pitch": {
    "mean": 351.52,
    "max": 1150.04,
    "std": 237.8,
    "max_mean_ratio": 3.27
  },
  "energy": {
    "mean": 0.06019,
    "max": 0.204032,
    "std": 0.044006,
    "rate_of_change": 0.021281
  },
  "speech_rate": {
    "chars_per_sec": 11.87,
    "words_per_sec": 2.17,
    "segment_count": 5
  },
  "spectral_centroid": {
    "mean": 2024.18
  },
  "timeseries": {
    "frame_sec": 0.5,
    "pitch": [
      141.5,
      313.43,
      481.76,
      533.7,
      505.13,
      466.92,
      475.25,
      302.18,
      140.84,
      176.05,
      274.2,
      186.0,
      144.31,
      126.2,
      284.94,
      486.14,
      548.03,
      656.61,
      546.64
    ],
    "energy": [
      0.019308,
      0.046788,
      0.056456,
      0.108864,
      0.077508,
      0.076835,
      0.10146,
      0.039605,
      0.021628,
      0.024529,
      0.032137,
      0.027745,
      0.013336,
      0.022815,
      0.035813,
      0.098406,
      0.083968,
      0.140777,
      0.077916
    ],
    "spectral_centroid": [
      1932.58,
      2538.85,
      2248.96,
      1978.51,
      1833.78,
      1840.21,
      2023.24,
      1721.72,
      2172.76,
      2206.47,
      1832.48,
      1921.41,
      1774.84,
      1754.45,
      2103.93,
      1885.44,
      2368.54,
      2044.01,
      2326.12
    ]
  }
}