{
  "id": "e549d433-51dc-4183-82b1-ac9ae9bc01aa",
  "duration": 12.331,
  "pitch": {
    "mean": 367.08,
    "max": 1916.65,
    "std": 317.77,
    "max_mean_ratio": 5.22
  },
  "energy": {
    "mean": 0.059311,
    "max": 0.236337,
    "std": 0.041494,
    "rate_of_change": 0.018271
  },
  "speech_rate": {
    "chars_per_sec": 9.66,
    "words_per_sec": 1.62,
    "segment_count": 7
  },
  "spectral_centroid": {
    "mean": 2155.65
  },
  "timeseries": {
    "frame_sec": 0.5,
    "pitch": [
      277.61,
      546.98,
      186.61,
      309.92,
      370.23,
      657.02,
      132.84,
      145.81,
      442.5,
      270.17,
      472.24,
      330.11,
      502.21,
      579.86,
      224.33,
      227.37,
      424.09,
      331.88,
      208.04,
      645.54,
      263.64,
      314.31,
      412.52,
      341.09,
      518.4
    ],
    "energy": [
      0.069747,
      0.113065,
      0.030598,
      0.055237,
      0.053529,
      0.032135,
      0.019393,
      0.018154,
      0.055339,
      0.064757,
      0.091669,
      0.070779,
      0.077131,
      0.074318,
      0.021689,
      0.0264,
      0.051164,
      0.035512,
      0.024494,
      0.123887,
      0.088514,
      0.053302,
      0.101662,
      0.026775,
      0.041271
    ],
    "spectral_centroid": [
      2385.25,
      2056.59,
      2457.47,
      2289.8,
      2016.91,
      2239.28,
      2245.4,
      1939.9,
      2487.84,
      2830.67,
      2009.89,
      2238.72,
      2266.77,
      1845.69,
      1753.85,
      2020.48,
      1792.78,
      1791.91,
      1867.95,
      2033.59,
      2112.18,
      2716.56,
      2498.94,
      1953.2,
      1834.82
    ]
  }
}