{
  "id": "e5a3acb2-9ee7-40fa-9970-2f3a9758e5dd",
  "duration": 10.987,
  "pitch": {
    "mean": 468.79,
    "max": 1952.87,
    "std": 266.95,
    "max_mean_ratio": 4.17
  },
  "energy": {
    "mean": 0.034949,
    "max": 0.117667,
    "std": 0.02344,
    "rate_of_change": 0.010309
  },
  "speech_rate": {
    "chars_per_sec": 19.53,
    "words_per_sec": 3.92,
    "segment_count": 3
  },
  "spectral_centroid": {
    "mean": 1782.84
  },
  "timeseries": {
    "frame_sec": 0.5,
    "pitch": [
      641.74,
      574.62,
      454.82,
      280.31,
      556.92,
      447.42,
      577.94,
      360.07,
      531.23,
      536.44,
      462.63,
      475.87,
      442.42,
      372.69,
      414.3,
      319.33,
      315.29,
      365.19,
      634.6,
      562.72,
      475.84,
      561.79
    ],
    "energy": [
      0.018061,
      0.030888,
      0.011568,
      0.014318,
      0.051792,
      0.033298,
      0.055099,
      0.030353,
      0.037611,
      0.030174,
      0.032767,
      0.029411,
      0.029878,
      0.021036,
      0.022325,
      0.020627,
      0.028718,
      0.033287,
      0.066103,
      0.037641,
      0.050019,
      0.049916
    ],
    "spectral_centroid": [
      1793.9,
      1524.3,
      1952.11,
      1841.95,
      1758.65,
      2309.87,
      1859.54,
      1572.01,
      1473.02,
      1707.76,
      1606.56,
      2188.34,
      1616.51,
      1563.49,
      1476.52,
      1873.82,
      1754.24,
      1869.67,
      2355.24,
      1749.86,
      1716.52,
      1540.2
    ]
  }
}