{
  "id": "e613bec6-2a40-4c20-8f7d-759a5c432061",
  "duration": 10.005,
  "pitch": {
    "mean": 431.57,
    "max": 2012.16,
    "std": 274.75,
    "max_mean_ratio": 4.66
  },
  "energy": {
    "mean": 0.078912,
    "max": 0.276328,
    "std": 0.060101,
    "rate_of_change": 0.026703
  },
  "speech_rate": {
    "chars_per_sec": 11.6,
    "words_per_sec": 1.9,
    "segment_count": 2
  },
  "spectral_centroid": {
    "mean": 1994.95
  },
  "timeseries": {
    "frame_sec": 0.5,
    "pitch": [
      533.25,
      585.06,
      479.48,
      690.89,
      670.53,
      595.26,
      164.59,
      329.98,
      124.07,
      376.16,
      231.82,
      362.44,
      415.89,
      312.31,
      360.71,
      494.34,
      289.68,
      376.01,
      565.1,
      652.07,
      313.41
    ],
    "energy": [
      0.065279,
      0.110358,
      0.088629,
      0.164454,
      0.146398,
      0.104203,
      0.016042,
      0.068964,
      0.013799,
      0.047432,
      0.026169,
      0.03923,
      0.061725,
      0.03451,
      0.046507,
      0.070534,
      0.050478,
      0.127629,
      0.165609,
      0.070733,
      0.003787
    ],
    "spectral_centroid": [
      2199.89,
      1891.31,
      1895.87,
      1836.55,
      1821.84,
      1885.38,
      2186.94,
      2096.31,
      2265.43,
      1710.01,
      1914.74,
      2196.27,
      2146.3,
      1747.52,
      2313.75,
      1891.55,
      1993.56,
      1764.03,
      1816.83,
      2248.9,
      3675.5
    ]
  }
}