{
  "id": "e704791b-4778-422d-968e-c88fdc3b80c2",
  "duration": 12.459,
  "pitch": {
    "mean": 394.36,
    "max": 2025.57,
    "std": 371.28,
    "max_mean_ratio": 5.14
  },
  "energy": {
    "mean": 0.064384,
    "max": 0.341725,
    "std": 0.075567,
    "rate_of_change": 0.0263
  },
  "speech_rate": {
    "chars_per_sec": 7.15,
    "words_per_sec": 1.29,
    "segment_count": 6
  },
  "spectral_centroid": {
    "mean": 1853.89
  },
  "timeseries": {
    "frame_sec": 0.5,
    "pitch": [
      229.68,
      491.88,
      225.75,
      288.99,
      669.52,
      166.21,
      303.57,
      360.8,
      351.28,
      316.97,
      177.07,
      182.07,
      255.94,
      446.06,
      299.69,
      237.95,
      439.46,
      444.01,
      426.24,
      259.5,
      269.12,
      352.61,
      1563.96,
      505.77,
      448.36
    ],
    "energy": [
      0.023001,
      0.027355,
      0.023984,
      0.01686,
      0.014882,
      0.023639,
      0.020266,
      0.031006,
      0.017554,
      0.016302,
      0.030236,
      0.02222,
      0.024154,
      0.052005,
      0.030899,
      0.016203,
      0.109363,
      0.124808,
      0.057628,
      0.054405,
      0.048677,
      0.130176,
      0.281697,
      0.203168,
      0.151711
    ],
    "spectral_centroid": [
      1783.15,
      1925.89,
      1800.34,
      1561.58,
      1809.7,
      1758.01,
      1576.58,
      1663.72,
      1539.66,
      2067.93,
      2179.15,
      1740.42,
      1934.37,
      1733.05,
      1762.51,
      1760.96,
      1553.91,
      1897.75,
      1791.16,
      1932.33,
      1732.75,
      2355.06,
      2739.94,
      2071.19,
      1656.98
    ]
  }
}