{
  "id": "e7a1f478-bcfa-43ff-9254-cb5821669669",
  "duration": 19.563,
  "pitch": {
    "mean": 410.45,
    "max": 2017.28,
    "std": 302.21,
    "max_mean_ratio": 4.91
  },
  "energy": {
    "mean": 0.061862,
    "max": 0.190047,
    "std": 0.045859,
    "rate_of_change": 0.009557
  },
  "speech_rate": {
    "chars_per_sec": 8.96,
    "words_per_sec": 1.51,
    "segment_count": 11
  },
  "spectral_centroid": {
    "mean": 2083.43
  },
  "timeseries": {
    "frame_sec": 0.5,
    "pitch": [
      423.83,
      335.87,
      522.4,
      108.2,
      334.66,
      303.56,
      224.92,
      312.99,
      397.45,
      557.46,
      535.06,
      309.19,
      742.64,
      206.15,
      421.55,
      513.04,
      314.46,
      284.97,
      509.15,
      462.8,
      380.71,
      240.85,
      439.34,
      458.38,
      334.12,
      250.51,
      317.19,
      494.67,
      585.1,
      567.36,
      598.93,
      641.96,
      500.44,
      480.85,
      425.58,
      633.24,
      596.58,
      376.03,
      120.1,
      114.78
    ],
    "energy": [
      0.075819,
      0.056593,
      0.084479,
      0.010653,
      0.012281,
      0.013316,
      0.042374,
      0.057178,
      0.064632,
      0.072461,
      0.089684,
      0.081178,
      0.117052,
      0.051275,
      0.082148,
      0.076091,
      0.01601,
      0.058654,
      0.090986,
      0.063923,
      0.017383,
      0.037223,
      0.125046,
      0.082924,
      0.073365,
      0.007736,
      0.057301,
      0.087413,
      0.104616,
      0.005975,
      0.004684,
      0.057636,
      0.091471,
      0.095657,
      0.081091,
      0.10843,
      0.033806,
      0.015244,
      0.012337,
      0.006678
    ],
    "spectral_centroid": [
      1826.32,
      2094.5,
      2087.23,
      2218.45,
      1738.34,
      1944.28,
      2106.0,
      2472.01,
      2256.01,
      1700.48,
      1853.34,
      2024.35,
      2111.07,
      2342.7,
      2255.77,
      2445.12,
      2000.68,
      2366.0,
      1731.04,
      2006.31,
      2172.97,
      2049.41,
      1167.26,
      1576.71,
      1811.04,
      2362.32,
      2345.89,
      2179.0,
      2140.18,
      2368.89,
      2178.59,
      1958.56,
      1969.96,
      1982.5,
      2230.25,
      2212.53,
      2232.07,
      2423.88,
      2290.98,
      2027.02
    ]
  }
}