{
  "id": "e7f3c250-63a5-430d-846c-0d74340316cd",
  "duration": 10.432,
  "pitch": {
    "mean": 543.58,
    "max": 2086.57,
    "std": 449.86,
    "max_mean_ratio": 3.84
  },
  "energy": {
    "mean": 0.071841,
    "max": 0.255996,
    "std": 0.047481,
    "rate_of_change": 0.023554
  },
  "speech_rate": {
    "chars_per_sec": 17.75,
    "words_per_sec": 2.88,
    "segment_count": 2
  },
  "spectral_centroid": {
    "mean": 1908.79
  },
  "timeseries": {
    "frame_sec": 0.5,
    "pitch": [
      498.73,
      473.35,
      376.79,
      335.47,
      676.77,
      546.52,
      691.84,
      507.11,
      381.95,
      778.31,
      717.95,
      836.48,
      520.48,
      305.19,
      335.44,
      354.22,
      942.15,
      631.8,
      519.62,
      460.28,
      747.26
    ],
    "energy": [
      0.071348,
      0.077537,
      0.055077,
      0.046478,
      0.053903,
      0.076725,
      0.078328,
      0.039612,
      0.039497,
      0.071099,
      0.051305,
      0.082525,
      0.043776,
      0.011581,
      0.015484,
      0.031478,
      0.181539,
      0.108773,
      0.124497,
      0.088529,
      0.093806
    ],
    "spectral_centroid": [
      1636.47,
      1626.45,
      2128.63,
      1607.77,
      1890.24,
      1690.85,
      1701.35,
      1728.5,
      1853.82,
      1703.32,
      1965.23,
      2109.02,
      1649.43,
      2036.02,
      2247.54,
      2652.91,
      1948.11,
      2002.88,
      1848.41,
      1921.31,
      2122.95
    ]
  }
}