{
  "id": "e84289bd-bd62-4d5c-819e-14bec6e76867",
  "duration": 6.955,
  "pitch": {
    "mean": 397.23,
    "max": 1838.82,
    "std": 248.15,
    "max_mean_ratio": 4.63
  },
  "energy": {
    "mean": 0.024433,
    "max": 0.060116,
    "std": 0.016702,
    "rate_of_change": 0.008255
  },
  "speech_rate": {
    "chars_per_sec": 13.29,
    "words_per_sec": 2.99,
    "segment_count": 3
  },
  "spectral_centroid": {
    "mean": 1912.23
  },
  "timeseries": {
    "frame_sec": 0.5,
    "pitch": [
      457.59,
      553.39,
      551.68,
      476.11,
      199.64,
      184.25,
      233.51,
      252.23,
      469.79,
      430.89,
      545.04,
      416.09,
      528.62,
      426.08
    ],
    "energy": [
      0.023337,
      0.02938,
      0.039488,
      0.023366,
      0.00649,
      0.005287,
      0.010471,
      0.009904,
      0.033643,
      0.027758,
      0.048638,
      0.033029,
      0.019916,
      0.015369
    ],
    "spectral_centroid": [
      1889.9,
      2069.72,
      1593.55,
      2126.44,
      2101.83,
      2027.86,
      1548.65,
      2050.46,
      1544.97,
      1765.25,
      1589.99,
      1591.99,
      2343.95,
      2558.83
    ]
  }
}