{
  "id": "e858aebe-b02e-4173-9d86-e7fa392a9ed5",
  "duration": 6.955,
  "pitch": {
    "mean": 416.18,
    "max": 1740.96,
    "std": 307.33,
    "max_mean_ratio": 4.18
  },
  "energy": {
    "mean": 0.086668,
    "max": 0.249991,
    "std": 0.066427,
    "rate_of_change": 0.034803
  },
  "speech_rate": {
    "chars_per_sec": 9.51,
    "words_per_sec": 1.59,
    "segment_count": 5
  },
  "spectral_centroid": {
    "mean": 2238.06
  },
  "timeseries": {
    "frame_sec": 0.5,
    "pitch": [
      248.38,
      563.39,
      420.58,
      229.27,
      218.36,
      116.02,
      122.92,
      572.77,
      518.98,
      689.55,
      543.95,
      666.78,
      493.25,
      337.62
    ],
    "energy": [
      0.044929,
      0.094781,
      0.083644,
      0.033056,
      0.035707,
      0.018198,
      0.031976,
      0.142819,
      0.12285,
      0.16657,
      0.137213,
      0.115943,
      0.095473,
      0.039524
    ],
    "spectral_centroid": [
      2256.95,
      2218.12,
      2438.23,
      2258.28,
      2327.6,
      2740.9,
      2379.1,
      2241.75,
      2074.62,
      2146.34,
      2273.6,
      2013.84,
      2038.62,
      1865.25
    ]
  }
}