{
  "id": "e8bdd6e2-996a-4fb8-84d7-0021cf5d6b1d",
  "duration": 13.077,
  "pitch": {
    "mean": 505.89,
    "max": 2074.91,
    "std": 282.57,
    "max_mean_ratio": 4.1
  },
  "energy": {
    "mean": 0.051372,
    "max": 0.322985,
    "std": 0.071984,
    "rate_of_change": 0.024319
  },
  "speech_rate": {
    "chars_per_sec": 16.62,
    "words_per_sec": 3.14,
    "segment_count": 1
  },
  "spectral_centroid": {
    "mean": 1870.03
  },
  "timeseries": {
    "frame_sec": 0.5,
    "pitch": [
      619.32,
      449.25,
      427.18,
      499.38,
      398.06,
      316.91,
      449.27,
      559.67,
      626.67,
      462.61,
      490.76,
      459.19,
      528.5,
      430.9,
      453.61,
      345.36,
      378.2,
      752.09,
      531.67,
      595.94,
      375.55,
      452.29,
      549.02,
      602.29,
      670.79,
      772.99,
      585.18
    ],
    "energy": [
      0.019829,
      0.039574,
      0.032534,
      0.038746,
      0.036126,
      0.018064,
      0.017837,
      0.032274,
      0.029211,
      0.020993,
      0.018975,
      0.010705,
      0.008665,
      0.027074,
      0.024762,
      0.019413,
      0.022753,
      0.020533,
      0.024879,
      0.051017,
      0.020106,
      0.041442,
      0.050818,
      0.234693,
      0.240319,
      0.166447,
      0.096491
    ],
    "spectral_centroid": [
      1596.43,
      2191.28,
      1675.02,
      1455.24,
      1879.96,
      1774.28,
      2274.18,
      1855.87,
      1759.97,
      1976.09,
      1743.45,
      1753.0,
      2219.87,
      2049.04,
      1775.2,
      1678.4,
      1832.81,
      2140.01,
      1706.39,
      1725.34,
      1572.6,
      2133.56,
      2247.72,
      1861.8,
      1711.64,
      1890.28,
      1647.26
    ]
  }
}