{
  "id": "e8c0679f-913a-491b-9420-98490c1959c5",
  "duration": 37.931,
  "pitch": {
    "mean": 410.61,
    "max": 2089.16,
    "std": 262.74,
    "max_mean_ratio": 5.09
  },
  "energy": {
    "mean": 0.109975,
    "max": 0.491293,
    "std": 0.095457,
    "rate_of_change": 0.012749
  },
  "speech_rate": {
    "chars_per_sec": 12.16,
    "words_per_sec": 2.4,
    "segment_count": 19
  },
  "spectral_centroid": {
    "mean": 1978.14
  },
  "timeseries": {
    "frame_sec": 0.5,
    "pitch": [
      646.86,
      451.31,
      535.01,
      465.54,
      393.09,
      391.89,
      331.5,
      160.57,
      365.55,
      372.74,
      379.82,
      126.86,
      376.58,
      414.39,
      484.77,
      389.03,
      391.42,
      459.88,
      287.77,
      286.87,
      438.23,
      441.57,
      233.24,
      301.69,
      398.94,
      274.11,
      526.61,
      548.02,
      314.14,
      110.7,
      241.17,
      147.1,
      333.56,
      448.32,
      445.3,
      348.95,
      259.18,
      394.86,
      419.54,
      510.15,
      469.59,
      445.92,
      467.97,
      452.5,
      367.03,
      391.19,
      309.86,
      454.57,
      433.15,
      455.85,
      466.41,
      548.67,
      344.09,
      605.23,
      431.88,
      554.39,
      496.13,
      502.37,
      564.93,
      492.21,
      370.31,
      321.02,
      171.82,
      381.7,
      643.88,
      150.55,
      115.43,
      386.56,
      428.32,
      684.36,
      677.7,
      426.46,
      530.52,
      540.61,
      504.72,
      538.57
    ],
    "energy": [
      0.172599,
      0.155806,
      0.095146,
      0.098983,
      0.073869,
      0.093646,
      0.010945,
      0.017446,
      0.029441,
      0.11055,
      0.08702,
      0.014562,
      0.080716,
      0.13409,
      0.113593,
      0.084523,
      0.076328,
      0.097024,
      0.042015,
      0.079314,
      0.086261,
      0.077989,
      0.013104,
      0.086961,
      0.169527,
      0.025049,
      0.170266,
      0.21988,
      0.030855,
      0.013604,
      0.010085,
      0.013378,
      0.01488,
      0.08239,
      0.203025,
      0.011712,
      0.039693,
      0.098474,
      0.112705,
      0.130455,
      0.189243,
      0.159409,
      0.15986,
      0.118944,
      0.079711,
      0.091573,
      0.218292,
      0.134912,
      0.18006,
      0.091039,
      0.128484,
      0.202904,
      0.074971,
      0.255493,
      0.159123,
      0.113435,
      0.117859,
      0.090733,
      0.089401,
      0.107581,
      0.127754,
      0.016254,
      0.020556,
      0.091609,
      0.129798,
      0.012153,
      0.011964,
      0.090344,
      0.187787,
      0.094859,
      0.254805,
      0.194511,
      0.261645,
      0.203127,
      0.031532,
      0.229864
    ],
    "spectral_centroid": [
      1819.55,
      1853.5,
      2501.7,
      1845.81,
      1612.57,
      1773.7,
      1657.95,
      1653.36,
      2318.68,
      1693.63,
      2339.83,
      1750.07,
      2029.34,
      1732.58,
      1881.95,
      1753.62,
      1859.67,
      1914.53,
      2304.99,
      2718.23,
      2029.54,
      1959.53,
      2032.24,
      2262.74,
      2196.37,
      2365.63,
      1935.52,
      2049.82,
      1881.99,
      1903.39,
      2006.26,
      2111.19,
      1757.18,
      2259.36,
      1698.14,
      1800.36,
      2047.94,
      1705.59,
      2007.07,
      1982.15,
      1692.1,
      2097.09,
      2306.93,
      1879.2,
      1584.74,
      1885.55,
      1501.45,
      2668.03,
      1828.74,
      2054.73,
      2128.48,
      1965.07,
      1963.17,
      2138.2,
      1878.83,
      1924.41,
      1905.53,
      1685.03,
      1473.28,
      1650.62,
      1748.68,
      1920.15,
      1830.96,
      1740.37,
      1738.61,
      2057.69,
      2327.72,
      1935.93,
      2127.49,
      2596.71,
      1842.59,
      2370.02,
      2408.4,
      2155.67,
      2133.61,
      1778.4
    ]
  }
}