{
  "id": "e8cd6179-bf31-4365-a2dc-bcba5e601256",
  "duration": 28.395,
  "pitch": {
    "mean": 604.47,
    "max": 2073.39,
    "std": 395.63,
    "max_mean_ratio": 3.43
  },
  "energy": {
    "mean": 0.061801,
    "max": 0.223556,
    "std": 0.041085,
    "rate_of_change": 0.007676
  },
  "speech_rate": {
    "chars_per_sec": 12.63,
    "words_per_sec": 2.1,
    "segment_count": 8
  },
  "spectral_centroid": {
    "mean": 2097.13
  },
  "timeseries": {
    "frame_sec": 0.5,
    "pitch": [
      210.94,
      671.38,
      323.58,
      399.34,
      299.01,
      678.94,
      642.13,
      611.77,
      657.88,
      193.36,
      474.49,
      732.12,
      438.78,
      227.21,
      894.71,
      1015.7,
      778.32,
      970.4,
      301.43,
      335.25,
      140.98,
      378.64,
      307.41,
      350.87,
      492.51,
      393.91,
      462.29,
      317.2,
      821.56,
      408.54,
      258.5,
      863.39,
      952.34,
      639.29,
      483.28,
      492.39,
      644.27,
      711.53,
      804.77,
      613.29,
      862.31,
      311.36,
      503.17,
      335.46,
      563.35,
      941.42,
      787.36,
      873.94,
      1068.67,
      988.64,
      913.15,
      749.12,
      829.62,
      696.28,
      744.16,
      531.73,
      784.36
    ],
    "energy": [
      0.038005,
      0.121287,
      0.046261,
      0.032013,
      0.052427,
      0.089591,
      0.061042,
      0.054976,
      0.071132,
      0.011377,
      0.055739,
      0.061299,
      0.055554,
      0.027398,
      0.087262,
      0.028713,
      0.06749,
      0.089179,
      0.02031,
      0.015442,
      0.024702,
      0.037866,
      0.039058,
      0.043436,
      0.051463,
      0.019308,
      0.058354,
      0.012748,
      0.09366,
      0.028942,
      0.035811,
      0.071192,
      0.067109,
      0.020196,
      0.075036,
      0.088608,
      0.032903,
      0.042862,
      0.087781,
      0.042348,
      0.063863,
      0.038022,
      0.062673,
      0.045036,
      0.089347,
      0.091916,
      0.10367,
      0.121309,
      0.065887,
      0.081741,
      0.068502,
      0.12822,
      0.103111,
      0.06837,
      0.043924,
      0.050995,
      0.072552
    ],
    "spectral_centroid": [
      1668.43,
      2034.65,
      2234.11,
      2137.89,
      2103.51,
      1898.14,
      2681.93,
      2307.32,
      2378.93,
      1918.83,
      2174.57,
      2600.3,
      2198.06,
      1828.02,
      2483.44,
      2050.25,
      2211.19,
      2546.09,
      2122.23,
      2334.95,
      2091.07,
      1558.4,
      1580.36,
      1603.58,
      1979.93,
      1683.36,
      1855.58,
      2080.02,
      2091.98,
      1946.95,
      2089.94,
      2328.39,
      2405.44,
      1716.02,
      1833.86,
      2408.22,
      1683.26,
      1920.92,
      2328.99,
      1864.82,
      1945.96,
      1999.03,
      2515.84,
      2206.36,
      2197.88,
      2186.38,
      2306.11,
      2308.64,
      2292.81,
      2253.73,
      2100.07,
      1916.97,
      2139.0,
      1833.47,
      2043.77,
      1934.77,
      2187.58
    ]
  }
}