{
  "id": "e8e1105c-373b-4dbb-94ff-447bbceff424",
  "duration": 10.133,
  "pitch": {
    "mean": 496.39,
    "max": 1803.6,
    "std": 365.05,
    "max_mean_ratio": 3.63
  },
  "energy": {
    "mean": 0.078091,
    "max": 0.223572,
    "std": 0.048915,
    "rate_of_change": 0.021672
  },
  "speech_rate": {
    "chars_per_sec": 12.45,
    "words_per_sec": 1.98,
    "segment_count": 3
  },
  "spectral_centroid": {
    "mean": 2027.19
  },
  "timeseries": {
    "frame_sec": 0.5,
    "pitch": [
      557.18,
      170.91,
      754.63,
      246.52,
      199.96,
      946.01,
      561.36,
      297.5,
      672.48,
      191.23,
      902.61,
      639.26,
      253.57,
      529.92,
      867.66,
      438.23,
      555.31,
      514.09,
      368.08,
      361.14,
      150.74
    ],
    "energy": [
      0.064559,
      0.027624,
      0.078274,
      0.060183,
      0.039683,
      0.09257,
      0.053611,
      0.059646,
      0.106483,
      0.023009,
      0.103931,
      0.101685,
      0.061385,
      0.058897,
      0.1375,
      0.096698,
      0.127473,
      0.104393,
      0.024323,
      0.064106,
      0.051617
    ],
    "spectral_centroid": [
      1675.64,
      1938.41,
      2044.88,
      2141.31,
      1964.11,
      2236.41,
      2294.61,
      1998.18,
      1968.27,
      1711.96,
      2236.54,
      2064.03,
      2677.15,
      1905.56,
      2315.45,
      1596.02,
      2067.88,
      1702.07,
      1877.59,
      2149.85,
      1658.28
    ]
  }
}