{
  "id": "e8e9a441-c2da-486a-9aa9-c9a546a19822",
  "duration": 16.555,
  "pitch": {
    "mean": 659.7,
    "max": 2045.19,
    "std": 399.61,
    "max_mean_ratio": 3.1
  },
  "energy": {
    "mean": 0.131279,
    "max": 0.453204,
    "std": 0.095479,
    "rate_of_change": 0.027305
  },
  "speech_rate": {
    "chars_per_sec": 14.51,
    "words_per_sec": 2.9,
    "segment_count": 8
  },
  "spectral_centroid": {
    "mean": 2026.41
  },
  "timeseries": {
    "frame_sec": 0.5,
    "pitch": [
      943.58,
      678.0,
      451.68,
      823.28,
      481.7,
      844.18,
      478.11,
      767.25,
      557.54,
      733.78,
      813.46,
      551.1,
      567.56,
      880.4,
      548.78,
      720.14,
      914.22,
      727.78,
      750.79,
      616.51,
      422.27,
      606.75,
      891.1,
      612.83,
      629.63,
      898.88,
      608.82,
      570.17,
      565.95,
      779.82,
      436.68,
      523.35,
      572.81,
      941.63
    ],
    "energy": [
      0.180522,
      0.11717,
      0.087982,
      0.132866,
      0.091878,
      0.235698,
      0.059582,
      0.021659,
      0.134918,
      0.138507,
      0.134858,
      0.091507,
      0.151884,
      0.211369,
      0.082635,
      0.185338,
      0.166951,
      0.08538,
      0.105068,
      0.065973,
      0.051436,
      0.122788,
      0.258534,
      0.24945,
      0.064586,
      0.232595,
      0.081622,
      0.064046,
      0.083781,
      0.213241,
      0.030807,
      0.057533,
      0.131855,
      0.115491
    ],
    "spectral_centroid": [
      1639.18,
      1894.72,
      1919.99,
      2036.1,
      1919.28,
      2250.03,
      1696.16,
      1811.04,
      2210.52,
      1698.64,
      2290.63,
      1880.43,
      1923.99,
      1772.56,
      2154.9,
      2010.77,
      2065.17,
      2141.01,
      2236.67,
      1688.19,
      2793.31,
      2204.78,
      1856.21,
      1909.25,
      2306.79,
      1704.65,
      1948.57,
      2425.52,
      2061.88,
      1755.04,
      1882.2,
      2061.44,
      2808.23,
      1694.74
    ]
  }
}