{
  "id": "e93fe9f3-d142-4a8f-a2a1-f06dff865379",
  "duration": 15.723,
  "pitch": {
    "mean": 431.68,
    "max": 2084.22,
    "std": 358.53,
    "max_mean_ratio": 4.83
  },
  "energy": {
    "mean": 0.067925,
    "max": 0.306997,
    "std": 0.052209,
    "rate_of_change": 0.018582
  },
  "speech_rate": {
    "chars_per_sec": 10.7,
    "words_per_sec": 1.91,
    "segment_count": 8
  },
  "spectral_centroid": {
    "mean": 1878.77
  },
  "timeseries": {
    "frame_sec": 0.5,
    "pitch": [
      327.81,
      425.57,
      355.21,
      340.64,
      486.02,
      381.3,
      1031.31,
      239.0,
      239.54,
      183.26,
      307.29,
      336.89,
      381.34,
      475.92,
      400.24,
      291.01,
      534.06,
      283.56,
      263.88,
      634.69,
      489.05,
      223.57,
      425.07,
      507.83,
      437.64,
      502.1,
      255.36,
      536.48,
      658.88,
      873.35,
      386.55,
      479.95
    ],
    "energy": [
      0.087731,
      0.112983,
      0.048693,
      0.023577,
      0.064244,
      0.1092,
      0.042259,
      0.062784,
      0.071113,
      0.040059,
      0.036998,
      0.061667,
      0.064999,
      0.068813,
      0.034102,
      0.027461,
      0.025214,
      0.043344,
      0.024747,
      0.083003,
      0.061933,
      0.018381,
      0.064009,
      0.068455,
      0.036465,
      0.02045,
      0.03866,
      0.076081,
      0.149536,
      0.184369,
      0.13222,
      0.151369
    ],
    "spectral_centroid": [
      1799.93,
      1707.62,
      1614.92,
      2300.3,
      1772.2,
      1852.59,
      1816.74,
      1932.35,
      1957.99,
      1983.46,
      1549.19,
      1651.72,
      1730.56,
      1541.38,
      1603.66,
      2186.08,
      1929.41,
      2033.92,
      2142.1,
      1669.81,
      2000.17,
      1696.99,
      1599.66,
      1763.02,
      1571.96,
      2041.2,
      2135.67,
      2016.66,
      1952.95,
      2269.56,
      2433.13,
      1763.37
    ]
  }
}