{
  "id": "e957a4f8-cd16-48f1-bdf8-fcbf1c8c4d66",
  "duration": 13.461,
  "pitch": {
    "mean": 320.27,
    "max": 1562.38,
    "std": 209.3,
    "max_mean_ratio": 4.88
  },
  "energy": {
    "mean": 0.039104,
    "max": 0.130688,
    "std": 0.034134,
    "rate_of_change": 0.009538
  },
  "speech_rate": {
    "chars_per_sec": 10.93,
    "words_per_sec": 1.79,
    "segment_count": 4
  },
  "spectral_centroid": {
    "mean": 1890.03
  },
  "timeseries": {
    "frame_sec": 0.5,
    "pitch": [
      389.32,
      389.93,
      319.71,
      423.96,
      418.75,
      344.74,
      427.4,
      325.35,
      386.28,
      374.4,
      322.06,
      226.43,
      205.7,
      256.53,
      267.94,
      610.21,
      318.99,
      371.19,
      305.63,
      497.53,
      387.47,
      187.62,
      190.04,
      205.89,
      116.98,
      145.51,
      159.13
    ],
    "energy": [
      0.048889,
      0.058508,
      0.043348,
      0.050359,
      0.047211,
      0.008087,
      0.076149,
      0.066165,
      0.074035,
      0.063661,
      0.040301,
      0.004578,
      0.010741,
      0.006513,
      0.043208,
      0.062401,
      0.048966,
      0.058523,
      0.058788,
      0.079474,
      0.018314,
      0.005405,
      0.00552,
      0.009491,
      0.009436,
      0.005208,
      0.008328
    ],
    "spectral_centroid": [
      1883.35,
      1306.15,
      1878.29,
      1748.08,
      1716.46,
      2149.63,
      1555.99,
      1864.45,
      1819.21,
      2348.66,
      1857.63,
      1593.91,
      2074.57,
      1846.22,
      1693.91,
      1697.28,
      2618.47,
      1881.24,
      1914.58,
      1742.67,
      1917.04,
      1883.39,
      1817.18,
      2267.74,
      2499.29,
      1533.69,
      2011.91
    ]
  }
}