{
  "id": "e96a2498-7f39-400a-aa64-30f6b6abf402",
  "duration": 13.077,
  "pitch": {
    "mean": 529.46,
    "max": 2053.28,
    "std": 478.51,
    "max_mean_ratio": 3.88
  },
  "energy": {
    "mean": 0.061299,
    "max": 0.291767,
    "std": 0.054591,
    "rate_of_change": 0.021595
  },
  "speech_rate": {
    "chars_per_sec": 11.72,
    "words_per_sec": 1.84,
    "segment_count": 5
  },
  "spectral_centroid": {
    "mean": 2086.09
  },
  "timeseries": {
    "frame_sec": 0.5,
    "pitch": [
      608.52,
      482.8,
      717.73,
      416.05,
      92.15,
      241.14,
      585.78,
      378.11,
      631.27,
      423.95,
      221.62,
      610.14,
      345.36,
      565.47,
      283.36,
      472.75,
      703.65,
      700.88,
      422.87,
      673.06,
      845.55,
      599.8,
      573.52,
      908.95,
      616.07,
      326.14,
      758.35
    ],
    "energy": [
      0.107727,
      0.068263,
      0.067338,
      0.057816,
      0.016459,
      0.03004,
      0.053922,
      0.063289,
      0.089258,
      0.089936,
      0.019006,
      0.050017,
      0.047273,
      0.08418,
      0.026521,
      0.01323,
      0.01383,
      0.019531,
      0.012139,
      0.130311,
      0.067787,
      0.078226,
      0.089517,
      0.091048,
      0.112034,
      0.022556,
      0.035201
    ],
    "spectral_centroid": [
      2750.33,
      1630.63,
      2327.54,
      1830.22,
      2317.97,
      2320.87,
      2746.53,
      2233.52,
      1720.71,
      1632.78,
      2718.64,
      1915.65,
      2256.73,
      2416.12,
      2389.52,
      1747.98,
      1649.84,
      2509.47,
      1679.18,
      1997.19,
      1743.41,
      2359.86,
      1721.19,
      1855.99,
      1616.79,
      2060.55,
      1542.49
    ]
  }
}