{
  "id": "e9798793-65dd-4577-ab87-31aeba366aa5",
  "duration": 9.472,
  "pitch": {
    "mean": 319.24,
    "max": 1976.58,
    "std": 297.82,
    "max_mean_ratio": 6.19
  },
  "energy": {
    "mean": 0.065684,
    "max": 0.183328,
    "std": 0.051983,
    "rate_of_change": 0.017868
  },
  "speech_rate": {
    "chars_per_sec": 10.36,
    "words_per_sec": 1.48,
    "segment_count": 3
  },
  "spectral_centroid": {
    "mean": 1945.3
  },
  "timeseries": {
    "frame_sec": 0.5,
    "pitch": [
      270.77,
      397.99,
      220.85,
      518.28,
      245.65,
      345.14,
      672.9,
      569.6,
      392.96,
      200.0,
      264.02,
      262.72,
      172.65,
      135.23,
      107.46,
      277.17,
      288.36,
      232.63,
      225.57
    ],
    "energy": [
      0.065387,
      0.064873,
      0.115185,
      0.043447,
      0.018336,
      0.014944,
      0.015343,
      0.020461,
      0.023401,
      0.051375,
      0.106212,
      0.062318,
      0.022638,
      0.027303,
      0.031979,
      0.096518,
      0.147243,
      0.131033,
      0.138629
    ],
    "spectral_centroid": [
      1762.37,
      1747.75,
      1516.69,
      1889.1,
      2191.8,
      2231.45,
      2256.55,
      2195.48,
      2114.85,
      1867.2,
      1560.52,
      1874.16,
      2138.46,
      2166.48,
      2235.38,
      1827.25,
      1526.76,
      2160.55,
      1643.94
    ]
  }
}