{
  "id": "ea445046-ee00-4e4f-a0cf-6a79a35dfa93",
  "duration": 9.749,
  "pitch": {
    "mean": 339.7,
    "max": 1982.9,
    "std": 271.82,
    "max_mean_ratio": 5.84
  },
  "energy": {
    "mean": 0.043697,
    "max": 0.104021,
    "std": 0.029181,
    "rate_of_change": 0.009937
  },
  "speech_rate": {
    "chars_per_sec": 14.89,
    "words_per_sec": 3.18,
    "segment_count": 2
  },
  "spectral_centroid": {
    "mean": 2021.03
  },
  "timeseries": {
    "frame_sec": 0.5,
    "pitch": [
      412.88,
      310.42,
      362.12,
      416.28,
      322.63,
      327.78,
      441.52,
      155.62,
      184.87,
      422.43,
      189.37,
      365.21,
      113.1,
      195.07,
      408.65,
      612.51,
      384.77,
      641.81,
      400.01,
      737.04
    ],
    "energy": [
      0.048727,
      0.045639,
      0.061017,
      0.064768,
      0.017726,
      0.008499,
      0.045542,
      0.017323,
      0.02241,
      0.068702,
      0.009981,
      0.013607,
      0.009104,
      0.024693,
      0.06308,
      0.070211,
      0.060496,
      0.048864,
      0.076854,
      0.07001
    ],
    "spectral_centroid": [
      1700.3,
      2456.18,
      1907.58,
      2280.56,
      2005.31,
      2149.84,
      1632.04,
      2085.33,
      1876.71,
      1519.65,
      2217.29,
      2021.33,
      2297.31,
      2218.72,
      2241.45,
      1651.72,
      2446.39,
      2020.52,
      1780.45,
      1894.91
    ]
  }
}