{
  "id": "ea468e5a-833a-4350-bb9f-c34f264c3911",
  "duration": 7.381,
  "pitch": {
    "mean": 402.71,
    "max": 1684.61,
    "std": 301.14,
    "max_mean_ratio": 4.18
  },
  "energy": {
    "mean": 0.068263,
    "max": 0.148068,
    "std": 0.035275,
    "rate_of_change": 0.01832
  },
  "speech_rate": {
    "chars_per_sec": 16.29,
    "words_per_sec": 3.23,
    "segment_count": 4
  },
  "spectral_centroid": {
    "mean": 1681.35
  },
  "timeseries": {
    "frame_sec": 0.5,
    "pitch": [
      160.4,
      375.2,
      573.86,
      302.79,
      412.42,
      312.02,
      491.79,
      326.62,
      244.29,
      267.99,
      432.4,
      441.53,
      675.51,
      367.72,
      718.93
    ],
    "energy": [
      0.040175,
      0.121275,
      0.076861,
      0.027046,
      0.05918,
      0.061648,
      0.081557,
      0.049142,
      0.069772,
      0.034401,
      0.073507,
      0.041908,
      0.079586,
      0.081988,
      0.087986
    ],
    "spectral_centroid": [
      1959.64,
      1435.44,
      1493.85,
      1712.76,
      1657.51,
      1434.12,
      1453.38,
      1613.58,
      1643.17,
      1327.5,
      1693.64,
      1598.73,
      2110.75,
      2095.07,
      2097.48
    ]
  }
}