{
  "id": "ea66b74b-53ac-4cd6-89f0-6434102419be",
  "duration": 14.357,
  "pitch": {
    "mean": 472.98,
    "max": 1699.97,
    "std": 257.4,
    "max_mean_ratio": 3.59
  },
  "energy": {
    "mean": 0.057403,
    "max": 0.138601,
    "std": 0.029391,
    "rate_of_change": 0.009119
  },
  "speech_rate": {
    "chars_per_sec": 11.99,
    "words_per_sec": 2.09,
    "segment_count": 7
  },
  "spectral_centroid": {
    "mean": 1977.15
  },
  "timeseries": {
    "frame_sec": 0.5,
    "pitch": [
      450.86,
      511.61,
      386.84,
      354.95,
      504.83,
      271.97,
      442.91,
      433.9,
      373.37,
      432.3,
      637.63,
      399.35,
      378.13,
      443.58,
      422.79,
      401.19,
      481.09,
      473.57,
      427.31,
      432.29,
      516.43,
      464.09,
      546.18,
      939.38,
      554.5,
      591.22,
      386.04,
      563.64,
      461.34
    ],
    "energy": [
      0.043767,
      0.058884,
      0.036616,
      0.06189,
      0.062822,
      0.028029,
      0.071815,
      0.057494,
      0.047452,
      0.051341,
      0.064991,
      0.035307,
      0.044512,
      0.039921,
      0.041445,
      0.04211,
      0.053911,
      0.041629,
      0.053908,
      0.052982,
      0.064049,
      0.052407,
      0.063596,
      0.10715,
      0.078492,
      0.072428,
      0.048344,
      0.056128,
      0.050669
    ],
    "spectral_centroid": [
      1586.77,
      1636.66,
      1625.54,
      1995.65,
      2123.02,
      1919.23,
      1993.14,
      1689.46,
      1660.49,
      1891.58,
      1861.66,
      2192.02,
      2270.44,
      2130.69,
      2343.98,
      2056.14,
      1686.6,
      1487.32,
      1915.43,
      1773.19,
      1734.15,
      1541.31,
      2572.23,
      2593.38,
      2250.59,
      1765.13,
      2512.66,
      2472.14,
      2086.48
    ]
  }
}