{
  "id": "ea9b940e-2e95-4eef-a012-b270f758c0d9",
  "duration": 9.28,
  "pitch": {
    "mean": 467.75,
    "max": 1598.99,
    "std": 282.9,
    "max_mean_ratio": 3.42
  },
  "energy": {
    "mean": 0.06365,
    "max": 0.191851,
    "std": 0.037826,
    "rate_of_change": 0.01921
  },
  "speech_rate": {
    "chars_per_sec": 11.18,
    "words_per_sec": 2.26,
    "segment_count": 2
  },
  "spectral_centroid": {
    "mean": 1762.38
  },
  "timeseries": {
    "frame_sec": 0.5,
    "pitch": [
      650.4,
      324.39,
      469.37,
      368.64,
      418.15,
      528.85,
      371.62,
      345.28,
      368.63,
      691.06,
      279.67,
      306.95,
      900.29,
      765.46,
      562.13,
      350.31,
      401.99,
      433.17,
      138.77
    ],
    "energy": [
      0.058999,
      0.03905,
      0.053382,
      0.066131,
      0.065662,
      0.058733,
      0.036615,
      0.071639,
      0.044693,
      0.068027,
      0.019009,
      0.040731,
      0.13505,
      0.105332,
      0.08038,
      0.07269,
      0.050005,
      0.052502,
      0.021202
    ],
    "spectral_centroid": [
      1479.4,
      1843.62,
      1693.26,
      1869.91,
      1627.1,
      1864.96,
      1845.08,
      1933.73,
      1596.91,
      1547.82,
      2314.4,
      1866.6,
      1720.87,
      1753.19,
      2050.64,
      1861.79,
      1684.48,
      1362.47,
      1630.24
    ]
  }
}