{
  "id": "ead2394c-a3d4-48c7-b9a7-1611e39c6050",
  "duration": 7.36,
  "pitch": {
    "mean": 530.38,
    "max": 1866.83,
    "std": 393.16,
    "max_mean_ratio": 3.52
  },
  "energy": {
    "mean": 0.058612,
    "max": 0.321843,
    "std": 0.062955,
    "rate_of_change": 0.042524
  },
  "speech_rate": {
    "chars_per_sec": 20.52,
    "words_per_sec": 3.67,
    "segment_count": 5
  },
  "spectral_centroid": {
    "mean": 1994.31
  },
  "timeseries": {
    "frame_sec": 0.5,
    "pitch": [
      115.53,
      688.11,
      286.67,
      701.96,
      699.03,
      466.53,
      819.91,
      531.42,
      880.74,
      457.49,
      509.15,
      450.07,
      676.81,
      464.45,
      558.55
    ],
    "energy": [
      0.022063,
      0.16642,
      0.030071,
      0.045808,
      0.040224,
      0.024353,
      0.052896,
      0.031647,
      0.014881,
      0.027182,
      0.059369,
      0.066556,
      0.142583,
      0.036508,
      0.077527
    ],
    "spectral_centroid": [
      1658.88,
      1636.21,
      2452.46,
      2069.21,
      1814.34,
      2366.93,
      2003.01,
      2203.84,
      1798.8,
      1899.74,
      1808.9,
      2137.22,
      1945.46,
      2046.12,
      2028.36
    ]
  }
}