{
  "id": "eaf6d648-7f54-4550-b4e1-80f1df954382",
  "duration": 14.997,
  "pitch": {
    "mean": 464.02,
    "max": 2086.65,
    "std": 328.17,
    "max_mean_ratio": 4.5
  },
  "energy": {
    "mean": 0.078927,
    "max": 0.203815,
    "std": 0.044698,
    "rate_of_change": 0.012897
  },
  "speech_rate": {
    "chars_per_sec": 13.93,
    "words_per_sec": 2.62,
    "segment_count": 8
  },
  "spectral_centroid": {
    "mean": 1898.56
  },
  "timeseries": {
    "frame_sec": 0.5,
    "pitch": [
      517.78,
      391.09,
      393.11,
      497.31,
      304.85,
      447.95,
      475.55,
      302.81,
      298.65,
      513.19,
      440.88,
      336.86,
      409.36,
      472.29,
      233.47,
      178.89,
      486.34,
      628.31,
      414.18,
      616.49,
      398.71,
      349.75,
      539.73,
      554.51,
      466.32,
      1535.9,
      520.36,
      467.39,
      432.03,
      331.89
    ],
    "energy": [
      0.077022,
      0.041185,
      0.107484,
      0.144286,
      0.126316,
      0.094077,
      0.096316,
      0.059586,
      0.028705,
      0.061351,
      0.036771,
      0.047915,
      0.060077,
      0.038794,
      0.041753,
      0.034233,
      0.061685,
      0.065532,
      0.042909,
      0.065372,
      0.073938,
      0.07189,
      0.093886,
      0.110781,
      0.057298,
      0.041821,
      0.120403,
      0.140564,
      0.108501,
      0.107945
    ],
    "spectral_centroid": [
      1228.87,
      1756.97,
      2087.39,
      1486.23,
      1506.01,
      1521.29,
      1660.09,
      1626.64,
      1592.14,
      1719.83,
      1770.93,
      1921.67,
      2201.83,
      2003.83,
      2008.06,
      2131.72,
      2104.31,
      2162.93,
      1985.79,
      1957.54,
      1861.68,
      2110.71,
      2069.61,
      1674.92,
      2055.62,
      2880.82,
      2008.85,
      2038.66,
      1849.92,
      1934.24
    ]
  }
}