{
  "id": "eb003c94-a8c5-490f-bbdd-cdf32ba7dbd6",
  "duration": 12.437,
  "pitch": {
    "mean": 495.54,
    "max": 2049.73,
    "std": 450.36,
    "max_mean_ratio": 4.14
  },
  "energy": {
    "mean": 0.057697,
    "max": 0.091835,
    "std": 0.014266,
    "rate_of_change": 0.00527
  },
  "speech_rate": {
    "chars_per_sec": 24.2,
    "words_per_sec": 5.09,
    "segment_count": 7
  },
  "spectral_centroid": {
    "mean": 2029.43
  },
  "timeseries": {
    "frame_sec": 0.5,
    "pitch": [
      682.64,
      1021.51,
      1179.72,
      927.22,
      564.37,
      193.29,
      208.08,
      334.83,
      698.76,
      414.3,
      354.73,
      271.01,
      409.9,
      545.42,
      451.07,
      387.2,
      380.26,
      466.38,
      211.93,
      257.96,
      198.26,
      453.15,
      401.67,
      831.3,
      596.4
    ],
    "energy": [
      0.058787,
      0.04836,
      0.052397,
      0.049991,
      0.047817,
      0.048561,
      0.046107,
      0.052317,
      0.067469,
      0.054313,
      0.060138,
      0.056712,
      0.055694,
      0.044541,
      0.041996,
      0.054711,
      0.054557,
      0.05529,
      0.049552,
      0.049251,
      0.060504,
      0.067495,
      0.071294,
      0.068858,
      0.068293
    ],
    "spectral_centroid": [
      1733.65,
      1745.86,
      2126.04,
      1873.27,
      1746.03,
      1862.08,
      2080.57,
      2455.94,
      1964.41,
      1878.36,
      2167.31,
      2175.76,
      1552.49,
      1863.49,
      1688.11,
      2498.98,
      2665.6,
      1663.39,
      2179.77,
      2129.06,
      1930.92,
      2044.82,
      2126.89,
      2654.81,
      1909.19
    ]
  }
}