{
  "id": "eb0813d0-48b9-4e01-80a1-dd3ec944f151",
  "duration": 9.707,
  "pitch": {
    "mean": 445.15,
    "max": 1851.78,
    "std": 254.14,
    "max_mean_ratio": 4.16
  },
  "energy": {
    "mean": 0.079859,
    "max": 0.223117,
    "std": 0.049124,
    "rate_of_change": 0.02121
  },
  "speech_rate": {
    "chars_per_sec": 14.3,
    "words_per_sec": 2.72,
    "segment_count": 4
  },
  "spectral_centroid": {
    "mean": 2093.11
  },
  "timeseries": {
    "frame_sec": 0.5,
    "pitch": [
      278.98,
      281.39,
      469.92,
      721.56,
      687.14,
      534.96,
      449.55,
      656.85,
      292.4,
      373.96,
      406.03,
      401.74,
      447.33,
      399.96,
      176.76,
      401.48,
      507.84,
      277.59,
      654.89,
      606.87
    ],
    "energy": [
      0.11619,
      0.049388,
      0.065017,
      0.106928,
      0.055282,
      0.060075,
      0.032322,
      0.028533,
      0.124329,
      0.045342,
      0.048483,
      0.039128,
      0.043164,
      0.063083,
      0.035328,
      0.093265,
      0.106451,
      0.125906,
      0.182328,
      0.147123
    ],
    "spectral_centroid": [
      2438.19,
      1695.11,
      2172.03,
      1778.87,
      2052.27,
      2398.02,
      2319.93,
      1995.58,
      1961.14,
      1767.5,
      1907.67,
      2095.87,
      1983.8,
      2107.95,
      2305.93,
      2276.71,
      2391.71,
      2232.91,
      2004.77,
      1752.16
    ]
  }
}