{
  "id": "eb2081b0-c5ac-4dce-85c7-09e7d76d9b88",
  "duration": 9.429,
  "pitch": {
    "mean": 359.28,
    "max": 1547.8,
    "std": 229.52,
    "max_mean_ratio": 4.31
  },
  "energy": {
    "mean": 0.133148,
    "max": 0.471134,
    "std": 0.124182,
    "rate_of_change": 0.049387
  },
  "speech_rate": {
    "chars_per_sec": 13.62,
    "words_per_sec": 2.98,
    "segment_count": 2
  },
  "spectral_centroid": {
    "mean": 1985.61
  },
  "timeseries": {
    "frame_sec": 0.5,
    "pitch": [
      404.86,
      160.49,
      579.81,
      400.35,
      312.39,
      214.59,
      147.6,
      156.58,
      344.45,
      289.05,
      533.27,
      390.3,
      397.27,
      466.5,
      354.16,
      315.37,
      430.78,
      372.81,
      343.61
    ],
    "energy": [
      0.079727,
      0.016511,
      0.082562,
      0.082048,
      0.031239,
      0.020142,
      0.009183,
      0.008452,
      0.14909,
      0.096981,
      0.193233,
      0.213848,
      0.225918,
      0.210786,
      0.26611,
      0.159459,
      0.227306,
      0.176365,
      0.166988
    ],
    "spectral_centroid": [
      1497.15,
      1884.35,
      1911.97,
      2049.26,
      1816.28,
      1756.82,
      1871.12,
      2066.4,
      1787.9,
      1789.79,
      1365.34,
      2867.59,
      1752.61,
      1487.58,
      2414.66,
      2488.33,
      2369.45,
      2633.16,
      2002.8
    ]
  }
}