{
  "id": "eb344831-9b6f-41df-9ab3-be2de95975ae",
  "duration": 8.811,
  "pitch": {
    "mean": 339.64,
    "max": 924.59,
    "std": 226.56,
    "max_mean_ratio": 2.72
  },
  "energy": {
    "mean": 0.063652,
    "max": 0.189862,
    "std": 0.034875,
    "rate_of_change": 0.019513
  },
  "speech_rate": {
    "chars_per_sec": 18.26,
    "words_per_sec": 3.31,
    "segment_count": 8
  },
  "spectral_centroid": {
    "mean": 1763.64
  },
  "timeseries": {
    "frame_sec": 0.5,
    "pitch": [
      203.12,
      387.87,
      354.4,
      418.0,
      222.92,
      212.73,
      302.89,
      388.64,
      205.74,
      257.51,
      359.76,
      450.18,
      360.38,
      622.18,
      339.13,
      353.18,
      407.64,
      222.75
    ],
    "energy": [
      0.053229,
      0.067147,
      0.058855,
      0.048242,
      0.037944,
      0.027283,
      0.036885,
      0.045593,
      0.039963,
      0.058688,
      0.070942,
      0.056533,
      0.130391,
      0.136012,
      0.06937,
      0.071605,
      0.052659,
      0.026587
    ],
    "spectral_centroid": [
      1810.22,
      1623.88,
      1667.87,
      1512.94,
      1848.8,
      1891.69,
      1854.77,
      2000.33,
      1972.16,
      1707.4,
      1628.94,
      2080.4,
      1304.43,
      1351.43,
      1834.48,
      2219.74,
      1785.36,
      1537.99
    ]
  }
}