{
  "id": "eb707fa8-929a-4f5e-b48d-87e3660955a8",
  "duration": 9.344,
  "pitch": {
    "mean": 342.02,
    "max": 2074.44,
    "std": 317.1,
    "max_mean_ratio": 6.07
  },
  "energy": {
    "mean": 0.036327,
    "max": 0.170804,
    "std": 0.030769,
    "rate_of_change": 0.016855
  },
  "speech_rate": {
    "chars_per_sec": 3.28,
    "words_per_sec": 0.68,
    "segment_count": 5
  },
  "spectral_centroid": {
    "mean": 1960.35
  },
  "timeseries": {
    "frame_sec": 0.5,
    "pitch": [
      243.87,
      252.16,
      209.69,
      252.15,
      398.24,
      300.04,
      352.5,
      465.46,
      521.08,
      414.55,
      302.3,
      397.05,
      310.81,
      363.29,
      102.54,
      156.88,
      281.71,
      865.8,
      342.01
    ],
    "energy": [
      0.018265,
      0.020479,
      0.016833,
      0.027298,
      0.041252,
      0.024839,
      0.033182,
      0.030996,
      0.020128,
      0.015816,
      0.027844,
      0.044523,
      0.034948,
      0.034657,
      0.015719,
      0.020224,
      0.040939,
      0.132732,
      0.067181
    ],
    "spectral_centroid": [
      2169.41,
      1689.32,
      2211.93,
      2013.24,
      1868.18,
      1828.89,
      2106.16,
      1899.67,
      1995.0,
      2006.48,
      1842.89,
      1948.54,
      2191.92,
      1879.47,
      1930.86,
      1782.22,
      2009.84,
      1882.14,
      1944.49
    ]
  }
}