{
  "id": "eb73f7e1-5c1b-4539-8aeb-1f73ad9decf8",
  "duration": 7.381,
  "pitch": {
    "mean": 546.59,
    "max": 2074.6,
    "std": 257.66,
    "max_mean_ratio": 3.8
  },
  "energy": {
    "mean": 0.105591,
    "max": 0.434488,
    "std": 0.076793,
    "rate_of_change": 0.057569
  },
  "speech_rate": {
    "chars_per_sec": 8.94,
    "words_per_sec": 1.76,
    "segment_count": 5
  },
  "spectral_centroid": {
    "mean": 2023.57
  },
  "timeseries": {
    "frame_sec": 0.5,
    "pitch": [
      474.54,
      487.71,
      490.15,
      543.56,
      593.06,
      530.13,
      553.96,
      497.67,
      668.15,
      634.46,
      655.55,
      726.77,
      480.24,
      204.4,
      590.22
    ],
    "energy": [
      0.082623,
      0.09213,
      0.08151,
      0.088169,
      0.102592,
      0.114471,
      0.169253,
      0.10067,
      0.230357,
      0.107223,
      0.13885,
      0.085009,
      0.014818,
      0.021583,
      0.069368
    ],
    "spectral_centroid": [
      2250.09,
      1886.54,
      1648.47,
      1812.39,
      1938.62,
      1936.11,
      2058.19,
      1918.73,
      1754.28,
      2200.14,
      2284.22,
      1928.63,
      2012.84,
      2368.49,
      2425.79
    ]
  }
}