{
  "id": "ebc86e11-f9d9-4421-afa4-ccb575912afa",
  "duration": 17.664,
  "pitch": {
    "mean": 407.48,
    "max": 1954.63,
    "std": 304.94,
    "max_mean_ratio": 4.8
  },
  "energy": {
    "mean": 0.061067,
    "max": 0.179095,
    "std": 0.043524,
    "rate_of_change": 0.00988
  },
  "speech_rate": {
    "chars_per_sec": 12.54,
    "words_per_sec": 2.57,
    "segment_count": 8
  },
  "spectral_centroid": {
    "mean": 1966.23
  },
  "timeseries": {
    "frame_sec": 0.5,
    "pitch": [
      522.95,
      375.07,
      366.06,
      529.08,
      199.99,
      119.67,
      115.09,
      437.55,
      527.92,
      446.32,
      127.86,
      163.89,
      380.86,
      435.15,
      490.34,
      397.77,
      483.61,
      593.76,
      389.25,
      430.88,
      94.56,
      119.43,
      158.94,
      193.5,
      445.13,
      417.35,
      366.22,
      362.73,
      834.63,
      551.43,
      1094.51,
      936.89,
      574.74,
      429.35,
      211.31,
      87.68
    ],
    "energy": [
      0.09405,
      0.07078,
      0.085698,
      0.060471,
      0.01988,
      0.033926,
      0.034919,
      0.090884,
      0.112712,
      0.063609,
      0.013694,
      0.02021,
      0.074534,
      0.063592,
      0.062914,
      0.061323,
      0.070216,
      0.07765,
      0.066349,
      0.058033,
      0.016771,
      0.009045,
      0.019261,
      0.013258,
      0.094699,
      0.069897,
      0.057846,
      0.070628,
      0.138598,
      0.099341,
      0.103165,
      0.026148,
      0.020806,
      0.045086,
      0.036023,
      0.018071
    ],
    "spectral_centroid": [
      1502.42,
      1896.46,
      1769.41,
      1740.23,
      2080.14,
      1970.4,
      2383.64,
      2211.2,
      2093.29,
      2007.21,
      1956.8,
      1606.96,
      1842.15,
      2294.97,
      1943.75,
      1625.12,
      1756.0,
      1758.89,
      1931.89,
      2076.0,
      1876.0,
      2246.94,
      1901.09,
      1830.75,
      2253.32,
      2015.12,
      2221.81,
      2084.1,
      1932.69,
      2341.68,
      1795.86,
      1813.54,
      1879.69,
      1949.85,
      2038.31,
      2416.04
    ]
  }
}