{
  "id": "ec33c0e3-596f-4095-a095-86b8317b6267",
  "duration": 13.525,
  "pitch": {
    "mean": 399.84,
    "max": 1256.78,
    "std": 209.31,
    "max_mean_ratio": 3.14
  },
  "energy": {
    "mean": 0.031301,
    "max": 0.188742,
    "std": 0.027709,
    "rate_of_change": 0.013595
  },
  "speech_rate": {
    "chars_per_sec": 20.31,
    "words_per_sec": 4.02,
    "segment_count": 6
  },
  "spectral_centroid": {
    "mean": 1748.01
  },
  "timeseries": {
    "frame_sec": 0.5,
    "pitch": [
      380.71,
      343.52,
      522.24,
      263.43,
      252.49,
      112.47,
      217.0,
      482.77,
      216.88,
      365.39,
      403.69,
      550.67,
      436.77,
      330.78,
      512.09,
      485.16,
      393.59,
      323.81,
      385.45,
      477.41,
      390.28,
      454.09,
      485.89,
      576.17,
      429.09,
      446.06,
      518.55,
      375.51
    ],
    "energy": [
      0.03329,
      0.029145,
      0.023423,
      0.017177,
      0.014895,
      0.005729,
      0.011025,
      0.035194,
      0.0175,
      0.008626,
      0.02136,
      0.049658,
      0.038049,
      0.02624,
      0.042288,
      0.027878,
      0.02552,
      0.029328,
      0.029732,
      0.059122,
      0.03163,
      0.014878,
      0.026656,
      0.065197,
      0.099431,
      0.01882,
      0.009502,
      0.00381
    ],
    "spectral_centroid": [
      2116.12,
      1646.16,
      1552.13,
      1662.39,
      1889.7,
      1953.66,
      1803.07,
      1520.47,
      2548.13,
      1883.44,
      1889.27,
      1725.26,
      2018.14,
      1693.67,
      1574.84,
      1636.74,
      1670.19,
      1872.78,
      1833.17,
      1423.9,
      1609.0,
      1736.67,
      1711.85,
      1613.56,
      1662.45,
      1704.34,
      1239.35,
      1199.44
    ]
  }
}