{
  "id": "ec5ab512-1e65-46b4-8cc2-eb49aded7b68",
  "duration": 11.648,
  "pitch": {
    "mean": 418.08,
    "max": 2073.2,
    "std": 290.49,
    "max_mean_ratio": 4.96
  },
  "energy": {
    "mean": 0.055509,
    "max": 0.27994,
    "std": 0.051636,
    "rate_of_change": 0.023585
  },
  "speech_rate": {
    "chars_per_sec": 10.91,
    "words_per_sec": 1.98,
    "segment_count": 7
  },
  "spectral_centroid": {
    "mean": 1990.8
  },
  "timeseries": {
    "frame_sec": 0.5,
    "pitch": [
      419.96,
      306.82,
      103.56,
      415.79,
      443.97,
      561.45,
      121.02,
      478.79,
      275.37,
      369.25,
      572.74,
      465.31,
      402.92,
      719.98,
      719.53,
      426.33,
      397.48,
      210.81,
      597.27,
      123.7,
      233.87,
      397.25,
      431.95,
      607.71
    ],
    "energy": [
      0.037949,
      0.033871,
      0.015468,
      0.068429,
      0.058846,
      0.048617,
      0.011886,
      0.045801,
      0.024643,
      0.038392,
      0.102762,
      0.055014,
      0.034819,
      0.167555,
      0.139266,
      0.061683,
      0.007319,
      0.011556,
      0.086402,
      0.023457,
      0.036588,
      0.048915,
      0.053357,
      0.08795
    ],
    "spectral_centroid": [
      1873.12,
      2131.33,
      2023.67,
      2265.34,
      1895.45,
      1821.3,
      2269.92,
      1794.22,
      2391.43,
      1926.51,
      1868.27,
      1942.27,
      2014.67,
      1788.74,
      1819.68,
      2062.18,
      2045.01,
      2117.41,
      1693.25,
      1943.76,
      2506.65,
      2138.98,
      1647.85,
      1548.04
    ]
  }
}