{
  "id": "ec6cb24d-4123-4198-9ffc-befe3d7a98a4",
  "duration": 12.843,
  "pitch": {
    "mean": 439.19,
    "max": 1979.07,
    "std": 321.85,
    "max_mean_ratio": 4.51
  },
  "energy": {
    "mean": 0.16199,
    "max": 0.544769,
    "std": 0.129779,
    "rate_of_change": 0.04187
  },
  "speech_rate": {
    "chars_per_sec": 16.54,
    "words_per_sec": 3.43,
    "segment_count": 3
  },
  "spectral_centroid": {
    "mean": 2170.97
  },
  "timeseries": {
    "frame_sec": 0.5,
    "pitch": [
      236.23,
      136.72,
      187.28,
      378.25,
      293.12,
      413.15,
      384.85,
      421.63,
      575.35,
      456.49,
      397.11,
      577.78,
      277.52,
      274.01,
      318.1,
      383.85,
      267.03,
      590.64,
      637.34,
      493.88,
      426.45,
      705.14,
      672.44,
      950.47,
      515.96,
      381.11
    ],
    "energy": [
      0.121493,
      0.038316,
      0.016361,
      0.074922,
      0.065476,
      0.105085,
      0.111152,
      0.119657,
      0.112256,
      0.152823,
      0.121717,
      0.13817,
      0.079269,
      0.139986,
      0.093834,
      0.145489,
      0.08896,
      0.197267,
      0.292731,
      0.280516,
      0.460204,
      0.383911,
      0.330822,
      0.025298,
      0.207777,
      0.124045
    ],
    "spectral_centroid": [
      1577.35,
      2267.65,
      2050.96,
      1841.81,
      2515.34,
      1683.05,
      2215.45,
      2264.7,
      2108.04,
      2364.32,
      2232.81,
      2165.51,
      2573.07,
      2590.53,
      2356.99,
      2176.69,
      2087.29,
      1809.0,
      1866.24,
      2381.26,
      2046.7,
      2452.89,
      1910.28,
      2492.96,
      2240.12,
      2075.18
    ]
  }
}