{
  "id": "ece498e6-3834-47e9-b0f2-1e59e349b1f7",
  "duration": 5.611,
  "pitch": {
    "mean": 319.93,
    "max": 1440.8,
    "std": 244.01,
    "max_mean_ratio": 4.5
  },
  "energy": {
    "mean": 0.094445,
    "max": 0.232733,
    "std": 0.052324,
    "rate_of_change": 0.037676
  },
  "speech_rate": {
    "chars_per_sec": 15.71,
    "words_per_sec": 2.86,
    "segment_count": 4
  },
  "spectral_centroid": {
    "mean": 1978.8
  },
  "timeseries": {
    "frame_sec": 0.5,
    "pitch": [
      414.59,
      548.14,
      111.87,
      125.25,
      161.95,
      320.79,
      275.06,
      364.16,
      392.5,
      487.46,
      322.88,
      254.46
    ],
    "energy": [
      0.107492,
      0.078016,
      0.032619,
      0.042336,
      0.027238,
      0.068802,
      0.093631,
      0.138139,
      0.150421,
      0.142826,
      0.11263,
      0.10599
    ],
    "spectral_centroid": [
      1693.42,
      1953.15,
      1782.94,
      1777.25,
      2110.08,
      2267.38,
      2006.3,
      2022.28,
      2008.39,
      2180.36,
      1924.54,
      2077.65
    ]
  }
}