{
  "id": "ed10f57a-2bc7-4e3e-a180-84f3ce94a098",
  "duration": 7.701,
  "pitch": {
    "mean": 527.07,
    "max": 1971.46,
    "std": 418.3,
    "max_mean_ratio": 3.74
  },
  "energy": {
    "mean": 0.073927,
    "max": 0.32251,
    "std": 0.065642,
    "rate_of_change": 0.040914
  },
  "speech_rate": {
    "chars_per_sec": 13.19,
    "words_per_sec": 2.48,
    "segment_count": 5
  },
  "spectral_centroid": {
    "mean": 2084.88
  },
  "timeseries": {
    "frame_sec": 0.5,
    "pitch": [
      135.68,
      752.62,
      812.36,
      657.62,
      874.34,
      494.25,
      498.45,
      266.18,
      116.26,
      385.64,
      593.42,
      611.0,
      670.64,
      679.68,
      591.95,
      417.78
    ],
    "energy": [
      0.018046,
      0.061176,
      0.050657,
      0.076658,
      0.100273,
      0.079051,
      0.058367,
      0.015348,
      0.015212,
      0.0531,
      0.080856,
      0.046411,
      0.094503,
      0.21128,
      0.084955,
      0.10938
    ],
    "spectral_centroid": [
      1984.94,
      2353.18,
      2534.96,
      2056.22,
      2177.52,
      2147.2,
      2294.85,
      2131.77,
      2030.54,
      1893.64,
      1543.83,
      2306.88,
      1784.72,
      1972.4,
      1950.28,
      2380.92
    ]
  }
}