{
  "id": "ed11d925-3318-406e-a963-d514acddfc66",
  "duration": 16.448,
  "pitch": {
    "mean": 135.44,
    "max": 657.68,
    "std": 71.04,
    "max_mean_ratio": 4.86
  },
  "energy": {
    "mean": 0.015421,
    "max": 0.035231,
    "std": 0.005948,
    "rate_of_change": 0.001777
  },
  "speech_rate": {
    "chars_per_sec": 0.0,
    "words_per_sec": 0.0,
    "segment_count": 0
  },
  "spectral_centroid": {
    "mean": 2142.35
  },
  "timeseries": {
    "frame_sec": 0.5,
    "pitch": [
      158.24,
      125.47,
      163.7,
      231.01,
      149.79,
      116.39,
      168.88,
      117.93,
      83.82,
      117.51,
      114.56,
      116.19,
      150.56,
      164.17,
      123.19,
      116.22,
      83.21,
      173.15,
      173.28,
      136.29,
      147.33,
      154.35,
      158.16,
      130.71,
      172.24,
      112.61,
      146.11,
      132.85,
      139.12,
      109.05,
      132.69,
      118.05,
      120.52
    ],
    "energy": [
      0.013031,
      0.016413,
      0.011607,
      0.016245,
      0.008707,
      0.009471,
      0.00874,
      0.009671,
      0.009529,
      0.013105,
      0.013494,
      0.022944,
      0.015767,
      0.011145,
      0.010076,
      0.011331,
      0.011191,
      0.012412,
      0.01354,
      0.012528,
      0.0128,
      0.014402,
      0.012837,
      0.011703,
      0.015278,
      0.017215,
      0.018948,
      0.027289,
      0.021288,
      0.025238,
      0.021145,
      0.019424,
      0.019446
    ],
    "spectral_centroid": [
      2190.7,
      2414.45,
      1964.32,
      2370.58,
      1987.88,
      2172.32,
      2116.4,
      2208.65,
      2172.67,
      2172.31,
      2218.61,
      2394.68,
      1832.6,
      1939.44,
      2105.59,
      2179.58,
      2136.76,
      2023.32,
      2766.82,
      2032.66,
      2089.69,
      2278.99,
      2454.47,
      1962.39,
      1851.71,
      2573.74,
      1864.31,
      1816.11,
      1899.3,
      2472.42,
      2097.38,
      1928.45,
      1854.71
    ]
  }
}