{
  "id": "ed6b0f03-0235-4f28-8a1f-35e5b705cfce",
  "duration": 14.592,
  "pitch": {
    "mean": 453.38,
    "max": 2080.28,
    "std": 347.82,
    "max_mean_ratio": 4.59
  },
  "energy": {
    "mean": 0.059022,
    "max": 0.246516,
    "std": 0.050452,
    "rate_of_change": 0.016618
  },
  "speech_rate": {
    "chars_per_sec": 10.36,
    "words_per_sec": 1.71,
    "segment_count": 7
  },
  "spectral_centroid": {
    "mean": 1911.59
  },
  "timeseries": {
    "frame_sec": 0.5,
    "pitch": [
      158.52,
      443.17,
      264.96,
      434.4,
      463.95,
      552.87,
      557.52,
      702.13,
      572.28,
      463.57,
      313.4,
      343.52,
      423.98,
      340.1,
      636.31,
      398.98,
      549.11,
      552.23,
      498.49,
      518.73,
      290.76,
      126.01,
      158.25,
      588.83,
      469.65,
      879.05,
      550.78,
      288.13,
      588.33,
      521.02
    ],
    "energy": [
      0.01627,
      0.07372,
      0.062696,
      0.073994,
      0.085368,
      0.106956,
      0.066649,
      0.081984,
      0.079723,
      0.104938,
      0.006364,
      0.006705,
      0.062252,
      0.085118,
      0.088491,
      0.088394,
      0.050611,
      0.071561,
      0.022861,
      0.005248,
      0.004954,
      0.006709,
      0.007314,
      0.087318,
      0.056629,
      0.085578,
      0.074378,
      0.018646,
      0.05154,
      0.035597
    ],
    "spectral_centroid": [
      2314.05,
      1669.05,
      2203.02,
      1461.94,
      2478.22,
      1958.23,
      2487.81,
      2028.32,
      1726.59,
      1988.03,
      1720.5,
      1573.93,
      2003.29,
      2164.1,
      1531.49,
      1941.26,
      1648.12,
      1737.79,
      1568.76,
      1760.09,
      1680.15,
      1900.21,
      1802.5,
      1886.96,
      2298.57,
      2276.7,
      1800.24,
      1862.05,
      1862.84,
      1836.67
    ]
  }
}