{
  "id": "ed946471-3055-4a8a-a082-cccdfeb0698b",
  "duration": 5.717,
  "pitch": {
    "mean": 430.09,
    "max": 1316.86,
    "std": 255.65,
    "max_mean_ratio": 3.06
  },
  "energy": {
    "mean": 0.089312,
    "max": 0.157141,
    "std": 0.043956,
    "rate_of_change": 0.024995
  },
  "speech_rate": {
    "chars_per_sec": 12.85,
    "words_per_sec": 2.29,
    "segment_count": 1
  },
  "spectral_centroid": {
    "mean": 1867.79
  },
  "timeseries": {
    "frame_sec": 0.5,
    "pitch": [
      237.61,
      341.71,
      465.31,
      366.98,
      521.93,
      403.41,
      551.76,
      523.92,
      567.94,
      475.92,
      421.04,
      302.83
    ],
    "energy": [
      0.077616,
      0.016123,
      0.016089,
      0.100258,
      0.104241,
      0.106209,
      0.093596,
      0.10028,
      0.111191,
      0.09775,
      0.114096,
      0.090317
    ],
    "spectral_centroid": [
      1694.07,
      1719.17,
      2014.16,
      1971.87,
      1755.37,
      1826.78,
      2101.07,
      1664.06,
      1804.77,
      2056.54,
      1858.34,
      1979.33
    ]
  }
}