{
  "id": "ee82ed3c-f5d9-452f-aa23-eaf78c5e1386",
  "duration": 11.072,
  "pitch": {
    "mean": 533.41,
    "max": 2011.69,
    "std": 530.19,
    "max_mean_ratio": 3.77
  },
  "energy": {
    "mean": 0.005806,
    "max": 0.012607,
    "std": 0.002397,
    "rate_of_change": 0.001013
  },
  "speech_rate": {
    "chars_per_sec": 25.33,
    "words_per_sec": 4.67,
    "segment_count": 3
  },
  "spectral_centroid": {
    "mean": 2140.43
  },
  "timeseries": {
    "frame_sec": 0.5,
    "pitch": [
      136.88,
      105.74,
      523.64,
      288.36,
      884.92,
      147.12,
      127.19,
      710.48,
      920.1,
      984.22,
      809.61,
      737.36,
      744.89,
      554.04,
      768.11,
      877.59,
      556.26,
      296.11,
      922.97,
      270.22,
      157.09,
      180.47,
      454.26
    ],
    "energy": [
      0.004539,
      0.005934,
      0.002851,
      0.006967,
      0.006966,
      0.004309,
      0.007296,
      0.002713,
      0.003856,
      0.006147,
      0.006336,
      0.006274,
      0.005615,
      0.003979,
      0.002963,
      0.003981,
      0.004657,
      0.009411,
      0.007431,
      0.009594,
      0.007077,
      0.004346,
      0.00262
    ],
    "spectral_centroid": [
      2012.78,
      1642.25,
      2264.21,
      2154.37,
      2231.42,
      2220.62,
      1956.69,
      2412.29,
      1998.81,
      2054.17,
      2102.37,
      2269.23,
      2192.9,
      2146.66,
      2164.61,
      2294.77,
      2264.66,
      1801.72,
      2312.07,
      2499.34,
      2111.61,
      1947.01,
      2070.75
    ]
  }
}