{
  "id": "eebb3f46-41b7-4b4a-ae87-c2e47d91395c",
  "duration": 7.68,
  "pitch": {
    "mean": 391.79,
    "max": 1984.69,
    "std": 284.54,
    "max_mean_ratio": 5.07
  },
  "energy": {
    "mean": 0.080096,
    "max": 0.176656,
    "std": 0.039678,
    "rate_of_change": 0.021126
  },
  "speech_rate": {
    "chars_per_sec": 18.49,
    "words_per_sec": 3.52,
    "segment_count": 3
  },
  "spectral_centroid": {
    "mean": 2097.85
  },
  "timeseries": {
    "frame_sec": 0.5,
    "pitch": [
      295.03,
      273.45,
      300.98,
      437.94,
      345.93,
      398.6,
      492.26,
      278.86,
      315.52,
      140.74,
      677.01,
      758.15,
      415.19,
      432.0,
      581.76,
      342.0
    ],
    "energy": [
      0.039303,
      0.056147,
      0.06469,
      0.081171,
      0.061143,
      0.069502,
      0.064887,
      0.098926,
      0.056337,
      0.034215,
      0.116025,
      0.12963,
      0.130999,
      0.100341,
      0.067357,
      0.021656
    ],
    "spectral_centroid": [
      1901.35,
      2489.74,
      2349.14,
      1827.66,
      2002.18,
      2271.95,
      1938.53,
      1781.69,
      2241.79,
      2646.69,
      2096.2,
      1785.12,
      1939.58,
      1961.85,
      2124.62,
      2318.15
    ]
  }
}