{
  "id": "ef4db04e-0422-4fa1-9bbd-dcbe3f51f7e5",
  "duration": 10.709,
  "pitch": {
    "mean": 423.93,
    "max": 1779.91,
    "std": 338.1,
    "max_mean_ratio": 4.2
  },
  "energy": {
    "mean": 0.0468,
    "max": 0.129662,
    "std": 0.025536,
    "rate_of_change": 0.011203
  },
  "speech_rate": {
    "chars_per_sec": 8.32,
    "words_per_sec": 1.5,
    "segment_count": 6
  },
  "spectral_centroid": {
    "mean": 2199.56
  },
  "timeseries": {
    "frame_sec": 0.5,
    "pitch": [
      129.48,
      290.49,
      374.47,
      378.5,
      108.0,
      271.63,
      221.98,
      395.2,
      367.45,
      316.21,
      324.29,
      363.4,
      276.08,
      892.87,
      364.33,
      452.93,
      748.95,
      668.51,
      575.17,
      861.77,
      338.57,
      442.72
    ],
    "energy": [
      0.069145,
      0.073707,
      0.050371,
      0.039304,
      0.025338,
      0.042482,
      0.027083,
      0.047858,
      0.024305,
      0.018471,
      0.031038,
      0.032042,
      0.060697,
      0.09723,
      0.078891,
      0.037804,
      0.038671,
      0.012882,
      0.039984,
      0.041247,
      0.05827,
      0.036589
    ],
    "spectral_centroid": [
      1737.54,
      1945.71,
      1769.68,
      2019.6,
      1971.1,
      2176.97,
      2172.72,
      1961.23,
      2083.67,
      2398.59,
      2203.17,
      2201.28,
      2033.34,
      2099.02,
      1925.51,
      2938.04,
      2579.23,
      2438.88,
      2308.31,
      2374.29,
      2721.55,
      2358.22
    ]
  }
}