{
  "id": "ef6ce723-4771-4fba-8a0f-92c5ac77253d",
  "duration": 15.573,
  "pitch": {
    "mean": 358.76,
    "max": 1850.76,
    "std": 273.08,
    "max_mean_ratio": 5.16
  },
  "energy": {
    "mean": 0.196584,
    "max": 0.738526,
    "std": 0.1452,
    "rate_of_change": 0.046469
  },
  "speech_rate": {
    "chars_per_sec": 16.39,
    "words_per_sec": 3.61,
    "segment_count": 7
  },
  "spectral_centroid": {
    "mean": 2142.73
  },
  "timeseries": {
    "frame_sec": 0.5,
    "pitch": [
      231.38,
      433.39,
      271.9,
      355.78,
      252.76,
      131.53,
      298.93,
      453.31,
      342.45,
      473.81,
      265.87,
      425.75,
      346.17,
      254.8,
      691.6,
      560.37,
      204.57,
      318.5,
      383.6,
      566.72,
      459.7,
      458.18,
      279.05,
      604.42,
      508.91,
      245.63,
      407.79,
      451.72,
      251.14,
      405.09,
      227.07,
      648.61
    ],
    "energy": [
      0.061592,
      0.197998,
      0.148713,
      0.173085,
      0.191041,
      0.11556,
      0.180726,
      0.185914,
      0.203466,
      0.054911,
      0.042215,
      0.184741,
      0.148731,
      0.261491,
      0.321337,
      0.277137,
      0.118903,
      0.166368,
      0.270451,
      0.16349,
      0.117669,
      0.16364,
      0.14152,
      0.252415,
      0.54854,
      0.501173,
      0.065621,
      0.082702,
      0.181031,
      0.18958,
      0.110767,
      0.036116
    ],
    "spectral_centroid": [
      1652.73,
      1772.68,
      2374.5,
      1890.48,
      2068.18,
      1648.57,
      1896.61,
      2894.59,
      2113.17,
      2032.94,
      1857.22,
      2664.94,
      2025.42,
      1704.92,
      1880.21,
      2352.13,
      3434.67,
      2319.17,
      1306.8,
      1990.3,
      2374.95,
      2083.24,
      2617.91,
      2213.86,
      2609.89,
      1436.03,
      1598.39,
      2051.67,
      2436.5,
      2249.7,
      2404.89,
      4669.99
    ]
  }
}