{
  "id": "ef8bc614-716d-49c7-9258-92d52339c424",
  "duration": 7.253,
  "pitch": {
    "mean": 577.01,
    "max": 2084.53,
    "std": 552.14,
    "max_mean_ratio": 3.61
  },
  "energy": {
    "mean": 0.050758,
    "max": 0.146986,
    "std": 0.03518,
    "rate_of_change": 0.018636
  },
  "speech_rate": {
    "chars_per_sec": 13.22,
    "words_per_sec": 2.59,
    "segment_count": 4
  },
  "spectral_centroid": {
    "mean": 1909.02
  },
  "timeseries": {
    "frame_sec": 0.5,
    "pitch": [
      301.33,
      460.01,
      774.2,
      342.26,
      970.74,
      858.44,
      714.9,
      880.38,
      595.43,
      341.8,
      151.04,
      346.25,
      523.99,
      756.98,
      913.42
    ],
    "energy": [
      0.01731,
      0.03642,
      0.032005,
      0.037237,
      0.07227,
      0.053338,
      0.058392,
      0.0642,
      0.089012,
      0.033896,
      0.016995,
      0.024286,
      0.068426,
      0.092013,
      0.021964
    ],
    "spectral_centroid": [
      1726.75,
      1801.31,
      1898.27,
      1914.14,
      1894.98,
      1840.63,
      1907.12,
      2082.69,
      1916.64,
      1708.0,
      1642.38,
      2002.24,
      2281.26,
      2201.22,
      1829.66
    ]
  }
}