{
  "id": "efb14f95-fbf6-41f7-8a59-3d20ea42b35e",
  "duration": 7.723,
  "pitch": {
    "mean": 410.54,
    "max": 1016.98,
    "std": 197.37,
    "max_mean_ratio": 2.48
  },
  "energy": {
    "mean": 0.049539,
    "max": 0.165902,
    "std": 0.032099,
    "rate_of_change": 0.019938
  },
  "speech_rate": {
    "chars_per_sec": 22.53,
    "words_per_sec": 4.26,
    "segment_count": 3
  },
  "spectral_centroid": {
    "mean": 1802.84
  },
  "timeseries": {
    "frame_sec": 0.5,
    "pitch": [
      297.5,
      147.56,
      544.55,
      308.68,
      291.44,
      440.74,
      442.88,
      436.68,
      447.99,
      534.87,
      434.91,
      299.79,
      453.33,
      460.92,
      510.37,
      443.67
    ],
    "energy": [
      0.034034,
      0.021833,
      0.056161,
      0.022684,
      0.027387,
      0.026723,
      0.035664,
      0.0451,
      0.065299,
      0.083521,
      0.041258,
      0.025171,
      0.090305,
      0.081303,
      0.044798,
      0.063172
    ],
    "spectral_centroid": [
      2021.98,
      1954.61,
      1781.08,
      2496.2,
      1638.74,
      1853.24,
      1831.28,
      1393.47,
      1592.2,
      1453.63,
      2063.99,
      1753.64,
      1814.46,
      1539.72,
      1881.55,
      1719.71
    ]
  }
}