{
  "id": "f03e17bf-2c52-4f38-abec-75b82a0c682a",
  "duration": 5.888,
  "pitch": {
    "mean": 381.67,
    "max": 947.71,
    "std": 128.24,
    "max_mean_ratio": 2.48
  },
  "energy": {
    "mean": 0.006868,
    "max": 0.01709,
    "std": 0.003707,
    "rate_of_change": 0.002814
  },
  "speech_rate": {
    "chars_per_sec": 9.59,
    "words_per_sec": 1.53,
    "segment_count": 1
  },
  "spectral_centroid": {
    "mean": 1782.32
  },
  "timeseries": {
    "frame_sec": 0.5,
    "pitch": [
      327.83,
      377.5,
      372.71,
      408.44,
      407.28,
      389.59,
      456.1,
      404.04,
      393.58,
      296.95,
      416.72,
      251.82
    ],
    "energy": [
      0.007648,
      0.008468,
      0.008093,
      0.008319,
      0.00825,
      0.007464,
      0.004512,
      0.003681,
      0.006814,
      0.004019,
      0.006752,
      0.00409
    ],
    "spectral_centroid": [
      1630.67,
      2015.27,
      1874.01,
      1756.17,
      1824.93,
      1587.14,
      1676.2,
      1592.96,
      1875.58,
      1572.48,
      1733.65,
      2182.27
    ]
  }
}