{
  "id": "f08def54-6a82-41bb-8b7c-0fcf7844a79f",
  "duration": 10.731,
  "pitch": {
    "mean": 373.71,
    "max": 1390.11,
    "std": 203.2,
    "max_mean_ratio": 3.72
  },
  "energy": {
    "mean": 0.033238,
    "max": 0.145069,
    "std": 0.025388,
    "rate_of_change": 0.012967
  },
  "speech_rate": {
    "chars_per_sec": 16.39,
    "words_per_sec": 3.35,
    "segment_count": 3
  },
  "spectral_centroid": {
    "mean": 1726.68
  },
  "timeseries": {
    "frame_sec": 0.5,
    "pitch": [
      184.56,
      547.4,
      452.92,
      545.19,
      363.82,
      379.39,
      414.04,
      259.02,
      450.17,
      331.79,
      353.57,
      316.98,
      246.34,
      277.53,
      474.15,
      391.65,
      240.31,
      319.86,
      407.38,
      542.33,
      233.69,
      324.06
    ],
    "energy": [
      0.009456,
      0.059938,
      0.056506,
      0.062602,
      0.058571,
      0.062222,
      0.024588,
      0.014829,
      0.027624,
      0.019808,
      0.024056,
      0.024091,
      0.010292,
      0.026517,
      0.040923,
      0.018323,
      0.018662,
      0.026483,
      0.029764,
      0.030238,
      0.021038,
      0.036071
    ],
    "spectral_centroid": [
      1736.57,
      1428.32,
      1653.32,
      1439.15,
      1524.78,
      1350.05,
      1393.23,
      2251.67,
      1424.77,
      1674.32,
      1741.94,
      2089.75,
      1668.18,
      2219.68,
      1328.57,
      1700.63,
      1907.96,
      2236.12,
      1788.97,
      1559.76,
      2294.05,
      1517.34
    ]
  }
}