{
  "id": "f0a919ae-776f-4ac5-90cf-fede1b74ba3f",
  "duration": 19.52,
  "pitch": {
    "mean": 453.51,
    "max": 1877.56,
    "std": 304.19,
    "max_mean_ratio": 4.14
  },
  "energy": {
    "mean": 0.065656,
    "max": 0.178026,
    "std": 0.032424,
    "rate_of_change": 0.008868
  },
  "speech_rate": {
    "chars_per_sec": 19.47,
    "words_per_sec": 3.74,
    "segment_count": 5
  },
  "spectral_centroid": {
    "mean": 2179.33
  },
  "timeseries": {
    "frame_sec": 0.5,
    "pitch": [
      337.78,
      265.06,
      303.84,
      267.65,
      226.11,
      377.96,
      589.61,
      399.69,
      313.0,
      395.04,
      308.28,
      307.51,
      306.12,
      368.05,
      431.68,
      199.56,
      556.38,
      415.98,
      574.6,
      340.24,
      469.99,
      416.68,
      574.59,
      254.99,
      400.24,
      450.49,
      479.65,
      631.91,
      276.57,
      713.05,
      895.35,
      670.39,
      496.22,
      491.2,
      478.29,
      612.22,
      666.35,
      793.82,
      497.5,
      695.53
    ],
    "energy": [
      0.041509,
      0.050787,
      0.03927,
      0.046762,
      0.056268,
      0.057213,
      0.061893,
      0.035257,
      0.054405,
      0.05868,
      0.030931,
      0.035301,
      0.057085,
      0.054539,
      0.056956,
      0.031658,
      0.067787,
      0.063695,
      0.030758,
      0.058875,
      0.069184,
      0.061726,
      0.042215,
      0.050108,
      0.066459,
      0.076808,
      0.083488,
      0.088833,
      0.066313,
      0.104599,
      0.109721,
      0.079461,
      0.098759,
      0.06658,
      0.086542,
      0.070182,
      0.088122,
      0.088932,
      0.051904,
      0.044207
    ],
    "spectral_centroid": [
      1819.93,
      2287.14,
      1805.84,
      1969.89,
      2059.65,
      2179.71,
      1952.95,
      2067.69,
      2398.23,
      2040.06,
      1555.45,
      2280.02,
      2260.94,
      2154.21,
      2245.56,
      2618.21,
      1733.64,
      2010.77,
      2450.79,
      1736.5,
      1718.56,
      2267.1,
      2700.17,
      2318.41,
      3048.59,
      2374.86,
      2824.72,
      2077.63,
      1960.67,
      2020.8,
      2233.29,
      2425.54,
      2052.25,
      2060.23,
      1891.2,
      2080.87,
      2488.23,
      2218.17,
      2569.16,
      2555.05
    ]
  }
}