{
  "id": "f0d99352-2aa0-481b-92b6-13fc3504e70f",
  "duration": 7.787,
  "pitch": {
    "mean": 454.52,
    "max": 1533.7,
    "std": 241.55,
    "max_mean_ratio": 3.37
  },
  "energy": {
    "mean": 0.01968,
    "max": 0.079587,
    "std": 0.015913,
    "rate_of_change": 0.009746
  },
  "speech_rate": {
    "chars_per_sec": 14.86,
    "words_per_sec": 2.71,
    "segment_count": 3
  },
  "spectral_centroid": {
    "mean": 1695.86
  },
  "timeseries": {
    "frame_sec": 0.5,
    "pitch": [
      308.38,
      433.31,
      563.03,
      539.67,
      418.98,
      541.52,
      520.2,
      517.63,
      414.27,
      504.82,
      623.55,
      311.72,
      203.1,
      547.45,
      397.39,
      409.98
    ],
    "energy": [
      0.006689,
      0.03913,
      0.05298,
      0.025087,
      0.011165,
      0.029753,
      0.009898,
      0.01901,
      0.010596,
      0.011415,
      0.01975,
      0.012238,
      0.012019,
      0.012644,
      0.012572,
      0.017837
    ],
    "spectral_centroid": [
      1594.12,
      1734.47,
      1596.77,
      1650.73,
      1416.98,
      1805.76,
      1564.28,
      1614.55,
      1276.33,
      1661.44,
      1636.74,
      1962.44,
      2202.61,
      1949.63,
      1814.48,
      1646.08
    ]
  }
}