{
  "id": "f10fbf6c-bce5-4e3d-bdc2-7e432a6d5152",
  "duration": 9.579,
  "pitch": {
    "mean": 495.8,
    "max": 1868.45,
    "std": 399.97,
    "max_mean_ratio": 3.77
  },
  "energy": {
    "mean": 0.023959,
    "max": 0.126421,
    "std": 0.02358,
    "rate_of_change": 0.012554
  },
  "speech_rate": {
    "chars_per_sec": 7.95,
    "words_per_sec": 1.15,
    "segment_count": 5
  },
  "spectral_centroid": {
    "mean": 2094.65
  },
  "timeseries": {
    "frame_sec": 0.5,
    "pitch": [
      1196.69,
      621.59,
      215.53,
      481.52,
      1024.46,
      740.1,
      389.18,
      311.57,
      391.12,
      450.65,
      603.03,
      409.06,
      381.35,
      399.54,
      557.69,
      435.97,
      397.39,
      390.55,
      330.64,
      1867.89
    ],
    "energy": [
      0.010415,
      0.021889,
      0.010778,
      0.014893,
      0.017923,
      0.010705,
      0.010889,
      0.023175,
      0.013561,
      0.009765,
      0.015863,
      0.031242,
      0.016442,
      0.023977,
      0.017632,
      0.048234,
      0.080429,
      0.056339,
      0.008123,
      0.007911
    ],
    "spectral_centroid": [
      2252.19,
      2024.02,
      2143.22,
      2085.83,
      1994.05,
      2246.15,
      2168.89,
      2055.77,
      2284.7,
      2234.6,
      2086.03,
      2077.68,
      2146.85,
      1973.43,
      2181.38,
      2145.01,
      1667.1,
      1771.51,
      2175.41,
      2266.78
    ]
  }
}