{
  "id": "f15332f8-6b8f-4184-a108-25cd87888d5a",
  "duration": 11.669,
  "pitch": {
    "mean": 402.95,
    "max": 1937.69,
    "std": 292.73,
    "max_mean_ratio": 4.81
  },
  "energy": {
    "mean": 0.053155,
    "max": 0.142558,
    "std": 0.038657,
    "rate_of_change": 0.01186
  },
  "speech_rate": {
    "chars_per_sec": 16.73,
    "words_per_sec": 2.7,
    "segment_count": 6
  },
  "spectral_centroid": {
    "mean": 1848.03
  },
  "timeseries": {
    "frame_sec": 0.5,
    "pitch": [
      372.32,
      379.78,
      409.52,
      207.89,
      375.05,
      680.99,
      484.13,
      436.87,
      619.19,
      273.24,
      445.63,
      254.51,
      769.65,
      478.07,
      240.62,
      290.73,
      306.08,
      534.97,
      373.77,
      679.36,
      296.74,
      244.84,
      214.22,
      214.06
    ],
    "energy": [
      0.048511,
      0.072823,
      0.061373,
      0.020569,
      0.012352,
      0.070345,
      0.086057,
      0.062912,
      0.084621,
      0.008975,
      0.013591,
      0.042559,
      0.062078,
      0.086659,
      0.012334,
      0.005635,
      0.007749,
      0.076303,
      0.062519,
      0.112312,
      0.070532,
      0.097416,
      0.012935,
      0.009342
    ],
    "spectral_centroid": [
      1617.23,
      1840.98,
      1617.67,
      1963.41,
      1865.41,
      2054.86,
      1723.66,
      2945.51,
      1752.74,
      1439.56,
      1595.0,
      2469.83,
      2044.91,
      1204.57,
      1550.79,
      1662.4,
      1839.64,
      1578.87,
      1932.92,
      1681.0,
      1963.19,
      2323.87,
      1783.69,
      1713.13
    ]
  }
}