{
  "id": "f15d156f-d5ba-4cdd-a094-8c92ef83cb2f",
  "duration": 18.432,
  "pitch": {
    "mean": 352.1,
    "max": 1805.33,
    "std": 267.33,
    "max_mean_ratio": 5.13
  },
  "energy": {
    "mean": 0.050418,
    "max": 0.169877,
    "std": 0.032009,
    "rate_of_change": 0.008847
  },
  "speech_rate": {
    "chars_per_sec": 13.35,
    "words_per_sec": 2.42,
    "segment_count": 16
  },
  "spectral_centroid": {
    "mean": 2150.92
  },
  "timeseries": {
    "frame_sec": 0.5,
    "pitch": [
      128.22,
      106.38,
      274.11,
      333.08,
      385.76,
      497.54,
      518.59,
      116.8,
      286.94,
      364.23,
      362.04,
      286.65,
      226.16,
      286.4,
      265.23,
      90.6,
      103.25,
      122.91,
      118.76,
      494.61,
      737.77,
      352.25,
      394.3,
      564.62,
      359.84,
      588.14,
      136.07,
      205.52,
      409.26,
      344.69,
      484.46,
      338.69,
      411.41,
      607.4,
      411.01,
      499.15,
      842.05
    ],
    "energy": [
      0.009608,
      0.017444,
      0.031119,
      0.035741,
      0.035635,
      0.043692,
      0.063623,
      0.020806,
      0.040605,
      0.04301,
      0.04132,
      0.030927,
      0.049257,
      0.046501,
      0.044779,
      0.018933,
      0.017499,
      0.021693,
      0.022966,
      0.055,
      0.063392,
      0.041631,
      0.066584,
      0.055812,
      0.060423,
      0.098731,
      0.031214,
      0.027501,
      0.054954,
      0.035599,
      0.074919,
      0.043988,
      0.076695,
      0.104486,
      0.072256,
      0.082534,
      0.107332
    ],
    "spectral_centroid": [
      1894.9,
      1738.1,
      1748.61,
      2031.88,
      1869.79,
      2149.22,
      2067.69,
      2548.7,
      2815.61,
      2262.56,
      2365.39,
      2828.81,
      1802.27,
      1565.03,
      1864.05,
      1895.43,
      1826.38,
      2109.16,
      1913.45,
      1945.86,
      1974.52,
      1989.27,
      1961.63,
      2554.76,
      2390.5,
      2518.31,
      2536.63,
      2226.17,
      2162.8,
      2282.0,
      2127.6,
      2134.85,
      2236.82,
      2234.95,
      2607.78,
      2375.41,
      2117.74
    ]
  }
}