{
  "id": "f1961b25-10b5-46a7-94e2-0311b891e92e",
  "duration": 14.912,
  "pitch": {
    "mean": 405.79,
    "max": 1767.65,
    "std": 257.35,
    "max_mean_ratio": 4.36
  },
  "energy": {
    "mean": 0.067903,
    "max": 0.261728,
    "std": 0.045965,
    "rate_of_change": 0.016847
  },
  "speech_rate": {
    "chars_per_sec": 24.65,
    "words_per_sec": 4.95,
    "segment_count": 10
  },
  "spectral_centroid": {
    "mean": 2015.74
  },
  "timeseries": {
    "frame_sec": 0.5,
    "pitch": [
      332.03,
      342.07,
      281.48,
      328.7,
      293.29,
      270.1,
      559.37,
      576.92,
      374.23,
      333.35,
      450.05,
      426.77,
      459.53,
      423.17,
      487.14,
      484.68,
      454.15,
      513.53,
      253.79,
      317.32,
      337.91,
      262.96,
      425.82,
      542.36,
      276.45,
      309.28,
      569.94,
      550.77,
      441.8,
      490.12
    ],
    "energy": [
      0.08661,
      0.053065,
      0.036213,
      0.047385,
      0.030681,
      0.03164,
      0.046346,
      0.051701,
      0.06557,
      0.056578,
      0.054129,
      0.0137,
      0.086612,
      0.036203,
      0.098559,
      0.088554,
      0.115996,
      0.059527,
      0.038988,
      0.032369,
      0.061645,
      0.035803,
      0.050259,
      0.099931,
      0.044981,
      0.057483,
      0.129801,
      0.15466,
      0.09165,
      0.084851
    ],
    "spectral_centroid": [
      1773.53,
      1919.28,
      1951.03,
      2055.74,
      2427.61,
      2199.8,
      1825.49,
      1717.89,
      2286.85,
      1900.91,
      2121.01,
      2242.12,
      1995.39,
      1913.27,
      1888.23,
      1818.32,
      2052.91,
      1793.37,
      1913.8,
      1867.28,
      1839.07,
      1982.48,
      2438.27,
      1784.64,
      2284.26,
      1811.23,
      1863.85,
      2914.1,
      1922.85,
      1988.06
    ]
  }
}