{
  "id": "f19f8e9f-b848-4ca6-9601-0e66b812ac1d",
  "duration": 12.971,
  "pitch": {
    "mean": 643.97,
    "max": 1738.3,
    "std": 302.03,
    "max_mean_ratio": 2.7
  },
  "energy": {
    "mean": 0.041559,
    "max": 0.097774,
    "std": 0.015776,
    "rate_of_change": 0.007115
  },
  "speech_rate": {
    "chars_per_sec": 17.03,
    "words_per_sec": 3.62,
    "segment_count": 3
  },
  "spectral_centroid": {
    "mean": 1751.65
  },
  "timeseries": {
    "frame_sec": 0.5,
    "pitch": [
      489.83,
      550.5,
      493.81,
      612.33,
      325.12,
      860.2,
      561.58,
      660.61,
      757.26,
      530.42,
      587.04,
      664.45,
      702.11,
      451.35,
      697.53,
      510.22,
      577.9,
      667.7,
      819.03,
      544.65,
      685.87,
      838.24,
      828.23,
      688.73,
      833.86,
      699.1
    ],
    "energy": [
      0.019697,
      0.022456,
      0.024737,
      0.040311,
      0.048219,
      0.049323,
      0.064448,
      0.06174,
      0.062042,
      0.040232,
      0.038819,
      0.048986,
      0.046888,
      0.057307,
      0.04985,
      0.03204,
      0.029563,
      0.029457,
      0.026208,
      0.03581,
      0.028511,
      0.029767,
      0.039231,
      0.027528,
      0.041426,
      0.043256
    ],
    "spectral_centroid": [
      1948.33,
      1612.54,
      1602.97,
      1807.54,
      1845.37,
      1801.14,
      1614.56,
      1669.57,
      1566.78,
      1937.59,
      1862.11,
      1702.29,
      1646.98,
      1709.63,
      1589.13,
      1732.45,
      1648.29,
      1608.64,
      1765.0,
      1816.7,
      1880.76,
      1858.79,
      1751.63,
      1778.21,
      1855.59,
      1880.85
    ]
  }
}