{
  "id": "f1f66386-fbfa-428a-855d-3cda5bf50db6",
  "duration": 16.469,
  "pitch": {
    "mean": 460.01,
    "max": 1562.74,
    "std": 268.81,
    "max_mean_ratio": 3.4
  },
  "energy": {
    "mean": 0.079697,
    "max": 0.318198,
    "std": 0.052607,
    "rate_of_change": 0.018789
  },
  "speech_rate": {
    "chars_per_sec": 17.13,
    "words_per_sec": 2.86,
    "segment_count": 8
  },
  "spectral_centroid": {
    "mean": 1952.66
  },
  "timeseries": {
    "frame_sec": 0.5,
    "pitch": [
      257.45,
      383.7,
      243.78,
      427.14,
      440.03,
      478.26,
      390.06,
      378.59,
      600.28,
      278.15,
      399.02,
      468.08,
      517.38,
      363.82,
      176.3,
      348.85,
      591.99,
      518.56,
      439.37,
      470.1,
      272.61,
      735.32,
      322.53,
      562.35,
      440.31,
      584.52,
      430.87,
      443.04,
      739.22,
      894.24,
      817.39,
      435.23,
      281.69
    ],
    "energy": [
      0.045955,
      0.077015,
      0.058253,
      0.071966,
      0.072372,
      0.064984,
      0.092307,
      0.066084,
      0.091605,
      0.042073,
      0.06015,
      0.058352,
      0.066722,
      0.035562,
      0.036083,
      0.069096,
      0.054986,
      0.060517,
      0.085919,
      0.093936,
      0.060555,
      0.09713,
      0.043003,
      0.061121,
      0.036315,
      0.083195,
      0.063997,
      0.08565,
      0.248754,
      0.148313,
      0.161555,
      0.085911,
      0.025839
    ],
    "spectral_centroid": [
      1571.14,
      1853.1,
      2205.38,
      1416.86,
      1754.47,
      1777.9,
      1962.62,
      2030.25,
      1905.1,
      2205.33,
      1781.3,
      1967.55,
      1698.29,
      2078.18,
      2307.31,
      1792.41,
      2126.35,
      1870.18,
      1871.45,
      2039.31,
      1615.22,
      2263.12,
      2295.2,
      1672.64,
      1804.63,
      1916.31,
      2054.15,
      1820.55,
      2099.71,
      2115.2,
      2221.44,
      2015.08,
      2260.18
    ]
  }
}