{
  "id": "f2046bf8-c858-44e8-b2fa-af736b679424",
  "duration": 15.68,
  "pitch": {
    "mean": 386.54,
    "max": 1533.55,
    "std": 305.55,
    "max_mean_ratio": 3.97
  },
  "energy": {
    "mean": 0.062166,
    "max": 0.237491,
    "std": 0.053794,
    "rate_of_change": 0.014933
  },
  "speech_rate": {
    "chars_per_sec": 7.02,
    "words_per_sec": 1.22,
    "segment_count": 8
  },
  "spectral_centroid": {
    "mean": 1976.61
  },
  "timeseries": {
    "frame_sec": 0.5,
    "pitch": [
      335.21,
      434.0,
      514.24,
      165.96,
      392.72,
      455.08,
      194.83,
      124.61,
      495.99,
      283.55,
      686.15,
      656.92,
      619.18,
      434.94,
      150.87,
      390.09,
      296.12,
      396.16,
      85.72,
      100.1,
      209.92,
      142.41,
      528.47,
      621.21,
      330.63,
      396.07,
      424.91,
      503.63,
      194.63,
      510.29,
      751.73,
      777.36
    ],
    "energy": [
      0.030282,
      0.062423,
      0.04762,
      0.023982,
      0.04694,
      0.053856,
      0.033266,
      0.014716,
      0.05651,
      0.023392,
      0.108915,
      0.104059,
      0.127353,
      0.042311,
      0.015236,
      0.037405,
      0.044837,
      0.03537,
      0.014441,
      0.013834,
      0.013325,
      0.017498,
      0.091018,
      0.107649,
      0.068102,
      0.051351,
      0.09618,
      0.131299,
      0.025325,
      0.109535,
      0.162764,
      0.124554
    ],
    "spectral_centroid": [
      2409.05,
      1997.33,
      1797.86,
      1646.27,
      2237.47,
      1689.43,
      2183.67,
      2508.62,
      1590.8,
      1848.77,
      1931.6,
      1797.35,
      1728.44,
      1706.18,
      2490.34,
      2139.42,
      2251.37,
      1846.28,
      1850.11,
      1931.88,
      2090.98,
      2772.2,
      2145.65,
      1834.76,
      2305.4,
      1752.47,
      1742.14,
      1953.88,
      1778.26,
      1692.82,
      1682.84,
      1678.45
    ]
  }
}