{
  "id": "f2503b8d-c9a8-4608-9b98-8e6137aefbbf",
  "duration": 11.499,
  "pitch": {
    "mean": 443.82,
    "max": 2070.73,
    "std": 346.59,
    "max_mean_ratio": 4.67
  },
  "energy": {
    "mean": 0.057545,
    "max": 0.161122,
    "std": 0.043008,
    "rate_of_change": 0.013791
  },
  "speech_rate": {
    "chars_per_sec": 15.13,
    "words_per_sec": 2.47,
    "segment_count": 2
  },
  "spectral_centroid": {
    "mean": 2066.73
  },
  "timeseries": {
    "frame_sec": 0.5,
    "pitch": [
      382.67,
      637.62,
      391.63,
      594.84,
      743.37,
      678.68,
      249.41,
      601.92,
      498.02,
      608.75,
      470.02,
      558.8,
      478.79,
      136.27,
      101.32,
      285.36,
      143.36,
      418.87,
      443.47,
      410.63,
      451.18,
      511.73,
      392.74
    ],
    "energy": [
      0.060939,
      0.090585,
      0.035968,
      0.079474,
      0.075044,
      0.091368,
      0.010414,
      0.079557,
      0.061446,
      0.089173,
      0.084411,
      0.055531,
      0.059282,
      0.014471,
      0.007181,
      0.005676,
      0.004865,
      0.00565,
      0.054221,
      0.074036,
      0.095063,
      0.095207,
      0.032935
    ],
    "spectral_centroid": [
      2101.16,
      1992.14,
      2160.84,
      2332.55,
      2290.84,
      2150.14,
      1875.62,
      1977.2,
      1928.58,
      1534.11,
      2084.5,
      2406.62,
      2134.6,
      1743.5,
      1826.48,
      2082.34,
      1948.75,
      1750.02,
      2198.53,
      2494.68,
      2120.99,
      2170.07,
      2221.41
    ]
  }
}