{
  "id": "f2971072-fb69-4343-bbfa-608a6b3658eb",
  "duration": 6.699,
  "pitch": {
    "mean": 508.0,
    "max": 1743.87,
    "std": 311.19,
    "max_mean_ratio": 3.43
  },
  "energy": {
    "mean": 0.022962,
    "max": 0.066364,
    "std": 0.01242,
    "rate_of_change": 0.008923
  },
  "speech_rate": {
    "chars_per_sec": 23.93,
    "words_per_sec": 4.46,
    "segment_count": 3
  },
  "spectral_centroid": {
    "mean": 1933.32
  },
  "timeseries": {
    "frame_sec": 0.5,
    "pitch": [
      398.68,
      377.85,
      737.09,
      452.26,
      489.61,
      395.05,
      334.72,
      474.24,
      497.8,
      581.46,
      573.4,
      609.23,
      838.78,
      597.45
    ],
    "energy": [
      0.044789,
      0.027505,
      0.031209,
      0.01859,
      0.012285,
      0.01163,
      0.013475,
      0.020348,
      0.023159,
      0.019735,
      0.020677,
      0.015208,
      0.027602,
      0.015458
    ],
    "spectral_centroid": [
      1656.3,
      1917.82,
      2276.04,
      1913.18,
      2147.55,
      1868.33,
      2156.41,
      1985.38,
      1896.01,
      1697.17,
      1834.61,
      1710.77,
      1968.57,
      2136.33
    ]
  }
}