{
  "id": "f29dc58b-1551-4d44-b0cb-d1b6e6b69f31",
  "duration": 10.816,
  "pitch": {
    "mean": 499.92,
    "max": 1763.59,
    "std": 287.56,
    "max_mean_ratio": 3.53
  },
  "energy": {
    "mean": 0.026001,
    "max": 0.167999,
    "std": 0.026329,
    "rate_of_change": 0.015246
  },
  "speech_rate": {
    "chars_per_sec": 18.61,
    "words_per_sec": 3.64,
    "segment_count": 6
  },
  "spectral_centroid": {
    "mean": 1966.73
  },
  "timeseries": {
    "frame_sec": 0.5,
    "pitch": [
      593.56,
      707.62,
      477.33,
      401.69,
      843.81,
      265.07,
      619.13,
      602.8,
      265.63,
      334.2,
      730.88,
      503.61,
      509.92,
      446.14,
      532.24,
      466.89,
      443.02,
      508.15,
      567.59,
      488.37,
      170.7,
      731.42
    ],
    "energy": [
      0.108924,
      0.059816,
      0.0298,
      0.017639,
      0.044037,
      0.01159,
      0.046116,
      0.034249,
      0.009391,
      0.011241,
      0.014549,
      0.011607,
      0.004867,
      0.023109,
      0.019667,
      0.014613,
      0.014184,
      0.006649,
      0.014665,
      0.01517,
      0.009962,
      0.0262
    ],
    "spectral_centroid": [
      2108.74,
      2161.75,
      2238.53,
      2062.71,
      1678.25,
      1618.79,
      1727.54,
      1866.71,
      2075.9,
      1986.21,
      1882.43,
      1819.11,
      1666.7,
      2125.94,
      2475.64,
      1750.91,
      1985.5,
      1999.58,
      2011.92,
      1725.08,
      2414.6,
      1868.34
    ]
  }
}