{
  "id": "f2d15511-0f63-448e-a47d-409ba9432e66",
  "duration": 11.819,
  "pitch": {
    "mean": 446.97,
    "max": 1926.61,
    "std": 302.0,
    "max_mean_ratio": 4.31
  },
  "energy": {
    "mean": 0.04626,
    "max": 0.199724,
    "std": 0.038407,
    "rate_of_change": 0.0165
  },
  "speech_rate": {
    "chars_per_sec": 16.58,
    "words_per_sec": 3.33,
    "segment_count": 1
  },
  "spectral_centroid": {
    "mean": 1835.06
  },
  "timeseries": {
    "frame_sec": 0.5,
    "pitch": [
      328.02,
      365.02,
      188.19,
      313.43,
      400.48,
      409.0,
      185.54,
      741.12,
      540.85,
      1086.93,
      481.24,
      690.15,
      409.74,
      412.86,
      394.33,
      338.39,
      387.98,
      597.41,
      415.47,
      461.9,
      432.35,
      571.39,
      348.23,
      375.63
    ],
    "energy": [
      0.027755,
      0.069726,
      0.017523,
      0.060764,
      0.036333,
      0.09219,
      0.017361,
      0.089792,
      0.033336,
      0.036949,
      0.02457,
      0.027767,
      0.065671,
      0.055433,
      0.038428,
      0.021495,
      0.040043,
      0.043126,
      0.039666,
      0.037765,
      0.027471,
      0.091531,
      0.028814,
      0.036969
    ],
    "spectral_centroid": [
      1731.48,
      1781.34,
      2369.23,
      2157.55,
      2582.34,
      1494.17,
      1912.25,
      1800.54,
      1861.01,
      1740.99,
      1836.47,
      1913.15,
      1896.28,
      1526.67,
      1749.52,
      1855.25,
      2002.94,
      1461.37,
      1462.97,
      1711.52,
      1904.58,
      1474.37,
      2174.81,
      1672.96
    ]
  }
}