{
  "id": "f2ec32be-ac64-49d7-aa39-f4b8ef6ea434",
  "duration": 12.416,
  "pitch": {
    "mean": 379.29,
    "max": 1949.82,
    "std": 276.47,
    "max_mean_ratio": 5.14
  },
  "energy": {
    "mean": 0.034112,
    "max": 0.261693,
    "std": 0.039072,
    "rate_of_change": 0.020865
  },
  "speech_rate": {
    "chars_per_sec": 10.1,
    "words_per_sec": 1.96,
    "segment_count": 2
  },
  "spectral_centroid": {
    "mean": 1628.61
  },
  "timeseries": {
    "frame_sec": 0.5,
    "pitch": [
      253.44,
      339.03,
      228.73,
      249.84,
      287.34,
      218.95,
      433.8,
      381.84,
      143.79,
      212.07,
      162.61,
      315.63,
      428.64,
      481.34,
      574.41,
      406.87,
      743.4,
      336.97,
      547.97,
      507.67,
      458.13,
      417.05,
      585.51,
      365.16,
      511.74
    ],
    "energy": [
      0.013224,
      0.00719,
      0.006209,
      0.032001,
      0.028238,
      0.022612,
      0.03222,
      0.018557,
      0.006921,
      0.005058,
      0.004969,
      0.003843,
      0.025429,
      0.055092,
      0.114241,
      0.051785,
      0.070961,
      0.013337,
      0.013901,
      0.013765,
      0.03933,
      0.060351,
      0.039624,
      0.084288,
      0.057357
    ],
    "spectral_centroid": [
      1567.44,
      1612.02,
      2249.85,
      1754.96,
      1212.24,
      1750.04,
      1329.63,
      1545.53,
      1855.24,
      1973.9,
      1950.86,
      1777.93,
      1293.05,
      1574.27,
      1596.33,
      1183.33,
      1544.62,
      1471.34,
      1515.77,
      1396.3,
      1317.49,
      1845.0,
      1884.99,
      1863.08,
      1660.55
    ]
  }
}