{
  "id": "f2f86e38-56dd-40a0-8ab3-d12d8e4de74c",
  "duration": 5.333,
  "pitch": {
    "mean": 456.43,
    "max": 1771.69,
    "std": 241.26,
    "max_mean_ratio": 3.88
  },
  "energy": {
    "mean": 0.066836,
    "max": 0.190857,
    "std": 0.041632,
    "rate_of_change": 0.033765
  },
  "speech_rate": {
    "chars_per_sec": 19.74,
    "words_per_sec": 3.57,
    "segment_count": 3
  },
  "spectral_centroid": {
    "mean": 1868.01
  },
  "timeseries": {
    "frame_sec": 0.5,
    "pitch": [
      383.37,
      535.94,
      431.69,
      388.52,
      471.44,
      550.2,
      309.97,
      317.38,
      435.21,
      584.05,
      666.82
    ],
    "energy": [
      0.066258,
      0.06814,
      0.087464,
      0.066558,
      0.093856,
      0.014882,
      0.017233,
      0.046171,
      0.09552,
      0.106564,
      0.036367
    ],
    "spectral_centroid": [
      1685.73,
      1417.07,
      1610.73,
      1669.98,
      1477.34,
      2107.89,
      2713.88,
      2012.17,
      2068.3,
      1912.01,
      1901.03
    ]
  }
}