{
  "id": "f2faae14-7174-4f58-b281-8f184e290524",
  "duration": 10.389,
  "pitch": {
    "mean": 370.02,
    "max": 1837.84,
    "std": 218.45,
    "max_mean_ratio": 4.97
  },
  "energy": {
    "mean": 0.015049,
    "max": 0.038296,
    "std": 0.007386,
    "rate_of_change": 0.003469
  },
  "speech_rate": {
    "chars_per_sec": 22.5,
    "words_per_sec": 4.62,
    "segment_count": 3
  },
  "spectral_centroid": {
    "mean": 1789.53
  },
  "timeseries": {
    "frame_sec": 0.5,
    "pitch": [
      449.82,
      244.37,
      252.19,
      391.15,
      369.34,
      379.94,
      364.04,
      322.02,
      435.08,
      310.61,
      447.1,
      443.67,
      356.55,
      375.45,
      301.07,
      431.41,
      278.72,
      474.02,
      400.65,
      412.42,
      274.51
    ],
    "energy": [
      0.01535,
      0.012956,
      0.010661,
      0.006049,
      0.013323,
      0.012684,
      0.014884,
      0.011043,
      0.010847,
      0.014445,
      0.019243,
      0.01748,
      0.014456,
      0.024179,
      0.01286,
      0.02015,
      0.006839,
      0.02037,
      0.014887,
      0.018509,
      0.008943
    ],
    "spectral_centroid": [
      1379.21,
      1925.56,
      1625.52,
      1642.29,
      1283.35,
      1559.51,
      2016.3,
      1619.0,
      1875.06,
      1569.81,
      1505.02,
      1508.07,
      1739.03,
      1678.05,
      2293.56,
      1856.74,
      1988.46,
      1614.1,
      2295.99,
      2038.01,
      2758.08
    ]
  }
}