{
  "id": "f34773bc-23f8-45d7-b9d7-5c7e702325e7",
  "duration": 22.571,
  "pitch": {
    "mean": 384.97,
    "max": 1730.21,
    "std": 277.33,
    "max_mean_ratio": 4.49
  },
  "energy": {
    "mean": 0.059076,
    "max": 0.256041,
    "std": 0.04381,
    "rate_of_change": 0.011075
  },
  "speech_rate": {
    "chars_per_sec": 10.82,
    "words_per_sec": 1.95,
    "segment_count": 9
  },
  "spectral_centroid": {
    "mean": 2095.87
  },
  "timeseries": {
    "frame_sec": 0.5,
    "pitch": [
      258.03,
      314.35,
      282.51,
      198.66,
      139.58,
      113.16,
      143.35,
      171.8,
      436.27,
      555.58,
      608.47,
      349.02,
      514.53,
      432.53,
      172.82,
      413.71,
      448.61,
      546.43,
      435.82,
      258.02,
      685.12,
      442.57,
      562.28,
      452.92,
      321.59,
      137.88,
      113.53,
      512.9,
      482.88,
      639.43,
      458.65,
      300.64,
      329.32,
      175.4,
      127.74,
      163.62,
      136.41,
      137.83,
      808.89,
      588.23,
      711.92,
      570.25,
      580.57,
      559.34,
      509.86,
      576.32
    ],
    "energy": [
      0.031763,
      0.044241,
      0.032045,
      0.028128,
      0.014641,
      0.017343,
      0.0161,
      0.013645,
      0.0497,
      0.05339,
      0.049286,
      0.040681,
      0.048233,
      0.063712,
      0.01295,
      0.057017,
      0.06737,
      0.078537,
      0.046003,
      0.037659,
      0.069557,
      0.047546,
      0.061105,
      0.057881,
      0.049704,
      0.032238,
      0.026907,
      0.075511,
      0.094396,
      0.099457,
      0.104749,
      0.082462,
      0.109854,
      0.012879,
      0.016413,
      0.016797,
      0.017118,
      0.035637,
      0.158712,
      0.143207,
      0.117989,
      0.082977,
      0.06756,
      0.061865,
      0.068635,
      0.09083
    ],
    "spectral_centroid": [
      2077.05,
      2185.39,
      2008.42,
      1939.2,
      1709.94,
      1954.27,
      1813.46,
      1698.79,
      1990.97,
      1877.55,
      2152.16,
      2126.97,
      2159.31,
      2044.2,
      1802.3,
      2313.03,
      1818.51,
      2044.78,
      1786.23,
      2484.47,
      1877.15,
      2086.08,
      2253.06,
      2015.78,
      1900.66,
      1538.22,
      1730.57,
      1990.04,
      2251.55,
      2213.17,
      2335.45,
      2165.38,
      2220.26,
      2033.24,
      2158.84,
      1941.54,
      2267.74,
      2526.69,
      1984.6,
      2144.9,
      2263.06,
      2400.64,
      2481.93,
      2661.08,
      2524.27,
      2368.31
    ]
  }
}