{
  "id": "f362687c-c457-4533-8617-75c253bb8107",
  "duration": 5.504,
  "pitch": {
    "mean": 537.14,
    "max": 2053.0,
    "std": 402.06,
    "max_mean_ratio": 3.82
  },
  "energy": {
    "mean": 0.06386,
    "max": 0.122038,
    "std": 0.024705,
    "rate_of_change": 0.019548
  },
  "speech_rate": {
    "chars_per_sec": 15.64,
    "words_per_sec": 3.45,
    "segment_count": 1
  },
  "spectral_centroid": {
    "mean": 1974.04
  },
  "timeseries": {
    "frame_sec": 0.5,
    "pitch": [
      589.58,
      568.41,
      596.26,
      438.66,
      519.08,
      516.16,
      173.66,
      476.61,
      849.02,
      694.72,
      723.39,
      509.34
    ],
    "energy": [
      0.062573,
      0.067195,
      0.062239,
      0.039935,
      0.061542,
      0.063478,
      0.046179,
      0.077601,
      0.063182,
      0.06382,
      0.064187,
      0.01585
    ],
    "spectral_centroid": [
      1787.92,
      1872.89,
      1848.33,
      1904.48,
      1926.13,
      1925.81,
      2074.23,
      1994.61,
      1926.21,
      2262.12,
      2189.42,
      2071.61
    ]
  }
}