{
  "id": "f37ba40c-6216-42ae-b7b3-8f2eaeef6bdb",
  "duration": 6.763,
  "pitch": {
    "mean": 416.52,
    "max": 1276.0,
    "std": 223.42,
    "max_mean_ratio": 3.06
  },
  "energy": {
    "mean": 0.043538,
    "max": 0.098378,
    "std": 0.023971,
    "rate_of_change": 0.014046
  },
  "speech_rate": {
    "chars_per_sec": 18.56,
    "words_per_sec": 4.19,
    "segment_count": 1
  },
  "spectral_centroid": {
    "mean": 1594.27
  },
  "timeseries": {
    "frame_sec": 0.5,
    "pitch": [
      483.5,
      507.61,
      333.0,
      432.77,
      396.39,
      461.62,
      259.24,
      550.24,
      330.61,
      427.2,
      515.44,
      389.59,
      271.03,
      567.9
    ],
    "energy": [
      0.062286,
      0.052366,
      0.041352,
      0.051679,
      0.024937,
      0.043124,
      0.01493,
      0.063703,
      0.027439,
      0.04295,
      0.044476,
      0.024626,
      0.038356,
      0.050011
    ],
    "spectral_centroid": [
      1359.35,
      1850.61,
      1684.98,
      1364.43,
      1752.05,
      1370.51,
      1830.32,
      1390.28,
      1443.72,
      1425.8,
      1424.66,
      2083.95,
      1860.71,
      1444.65
    ]
  }
}