{
  "id": "f3eb0683-d7ce-42cd-985f-68ce30cb1260",
  "duration": 8.512,
  "pitch": {
    "mean": 318.55,
    "max": 1584.35,
    "std": 227.5,
    "max_mean_ratio": 4.97
  },
  "energy": {
    "mean": 0.036581,
    "max": 0.087828,
    "std": 0.017379,
    "rate_of_change": 0.009649
  },
  "speech_rate": {
    "chars_per_sec": 19.97,
    "words_per_sec": 3.83,
    "segment_count": 3
  },
  "spectral_centroid": {
    "mean": 1854.74
  },
  "timeseries": {
    "frame_sec": 0.5,
    "pitch": [
      147.63,
      422.45,
      487.23,
      238.37,
      397.79,
      326.23,
      435.65,
      335.38,
      427.19,
      266.4,
      265.94,
      205.38,
      453.37,
      402.41,
      207.56,
      223.2,
      206.54,
      515.19
    ],
    "energy": [
      0.021554,
      0.068639,
      0.031518,
      0.021826,
      0.042395,
      0.032386,
      0.023573,
      0.03739,
      0.039012,
      0.034281,
      0.028022,
      0.023305,
      0.05119,
      0.054281,
      0.029778,
      0.029323,
      0.025568,
      0.022907
    ],
    "spectral_centroid": [
      1770.31,
      1655.2,
      1539.98,
      1902.22,
      2210.23,
      1921.47,
      1629.18,
      1762.81,
      1578.08,
      1911.39,
      1771.55,
      1895.63,
      1751.82,
      1966.25,
      2168.59,
      1990.78,
      2062.95,
      1636.36
    ]
  }
}