{
  "id": "f3f13d27-60cf-45f7-92c0-d2fb6c6a481d",
  "duration": 11.712,
  "pitch": {
    "mean": 323.18,
    "max": 1366.71,
    "std": 230.07,
    "max_mean_ratio": 4.23
  },
  "energy": {
    "mean": 0.061989,
    "max": 0.115316,
    "std": 0.030842,
    "rate_of_change": 0.009221
  },
  "speech_rate": {
    "chars_per_sec": 16.44,
    "words_per_sec": 3.17,
    "segment_count": 2
  },
  "spectral_centroid": {
    "mean": 1846.84
  },
  "timeseries": {
    "frame_sec": 0.5,
    "pitch": [
      218.37,
      223.63,
      330.26,
      253.85,
      412.24,
      219.8,
      277.38,
      414.17,
      138.86,
      135.22,
      277.28,
      228.18,
      159.79,
      420.57,
      645.89,
      447.85,
      393.64,
      316.95,
      409.8,
      478.9,
      336.67,
      430.37,
      299.0,
      410.51
    ],
    "energy": [
      0.059622,
      0.064978,
      0.074353,
      0.06992,
      0.081652,
      0.052433,
      0.073181,
      0.065333,
      0.011657,
      0.010436,
      0.06377,
      0.009891,
      0.01796,
      0.070797,
      0.080924,
      0.073848,
      0.075131,
      0.06709,
      0.067295,
      0.064869,
      0.063046,
      0.071388,
      0.068492,
      0.075554
    ],
    "spectral_centroid": [
      1891.51,
      1674.33,
      1799.93,
      1934.42,
      1524.1,
      2251.5,
      1570.36,
      1957.71,
      1944.1,
      2001.7,
      1375.18,
      2182.98,
      2250.72,
      1771.0,
      1532.87,
      1540.91,
      1554.71,
      1770.06,
      2020.76,
      1866.38,
      2224.53,
      2264.64,
      1737.52,
      1784.2
    ]
  }
}