{
  "id": "f4476ab5-c8ce-40f1-b5d8-f82c9da79f1b",
  "duration": 12.309,
  "pitch": {
    "mean": 481.6,
    "max": 2073.98,
    "std": 298.48,
    "max_mean_ratio": 4.31
  },
  "energy": {
    "mean": 0.07972,
    "max": 0.261566,
    "std": 0.051129,
    "rate_of_change": 0.020789
  },
  "speech_rate": {
    "chars_per_sec": 12.2,
    "words_per_sec": 2.13,
    "segment_count": 10
  },
  "spectral_centroid": {
    "mean": 1907.04
  },
  "timeseries": {
    "frame_sec": 0.5,
    "pitch": [
      462.16,
      543.31,
      622.75,
      348.02,
      396.84,
      502.82,
      127.09,
      225.66,
      461.45,
      457.06,
      553.98,
      664.22,
      371.29,
      467.06,
      717.54,
      400.62,
      306.53,
      558.98,
      734.51,
      431.84,
      606.28,
      592.67,
      498.67,
      462.1,
      631.91
    ],
    "energy": [
      0.066157,
      0.06685,
      0.082862,
      0.049358,
      0.064408,
      0.079273,
      0.01181,
      0.007519,
      0.071828,
      0.061391,
      0.087875,
      0.11321,
      0.082722,
      0.070617,
      0.097694,
      0.008354,
      0.025113,
      0.091354,
      0.085007,
      0.065207,
      0.083812,
      0.11336,
      0.11259,
      0.189093,
      0.134681
    ],
    "spectral_centroid": [
      1825.9,
      1517.81,
      1323.76,
      1377.06,
      1620.87,
      1585.25,
      1604.54,
      1733.24,
      2273.63,
      2209.1,
      2574.09,
      1850.51,
      2190.85,
      2088.95,
      2011.11,
      1602.65,
      1954.71,
      2069.13,
      1796.68,
      2060.92,
      1830.3,
      2069.03,
      2362.77,
      1913.81,
      2265.14
    ]
  }
}