{
  "id": "f44a29c7-abb0-4708-8272-5e9853224115",
  "duration": 10.965,
  "pitch": {
    "mean": 531.84,
    "max": 2040.06,
    "std": 466.89,
    "max_mean_ratio": 3.84
  },
  "energy": {
    "mean": 0.053669,
    "max": 0.26585,
    "std": 0.044926,
    "rate_of_change": 0.023582
  },
  "speech_rate": {
    "chars_per_sec": 16.14,
    "words_per_sec": 2.97,
    "segment_count": 6
  },
  "spectral_centroid": {
    "mean": 2157.16
  },
  "timeseries": {
    "frame_sec": 0.5,
    "pitch": [
      901.67,
      383.06,
      869.34,
      491.5,
      111.45,
      142.48,
      121.04,
      559.03,
      609.69,
      571.24,
      570.62,
      585.73,
      612.43,
      533.89,
      610.47,
      1287.12,
      709.45,
      423.67,
      494.18,
      225.75,
      633.14,
      444.95
    ],
    "energy": [
      0.142712,
      0.046794,
      0.068407,
      0.025198,
      0.015347,
      0.013329,
      0.013638,
      0.086094,
      0.086593,
      0.076466,
      0.049631,
      0.056609,
      0.088851,
      0.061062,
      0.071184,
      0.04953,
      0.024823,
      0.031887,
      0.027639,
      0.02908,
      0.018582,
      0.045415
    ],
    "spectral_centroid": [
      2089.09,
      2292.97,
      1660.66,
      2149.57,
      1972.68,
      2335.17,
      2350.59,
      1905.78,
      2026.84,
      1928.79,
      2085.49,
      2082.32,
      1937.21,
      2336.91,
      2301.7,
      1901.59,
      2273.28,
      2171.55,
      2081.65,
      2721.35,
      2201.92,
      2732.72
    ]
  }
}