{
  "id": "f4e29ca5-73bd-4ebd-b5f4-e4e90829e943",
  "duration": 5.696,
  "pitch": {
    "mean": 528.12,
    "max": 2040.23,
    "std": 379.24,
    "max_mean_ratio": 3.86
  },
  "energy": {
    "mean": 0.083598,
    "max": 0.172675,
    "std": 0.036562,
    "rate_of_change": 0.026453
  },
  "speech_rate": {
    "chars_per_sec": 17.25,
    "words_per_sec": 3.87,
    "segment_count": 1
  },
  "spectral_centroid": {
    "mean": 2054.24
  },
  "timeseries": {
    "frame_sec": 0.5,
    "pitch": [
      453.82,
      438.92,
      527.63,
      485.1,
      365.54,
      632.28,
      228.97,
      631.66,
      451.13,
      519.85,
      714.61,
      437.43
    ],
    "energy": [
      0.066029,
      0.079761,
      0.07648,
      0.073885,
      0.064781,
      0.113167,
      0.065915,
      0.118369,
      0.075424,
      0.076115,
      0.07419,
      0.081661
    ],
    "spectral_centroid": [
      2531.45,
      2150.51,
      2276.69,
      1648.62,
      1976.17,
      1865.56,
      2187.18,
      1970.15,
      1974.36,
      1892.91,
      1910.48,
      2439.77
    ]
  }
}