{
  "id": "f5056d3e-ae4f-4d4d-9768-eaa00593e69b",
  "duration": 28.8,
  "pitch": {
    "mean": 419.82,
    "max": 1726.78,
    "std": 345.21,
    "max_mean_ratio": 4.11
  },
  "energy": {
    "mean": 0.041685,
    "max": 0.098715,
    "std": 0.018937,
    "rate_of_change": 0.003039
  },
  "speech_rate": {
    "chars_per_sec": 16.4,
    "words_per_sec": 3.12,
    "segment_count": 12
  },
  "spectral_centroid": {
    "mean": 1922.41
  },
  "timeseries": {
    "frame_sec": 0.5,
    "pitch": [
      170.39,
      271.51,
      651.14,
      470.97,
      582.52,
      347.66,
      315.0,
      536.35,
      581.02,
      544.08,
      190.26,
      354.75,
      415.49,
      483.25,
      408.86,
      597.73,
      406.92,
      487.57,
      492.62,
      348.99,
      556.79,
      329.96,
      245.8,
      215.78,
      242.89,
      341.46,
      587.89,
      370.74,
      288.41,
      567.43,
      359.37,
      593.91,
      683.18,
      175.19,
      303.61,
      591.0,
      277.31,
      438.81,
      506.68,
      451.53,
      405.25,
      358.52,
      248.5,
      445.3,
      371.85,
      455.9,
      651.19,
      496.83,
      441.91,
      258.43,
      185.12,
      255.3,
      691.8,
      315.24,
      220.96,
      697.94,
      651.47,
      535.34
    ],
    "energy": [
      0.036453,
      0.054182,
      0.049209,
      0.047799,
      0.048923,
      0.052802,
      0.060623,
      0.038337,
      0.041528,
      0.043682,
      0.023787,
      0.05353,
      0.052767,
      0.046931,
      0.054213,
      0.04633,
      0.050368,
      0.052673,
      0.041906,
      0.037087,
      0.017879,
      0.020116,
      0.023263,
      0.030736,
      0.034929,
      0.05003,
      0.043022,
      0.046227,
      0.036449,
      0.028397,
      0.019993,
      0.038133,
      0.020706,
      0.017983,
      0.016812,
      0.020087,
      0.035871,
      0.042341,
      0.032017,
      0.037485,
      0.054631,
      0.037268,
      0.027176,
      0.048539,
      0.033655,
      0.047946,
      0.047073,
      0.065867,
      0.05768,
      0.017508,
      0.025017,
      0.026992,
      0.046192,
      0.030089,
      0.025178,
      0.067735,
      0.054703,
      0.058884
    ],
    "spectral_centroid": [
      2014.97,
      2227.39,
      2092.79,
      2024.14,
      1974.35,
      1884.02,
      1856.27,
      1714.42,
      1587.12,
      1710.42,
      1845.62,
      1805.25,
      1742.03,
      1727.83,
      1888.14,
      1547.17,
      1596.11,
      1379.15,
      1897.82,
      2001.95,
      2650.64,
      2059.75,
      1663.21,
      1881.93,
      2321.18,
      2029.98,
      1557.83,
      1855.04,
      2129.24,
      1999.24,
      2124.85,
      1844.23,
      2187.42,
      1753.01,
      1809.37,
      2246.8,
      1742.9,
      1878.16,
      2145.7,
      1658.2,
      2180.71,
      1788.69,
      1815.89,
      1693.02,
      1868.67,
      1666.43,
      2017.1,
      1665.14,
      1598.85,
      2849.12,
      1661.07,
      1838.98,
      2083.98,
      2323.83,
      1951.71,
      2274.52,
      2207.07,
      1919.69
    ]
  }
}