{
  "id": "f5b572a9-371a-4337-956f-764698c1a541",
  "duration": 31.637,
  "pitch": {
    "mean": 454.9,
    "max": 2021.72,
    "std": 288.89,
    "max_mean_ratio": 4.44
  },
  "energy": {
    "mean": 0.08157,
    "max": 0.264769,
    "std": 0.056797,
    "rate_of_change": 0.008096
  },
  "speech_rate": {
    "chars_per_sec": 16.73,
    "words_per_sec": 3.34,
    "segment_count": 7
  },
  "spectral_centroid": {
    "mean": 1982.64
  },
  "timeseries": {
    "frame_sec": 0.5,
    "pitch": [
      333.24,
      429.39,
      341.5,
      639.28,
      352.64,
      377.18,
      248.51,
      489.5,
      600.84,
      573.85,
      505.9,
      446.31,
      625.59,
      385.91,
      236.02,
      738.14,
      215.14,
      233.58,
      701.09,
      489.98,
      602.7,
      670.28,
      473.03,
      373.06,
      427.07,
      295.74,
      367.18,
      564.15,
      497.72,
      498.58,
      852.27,
      821.31,
      354.95,
      484.72,
      388.13,
      441.09,
      315.01,
      264.89,
      259.43,
      277.96,
      463.12,
      341.86,
      739.69,
      452.12,
      358.61,
      385.91,
      456.39,
      509.15,
      445.65,
      430.91,
      424.36,
      359.01,
      450.72,
      539.95,
      275.15,
      523.55,
      386.88,
      424.99,
      483.11,
      602.68,
      494.08,
      500.78,
      411.44,
      457.88
    ],
    "energy": [
      0.040284,
      0.159124,
      0.061169,
      0.122178,
      0.098584,
      0.090192,
      0.0345,
      0.083045,
      0.172116,
      0.155623,
      0.099319,
      0.108032,
      0.17047,
      0.093235,
      0.105663,
      0.019364,
      0.015978,
      0.029257,
      0.033363,
      0.041713,
      0.093345,
      0.097601,
      0.139067,
      0.106532,
      0.104233,
      0.065923,
      0.089815,
      0.122034,
      0.080278,
      0.075896,
      0.180185,
      0.117675,
      0.101954,
      0.094984,
      0.025529,
      0.024315,
      0.025591,
      0.019031,
      0.015236,
      0.050831,
      0.039423,
      0.063109,
      0.029257,
      0.016508,
      0.012741,
      0.019649,
      0.052986,
      0.040262,
      0.127001,
      0.104709,
      0.082151,
      0.079828,
      0.078199,
      0.098792,
      0.053589,
      0.054408,
      0.056168,
      0.09745,
      0.067108,
      0.056079,
      0.082086,
      0.11486,
      0.086205,
      0.142486
    ],
    "spectral_centroid": [
      2074.59,
      1475.18,
      1692.46,
      1474.97,
      2268.06,
      1764.37,
      2094.29,
      1690.13,
      1722.81,
      2085.73,
      1995.79,
      1713.26,
      1740.78,
      1795.6,
      2127.45,
      2468.39,
      2065.82,
      2053.23,
      1841.82,
      1867.44,
      1986.98,
      2062.73,
      1727.17,
      1859.51,
      2014.93,
      2278.42,
      2173.62,
      1952.75,
      1905.54,
      2724.74,
      1714.97,
      1727.84,
      2049.05,
      1598.05,
      1712.29,
      2039.15,
      2072.67,
      2711.68,
      1984.21,
      2394.35,
      1896.29,
      2053.34,
      2131.89,
      2445.35,
      2227.92,
      2072.53,
      2044.67,
      1740.64,
      1633.75,
      1791.14,
      1666.18,
      1944.01,
      2375.88,
      1951.95,
      2020.14,
      2136.4,
      2601.13,
      1844.23,
      2134.89,
      1868.67,
      1889.27,
      2001.81,
      1833.14,
      2039.77
    ]
  }
}