{
  "id": "f5d5e54a-9a4a-4eac-9d7a-34c3823f0ec4",
  "duration": 21.76,
  "pitch": {
    "mean": 628.97,
    "max": 2079.97,
    "std": 532.95,
    "max_mean_ratio": 3.31
  },
  "energy": {
    "mean": 0.219087,
    "max": 0.610608,
    "std": 0.163482,
    "rate_of_change": 0.026466
  },
  "speech_rate": {
    "chars_per_sec": 8.24,
    "words_per_sec": 1.39,
    "segment_count": 9
  },
  "spectral_centroid": {
    "mean": 2030.01
  },
  "timeseries": {
    "frame_sec": 0.5,
    "pitch": [
      487.64,
      188.04,
      284.29,
      425.21,
      986.46,
      1008.97,
      773.22,
      760.69,
      714.0,
      370.8,
      1004.78,
      332.7,
      390.87,
      589.12,
      833.0,
      981.35,
      329.08,
      804.61,
      424.11,
      739.33,
      463.88,
      511.91,
      612.47,
      462.5,
      305.19,
      236.28,
      329.45,
      747.43,
      478.3,
      413.05,
      890.29,
      763.89,
      1071.2,
      295.17,
      250.88,
      163.27,
      494.75,
      1201.5,
      1548.06,
      949.13,
      805.04,
      686.91,
      795.21,
      1179.5
    ],
    "energy": [
      0.221517,
      0.059206,
      0.057389,
      0.060979,
      0.063364,
      0.04702,
      0.183418,
      0.317391,
      0.355029,
      0.174123,
      0.098113,
      0.068338,
      0.070396,
      0.28833,
      0.227289,
      0.197216,
      0.349587,
      0.158147,
      0.353169,
      0.23551,
      0.314719,
      0.117982,
      0.069492,
      0.08315,
      0.095156,
      0.067994,
      0.083934,
      0.33238,
      0.205801,
      0.146821,
      0.367899,
      0.411079,
      0.324692,
      0.053128,
      0.049027,
      0.048937,
      0.080572,
      0.366041,
      0.423403,
      0.460315,
      0.401155,
      0.41187,
      0.429556,
      0.346714
    ],
    "spectral_centroid": [
      2070.66,
      1691.23,
      1905.33,
      1923.11,
      2118.3,
      2238.83,
      1827.27,
      1794.65,
      1853.52,
      2102.78,
      2288.15,
      1764.64,
      1918.23,
      1402.76,
      2113.87,
      2506.63,
      1878.7,
      1779.95,
      1819.64,
      2157.21,
      1645.81,
      1808.41,
      2266.14,
      2301.89,
      2156.89,
      1988.65,
      1742.06,
      1776.09,
      1803.35,
      1761.07,
      1965.58,
      1792.3,
      2331.11,
      1971.32,
      2161.07,
      2079.42,
      2800.63,
      2024.39,
      2351.25,
      2275.84,
      2334.81,
      2257.86,
      2323.85,
      2232.11
    ]
  }
}