{
  "id": "f5da595b-11fa-4e24-9130-d1da4d229d38",
  "duration": 9.92,
  "pitch": {
    "mean": 478.55,
    "max": 2078.83,
    "std": 439.89,
    "max_mean_ratio": 4.34
  },
  "energy": {
    "mean": 0.0725,
    "max": 0.271671,
    "std": 0.055447,
    "rate_of_change": 0.026796
  },
  "speech_rate": {
    "chars_per_sec": 11.11,
    "words_per_sec": 1.92,
    "segment_count": 8
  },
  "spectral_centroid": {
    "mean": 2100.36
  },
  "timeseries": {
    "frame_sec": 0.5,
    "pitch": [
      782.01,
      157.52,
      167.56,
      152.15,
      486.33,
      633.2,
      549.0,
      1057.15,
      854.97,
      194.68,
      412.09,
      788.96,
      489.26,
      339.11,
      394.29,
      323.95,
      582.45,
      471.9,
      391.54,
      142.4
    ],
    "energy": [
      0.081995,
      0.010249,
      0.009876,
      0.010917,
      0.090751,
      0.080294,
      0.078011,
      0.075274,
      0.108952,
      0.012387,
      0.076726,
      0.082874,
      0.06977,
      0.056752,
      0.095417,
      0.098763,
      0.113607,
      0.093415,
      0.12177,
      0.009753
    ],
    "spectral_centroid": [
      2631.0,
      1642.43,
      1790.66,
      1601.19,
      1923.39,
      2219.8,
      2244.78,
      2257.3,
      2143.7,
      1798.61,
      1814.9,
      2057.74,
      2022.91,
      1995.54,
      2021.52,
      2588.48,
      1966.21,
      2242.81,
      2725.35,
      2269.96
    ]
  }
}