{
  "id": "f5e0d3af-8f98-4d17-b8de-6dc3fff3f58d",
  "duration": 23.04,
  "pitch": {
    "mean": 330.21,
    "max": 1935.86,
    "std": 272.27,
    "max_mean_ratio": 5.86
  },
  "energy": {
    "mean": 0.038541,
    "max": 0.102699,
    "std": 0.022,
    "rate_of_change": 0.004277
  },
  "speech_rate": {
    "chars_per_sec": 13.06,
    "words_per_sec": 2.39,
    "segment_count": 4
  },
  "spectral_centroid": {
    "mean": 2185.7
  },
  "timeseries": {
    "frame_sec": 0.5,
    "pitch": [
      358.49,
      211.44,
      313.98,
      546.88,
      336.31,
      250.02,
      255.05,
      344.1,
      181.38,
      228.82,
      130.47,
      301.38,
      101.77,
      123.66,
      255.56,
      290.73,
      343.83,
      257.53,
      682.05,
      350.93,
      370.57,
      283.78,
      451.94,
      337.85,
      353.99,
      325.2,
      379.92,
      276.46,
      346.41,
      403.91,
      396.42,
      372.6,
      101.62,
      332.21,
      395.56,
      330.82,
      345.49,
      277.67,
      228.99,
      415.78,
      594.83,
      256.35,
      327.62,
      421.33,
      396.07,
      436.52,
      545.82
    ],
    "energy": [
      0.043644,
      0.023282,
      0.033915,
      0.036849,
      0.048872,
      0.040917,
      0.033032,
      0.042361,
      0.015317,
      0.041207,
      0.016759,
      0.049868,
      0.017334,
      0.010546,
      0.052404,
      0.076239,
      0.058124,
      0.020188,
      0.016211,
      0.030818,
      0.036545,
      0.007246,
      0.030631,
      0.042236,
      0.052604,
      0.046929,
      0.03057,
      0.02672,
      0.032272,
      0.027114,
      0.029584,
      0.032646,
      0.019602,
      0.055167,
      0.063004,
      0.052608,
      0.043003,
      0.046054,
      0.025344,
      0.04276,
      0.042526,
      0.027717,
      0.073133,
      0.023362,
      0.027291,
      0.049291,
      0.041908
    ],
    "spectral_centroid": [
      1774.19,
      1763.06,
      1974.9,
      2040.78,
      1771.22,
      2175.68,
      2148.96,
      2067.66,
      2684.08,
      2771.96,
      3298.41,
      2070.43,
      2381.58,
      2970.69,
      1981.27,
      1794.23,
      2094.67,
      2749.39,
      2138.68,
      2354.78,
      2064.55,
      2698.94,
      2223.62,
      1638.83,
      1989.93,
      1770.7,
      2440.07,
      2610.41,
      2464.65,
      2586.24,
      1958.19,
      1794.7,
      2183.03,
      2188.39,
      1729.61,
      2012.98,
      2190.45,
      1862.08,
      2281.04,
      1821.25,
      2235.88,
      2468.11,
      1436.76,
      2375.89,
      2357.67,
      2087.5,
      1459.26
    ]
  }
}