{
  "id": "f637dd8c-ee06-446d-8acb-cc4abf45b5c1",
  "duration": 12.885,
  "pitch": {
    "mean": 361.22,
    "max": 2083.8,
    "std": 518.27,
    "max_mean_ratio": 5.77
  },
  "energy": {
    "mean": 0.020345,
    "max": 0.052118,
    "std": 0.008871,
    "rate_of_change": 0.003319
  },
  "speech_rate": {
    "chars_per_sec": 0.5,
    "words_per_sec": 0.1,
    "segment_count": 1
  },
  "spectral_centroid": {
    "mean": 2132.52
  },
  "timeseries": {
    "frame_sec": 0.5,
    "pitch": [
      104.23,
      205.96,
      112.58,
      165.88,
      112.29,
      192.83,
      255.81,
      173.4,
      107.18,
      108.02,
      482.7,
      236.07,
      181.24,
      194.16,
      186.19,
      206.06,
      197.69,
      349.23,
      125.67,
      126.88,
      324.9,
      1373.92,
      1253.26,
      878.6,
      691.33,
      894.74
    ],
    "energy": [
      0.01827,
      0.011913,
      0.012163,
      0.015791,
      0.014199,
      0.018426,
      0.016245,
      0.017291,
      0.015695,
      0.017147,
      0.02001,
      0.02636,
      0.03092,
      0.016979,
      0.015668,
      0.01679,
      0.013219,
      0.020765,
      0.012478,
      0.011377,
      0.018717,
      0.042263,
      0.031403,
      0.03107,
      0.024444,
      0.016946
    ],
    "spectral_centroid": [
      2145.03,
      2253.17,
      2037.72,
      2005.25,
      1980.56,
      1965.12,
      2140.18,
      2235.83,
      2081.74,
      2333.44,
      2432.04,
      2126.93,
      1934.96,
      2072.49,
      2021.81,
      2101.66,
      2042.31,
      1857.68,
      1748.39,
      1943.0,
      1937.28,
      2601.36,
      2504.67,
      2266.43,
      2332.5,
      2336.24
    ]
  }
}