{
  "id": "f647c8e2-b7cb-4e70-b4a7-e45bdd81b4c9",
  "duration": 9.835,
  "pitch": {
    "mean": 325.31,
    "max": 2077.4,
    "std": 354.08,
    "max_mean_ratio": 6.39
  },
  "energy": {
    "mean": 0.070638,
    "max": 0.229693,
    "std": 0.048066,
    "rate_of_change": 0.02181
  },
  "speech_rate": {
    "chars_per_sec": 10.9,
    "words_per_sec": 2.14,
    "segment_count": 3
  },
  "spectral_centroid": {
    "mean": 2074.87
  },
  "timeseries": {
    "frame_sec": 0.5,
    "pitch": [
      255.78,
      425.92,
      226.13,
      116.38,
      583.09,
      659.62,
      168.46,
      195.14,
      411.83,
      401.86,
      514.55,
      183.66,
      300.25,
      358.08,
      213.77,
      206.48,
      326.84,
      419.59,
      513.6,
      394.24
    ],
    "energy": [
      0.067135,
      0.096339,
      0.038246,
      0.028616,
      0.042845,
      0.046243,
      0.040289,
      0.028239,
      0.029673,
      0.029903,
      0.033234,
      0.076564,
      0.099761,
      0.108929,
      0.038773,
      0.043445,
      0.106371,
      0.149178,
      0.13413,
      0.124398
    ],
    "spectral_centroid": [
      1843.39,
      1847.97,
      2341.16,
      2191.18,
      2071.72,
      2073.54,
      2140.09,
      2232.0,
      2029.33,
      2192.27,
      2264.7,
      2452.34,
      1601.05,
      1563.86,
      1911.13,
      2189.35,
      1806.84,
      2043.44,
      2051.97,
      2745.18
    ]
  }
}