{
  "id": "f67c4bef-2c04-480c-9030-297bd0187638",
  "duration": 12.629,
  "pitch": {
    "mean": 466.4,
    "max": 1992.73,
    "std": 327.99,
    "max_mean_ratio": 4.27
  },
  "energy": {
    "mean": 0.060614,
    "max": 0.164236,
    "std": 0.034126,
    "rate_of_change": 0.012694
  },
  "speech_rate": {
    "chars_per_sec": 13.3,
    "words_per_sec": 2.39,
    "segment_count": 7
  },
  "spectral_centroid": {
    "mean": 2086.7
  },
  "timeseries": {
    "frame_sec": 0.5,
    "pitch": [
      720.68,
      371.0,
      573.15,
      509.24,
      423.46,
      545.95,
      397.05,
      973.25,
      202.15,
      309.06,
      369.1,
      463.59,
      562.53,
      597.34,
      286.15,
      443.16,
      485.92,
      396.32,
      490.98,
      584.96,
      650.83,
      386.14,
      570.35,
      271.09,
      104.01,
      82.31
    ],
    "energy": [
      0.082433,
      0.046122,
      0.078354,
      0.077285,
      0.057552,
      0.065135,
      0.063434,
      0.058693,
      0.007655,
      0.042947,
      0.062551,
      0.041061,
      0.062255,
      0.081037,
      0.025028,
      0.055982,
      0.059691,
      0.064175,
      0.106406,
      0.085323,
      0.062203,
      0.07029,
      0.086613,
      0.009052,
      0.00749,
      0.004017
    ],
    "spectral_centroid": [
      1937.99,
      1589.59,
      1875.45,
      1784.5,
      2444.42,
      1995.1,
      2169.95,
      2160.09,
      1899.92,
      2040.97,
      2449.67,
      2209.65,
      1987.31,
      1919.97,
      2373.69,
      1945.58,
      2067.11,
      1989.85,
      2276.04,
      2810.88,
      1838.13,
      1605.22,
      1391.22,
      2183.22,
      2950.82,
      2589.59
    ]
  }
}