{
  "id": "f737922b-5254-4406-853f-ae0a4f0ad7c2",
  "duration": 12.075,
  "pitch": {
    "mean": 301.44,
    "max": 732.06,
    "std": 194.41,
    "max_mean_ratio": 2.43
  },
  "energy": {
    "mean": 0.044277,
    "max": 0.112348,
    "std": 0.031447,
    "rate_of_change": 0.008929
  },
  "speech_rate": {
    "chars_per_sec": 10.2,
    "words_per_sec": 1.99,
    "segment_count": 5
  },
  "spectral_centroid": {
    "mean": 1792.9
  },
  "timeseries": {
    "frame_sec": 0.5,
    "pitch": [
      421.12,
      487.8,
      307.68,
      424.31,
      358.38,
      305.28,
      94.04,
      514.7,
      379.46,
      497.81,
      312.31,
      188.74,
      97.62,
      152.07,
      127.26,
      205.85,
      370.49,
      156.74,
      138.13,
      343.87,
      414.11,
      173.01,
      414.77,
      369.58,
      336.26
    ],
    "energy": [
      0.068208,
      0.076302,
      0.060557,
      0.056039,
      0.049629,
      0.052477,
      0.011079,
      0.073835,
      0.058208,
      0.058085,
      0.046439,
      0.007151,
      0.008941,
      0.009989,
      0.006408,
      0.007512,
      0.067668,
      0.014576,
      0.006461,
      0.063822,
      0.058456,
      0.035237,
      0.070368,
      0.054228,
      0.04906
    ],
    "spectral_centroid": [
      1750.01,
      1660.4,
      1963.62,
      1402.47,
      1674.33,
      2014.51,
      1687.43,
      1390.5,
      2542.45,
      1710.91,
      1675.07,
      1578.55,
      2102.94,
      1510.99,
      1635.88,
      1575.63,
      1567.03,
      1673.1,
      1582.88,
      2317.74,
      2322.4,
      1764.04,
      1666.66,
      2190.86,
      2601.19
    ]
  }
}