{
  "id": "f7544a8a-b234-4672-9ed3-63787c1817cd",
  "duration": 4.181,
  "pitch": {
    "mean": 357.79,
    "max": 2083.38,
    "std": 569.88,
    "max_mean_ratio": 5.82
  },
  "energy": {
    "mean": 0.035769,
    "max": 0.11102,
    "std": 0.029153,
    "rate_of_change": 0.024879
  },
  "speech_rate": {
    "chars_per_sec": 10.05,
    "words_per_sec": 1.67,
    "segment_count": 1
  },
  "spectral_centroid": {
    "mean": 1913.54
  },
  "timeseries": {
    "frame_sec": 0.5,
    "pitch": [
      172.01,
      169.22,
      237.5,
      123.08,
      353.77,
      1040.09,
      278.65,
      172.85,
      173.28
    ],
    "energy": [
      0.014571,
      0.067242,
      0.059842,
      0.073493,
      0.019703,
      0.016761,
      0.018345,
      0.013968,
      0.008715
    ],
    "spectral_centroid": [
      1852.98,
      1397.22,
      1488.41,
      1489.23,
      2462.02,
      2503.65,
      1999.64,
      2007.98,
      2079.69
    ]
  }
}