{
  "id": "f77b13ef-4043-43bf-86a7-56d5a440c7c6",
  "duration": 7.04,
  "pitch": {
    "mean": 442.24,
    "max": 2044.41,
    "std": 297.09,
    "max_mean_ratio": 4.62
  },
  "energy": {
    "mean": 0.055709,
    "max": 0.132605,
    "std": 0.031151,
    "rate_of_change": 0.018213
  },
  "speech_rate": {
    "chars_per_sec": 15.1,
    "words_per_sec": 2.56,
    "segment_count": 4
  },
  "spectral_centroid": {
    "mean": 1751.55
  },
  "timeseries": {
    "frame_sec": 0.5,
    "pitch": [
      437.75,
      329.42,
      356.95,
      547.36,
      486.02,
      305.89,
      291.73,
      346.56,
      388.67,
      523.46,
      739.25,
      588.67,
      354.53,
      466.0,
      292.99
    ],
    "energy": [
      0.050061,
      0.022809,
      0.061495,
      0.050231,
      0.053831,
      0.038843,
      0.03952,
      0.039136,
      0.048294,
      0.081717,
      0.077093,
      0.081084,
      0.041489,
      0.066325,
      0.008713
    ],
    "spectral_centroid": [
      2139.12,
      1713.52,
      1965.96,
      1471.25,
      1604.71,
      1352.79,
      1675.17,
      1654.61,
      1475.63,
      1511.85,
      2084.75,
      1840.99,
      1941.13,
      1773.81,
      3839.14
    ]
  }
}