{
  "id": "f7a2487d-99c6-4c8c-bec2-31df74a2a25f",
  "duration": 10.965,
  "pitch": {
    "mean": 579.46,
    "max": 2024.52,
    "std": 292.33,
    "max_mean_ratio": 3.49
  },
  "energy": {
    "mean": 0.076141,
    "max": 0.203996,
    "std": 0.038125,
    "rate_of_change": 0.017695
  },
  "speech_rate": {
    "chars_per_sec": 12.24,
    "words_per_sec": 2.24,
    "segment_count": 6
  },
  "spectral_centroid": {
    "mean": 2008.15
  },
  "timeseries": {
    "frame_sec": 0.5,
    "pitch": [
      375.98,
      571.39,
      407.73,
      731.27,
      550.48,
      373.08,
      608.12,
      616.41,
      410.25,
      595.33,
      439.61,
      407.82,
      424.99,
      312.37,
      477.93,
      499.4,
      1003.09,
      935.58,
      901.98,
      707.68,
      698.93,
      464.6
    ],
    "energy": [
      0.065259,
      0.077952,
      0.061874,
      0.109441,
      0.069946,
      0.048238,
      0.094311,
      0.078431,
      0.037058,
      0.066641,
      0.040693,
      0.055467,
      0.056816,
      0.044153,
      0.078214,
      0.096428,
      0.139253,
      0.120291,
      0.076059,
      0.097792,
      0.051004,
      0.038444
    ],
    "spectral_centroid": [
      1736.49,
      1636.36,
      2306.51,
      2044.38,
      1933.5,
      1942.77,
      2277.32,
      2215.19,
      1821.12,
      1828.16,
      1874.52,
      2119.0,
      1651.11,
      1983.35,
      1571.24,
      2273.8,
      2490.01,
      2099.87,
      2330.93,
      2375.31,
      1758.11,
      1927.04
    ]
  }
}