{
  "id": "f837d7d0-6504-417e-9f4e-b7a1f4064c3a",
  "duration": 11.605,
  "pitch": {
    "mean": 519.27,
    "max": 2015.23,
    "std": 431.08,
    "max_mean_ratio": 3.88
  },
  "energy": {
    "mean": 0.091425,
    "max": 0.431836,
    "std": 0.087455,
    "rate_of_change": 0.036476
  },
  "speech_rate": {
    "chars_per_sec": 8.55,
    "words_per_sec": 1.55,
    "segment_count": 5
  },
  "spectral_centroid": {
    "mean": 1873.69
  },
  "timeseries": {
    "frame_sec": 0.5,
    "pitch": [
      565.28,
      186.24,
      189.88,
      150.2,
      141.01,
      142.09,
      345.89,
      589.52,
      532.17,
      309.31,
      613.3,
      727.92,
      728.79,
      410.54,
      420.25,
      806.05,
      768.56,
      727.77,
      613.11,
      536.41,
      940.74,
      866.03,
      612.79,
      1115.56
    ],
    "energy": [
      0.025531,
      0.018742,
      0.012323,
      0.016062,
      0.029228,
      0.025078,
      0.045419,
      0.045591,
      0.086524,
      0.061802,
      0.086872,
      0.114088,
      0.115572,
      0.024485,
      0.047791,
      0.18292,
      0.132584,
      0.162344,
      0.110636,
      0.088543,
      0.222767,
      0.162334,
      0.141931,
      0.272407
    ],
    "spectral_centroid": [
      1733.58,
      1592.55,
      1869.57,
      1804.26,
      1619.08,
      1753.75,
      2007.73,
      2018.21,
      2106.87,
      1821.01,
      1865.99,
      1702.43,
      1789.94,
      1834.14,
      1695.6,
      1815.71,
      1701.09,
      1825.81,
      1840.5,
      2176.34,
      1844.12,
      2138.19,
      2427.91,
      2455.73
    ]
  }
}