{
  "id": "f83f0b8b-fe0c-4036-86d7-5450ea7dcd18",
  "duration": 13.696,
  "pitch": {
    "mean": 395.53,
    "max": 2050.26,
    "std": 288.46,
    "max_mean_ratio": 5.18
  },
  "energy": {
    "mean": 0.077947,
    "max": 0.223579,
    "std": 0.041173,
    "rate_of_change": 0.014826
  },
  "speech_rate": {
    "chars_per_sec": 11.48,
    "words_per_sec": 1.97,
    "segment_count": 7
  },
  "spectral_centroid": {
    "mean": 1710.97
  },
  "timeseries": {
    "frame_sec": 0.5,
    "pitch": [
      340.91,
      381.58,
      524.72,
      313.93,
      410.48,
      297.41,
      388.48,
      490.72,
      308.49,
      284.0,
      265.36,
      559.16,
      316.15,
      337.3,
      407.11,
      454.18,
      775.33,
      406.74,
      289.19,
      620.72,
      333.39,
      423.47,
      516.59,
      248.71,
      389.43,
      307.83,
      320.04,
      227.17
    ],
    "energy": [
      0.075075,
      0.080165,
      0.044323,
      0.079689,
      0.083308,
      0.039151,
      0.087673,
      0.108825,
      0.058462,
      0.08275,
      0.051823,
      0.027722,
      0.022834,
      0.064405,
      0.120665,
      0.112499,
      0.113228,
      0.125683,
      0.108594,
      0.122395,
      0.075032,
      0.051637,
      0.066155,
      0.038914,
      0.037765,
      0.052088,
      0.086991,
      0.075713
    ],
    "spectral_centroid": [
      2159.24,
      1877.66,
      1488.07,
      1976.67,
      1447.71,
      1577.99,
      2020.28,
      1605.32,
      1788.7,
      1853.99,
      1787.52,
      1566.72,
      1593.9,
      1666.78,
      2349.43,
      1659.0,
      1647.54,
      1648.39,
      1748.07,
      1634.34,
      1602.46,
      1648.85,
      1602.95,
      1676.49,
      1566.47,
      1660.35,
      1329.19,
      1723.94
    ]
  }
}