{
  "id": "f85a9d48-81c0-4262-a453-957843982c45",
  "duration": 10.645,
  "pitch": {
    "mean": 490.78,
    "max": 1779.2,
    "std": 388.9,
    "max_mean_ratio": 3.63
  },
  "energy": {
    "mean": 0.071856,
    "max": 0.270528,
    "std": 0.06035,
    "rate_of_change": 0.024443
  },
  "speech_rate": {
    "chars_per_sec": 14.38,
    "words_per_sec": 2.54,
    "segment_count": 5
  },
  "spectral_centroid": {
    "mean": 2091.97
  },
  "timeseries": {
    "frame_sec": 0.5,
    "pitch": [
      448.88,
      668.25,
      436.59,
      378.39,
      496.63,
      512.07,
      313.6,
      391.09,
      411.19,
      336.58,
      622.97,
      343.03,
      427.66,
      309.89,
      126.65,
      232.85,
      138.71,
      705.03,
      1312.39,
      1092.35,
      667.13,
      511.97
    ],
    "energy": [
      0.075558,
      0.149899,
      0.067339,
      0.081635,
      0.070216,
      0.057915,
      0.029009,
      0.047722,
      0.041795,
      0.02567,
      0.060215,
      0.033587,
      0.029953,
      0.029139,
      0.01668,
      0.019477,
      0.023828,
      0.143089,
      0.203493,
      0.124211,
      0.112553,
      0.052276
    ],
    "spectral_centroid": [
      2011.61,
      2183.29,
      2193.6,
      2554.61,
      1640.55,
      1675.64,
      1960.59,
      2116.05,
      2172.1,
      2260.24,
      2045.72,
      2038.71,
      2072.87,
      2105.75,
      1862.2,
      1963.91,
      1774.51,
      2262.83,
      2373.79,
      2165.28,
      2522.29,
      2040.23
    ]
  }
}