{
  "id": "f903be60-69a2-4f9e-9aff-09978cac0b4f",
  "duration": 52.565,
  "pitch": {
    "mean": 553.11,
    "max": 2013.31,
    "std": 368.87,
    "max_mean_ratio": 3.64
  },
  "energy": {
    "mean": 0.079181,
    "max": 0.223197,
    "std": 0.047335,
    "rate_of_change": 0.004101
  },
  "speech_rate": {
    "chars_per_sec": 13.22,
    "words_per_sec": 2.61,
    "segment_count": 24
  },
  "spectral_centroid": {
    "mean": 1748.49
  },
  "timeseries": {
    "frame_sec": 0.5,
    "pitch": [
      500.34,
      511.0,
      310.15,
      346.66,
      449.64,
      401.8,
      263.95,
      422.08,
      268.65,
      573.83,
      380.71,
      485.98,
      264.37,
      235.89,
      444.75,
      189.31,
      381.25,
      253.95,
      402.56,
      385.86,
      816.09,
      416.7,
      386.23,
      921.45,
      784.55,
      770.3,
      778.23,
      694.1,
      474.78,
      615.77,
      622.5,
      286.32,
      587.5,
      731.29,
      1124.5,
      655.56,
      666.11,
      773.43,
      854.41,
      708.31,
      691.64,
      824.76,
      643.22,
      673.82,
      594.28,
      545.29,
      807.38,
      858.63,
      762.02,
      574.61,
      548.83,
      535.49,
      497.46,
      746.54,
      857.69,
      986.91,
      715.7,
      819.61,
      828.47,
      830.2,
      515.2,
      414.95,
      619.87,
      607.27,
      591.34,
      301.08,
      737.45,
      383.42,
      754.49,
      683.84,
      658.16,
      631.97,
      685.93,
      489.94,
      260.92,
      556.37,
      399.37,
      705.94,
      674.99,
      183.92,
      462.79,
      427.75,
      694.32,
      669.5,
      606.25,
      292.93,
      370.6,
      442.51,
      389.09,
      676.5,
      505.87,
      437.34,
      410.08,
      599.33,
      211.66,
      374.26,
      550.75,
      475.82,
      683.19,
      585.14,
      862.75,
      329.16,
      613.68,
      440.46,
      232.05,
      329.81
    ],
    "energy": [
      0.066987,
      0.033215,
      0.028838,
      0.044335,
      0.073362,
      0.067987,
      0.075961,
      0.053272,
      0.085559,
      0.094145,
      0.057056,
      0.103007,
      0.05368,
      0.08553,
      0.077432,
      0.031443,
      0.063626,
      0.035014,
      0.085967,
      0.075744,
      0.066316,
      0.065986,
      0.066459,
      0.110053,
      0.140783,
      0.168926,
      0.101198,
      0.13768,
      0.124358,
      0.147738,
      0.133027,
      0.046618,
      0.108718,
      0.112274,
      0.084045,
      0.101147,
      0.095905,
      0.128282,
      0.062549,
      0.122933,
      0.108545,
      0.088248,
      0.104024,
      0.030961,
      0.051217,
      0.068327,
      0.112025,
      0.07603,
      0.09471,
      0.083938,
      0.101642,
      0.100575,
      0.047222,
      0.084459,
      0.114437,
      0.089264,
      0.093908,
      0.076538,
      0.039647,
      0.025379,
      0.121271,
      0.05661,
      0.074807,
      0.11332,
      0.053257,
      0.085081,
      0.088386,
      0.064058,
      0.052763,
      0.076173,
      0.050702,
      0.112414,
      0.049182,
      0.086394,
      0.035583,
      0.070154,
      0.076425,
      0.084501,
      0.079229,
      0.019677,
      0.010415,
      0.013089,
      0.088524,
      0.025632,
      0.072937,
      0.077426,
      0.052675,
      0.06901,
      0.097389,
      0.081291,
      0.069916,
      0.085782,
      0.034769,
      0.105513,
      0.012779,
      0.010762,
      0.010094,
      0.015462,
      0.101723,
      0.096216,
      0.083424,
      0.0504,
      0.087449,
      0.056224,
      0.068842,
      0.050184
    ],
    "spectral_centroid": [
      1568.66,
      1686.88,
      1716.18,
      1669.14,
      1585.47,
      1742.33,
      2025.34,
      1687.83,
      1613.19,
      1819.29,
      2102.92,
      1754.22,
      1811.9,
      1616.93,
      1578.79,
      2067.66,
      1889.73,
      1855.92,
      1481.34,
      1972.78,
      1937.38,
      1647.25,
      1751.37,
      1759.46,
      1697.25,
      1787.62,
      1841.14,
      1886.32,
      1748.27,
      1694.57,
      1620.41,
      1519.18,
      1707.33,
      2011.34,
      2048.1,
      1913.34,
      1852.44,
      1692.32,
      1644.41,
      1732.17,
      1631.79,
      1460.48,
      1836.8,
      1762.68,
      2534.99,
      1998.62,
      1807.88,
      1840.67,
      1880.26,
      1770.12,
      1848.85,
      1806.24,
      2235.42,
      1787.02,
      1870.26,
      1831.76,
      1823.2,
      1804.26,
      1542.6,
      1612.31,
      1856.28,
      1549.78,
      1896.62,
      1911.88,
      1804.51,
      1465.79,
      1752.5,
      1464.92,
      1662.95,
      1486.15,
      1633.91,
      1349.81,
      1360.45,
      1528.61,
      1586.5,
      1543.2,
      1648.83,
      1701.8,
      1790.67,
      1622.62,
      1720.23,
      1651.18,
      1241.17,
      1730.18,
      1534.94,
      2219.77,
      1787.04,
      1952.02,
      2078.38,
      1739.82,
      2034.14,
      1897.51,
      2448.98,
      1722.67,
      1449.27,
      1622.31,
      1670.49,
      1559.64,
      1491.14,
      1680.69,
      1808.0,
      1617.12,
      1582.76,
      1749.65,
      1699.4,
      2492.94
    ]
  }
}