{
  "id": "f917cced-49b9-4cca-8c6a-61eac360861d",
  "duration": 4.821,
  "pitch": {
    "mean": 294.21,
    "max": 1770.37,
    "std": 251.64,
    "max_mean_ratio": 6.02
  },
  "energy": {
    "mean": 0.042732,
    "max": 0.150214,
    "std": 0.04096,
    "rate_of_change": 0.030686
  },
  "speech_rate": {
    "chars_per_sec": 17.75,
    "words_per_sec": 2.5,
    "segment_count": 2
  },
  "spectral_centroid": {
    "mean": 1848.36
  },
  "timeseries": {
    "frame_sec": 0.5,
    "pitch": [
      298.56,
      376.97,
      384.11,
      386.49,
      171.24,
      350.39,
      180.66,
      129.15,
      188.05,
      480.22
    ],
    "energy": [
      0.078449,
      0.088705,
      0.087395,
      0.060218,
      0.007447,
      0.006091,
      0.01322,
      0.013797,
      0.03254,
      0.013016
    ],
    "spectral_centroid": [
      1442.61,
      1892.04,
      1836.37,
      1382.73,
      1782.16,
      1912.17,
      1801.76,
      2397.52,
      1963.19,
      2246.17
    ]
  }
}