{
  "id": "f942d9c4-9835-4aed-98ce-01a230c80491",
  "duration": 6.315,
  "pitch": {
    "mean": 391.99,
    "max": 1861.12,
    "std": 278.62,
    "max_mean_ratio": 4.75
  },
  "energy": {
    "mean": 0.100959,
    "max": 0.262791,
    "std": 0.064112,
    "rate_of_change": 0.038273
  },
  "speech_rate": {
    "chars_per_sec": 12.63,
    "words_per_sec": 2.11,
    "segment_count": 2
  },
  "spectral_centroid": {
    "mean": 1987.62
  },
  "timeseries": {
    "frame_sec": 0.5,
    "pitch": [
      107.15,
      196.65,
      155.86,
      189.29,
      436.39,
      369.79,
      367.21,
      412.3,
      769.16,
      686.63,
      376.64,
      576.78,
      659.23
    ],
    "energy": [
      0.032831,
      0.030591,
      0.031175,
      0.036367,
      0.153134,
      0.107176,
      0.091877,
      0.112583,
      0.160413,
      0.132807,
      0.186346,
      0.122224,
      0.037196
    ],
    "spectral_centroid": [
      2606.53,
      2092.34,
      2187.35,
      2055.51,
      1410.87,
      1626.74,
      1821.13,
      1987.47,
      2039.51,
      1940.24,
      1830.93,
      2000.13,
      2311.75
    ]
  }
}