{
  "id": "f9655cf2-e7a3-48cf-a267-f73989f96927",
  "duration": 3.797,
  "pitch": {
    "mean": 407.6,
    "max": 1519.64,
    "std": 458.37,
    "max_mean_ratio": 3.73
  },
  "energy": {
    "mean": 0.057077,
    "max": 0.127208,
    "std": 0.024869,
    "rate_of_change": 0.025962
  },
  "speech_rate": {
    "chars_per_sec": 8.2,
    "words_per_sec": 1.85,
    "segment_count": 3
  },
  "spectral_centroid": {
    "mean": 2056.61
  },
  "timeseries": {
    "frame_sec": 0.5,
    "pitch": [
      273.72,
      402.19,
      238.64,
      167.9,
      355.23,
      145.94,
      600.91,
      1482.84
    ],
    "energy": [
      0.048862,
      0.0487,
      0.030116,
      0.029261,
      0.056878,
      0.063145,
      0.081498,
      0.097441
    ],
    "spectral_centroid": [
      2070.62,
      1971.66,
      2001.45,
      2143.72,
      1823.61,
      2066.96,
      2298.35,
      2071.45
    ]
  }
}