{
  "id": "f9a2f64f-50dc-49ee-b00e-a45750df343d",
  "duration": 7.467,
  "pitch": {
    "mean": 285.79,
    "max": 1838.02,
    "std": 271.96,
    "max_mean_ratio": 6.43
  },
  "energy": {
    "mean": 0.022179,
    "max": 0.046254,
    "std": 0.009553,
    "rate_of_change": 0.005266
  },
  "speech_rate": {
    "chars_per_sec": 12.5,
    "words_per_sec": 2.34,
    "segment_count": 1
  },
  "spectral_centroid": {
    "mean": 1942.5
  },
  "timeseries": {
    "frame_sec": 0.5,
    "pitch": [
      340.08,
      207.48,
      521.16,
      502.96,
      247.71,
      171.08,
      111.77,
      284.99,
      313.93,
      559.81,
      246.59,
      138.5,
      204.05,
      195.01,
      156.6
    ],
    "energy": [
      0.022358,
      0.019443,
      0.017215,
      0.011985,
      0.03217,
      0.033094,
      0.013639,
      0.01626,
      0.01774,
      0.011555,
      0.016316,
      0.039096,
      0.029239,
      0.019505,
      0.018945
    ],
    "spectral_centroid": [
      1884.77,
      1782.36,
      1895.7,
      2065.59,
      1752.5,
      1702.54,
      1976.69,
      1816.48,
      1723.96,
      2418.28,
      2220.61,
      2529.28,
      2043.63,
      1610.13,
      1627.99
    ]
  }
}