{
  "id": "fa1c0fcd-1ddf-4772-84c0-18a66c44ce50",
  "duration": 13.163,
  "pitch": {
    "mean": 184.24,
    "max": 1397.41,
    "std": 234.3,
    "max_mean_ratio": 7.58
  },
  "energy": {
    "mean": 0.043979,
    "max": 0.104248,
    "std": 0.026969,
    "rate_of_change": 0.00748
  },
  "speech_rate": {
    "chars_per_sec": 11.47,
    "words_per_sec": 1.9,
    "segment_count": 7
  },
  "spectral_centroid": {
    "mean": 1599.15
  },
  "timeseries": {
    "frame_sec": 0.5,
    "pitch": [
      113.77,
      117.34,
      207.9,
      107.46,
      745.18,
      162.93,
      119.37,
      121.09,
      117.44,
      108.15,
      114.31,
      152.41,
      167.0,
      124.39,
      111.23,
      254.57,
      171.38,
      128.31,
      125.4,
      145.64,
      104.05,
      94.18,
      256.55,
      466.46,
      97.35,
      164.24,
      540.46
    ],
    "energy": [
      0.077803,
      0.064464,
      0.03939,
      0.015891,
      0.009519,
      0.048654,
      0.052261,
      0.076243,
      0.054348,
      0.055866,
      0.031229,
      0.019949,
      0.016188,
      0.064559,
      0.039884,
      0.044353,
      0.046082,
      0.057647,
      0.030803,
      0.011393,
      0.050554,
      0.034698,
      0.053064,
      0.061337,
      0.031816,
      0.016868,
      0.009729
    ],
    "spectral_centroid": [
      1237.71,
      1141.16,
      1583.89,
      1797.16,
      2106.14,
      2050.26,
      1349.17,
      1024.09,
      1530.07,
      1266.63,
      1388.42,
      1819.27,
      1706.43,
      1308.87,
      1664.69,
      1753.35,
      1385.92,
      1900.29,
      1498.22,
      1844.63,
      1373.94,
      1415.89,
      1529.22,
      1617.46,
      1960.21,
      2231.53,
      1841.05
    ]
  }
}