{
  "id": "fa264dc0-f2e7-478b-84ca-5c8ce2522ef0",
  "duration": 7.275,
  "pitch": {
    "mean": 540.68,
    "max": 1570.48,
    "std": 351.27,
    "max_mean_ratio": 2.9
  },
  "energy": {
    "mean": 0.076606,
    "max": 0.276871,
    "std": 0.063395,
    "rate_of_change": 0.037093
  },
  "speech_rate": {
    "chars_per_sec": 11.06,
    "words_per_sec": 2.12,
    "segment_count": 4
  },
  "spectral_centroid": {
    "mean": 1886.93
  },
  "timeseries": {
    "frame_sec": 0.5,
    "pitch": [
      990.46,
      684.56,
      402.32,
      637.72,
      548.84,
      365.48,
      392.42,
      427.18,
      389.46,
      624.57,
      715.99,
      424.38,
      627.28,
      350.83,
      537.7
    ],
    "energy": [
      0.01355,
      0.057257,
      0.12639,
      0.019865,
      0.010898,
      0.013504,
      0.039071,
      0.120369,
      0.111202,
      0.076956,
      0.019495,
      0.109783,
      0.134221,
      0.162153,
      0.077832
    ],
    "spectral_centroid": [
      1989.29,
      2333.12,
      1731.08,
      2068.92,
      1964.77,
      1822.77,
      1606.05,
      1765.79,
      1242.27,
      1760.64,
      1657.97,
      1913.58,
      2246.15,
      1946.27,
      2589.2
    ]
  }
}