{
  "id": "face6d1c-6c0b-472d-b96b-24630dc16d99",
  "duration": 21.013,
  "pitch": {
    "mean": 425.97,
    "max": 2075.28,
    "std": 317.22,
    "max_mean_ratio": 4.87
  },
  "energy": {
    "mean": 0.072929,
    "max": 0.232541,
    "std": 0.046217,
    "rate_of_change": 0.010805
  },
  "speech_rate": {
    "chars_per_sec": 11.91,
    "words_per_sec": 2.11,
    "segment_count": 10
  },
  "spectral_centroid": {
    "mean": 1836.89
  },
  "timeseries": {
    "frame_sec": 0.5,
    "pitch": [
      137.98,
      183.9,
      468.16,
      220.15,
      126.81,
      144.15,
      302.66,
      521.3,
      633.44,
      587.73,
      357.28,
      138.56,
      293.48,
      353.95,
      318.35,
      387.54,
      424.19,
      258.56,
      417.38,
      395.55,
      495.73,
      520.64,
      440.12,
      275.41,
      109.08,
      102.76,
      391.98,
      433.96,
      295.09,
      297.95,
      632.03,
      289.55,
      710.83,
      700.77,
      581.64,
      671.61,
      588.14,
      608.25,
      1300.16,
      712.54,
      442.8,
      578.99,
      855.28
    ],
    "energy": [
      0.011044,
      0.037703,
      0.101296,
      0.026364,
      0.022645,
      0.016029,
      0.070735,
      0.091079,
      0.098411,
      0.100128,
      0.069213,
      0.018231,
      0.040451,
      0.062611,
      0.050407,
      0.066096,
      0.07752,
      0.041497,
      0.055453,
      0.075803,
      0.100993,
      0.080011,
      0.077177,
      0.038202,
      0.025183,
      0.028654,
      0.083769,
      0.073274,
      0.066793,
      0.074961,
      0.110559,
      0.056141,
      0.169403,
      0.125407,
      0.122462,
      0.102249,
      0.100336,
      0.124746,
      0.091009,
      0.038198,
      0.045304,
      0.035179,
      0.02189
    ],
    "spectral_centroid": [
      1751.03,
      1929.98,
      1763.93,
      2257.82,
      1782.75,
      1921.96,
      1574.11,
      1714.8,
      2213.46,
      1861.37,
      2074.46,
      1731.17,
      1922.32,
      1806.41,
      2080.33,
      1920.04,
      1802.63,
      1674.97,
      1768.34,
      1925.38,
      1937.75,
      1884.61,
      1758.32,
      1647.19,
      954.03,
      1577.1,
      1474.15,
      1786.59,
      1409.22,
      1301.95,
      1695.7,
      2230.5,
      1919.45,
      2119.53,
      1945.57,
      1866.64,
      2207.07,
      2060.95,
      2063.91,
      1992.67,
      1775.98,
      2015.99,
      2280.69
    ]
  }
}