{
  "id": "fb0f08ea-edae-4450-b804-1fee86ee153e",
  "duration": 14.187,
  "pitch": {
    "mean": 423.17,
    "max": 2085.34,
    "std": 386.96,
    "max_mean_ratio": 4.93
  },
  "energy": {
    "mean": 0.068562,
    "max": 0.127848,
    "std": 0.035075,
    "rate_of_change": 0.008545
  },
  "speech_rate": {
    "chars_per_sec": 15.29,
    "words_per_sec": 2.75,
    "segment_count": 4
  },
  "spectral_centroid": {
    "mean": 1978.65
  },
  "timeseries": {
    "frame_sec": 0.5,
    "pitch": [
      268.9,
      625.5,
      298.47,
      545.42,
      318.72,
      392.39,
      483.48,
      331.93,
      400.63,
      468.61,
      555.77,
      333.78,
      225.04,
      197.24,
      310.17,
      360.19,
      216.19,
      416.67,
      556.0,
      566.36,
      445.6,
      327.8,
      239.51,
      1285.74,
      450.36,
      478.24,
      515.2,
      621.87,
      156.51
    ],
    "energy": [
      0.049523,
      0.090777,
      0.063952,
      0.078384,
      0.074748,
      0.074691,
      0.087559,
      0.051479,
      0.06964,
      0.08827,
      0.073763,
      0.082882,
      0.022001,
      0.029076,
      0.076078,
      0.069822,
      0.00971,
      0.037211,
      0.084411,
      0.085526,
      0.07743,
      0.083788,
      0.036951,
      0.025055,
      0.099573,
      0.093563,
      0.040129,
      0.08569,
      0.032899
    ],
    "spectral_centroid": [
      2510.98,
      1648.47,
      2587.65,
      1485.51,
      2348.2,
      2023.72,
      1580.13,
      1954.63,
      1936.47,
      1354.28,
      1922.9,
      1858.33,
      2260.24,
      1942.29,
      1302.95,
      1739.39,
      2308.3,
      2298.33,
      1364.73,
      1279.24,
      1883.77,
      2381.86,
      2416.6,
      2976.1,
      1978.34,
      1518.55,
      2279.75,
      1992.09,
      1751.69
    ]
  }
}