{
  "id": "fb182eab-a9ab-4d16-a9a3-715bb0623220",
  "duration": 14.251,
  "pitch": {
    "mean": 453.53,
    "max": 1984.79,
    "std": 317.28,
    "max_mean_ratio": 4.38
  },
  "energy": {
    "mean": 0.076465,
    "max": 0.272102,
    "std": 0.059793,
    "rate_of_change": 0.018723
  },
  "speech_rate": {
    "chars_per_sec": 16.82,
    "words_per_sec": 3.12,
    "segment_count": 4
  },
  "spectral_centroid": {
    "mean": 1961.68
  },
  "timeseries": {
    "frame_sec": 0.5,
    "pitch": [
      266.95,
      189.48,
      486.05,
      308.25,
      495.42,
      694.76,
      283.84,
      560.21,
      374.53,
      397.84,
      493.08,
      370.88,
      617.91,
      146.44,
      393.55,
      802.42,
      566.19,
      866.42,
      651.28,
      466.89,
      736.39,
      226.83,
      314.92,
      402.11,
      512.62,
      442.32,
      458.6,
      400.66,
      278.43
    ],
    "energy": [
      0.022442,
      0.016537,
      0.046482,
      0.035125,
      0.065708,
      0.083971,
      0.067994,
      0.110915,
      0.043324,
      0.044378,
      0.05312,
      0.040794,
      0.032856,
      0.025811,
      0.130466,
      0.148626,
      0.133703,
      0.193389,
      0.128383,
      0.106555,
      0.097054,
      0.043031,
      0.046443,
      0.055402,
      0.093901,
      0.062488,
      0.08994,
      0.027894,
      0.058624
    ],
    "spectral_centroid": [
      1934.32,
      1434.79,
      2012.44,
      2401.18,
      1847.02,
      2164.56,
      1869.55,
      1872.43,
      1887.49,
      1702.41,
      1885.92,
      2002.22,
      1811.54,
      1335.5,
      1784.16,
      2525.47,
      2097.05,
      2220.6,
      2131.7,
      2060.21,
      2003.18,
      1629.29,
      1561.15,
      1925.84,
      2256.18,
      2072.24,
      2455.32,
      2077.63,
      1800.31
    ]
  }
}