{
  "id": "fb29fb9b-5e73-45eb-b454-dc69a92d7d34",
  "duration": 4.779,
  "pitch": {
    "mean": 469.8,
    "max": 1641.31,
    "std": 275.74,
    "max_mean_ratio": 3.49
  },
  "energy": {
    "mean": 0.049942,
    "max": 0.12887,
    "std": 0.030601,
    "rate_of_change": 0.025494
  },
  "speech_rate": {
    "chars_per_sec": 18.54,
    "words_per_sec": 3.75,
    "segment_count": 1
  },
  "spectral_centroid": {
    "mean": 1804.05
  },
  "timeseries": {
    "frame_sec": 0.5,
    "pitch": [
      603.91,
      588.96,
      356.54,
      601.07,
      312.54,
      271.95,
      335.33,
      648.99,
      571.21,
      325.23
    ],
    "energy": [
      0.038665,
      0.017451,
      0.037165,
      0.081389,
      0.04326,
      0.031482,
      0.049213,
      0.056615,
      0.074237,
      0.051685
    ],
    "spectral_centroid": [
      1888.99,
      1691.77,
      1897.64,
      1602.74,
      1645.28,
      2171.58,
      2044.26,
      1795.49,
      1699.51,
      1388.77
    ]
  }
}