{
  "id": "fb69af26-7f79-4617-ac0c-909a961b8193",
  "duration": 8.725,
  "pitch": {
    "mean": 508.36,
    "max": 1568.96,
    "std": 212.2,
    "max_mean_ratio": 3.09
  },
  "energy": {
    "mean": 0.098485,
    "max": 0.291569,
    "std": 0.068586,
    "rate_of_change": 0.031998
  },
  "speech_rate": {
    "chars_per_sec": 19.28,
    "words_per_sec": 4.11,
    "segment_count": 6
  },
  "spectral_centroid": {
    "mean": 1907.27
  },
  "timeseries": {
    "frame_sec": 0.5,
    "pitch": [
      703.28,
      659.46,
      475.21,
      527.12,
      541.72,
      488.27,
      420.04,
      535.28,
      405.46,
      408.35,
      397.11,
      432.62,
      612.21,
      524.55,
      411.7,
      502.79,
      548.99,
      592.75
    ],
    "energy": [
      0.040902,
      0.033999,
      0.061599,
      0.060889,
      0.066163,
      0.081257,
      0.018758,
      0.034171,
      0.080605,
      0.103741,
      0.07247,
      0.066187,
      0.146518,
      0.212955,
      0.176886,
      0.11529,
      0.174447,
      0.196878
    ],
    "spectral_centroid": [
      1944.06,
      2282.68,
      1599.46,
      1548.05,
      1535.86,
      1744.32,
      2238.87,
      2447.59,
      1652.46,
      1637.51,
      1820.39,
      2411.75,
      1991.22,
      2137.15,
      1574.01,
      2083.68,
      1900.97,
      1505.56
    ]
  }
}