{
  "id": "fb80654e-a652-40f8-b20a-20ed036543d3",
  "duration": 9.984,
  "pitch": {
    "mean": 542.94,
    "max": 1950.22,
    "std": 334.07,
    "max_mean_ratio": 3.59
  },
  "energy": {
    "mean": 0.104619,
    "max": 0.372918,
    "std": 0.080881,
    "rate_of_change": 0.036951
  },
  "speech_rate": {
    "chars_per_sec": 8.53,
    "words_per_sec": 1.61,
    "segment_count": 6
  },
  "spectral_centroid": {
    "mean": 1926.11
  },
  "timeseries": {
    "frame_sec": 0.5,
    "pitch": [
      322.4,
      1345.0,
      530.25,
      414.49,
      526.43,
      628.61,
      606.11,
      604.72,
      606.75,
      590.21,
      527.75,
      213.39,
      192.28,
      446.65,
      194.54,
      829.87,
      473.95,
      548.93,
      631.48,
      686.08
    ],
    "energy": [
      0.007125,
      0.04394,
      0.096407,
      0.0754,
      0.14185,
      0.155422,
      0.122528,
      0.140247,
      0.1168,
      0.171099,
      0.079387,
      0.016515,
      0.026759,
      0.013555,
      0.023253,
      0.12244,
      0.119599,
      0.156046,
      0.256518,
      0.117685
    ],
    "spectral_centroid": [
      1747.82,
      2384.55,
      2176.69,
      2341.36,
      1603.45,
      1563.68,
      1680.44,
      2031.73,
      1880.44,
      1915.63,
      2267.83,
      2224.05,
      1571.19,
      1323.96,
      2137.7,
      1988.46,
      1855.24,
      1821.12,
      2030.3,
      1879.15
    ]
  }
}