{
  "id": "fbcd824e-b359-4f6a-abbc-220b58cb0517",
  "duration": 12.373,
  "pitch": {
    "mean": 490.5,
    "max": 1662.3,
    "std": 267.23,
    "max_mean_ratio": 3.39
  },
  "energy": {
    "mean": 0.08936,
    "max": 0.249719,
    "std": 0.057151,
    "rate_of_change": 0.019085
  },
  "speech_rate": {
    "chars_per_sec": 22.9,
    "words_per_sec": 4.56,
    "segment_count": 7
  },
  "spectral_centroid": {
    "mean": 1861.35
  },
  "timeseries": {
    "frame_sec": 0.5,
    "pitch": [
      505.59,
      860.68,
      410.37,
      493.02,
      391.78,
      354.66,
      504.34,
      415.31,
      363.74,
      464.03,
      517.44,
      347.98,
      504.38,
      449.8,
      580.1,
      561.0,
      616.89,
      392.18,
      533.61,
      312.5,
      343.62,
      747.55,
      729.47,
      496.62,
      752.5
    ],
    "energy": [
      0.074502,
      0.0612,
      0.077615,
      0.056417,
      0.103179,
      0.059584,
      0.09808,
      0.074625,
      0.072861,
      0.077518,
      0.058783,
      0.036953,
      0.151042,
      0.068643,
      0.14186,
      0.104623,
      0.014424,
      0.088069,
      0.071541,
      0.066654,
      0.059435,
      0.160099,
      0.172484,
      0.112005,
      0.079059
    ],
    "spectral_centroid": [
      1363.19,
      2978.74,
      1732.19,
      2292.02,
      1742.97,
      2075.95,
      1985.3,
      1934.97,
      2326.34,
      1436.69,
      1846.22,
      2151.0,
      1437.45,
      1893.45,
      1897.34,
      1944.69,
      1954.69,
      1779.23,
      1830.8,
      1663.47,
      1882.2,
      1704.2,
      1529.78,
      1443.06,
      1922.46
    ]
  }
}