{
  "id": "fbfc0b87-4270-4e73-b0c0-e10991c13b2a",
  "duration": 10.731,
  "pitch": {
    "mean": 405.92,
    "max": 1836.86,
    "std": 185.84,
    "max_mean_ratio": 4.53
  },
  "energy": {
    "mean": 0.032769,
    "max": 0.083689,
    "std": 0.014302,
    "rate_of_change": 0.007045
  },
  "speech_rate": {
    "chars_per_sec": 20.4,
    "words_per_sec": 4.24,
    "segment_count": 4
  },
  "spectral_centroid": {
    "mean": 1588.11
  },
  "timeseries": {
    "frame_sec": 0.5,
    "pitch": [
      347.96,
      383.37,
      533.76,
      497.11,
      333.99,
      325.03,
      378.19,
      456.75,
      320.8,
      228.38,
      432.2,
      473.55,
      390.42,
      306.35,
      468.38,
      407.43,
      443.58,
      474.03,
      465.32,
      392.61,
      371.02,
      419.33
    ],
    "energy": [
      0.026277,
      0.037112,
      0.040532,
      0.039515,
      0.02393,
      0.048265,
      0.030928,
      0.031297,
      0.039785,
      0.032702,
      0.02312,
      0.012678,
      0.034476,
      0.017137,
      0.028168,
      0.026295,
      0.022935,
      0.032361,
      0.050142,
      0.040808,
      0.025182,
      0.014
    ],
    "spectral_centroid": [
      1434.75,
      1429.74,
      1232.45,
      1311.48,
      1691.25,
      1367.18,
      1468.05,
      1303.03,
      1945.8,
      1886.36,
      1514.93,
      1413.78,
      1426.47,
      1706.06,
      1515.3,
      1465.01,
      1987.01,
      1938.44,
      1772.92,
      1669.76,
      1821.28,
      1610.82
    ]
  }
}