{
  "id": "fcde3395-4d19-4867-8a0a-0205649f5ade",
  "duration": 11.925,
  "pitch": {
    "mean": 412.86,
    "max": 2040.6,
    "std": 305.0,
    "max_mean_ratio": 4.94
  },
  "energy": {
    "mean": 0.039386,
    "max": 0.097922,
    "std": 0.020531,
    "rate_of_change": 0.007969
  },
  "speech_rate": {
    "chars_per_sec": 16.52,
    "words_per_sec": 3.68,
    "segment_count": 2
  },
  "spectral_centroid": {
    "mean": 1971.64
  },
  "timeseries": {
    "frame_sec": 0.5,
    "pitch": [
      310.22,
      599.89,
      509.97,
      378.86,
      437.04,
      366.66,
      565.03,
      248.33,
      371.71,
      263.49,
      440.31,
      532.63,
      388.41,
      454.89,
      365.79,
      263.59,
      352.14,
      476.24,
      606.37,
      612.49,
      370.86,
      364.9,
      182.26,
      305.11
    ],
    "energy": [
      0.06644,
      0.038993,
      0.022051,
      0.046817,
      0.059535,
      0.040753,
      0.054023,
      0.015777,
      0.032786,
      0.030236,
      0.027519,
      0.040293,
      0.057408,
      0.034903,
      0.027627,
      0.030132,
      0.039087,
      0.055782,
      0.048478,
      0.048503,
      0.033096,
      0.030167,
      0.00685,
      0.017835
    ],
    "spectral_centroid": [
      2470.67,
      1781.05,
      1953.72,
      2054.84,
      2027.44,
      2095.81,
      1604.06,
      1856.4,
      2329.91,
      2046.78,
      1933.49,
      1769.62,
      1515.13,
      1438.72,
      2204.53,
      2436.23,
      2359.61,
      1755.22,
      2249.34,
      1932.88,
      2157.16,
      1899.28,
      1437.49,
      1963.21
    ]
  }
}