{
  "id": "fd1cebef-456b-4a8b-a5a2-f682d52ce5b1",
  "duration": 10.453,
  "pitch": {
    "mean": 358.46,
    "max": 1176.54,
    "std": 226.01,
    "max_mean_ratio": 3.28
  },
  "energy": {
    "mean": 0.101796,
    "max": 0.529059,
    "std": 0.09951,
    "rate_of_change": 0.049637
  },
  "speech_rate": {
    "chars_per_sec": 10.92,
    "words_per_sec": 1.5,
    "segment_count": 4
  },
  "spectral_centroid": {
    "mean": 1747.67
  },
  "timeseries": {
    "frame_sec": 0.5,
    "pitch": [
      256.13,
      288.26,
      520.04,
      362.53,
      585.72,
      127.18,
      121.39,
      354.62,
      436.97,
      360.29,
      110.23,
      402.19,
      387.59,
      345.32,
      486.65,
      250.5,
      413.78,
      467.25,
      529.53,
      306.55,
      463.12
    ],
    "energy": [
      0.093296,
      0.034069,
      0.033493,
      0.036888,
      0.068988,
      0.013951,
      0.015535,
      0.071263,
      0.07655,
      0.101833,
      0.015137,
      0.093693,
      0.163763,
      0.098901,
      0.187476,
      0.022249,
      0.072349,
      0.175318,
      0.278051,
      0.214495,
      0.176586
    ],
    "spectral_centroid": [
      1772.44,
      1792.7,
      1673.94,
      1682.87,
      1641.91,
      1674.95,
      2076.78,
      1566.69,
      1589.23,
      1853.1,
      2030.25,
      1695.35,
      1395.44,
      1781.86,
      1661.31,
      2197.53,
      1706.52,
      1576.12,
      1593.64,
      1809.62,
      1853.49
    ]
  }
}