{
  "id": "fd3b27c3-09a4-4283-97e7-0ca1a6543ebb",
  "duration": 13.973,
  "pitch": {
    "mean": 450.04,
    "max": 1976.16,
    "std": 313.11,
    "max_mean_ratio": 4.39
  },
  "energy": {
    "mean": 0.164268,
    "max": 0.613072,
    "std": 0.129959,
    "rate_of_change": 0.04366
  },
  "speech_rate": {
    "chars_per_sec": 15.16,
    "words_per_sec": 2.76,
    "segment_count": 4
  },
  "spectral_centroid": {
    "mean": 2272.34
  },
  "timeseries": {
    "frame_sec": 0.5,
    "pitch": [
      429.69,
      352.27,
      555.15,
      385.35,
      407.93,
      566.7,
      418.03,
      432.43,
      442.38,
      526.45,
      560.28,
      464.21,
      314.49,
      328.61,
      580.07,
      276.43,
      471.0,
      472.43,
      402.88,
      293.7,
      441.3,
      447.49,
      362.73,
      334.18,
      357.08,
      295.72,
      517.33,
      1197.47
    ],
    "energy": [
      0.236784,
      0.164535,
      0.211448,
      0.160992,
      0.141046,
      0.20365,
      0.006037,
      0.090253,
      0.126852,
      0.082683,
      0.065283,
      0.067528,
      0.038781,
      0.155766,
      0.253999,
      0.128755,
      0.262814,
      0.087669,
      0.301841,
      0.157068,
      0.291804,
      0.275471,
      0.168723,
      0.141457,
      0.158553,
      0.158889,
      0.251946,
      0.004443
    ],
    "spectral_centroid": [
      2330.77,
      2019.33,
      1609.15,
      2287.54,
      1591.06,
      1285.99,
      1997.69,
      1806.56,
      2011.8,
      1785.05,
      1519.96,
      2311.34,
      2470.98,
      4080.57,
      2995.95,
      3327.83,
      2324.96,
      1962.6,
      2795.98,
      1562.28,
      2489.39,
      2381.73,
      2254.84,
      2778.68,
      2106.97,
      2639.3,
      2368.31,
      2752.54
    ]
  }
}