{
  "id": "fd4b320c-72c0-40a8-97cf-8aee2db3122f",
  "duration": 14.912,
  "pitch": {
    "mean": 508.82,
    "max": 1764.6,
    "std": 264.58,
    "max_mean_ratio": 3.47
  },
  "energy": {
    "mean": 0.042634,
    "max": 0.231837,
    "std": 0.037894,
    "rate_of_change": 0.014927
  },
  "speech_rate": {
    "chars_per_sec": 20.12,
    "words_per_sec": 3.84,
    "segment_count": 3
  },
  "spectral_centroid": {
    "mean": 1636.46
  },
  "timeseries": {
    "frame_sec": 0.5,
    "pitch": [
      291.85,
      381.39,
      276.22,
      385.06,
      525.87,
      448.38,
      313.39,
      472.61,
      616.8,
      450.65,
      346.41,
      675.01,
      383.53,
      508.26,
      502.07,
      571.01,
      503.37,
      446.15,
      526.5,
      662.43,
      447.56,
      714.11,
      493.46,
      760.01,
      439.26,
      780.54,
      594.25,
      540.15,
      697.54,
      533.43
    ],
    "energy": [
      0.020694,
      0.036221,
      0.019944,
      0.01997,
      0.034155,
      0.020607,
      0.017843,
      0.035339,
      0.03123,
      0.02257,
      0.018921,
      0.030481,
      0.022458,
      0.017063,
      0.025294,
      0.032631,
      0.026396,
      0.030836,
      0.03719,
      0.043873,
      0.029208,
      0.097091,
      0.034976,
      0.027534,
      0.024571,
      0.111799,
      0.098989,
      0.083823,
      0.105529,
      0.065339
    ],
    "spectral_centroid": [
      1697.4,
      1646.91,
      1527.96,
      1684.54,
      1432.11,
      1468.42,
      1617.07,
      1497.95,
      1505.62,
      1803.47,
      2024.59,
      1461.94,
      1424.09,
      1599.03,
      1596.24,
      1694.69,
      1808.94,
      1582.46,
      1599.35,
      1574.92,
      2337.09,
      1783.72,
      1623.85,
      1700.94,
      1613.82,
      1366.47,
      1688.8,
      1538.92,
      1576.83,
      1629.76
    ]
  }
}