{
  "id": "fd66ec27-6dcd-4b0b-8fde-d7c8c9168fba",
  "duration": 11.136,
  "pitch": {
    "mean": 317.64,
    "max": 1396.85,
    "std": 242.32,
    "max_mean_ratio": 4.4
  },
  "energy": {
    "mean": 0.020962,
    "max": 0.095698,
    "std": 0.017754,
    "rate_of_change": 0.00832
  },
  "speech_rate": {
    "chars_per_sec": 10.6,
    "words_per_sec": 1.81,
    "segment_count": 2
  },
  "spectral_centroid": {
    "mean": 1954.84
  },
  "timeseries": {
    "frame_sec": 0.5,
    "pitch": [
      128.82,
      108.42,
      113.93,
      133.14,
      606.93,
      338.21,
      393.33,
      266.29,
      384.22,
      351.3,
      284.41,
      448.31,
      297.97,
      497.95,
      293.72,
      151.04,
      177.92,
      382.03,
      385.98,
      347.3,
      474.01,
      389.44,
      373.88
    ],
    "energy": [
      0.006731,
      0.004855,
      0.011385,
      0.009604,
      0.012845,
      0.008949,
      0.020138,
      0.01224,
      0.022972,
      0.014633,
      0.020438,
      0.039576,
      0.034837,
      0.023301,
      0.016369,
      0.005562,
      0.008007,
      0.014632,
      0.03244,
      0.042117,
      0.047503,
      0.031413,
      0.019783
    ],
    "spectral_centroid": [
      2394.77,
      1905.72,
      2200.89,
      2783.3,
      1925.3,
      2388.02,
      1896.03,
      2054.68,
      1893.57,
      1737.69,
      1622.5,
      1557.78,
      2288.18,
      1853.92,
      1414.34,
      1835.95,
      1588.59,
      1627.09,
      2068.34,
      1948.3,
      2036.68,
      1935.45,
      1770.19
    ]
  }
}