{
  "id": "fd851997-1a6f-4a5f-88c4-3f4992c8f249",
  "duration": 8.107,
  "pitch": {
    "mean": 441.78,
    "max": 1824.13,
    "std": 334.72,
    "max_mean_ratio": 4.13
  },
  "energy": {
    "mean": 0.061488,
    "max": 0.141715,
    "std": 0.031082,
    "rate_of_change": 0.016131
  },
  "speech_rate": {
    "chars_per_sec": 18.73,
    "words_per_sec": 3.52,
    "segment_count": 2
  },
  "spectral_centroid": {
    "mean": 1842.23
  },
  "timeseries": {
    "frame_sec": 0.5,
    "pitch": [
      327.45,
      695.5,
      620.53,
      158.47,
      1084.15,
      356.81,
      366.59,
      489.99,
      380.79,
      496.5,
      187.29,
      430.14,
      434.61,
      401.06,
      357.6,
      248.6,
      222.21
    ],
    "energy": [
      0.040042,
      0.089625,
      0.069029,
      0.021679,
      0.053964,
      0.04864,
      0.051254,
      0.093487,
      0.077711,
      0.054303,
      0.021591,
      0.033829,
      0.089459,
      0.092626,
      0.067804,
      0.049032,
      0.018531
    ],
    "spectral_centroid": [
      1661.91,
      1828.84,
      1637.26,
      1657.41,
      2291.62,
      1845.61,
      1850.29,
      1879.39,
      1670.63,
      1750.44,
      1547.22,
      2004.01,
      2140.05,
      1809.08,
      2081.44,
      1745.18,
      1930.66
    ]
  }
}