{
  "id": "fdb624d6-855d-49f0-8046-1d29a156da07",
  "duration": 11.669,
  "pitch": {
    "mean": 332.04,
    "max": 2079.4,
    "std": 374.15,
    "max_mean_ratio": 6.26
  },
  "energy": {
    "mean": 0.019442,
    "max": 0.115231,
    "std": 0.022037,
    "rate_of_change": 0.009641
  },
  "speech_rate": {
    "chars_per_sec": 5.15,
    "words_per_sec": 1.18,
    "segment_count": 2
  },
  "spectral_centroid": {
    "mean": 1987.42
  },
  "timeseries": {
    "frame_sec": 0.5,
    "pitch": [
      199.76,
      288.28,
      389.06,
      370.62,
      303.45,
      314.02,
      140.06,
      746.22,
      453.48,
      426.01,
      135.47,
      184.68,
      564.46,
      129.12,
      171.91,
      330.02,
      141.94,
      820.28,
      666.06,
      312.78,
      105.05,
      142.16,
      135.4,
      202.33
    ],
    "energy": [
      0.006964,
      0.048664,
      0.062705,
      0.061511,
      0.036228,
      0.027068,
      0.00864,
      0.006914,
      0.006806,
      0.004788,
      0.014023,
      0.009221,
      0.0084,
      0.006822,
      0.006417,
      0.006053,
      0.008208,
      0.004225,
      0.012333,
      0.039125,
      0.012691,
      0.024349,
      0.007414,
      0.006024
    ],
    "spectral_centroid": [
      1922.28,
      2033.39,
      1237.62,
      1581.16,
      2408.22,
      1907.01,
      1947.76,
      2081.99,
      2071.9,
      2111.75,
      2039.2,
      1946.15,
      2015.89,
      2121.94,
      2130.52,
      2139.39,
      1933.78,
      2304.16,
      2119.42,
      1653.92,
      1880.0,
      2192.15,
      1978.23,
      1834.96
    ]
  }
}