{
  "id": "fdc2d67a-1192-41dd-b60b-269c63564515",
  "duration": 11.179,
  "pitch": {
    "mean": 375.35,
    "max": 1961.58,
    "std": 312.32,
    "max_mean_ratio": 5.23
  },
  "energy": {
    "mean": 0.020009,
    "max": 0.070293,
    "std": 0.012875,
    "rate_of_change": 0.00596
  },
  "speech_rate": {
    "chars_per_sec": 20.64,
    "words_per_sec": 4.21,
    "segment_count": 6
  },
  "spectral_centroid": {
    "mean": 2000.3
  },
  "timeseries": {
    "frame_sec": 0.5,
    "pitch": [
      434.37,
      483.38,
      435.62,
      175.05,
      503.27,
      258.29,
      326.58,
      365.97,
      421.02,
      290.76,
      288.21,
      414.62,
      130.53,
      139.95,
      318.44,
      298.42,
      353.91,
      345.47,
      445.22,
      434.11,
      793.57,
      330.66,
      130.69
    ],
    "energy": [
      0.019184,
      0.026119,
      0.018589,
      0.010312,
      0.028775,
      0.016482,
      0.015407,
      0.009869,
      0.019982,
      0.014529,
      0.020004,
      0.026303,
      0.013456,
      0.009668,
      0.008119,
      0.014304,
      0.014282,
      0.022624,
      0.028286,
      0.034369,
      0.030937,
      0.02568,
      0.00522
    ],
    "spectral_centroid": [
      1782.76,
      2023.88,
      2086.21,
      2751.74,
      2016.33,
      2071.4,
      2098.95,
      2023.31,
      2136.08,
      2173.97,
      2050.92,
      1661.8,
      2158.12,
      1918.92,
      2173.31,
      1992.52,
      1855.5,
      1802.96,
      1610.21,
      2027.44,
      1903.93,
      1713.7,
      1996.0
    ]
  }
}