{
  "id": "fe120576-0022-4738-8cf2-60c94a588473",
  "duration": 11.797,
  "pitch": {
    "mean": 464.21,
    "max": 2013.71,
    "std": 346.63,
    "max_mean_ratio": 4.34
  },
  "energy": {
    "mean": 0.083634,
    "max": 0.252365,
    "std": 0.063422,
    "rate_of_change": 0.020744
  },
  "speech_rate": {
    "chars_per_sec": 11.62,
    "words_per_sec": 2.11,
    "segment_count": 6
  },
  "spectral_centroid": {
    "mean": 1930.83
  },
  "timeseries": {
    "frame_sec": 0.5,
    "pitch": [
      515.94,
      291.84,
      394.76,
      263.25,
      423.05,
      452.47,
      586.69,
      299.12,
      592.57,
      908.72,
      490.08,
      195.84,
      262.65,
      842.45,
      592.08,
      369.9,
      125.86,
      390.69,
      434.9,
      488.09,
      411.59,
      854.61,
      540.67,
      711.94
    ],
    "energy": [
      0.066737,
      0.037521,
      0.077225,
      0.042982,
      0.063023,
      0.096999,
      0.073421,
      0.052339,
      0.143818,
      0.191007,
      0.079945,
      0.018446,
      0.072764,
      0.06602,
      0.106183,
      0.084676,
      0.010732,
      0.018262,
      0.023593,
      0.113824,
      0.090247,
      0.173219,
      0.128239,
      0.094995
    ],
    "spectral_centroid": [
      1947.08,
      1917.26,
      1974.84,
      1667.16,
      1949.75,
      1793.19,
      1480.85,
      2465.82,
      2312.46,
      2050.24,
      1750.32,
      1212.81,
      1533.91,
      1861.19,
      2362.38,
      2409.56,
      1137.46,
      2540.08,
      2011.54,
      1686.32,
      2275.46,
      2060.36,
      2036.52,
      2055.82
    ]
  }
}