{
  "id": "fe1dd4f1-b293-4bef-b111-45fa433bab55",
  "duration": 12.032,
  "pitch": {
    "mean": 363.9,
    "max": 1745.79,
    "std": 249.12,
    "max_mean_ratio": 4.8
  },
  "energy": {
    "mean": 0.06838,
    "max": 0.246753,
    "std": 0.051251,
    "rate_of_change": 0.020118
  },
  "speech_rate": {
    "chars_per_sec": 14.89,
    "words_per_sec": 2.83,
    "segment_count": 5
  },
  "spectral_centroid": {
    "mean": 1952.88
  },
  "timeseries": {
    "frame_sec": 0.5,
    "pitch": [
      253.99,
      302.97,
      357.92,
      378.04,
      337.35,
      324.08,
      295.0,
      323.15,
      274.63,
      362.16,
      468.84,
      259.43,
      525.22,
      782.65,
      521.11,
      356.41,
      412.32,
      372.02,
      348.76,
      369.85,
      248.82,
      183.75,
      388.43,
      497.9,
      394.75
    ],
    "energy": [
      0.0609,
      0.107197,
      0.097694,
      0.108329,
      0.066818,
      0.067673,
      0.052599,
      0.046445,
      0.043718,
      0.058436,
      0.095998,
      0.025588,
      0.137678,
      0.008937,
      0.006968,
      0.012912,
      0.121866,
      0.093991,
      0.108542,
      0.039016,
      0.018308,
      0.022457,
      0.073821,
      0.091901,
      0.050005
    ],
    "spectral_centroid": [
      1823.68,
      2075.64,
      1558.23,
      1449.05,
      1498.16,
      1955.39,
      1858.65,
      1828.99,
      1873.0,
      1827.25,
      1999.16,
      2386.33,
      1597.82,
      2613.71,
      2567.28,
      2413.12,
      1678.44,
      1867.54,
      1589.61,
      2210.49,
      2179.18,
      2089.14,
      2170.15,
      1792.5,
      1562.37
    ]
  }
}