{
  "id": "fe25095a-9931-4f45-b370-c11c8fe93a0b",
  "duration": 9.621,
  "pitch": {
    "mean": 387.58,
    "max": 1198.61,
    "std": 280.81,
    "max_mean_ratio": 3.09
  },
  "energy": {
    "mean": 0.061031,
    "max": 0.232102,
    "std": 0.045668,
    "rate_of_change": 0.023063
  },
  "speech_rate": {
    "chars_per_sec": 8.6,
    "words_per_sec": 1.29,
    "segment_count": 3
  },
  "spectral_centroid": {
    "mean": 1731.09
  },
  "timeseries": {
    "frame_sec": 0.5,
    "pitch": [
      237.46,
      283.26,
      116.55,
      366.39,
      673.89,
      86.46,
      404.07,
      315.71,
      356.73,
      436.87,
      508.51,
      380.83,
      233.89,
      230.3,
      174.5,
      499.67,
      339.08,
      834.56,
      850.22,
      434.4
    ],
    "energy": [
      0.031513,
      0.035146,
      0.032396,
      0.06987,
      0.075143,
      0.01271,
      0.09825,
      0.07168,
      0.062406,
      0.054686,
      0.047879,
      0.041148,
      0.033274,
      0.043027,
      0.027509,
      0.074223,
      0.11645,
      0.133066,
      0.06627,
      0.015238
    ],
    "spectral_centroid": [
      1493.38,
      1424.14,
      1886.18,
      1418.71,
      1581.87,
      2007.8,
      2053.83,
      2184.83,
      2312.18,
      1800.23,
      1443.18,
      1615.88,
      1621.63,
      1629.15,
      1556.9,
      1782.91,
      1739.87,
      1806.63,
      1607.55,
      1574.95
    ]
  }
}