{
  "id": "fedad821-20ac-4bff-a2d2-5b6c18070a93",
  "duration": 10.176,
  "pitch": {
    "mean": 393.5,
    "max": 1602.26,
    "std": 266.87,
    "max_mean_ratio": 4.07
  },
  "energy": {
    "mean": 0.079206,
    "max": 0.252122,
    "std": 0.054333,
    "rate_of_change": 0.023904
  },
  "speech_rate": {
    "chars_per_sec": 10.93,
    "words_per_sec": 2.17,
    "segment_count": 6
  },
  "spectral_centroid": {
    "mean": 1976.5
  },
  "timeseries": {
    "frame_sec": 0.5,
    "pitch": [
      549.88,
      235.25,
      280.86,
      413.28,
      283.88,
      724.08,
      508.42,
      563.88,
      510.59,
      119.56,
      119.31,
      313.39,
      620.48,
      114.4,
      219.69,
      432.86,
      558.76,
      450.99,
      585.75,
      247.25,
      563.21
    ],
    "energy": [
      0.056937,
      0.033135,
      0.056981,
      0.053922,
      0.040634,
      0.084797,
      0.083774,
      0.079758,
      0.109622,
      0.014829,
      0.024523,
      0.080004,
      0.169124,
      0.014778,
      0.05271,
      0.094655,
      0.149018,
      0.110288,
      0.105296,
      0.072034,
      0.121794
    ],
    "spectral_centroid": [
      1754.65,
      2529.58,
      2069.9,
      1888.07,
      1858.74,
      2056.15,
      1966.33,
      1764.92,
      2120.93,
      1706.34,
      1736.2,
      1506.0,
      2013.96,
      1583.7,
      2135.84,
      1923.24,
      2087.36,
      2250.88,
      2354.65,
      2040.8,
      2037.14
    ]
  }
}