{
  "id": "ff56e5d4-ded8-4747-9916-97915ccdbe0c",
  "duration": 9.835,
  "pitch": {
    "mean": 344.89,
    "max": 1764.89,
    "std": 308.18,
    "max_mean_ratio": 5.12
  },
  "energy": {
    "mean": 0.020903,
    "max": 0.099784,
    "std": 0.022954,
    "rate_of_change": 0.009831
  },
  "speech_rate": {
    "chars_per_sec": 6.77,
    "words_per_sec": 1.25,
    "segment_count": 4
  },
  "spectral_centroid": {
    "mean": 1950.48
  },
  "timeseries": {
    "frame_sec": 0.5,
    "pitch": [
      141.03,
      150.64,
      136.27,
      293.82,
      107.23,
      146.71,
      349.45,
      705.17,
      121.15,
      407.1,
      580.96,
      482.38,
      232.51,
      346.79,
      277.13,
      491.75,
      629.88,
      628.84,
      284.21,
      406.5
    ],
    "energy": [
      0.008071,
      0.009301,
      0.009252,
      0.006419,
      0.007406,
      0.004325,
      0.00516,
      0.01312,
      0.005297,
      0.021858,
      0.041637,
      0.055495,
      0.00742,
      0.007924,
      0.006566,
      0.04291,
      0.062767,
      0.036625,
      0.025829,
      0.025947
    ],
    "spectral_centroid": [
      2213.36,
      1900.66,
      1755.07,
      1991.02,
      2022.46,
      1932.31,
      2363.43,
      1771.77,
      1743.63,
      1610.84,
      1828.36,
      1684.73,
      2221.26,
      1984.09,
      2326.1,
      1825.01,
      1737.73,
      2067.72,
      1926.2,
      2121.16
    ]
  }
}