{
  "id": "ff7ae30a-42fb-4210-8cc4-24cf8f793cfd",
  "duration": 8.405,
  "pitch": {
    "mean": 438.96,
    "max": 1782.24,
    "std": 290.43,
    "max_mean_ratio": 4.06
  },
  "energy": {
    "mean": 0.037379,
    "max": 0.116039,
    "std": 0.026003,
    "rate_of_change": 0.013459
  },
  "speech_rate": {
    "chars_per_sec": 14.01,
    "words_per_sec": 2.19,
    "segment_count": 4
  },
  "spectral_centroid": {
    "mean": 2033.92
  },
  "timeseries": {
    "frame_sec": 0.5,
    "pitch": [
      485.57,
      417.97,
      524.58,
      382.66,
      292.49,
      523.03,
      340.06,
      391.89,
      473.63,
      405.73,
      398.21,
      688.02,
      491.3,
      450.78,
      290.93,
      685.87,
      236.13
    ],
    "energy": [
      0.038812,
      0.046015,
      0.035068,
      0.037657,
      0.027446,
      0.021471,
      0.055396,
      0.074046,
      0.045597,
      0.042599,
      0.015699,
      0.033604,
      0.007709,
      0.009366,
      0.052406,
      0.047427,
      0.01094
    ],
    "spectral_centroid": [
      1924.37,
      2277.29,
      1687.66,
      1792.94,
      1987.73,
      1954.6,
      2078.58,
      2060.3,
      2517.57,
      1820.01,
      2705.22,
      2188.17,
      2519.65,
      1861.86,
      1805.3,
      1619.35,
      2053.72
    ]
  }
}