{
  "id": "ff8d6271-cc29-4f65-8cc5-e9f9dfabbb9d",
  "duration": 12.992,
  "pitch": {
    "mean": 537.78,
    "max": 2022.36,
    "std": 502.46,
    "max_mean_ratio": 3.76
  },
  "energy": {
    "mean": 0.066562,
    "max": 0.205931,
    "std": 0.047518,
    "rate_of_change": 0.015225
  },
  "speech_rate": {
    "chars_per_sec": 11.98,
    "words_per_sec": 2.24,
    "segment_count": 7
  },
  "spectral_centroid": {
    "mean": 2372.91
  },
  "timeseries": {
    "frame_sec": 0.5,
    "pitch": [
      523.18,
      486.86,
      398.28,
      619.52,
      869.9,
      210.69,
      455.7,
      659.71,
      454.51,
      354.37,
      1042.06,
      283.0,
      184.52,
      666.53,
      555.76,
      820.19,
      618.69,
      121.11,
      470.89,
      645.36,
      386.44,
      823.18,
      482.82,
      727.16,
      383.58,
      706.83
    ],
    "energy": [
      0.05225,
      0.088897,
      0.06729,
      0.102473,
      0.069726,
      0.010169,
      0.04636,
      0.077494,
      0.060488,
      0.029863,
      0.083987,
      0.038933,
      0.01676,
      0.088695,
      0.065435,
      0.088812,
      0.0281,
      0.015903,
      0.094193,
      0.066288,
      0.083915,
      0.102907,
      0.051549,
      0.101903,
      0.038898,
      0.071927
    ],
    "spectral_centroid": [
      2373.08,
      2712.99,
      2810.21,
      2042.98,
      2026.45,
      2240.99,
      2624.05,
      2431.86,
      2238.66,
      2053.55,
      2400.16,
      2299.16,
      1866.02,
      2485.42,
      2636.76,
      2432.92,
      1891.65,
      2382.26,
      2586.37,
      2738.75,
      2317.65,
      2446.76,
      2347.52,
      2784.9,
      2107.45,
      2463.94
    ]
  }
}